Site,Country,Type,Model,Category,List,Login,Price,Currency,URL
destockplus.com,France,buyback,iphone xr,buyback,buyback,no,150.0,EUR,https://www.destockplus.com/acheter/c-904673-rachat-ecrans-casses-rachat-lcd.html
destockplus.com,France,buyback,iphone 12,buyback,buyback,no,220.0,EUR,https://www.destockplus.com/acheter/c-904673-rachat-ecrans-casses-rachat-lcd.html
destockplus.com,France,buyback,iphone 12 pro,buyback,buyback,no,300.0,EUR,https://www.destockplus.com/acheter/c-904673-rachat-ecrans-casses-rachat-lcd.html
destockplus.com,France,buyback,iphone 14,buyback,buyback,no,318.78,EUR,https://www.destockplus.com/acheter/c-904673-rachat-ecrans-casses-rachat-lcd.html
destockplus.com,France,buyback,iphone 14,buyback,buyback,no,388.08,EUR,https://www.destockplus.com/acheter/c-904673-rachat-ecrans-casses-rachat-lcd.html
destockplus.com,France,buyback,iphone 13 pro,buyback,buyback,no,395.0,EUR,https://www.destockplus.com/acheter/c-904673-rachat-ecrans-casses-rachat-lcd.html
destockplus.com,France,buyback,iphone 14,buyback,buyback,no,427.77,EUR,https://www.destockplus.com/acheter/c-904673-rachat-ecrans-casses-rachat-lcd.html
ounaturg.ee,Estonia,buyback,iphone 11,buyback,buyback,YES,449.0,EUR,https://www.ounaturg.ee/iphone
buybackboss.com,USA,buyback,iphone 15 plus,buyback,buyback,no,437.0,USD,https://www.buybackboss.com/sell-broken-iphone/
buybackboss.com,USA,buyback,iphone 14 plus,buyback,buyback,no,335.0,USD,https://www.buybackboss.com/sell-broken-iphone/
buybackboss.com,USA,buyback,iphone 13 pro,buyback,buyback,no,394.0,USD,https://www.buybackboss.com/sell-broken-iphone/
buybackboss.com,USA,buyback,iphone 16e,buyback,buyback,no,452.0,USD,https://www.buybackboss.com/sell-broken-iphone/
buybackboss.com,USA,buyback,iphone 13 mini,buyback,buyback,no,224.0,USD,https://www.buybackboss.com/sell-broken-iphone/
buybackboss.com,USA,buyback,iphone 12 mini,buyback,buyback,no,133.0,USD,https://www.buybackboss.com/sell-broken-iphone/
buybackboss.com,USA,buyback,iphone 12 pro max,buyback,buyback,no,287.0,USD,https://www.buybackboss.com/sell-broken-iphone/
buybackboss.com,USA,buyback,iphone 11 pro max,buyback,buyback,no,230.0,USD,https://www.buybackboss.com/sell-broken-iphone/
buybackboss.com,USA,buyback,iphone 12 pro,buyback,buyback,no,242.0,USD,https://www.buybackboss.com/sell-broken-iphone/
buybackboss.com,USA,buyback,iphone 14,buyback,buyback,no,366.0,USD,https://www.buybackboss.com/sell-broken-iphone/
buybackboss.com,USA,buyback,iphone 13,buyback,buyback,no,261.0,USD,https://www.buybackboss.com/sell-broken-iphone/
buybackboss.com,USA,buyback,iphone xs max,buyback,buyback,no,177.0,USD,https://www.buybackboss.com/sell-broken-iphone/
buybackboss.com,USA,buyback,iphone 11,buyback,buyback,no,174.0,USD,https://www.buybackboss.com/sell-broken-iphone/
lcdtechinc.com,Canada,buyback,iphone xr,buyback,buyback,no,3.0,CAD,https://lcdtechinc.com/lcd-buy-back-prices/
lcdtechinc.com,Canada,buyback,iphone x,buyback,buyback,no,9.0,CAD,https://lcdtechinc.com/lcd-buy-back-prices/
lcdtechinc.com,Canada,buyback,iphone xs,buyback,buyback,no,9.0,CAD,https://lcdtechinc.com/lcd-buy-back-prices/
recommerce.com,France,buyback,iphone 15,buyback,buyback,no,449.9,EUR,https://recommerce.com/fr/
skupsmartfonow.pl,PL,buyback,iphone 14,buyback,buyback,no,120.0,,https://skupsmartfonow.pl/
lcdtechinc.com,Canada,buyback,iphone xs max,buyback,buyback,no,15.0,CAD,https://lcdtechinc.com/lcd-buy-back-prices/
lcdtechinc.com,Canada,buyback,iphone xs max,buyback,buyback,no,9.0,CAD,https://lcdtechinc.com/lcd-buy-back-prices/
lcdtechinc.com,Canada,buyback,iphone 11 pro,buyback,buyback,no,15.0,CAD,https://lcdtechinc.com/lcd-buy-back-prices/
lcdtechinc.com,Canada,buyback,iphone xr,buyback,buyback,no,2.0,CAD,https://lcdtechinc.com/lcd-buy-back-prices/
lcdtechinc.com,Canada,buyback,iphone 11 pro max,buyback,buyback,no,12.0,CAD,https://lcdtechinc.com/lcd-buy-back-prices/
lcdtechinc.com,Canada,buyback,iphone 11 pro max,buyback,buyback,no,20.0,CAD,https://lcdtechinc.com/lcd-buy-back-prices/
lcdtechinc.com,Canada,buyback,iphone 12,buyback,buyback,no,18.0,CAD,https://lcdtechinc.com/lcd-buy-back-prices/
lcdtechinc.com,Canada,buyback,iphone 12 mini,buyback,buyback,no,12.0,CAD,https://lcdtechinc.com/lcd-buy-back-prices/
skupsmartfonow.pl,PL,buyback,iphone 15,buyback,buyback,no,260.0,,https://skupsmartfonow.pl/
recommerce.com,France,buyback,iphone 15,buyback,buyback,no,300.0,EUR,https://recommerce.com/fr/
lcdtechinc.com,Canada,buyback,iphone 16,buyback,buyback,no,65.0,CAD,https://lcdtechinc.com/lcd-buy-back-prices/
lcdtechinc.com,Canada,buyback,iphone 14 pro,buyback,buyback,no,30.0,CAD,https://lcdtechinc.com/lcd-buy-back-prices/
lcdtechinc.com,Canada,buyback,iphone 12 pro max,buyback,buyback,no,45.0,CAD,https://lcdtechinc.com/lcd-buy-back-prices/
lcdtechinc.com,Canada,buyback,iphone 13 mini,buyback,buyback,no,40.0,CAD,https://lcdtechinc.com/lcd-buy-back-prices/
lcdtechinc.com,Canada,buyback,iphone 16 plus,buyback,buyback,no,55.0,CAD,https://lcdtechinc.com/lcd-buy-back-prices/
lcdtechinc.com,Canada,buyback,iphone 15 pro,buyback,buyback,no,95.0,CAD,https://lcdtechinc.com/lcd-buy-back-prices/
lcdtechinc.com,Canada,buyback,iphone 14 plus,buyback,buyback,no,25.0,CAD,https://lcdtechinc.com/lcd-buy-back-prices/
lcdtechinc.com,Canada,buyback,iphone 14 pro,buyback,buyback,no,55.0,CAD,https://lcdtechinc.com/lcd-buy-back-prices/
lcdtechinc.com,Canada,buyback,iphone 15 plus,buyback,buyback,no,50.0,CAD,https://lcdtechinc.com/lcd-buy-back-prices/
lcdtechinc.com,Canada,buyback,iphone 16 pro,buyback,buyback,no,60.0,CAD,https://lcdtechinc.com/lcd-buy-back-prices/
lcdtechinc.com,Canada,buyback,iphone 13 pro max,buyback,buyback,no,25.0,CAD,https://lcdtechinc.com/lcd-buy-back-prices/
lcdtechinc.com,Canada,buyback,iphone 16 pro,buyback,buyback,no,95.0,CAD,https://lcdtechinc.com/lcd-buy-back-prices/
lcdtechinc.com,Canada,buyback,iphone 14 plus,buyback,buyback,no,45.0,CAD,https://lcdtechinc.com/lcd-buy-back-prices/
lcdtechinc.com,Canada,buyback,iphone 15 pro,buyback,buyback,no,55.0,CAD,https://lcdtechinc.com/lcd-buy-back-prices/
lcdtechinc.com,Canada,buyback,iphone 15 pro max,buyback,buyback,no,100.0,CAD,https://lcdtechinc.com/lcd-buy-back-prices/
lcdtechinc.com,Canada,buyback,iphone 16 plus,buyback,buyback,no,30.0,CAD,https://lcdtechinc.com/lcd-buy-back-prices/
lcdtechinc.com,Canada,buyback,iphone 13 pro,buyback,buyback,no,35.0,CAD,https://lcdtechinc.com/lcd-buy-back-prices/
lcdtechinc.com,Canada,buyback,iphone 13,buyback,buyback,no,25.0,CAD,https://lcdtechinc.com/lcd-buy-back-prices/
cash4lcds.com,USA,buyback,iphone 14 pro,buyback,buyback,no,90.0,USD,https://cash4lcds.com/buy-back-price-sheet
cash4lcds.com,USA,buyback,iphone 14 plus,buyback,buyback,no,36.0,USD,https://cash4lcds.com/buy-back-price-sheet
cash4lcds.com,USA,buyback,iphone 14 pro max,buyback,buyback,no,81.0,USD,https://cash4lcds.com/buy-back-price-sheet
cash4lcds.com,USA,buyback,iphone 14 pro,buyback,buyback,no,49.5,USD,https://cash4lcds.com/buy-back-price-sheet
cash4lcds.com,USA,buyback,iphone 14 plus,buyback,buyback,no,72.0,USD,https://cash4lcds.com/buy-back-price-sheet
cash4lcds.com,USA,buyback,iphone 14,buyback,buyback,no,31.5,USD,https://cash4lcds.com/buy-back-price-sheet
cash4lcds.com,USA,buyback,iphone 14,buyback,buyback,no,54.0,USD,https://cash4lcds.com/buy-back-price-sheet
cash4lcds.com,USA,buyback,iphone 14 pro,buyback,buyback,no,81.0,USD,https://cash4lcds.com/buy-back-price-sheet
cash4lcds.com,USA,buyback,iphone 14,buyback,buyback,no,40.5,USD,https://cash4lcds.com/buy-back-price-sheet
cash4lcds.com,USA,buyback,iphone 14,buyback,buyback,no,45.0,USD,https://cash4lcds.com/buy-back-price-sheet
cash4lcds.com,USA,buyback,iphone 13,buyback,buyback,no,31.5,USD,https://cash4lcds.com/buy-back-price-sheet
cash4lcds.com,USA,buyback,iphone 13 pro max,buyback,buyback,no,36.0,USD,https://cash4lcds.com/buy-back-price-sheet
cash4lcds.com,USA,buyback,iphone 13 pro,buyback,buyback,no,117.0,USD,https://cash4lcds.com/buy-back-price-sheet
cash4lcds.com,USA,buyback,iphone 13 pro max,buyback,buyback,no,81.0,USD,https://cash4lcds.com/buy-back-price-sheet
cash4lcds.com,USA,buyback,iphone 13 pro,buyback,buyback,no,63.9,USD,https://cash4lcds.com/buy-back-price-sheet
cash4lcds.com,USA,buyback,iphone 13 pro,buyback,buyback,no,76.5,USD,https://cash4lcds.com/buy-back-price-sheet
cash4lcds.com,USA,buyback,iphone 13,buyback,buyback,no,18.0,USD,https://cash4lcds.com/buy-back-price-sheet
cash4lcds.com,USA,buyback,iphone 13 pro max,buyback,buyback,no,130.5,USD,https://cash4lcds.com/buy-back-price-sheet
cash4lcds.com,USA,buyback,iphone 14 pro max,buyback,buyback,no,90.0,USD,https://cash4lcds.com/buy-back-price-sheet
cash4lcds.com,USA,buyback,iphone 14 pro,buyback,buyback,no,130.5,USD,https://cash4lcds.com/buy-back-price-sheet
lcdtechinc.com,Canada,buyback,iphone 16 pro max,buyback,buyback,no,145.0,CAD,https://lcdtechinc.com/lcd-buy-back-prices/
cash4lcds.com,USA,buyback,iphone 11 pro max,buyback,buyback,no,18.0,USD,https://cash4lcds.com/buy-back-price-sheet
cash4lcds.com,USA,buyback,iphone 12 pro max,buyback,buyback,no,36.0,USD,https://cash4lcds.com/buy-back-price-sheet
cash4lcds.com,USA,buyback,iphone 12 pro,buyback,buyback,no,9.0,USD,https://cash4lcds.com/buy-back-price-sheet
cash4lcds.com,USA,buyback,iphone 12 pro max,buyback,buyback,no,27.0,USD,https://cash4lcds.com/buy-back-price-sheet
cash4lcds.com,USA,buyback,iphone 11 pro max,buyback,buyback,no,11.7,USD,https://cash4lcds.com/buy-back-price-sheet
cash4lcds.com,USA,buyback,iphone 12 pro,buyback,buyback,no,22.5,USD,https://cash4lcds.com/buy-back-price-sheet
cash4lcds.com,USA,buyback,iphone 12 pro,buyback,buyback,no,11.7,USD,https://cash4lcds.com/buy-back-price-sheet
cash4lcds.com,USA,buyback,iphone 12 mini,buyback,buyback,no,22.5,USD,https://cash4lcds.com/buy-back-price-sheet
cash4lcds.com,USA,buyback,iphone 12 mini,buyback,buyback,no,36.0,USD,https://cash4lcds.com/buy-back-price-sheet
cash4lcds.com,USA,buyback,iphone 12 pro max,buyback,buyback,no,45.0,USD,https://cash4lcds.com/buy-back-price-sheet
cash4lcds.com,USA,buyback,iphone 11 pro,buyback,buyback,no,7.2,USD,https://cash4lcds.com/buy-back-price-sheet
cash4lcds.com,USA,buyback,iphone 11 pro,buyback,buyback,no,15.3,USD,https://cash4lcds.com/buy-back-price-sheet
cash4lcds.com,USA,buyback,iphone 12,buyback,buyback,no,18.0,USD,https://cash4lcds.com/buy-back-price-sheet
cash4lcds.com,USA,buyback,iphone 12,buyback,buyback,no,22.5,USD,https://cash4lcds.com/buy-back-price-sheet
cash4lcds.com,USA,buyback,iphone 11 pro max,buyback,buyback,no,15.3,USD,https://cash4lcds.com/buy-back-price-sheet
cash4lcds.com,USA,buyback,iphone 12 mini,buyback,buyback,no,29.7,USD,https://cash4lcds.com/buy-back-price-sheet
cash4lcds.com,USA,buyback,iphone 12,buyback,buyback,no,9.0,USD,https://cash4lcds.com/buy-back-price-sheet
cash4lcds.com,USA,buyback,iphone 11,buyback,buyback,no,6.0,USD,https://cash4lcds.com/buy-back-price-sheet
cash4lcds.com,USA,buyback,iphone 11 pro,buyback,buyback,no,6.0,USD,https://cash4lcds.com/buy-back-price-sheet
cash4lcds.com,USA,buyback,iphone 13 mini,buyback,buyback,no,18.0,USD,https://cash4lcds.com/buy-back-price-sheet
cash4lcds.com,USA,buyback,iphone xr,buyback,buyback,no,6.0,USD,https://cash4lcds.com/buy-back-price-sheet
cash4lcds.com,USA,buyback,iphone 11,buyback,buyback,no,2.25,USD,https://cash4lcds.com/buy-back-price-sheet
cash4lcds.com,USA,buyback,iphone xs,buyback,buyback,no,9.9,USD,https://cash4lcds.com/buy-back-price-sheet
cash4lcds.com,USA,buyback,iphone xr,buyback,buyback,no,3.15,USD,https://cash4lcds.com/buy-back-price-sheet
mobilesentrix.com,USA,buyback,iphone 16 pro max,buyback,buyback,no,55.0,USD,https://www.mobilesentrix.com/lcd-buy-back
cash4lcds.com,USA,buyback,iphone xr,buyback,buyback,no,1.8,USD,https://cash4lcds.com/buy-back-price-sheet
cash4lcds.com,USA,buyback,iphone xs max,buyback,buyback,no,15.3,USD,https://cash4lcds.com/buy-back-price-sheet
cash4lcds.com,USA,buyback,iphone x,buyback,buyback,no,5.0,USD,https://cash4lcds.com/buy-back-price-sheet
cash4lcds.com,USA,buyback,iphone xs,buyback,buyback,no,15.3,USD,https://cash4lcds.com/buy-back-price-sheet
cash4lcds.com,USA,buyback,iphone xr,buyback,buyback,no,2.25,USD,https://cash4lcds.com/buy-back-price-sheet
mobilesentrix.com,USA,buyback,iphone 16 plus,buyback,buyback,no,33.25,USD,https://www.mobilesentrix.com/lcd-buy-back
mobilesentrix.com,USA,buyback,iphone 16 pro,buyback,buyback,no,37.75,USD,https://www.mobilesentrix.com/lcd-buy-back
mobilesentrix.com,USA,buyback,iphone 16e,buyback,buyback,no,10.5,USD,https://www.mobilesentrix.com/lcd-buy-back
mobilesentrix.com,USA,buyback,iphone 16 plus,buyback,buyback,no,18.75,USD,https://www.mobilesentrix.com/lcd-buy-back
cash4lcds.com,USA,buyback,iphone x,buyback,buyback,no,10.8,USD,https://cash4lcds.com/buy-back-price-sheet
mobilesentrix.com,USA,buyback,iphone 16e,buyback,buyback,no,18.75,USD,https://www.mobilesentrix.com/lcd-buy-back
mobilesentrix.com,USA,buyback,iphone 16 pro max,buyback,buyback,no,5.0,USD,https://www.mobilesentrix.com/lcd-buy-back
mobilesentrix.com,USA,buyback,iphone 16e,buyback,buyback,no,1.0,USD,https://www.mobilesentrix.com/lcd-buy-back
mobilesentrix.com,USA,buyback,iphone 16 pro,buyback,buyback,no,67.0,USD,https://www.mobilesentrix.com/lcd-buy-back
mobilesentrix.com,USA,buyback,iphone 16 pro,buyback,buyback,no,5.0,USD,https://www.mobilesentrix.com/lcd-buy-back
cash4lcds.com,USA,buyback,iphone 11,buyback,buyback,no,3.6,USD,https://cash4lcds.com/buy-back-price-sheet
cash4lcds.com,USA,buyback,iphone xs max,buyback,buyback,no,29.7,USD,https://cash4lcds.com/buy-back-price-sheet
mobilesentrix.com,USA,buyback,iphone 15 plus,buyback,buyback,no,33.25,USD,https://www.mobilesentrix.com/lcd-buy-back
mobilesentrix.com,USA,buyback,iphone 15 pro max,buyback,buyback,no,5.0,USD,https://www.mobilesentrix.com/lcd-buy-back
mobilesentrix.com,USA,buyback,iphone 15,buyback,buyback,no,39.75,USD,https://www.mobilesentrix.com/lcd-buy-back
mobilesentrix.com,USA,buyback,iphone 14,buyback,buyback,no,18.75,USD,https://www.mobilesentrix.com/lcd-buy-back
mobilesentrix.com,USA,buyback,iphone 15,buyback,buyback,no,22.25,USD,https://www.mobilesentrix.com/lcd-buy-back
mobilesentrix.com,USA,buyback,iphone 15 pro max,buyback,buyback,no,72.0,USD,https://www.mobilesentrix.com/lcd-buy-back
mobilesentrix.com,USA,buyback,iphone 15 pro max,buyback,buyback,no,40.5,USD,https://www.mobilesentrix.com/lcd-buy-back
mobilesentrix.com,USA,buyback,iphone 14 pro max,buyback,buyback,no,50.25,USD,https://www.mobilesentrix.com/lcd-buy-back
mobilesentrix.com,USA,buyback,iphone 14 plus,buyback,buyback,no,32.25,USD,https://www.mobilesentrix.com/lcd-buy-back
mobilesentrix.com,USA,buyback,iphone 14 pro,buyback,buyback,no,2.0,USD,https://www.mobilesentrix.com/lcd-buy-back
mobilesentrix.com,USA,buyback,iphone 14,buyback,buyback,no,10.5,USD,https://www.mobilesentrix.com/lcd-buy-back
mobilesentrix.com,USA,buyback,iphone 14 plus,buyback,buyback,no,1.0,USD,https://www.mobilesentrix.com/lcd-buy-back
mobilesentrix.com,USA,buyback,iphone 13 pro max,buyback,buyback,no,28.75,USD,https://www.mobilesentrix.com/lcd-buy-back
mobilesentrix.com,USA,buyback,iphone 14 pro,buyback,buyback,no,21.5,USD,https://www.mobilesentrix.com/lcd-buy-back
mobilesentrix.com,USA,buyback,iphone 13 pro,buyback,buyback,no,24.75,USD,https://www.mobilesentrix.com/lcd-buy-back
mobilesentrix.com,USA,buyback,iphone 14 pro,buyback,buyback,no,38.0,USD,https://www.mobilesentrix.com/lcd-buy-back
mobilesentrix.com,USA,buyback,iphone 13 pro,buyback,buyback,no,14.0,USD,https://www.mobilesentrix.com/lcd-buy-back
mobilesentrix.com,USA,buyback,iphone 15 pro,buyback,buyback,no,41.5,USD,https://www.mobilesentrix.com/lcd-buy-back
mobilesentrix.com,USA,buyback,iphone 13 mini,buyback,buyback,no,33.75,USD,https://www.mobilesentrix.com/lcd-buy-back
mobilesentrix.com,USA,buyback,iphone 13,buyback,buyback,no,17.5,USD,https://www.mobilesentrix.com/lcd-buy-back
mobilesentrix.com,USA,buyback,iphone 15 plus,buyback,buyback,no,18.75,USD,https://www.mobilesentrix.com/lcd-buy-back
mobilesentrix.com,USA,buyback,iphone 12 mini,buyback,buyback,no,17.5,USD,https://www.mobilesentrix.com/lcd-buy-back
mobilesentrix.com,USA,buyback,iphone 11,buyback,buyback,no,2.0,USD,https://www.mobilesentrix.com/lcd-buy-back
mobilesentrix.com,USA,buyback,iphone 12,buyback,buyback,no,1.0,USD,https://www.mobilesentrix.com/lcd-buy-back
mobilesentrix.com,USA,buyback,iphone xs,buyback,buyback,no,6.5,USD,https://www.mobilesentrix.com/lcd-buy-back
mobilesentrix.com,USA,buyback,iphone 12 mini,buyback,buyback,no,10.0,USD,https://www.mobilesentrix.com/lcd-buy-back
mobilesentrix.com,USA,buyback,iphone 11 pro,buyback,buyback,no,6.75,USD,https://www.mobilesentrix.com/lcd-buy-back
mobilesentrix.ca,Canada,buyback,iphone 16 pro,buyback,buyback,no,7.04,CAD,https://www.mobilesentrix.ca/lcd-buy-back
mobilesentrix.com,USA,buyback,iphone 11 pro max,buyback,buyback,no,15.25,USD,https://www.mobilesentrix.com/lcd-buy-back
mobilesentrix.com,USA,buyback,iphone x,buyback,buyback,no,3.75,USD,https://www.mobilesentrix.com/lcd-buy-back
mobilesentrix.com,USA,buyback,iphone xs max,buyback,buyback,no,7.0,USD,https://www.mobilesentrix.com/lcd-buy-back
mobilesentrix.ca,Canada,buyback,iphone 16 pro max,buyback,buyback,no,7.04,CAD,https://www.mobilesentrix.ca/lcd-buy-back
mobilesentrix.com,USA,buyback,iphone xs,buyback,buyback,no,3.75,USD,https://www.mobilesentrix.com/lcd-buy-back
mobilesentrix.com,USA,buyback,iphone x,buyback,buyback,no,6.75,USD,https://www.mobilesentrix.com/lcd-buy-back
mobilesentrix.ca,Canada,buyback,iphone 16 pro max,buyback,buyback,no,77.46,CAD,https://www.mobilesentrix.ca/lcd-buy-back
mobilesentrix.ca,Canada,buyback,iphone 16 pro,buyback,buyback,no,53.17,CAD,https://www.mobilesentrix.ca/lcd-buy-back
mobilesentrix.ca,Canada,buyback,iphone 16 plus,buyback,buyback,no,46.83,CAD,https://www.mobilesentrix.ca/lcd-buy-back
mobilesentrix.ca,Canada,buyback,iphone 16 pro,buyback,buyback,no,94.37,CAD,https://www.mobilesentrix.ca/lcd-buy-back
mobilesentrix.ca,Canada,buyback,iphone 16 plus,buyback,buyback,no,26.41,CAD,https://www.mobilesentrix.ca/lcd-buy-back
mobilesentrix.com,USA,buyback,iphone 12,buyback,buyback,no,12.75,USD,https://www.mobilesentrix.com/lcd-buy-back
mobilesentrix.com,USA,buyback,iphone 11 pro,buyback,buyback,no,12.0,USD,https://www.mobilesentrix.com/lcd-buy-back
mobilesentrix.ca,Canada,buyback,iphone 16e,buyback,buyback,no,1.41,CAD,https://www.mobilesentrix.ca/lcd-buy-back
mobilesentrix.ca,Canada,buyback,iphone 16,buyback,buyback,no,37.68,CAD,https://www.mobilesentrix.ca/lcd-buy-back
mobilesentrix.ca,Canada,buyback,iphone 15 pro,buyback,buyback,no,58.45,CAD,https://www.mobilesentrix.ca/lcd-buy-back
mobilesentrix.ca,Canada,buyback,iphone 15,buyback,buyback,no,55.99,CAD,https://www.mobilesentrix.ca/lcd-buy-back
mobilesentrix.ca,Canada,buyback,iphone 15,buyback,buyback,no,2.82,CAD,https://www.mobilesentrix.ca/lcd-buy-back
mobilesentrix.ca,Canada,buyback,iphone 15 pro,buyback,buyback,no,7.04,CAD,https://www.mobilesentrix.ca/lcd-buy-back
mobilesentrix.ca,Canada,buyback,iphone 14 pro max,buyback,buyback,no,39.79,CAD,https://www.mobilesentrix.ca/lcd-buy-back
mobilesentrix.ca,Canada,buyback,iphone 15 pro max,buyback,buyback,no,7.04,CAD,https://www.mobilesentrix.ca/lcd-buy-back
mobilesentrix.ca,Canada,buyback,iphone 15 plus,buyback,buyback,no,26.41,CAD,https://www.mobilesentrix.ca/lcd-buy-back
mobilesentrix.ca,Canada,buyback,iphone 15 plus,buyback,buyback,no,46.83,CAD,https://www.mobilesentrix.ca/lcd-buy-back
mobilesentrix.ca,Canada,buyback,iphone 14,buyback,buyback,no,26.41,CAD,https://www.mobilesentrix.ca/lcd-buy-back
mobilesentrix.ca,Canada,buyback,iphone 14 pro,buyback,buyback,no,53.52,CAD,https://www.mobilesentrix.ca/lcd-buy-back
mobilesentrix.ca,Canada,buyback,iphone 14 pro,buyback,buyback,no,30.28,CAD,https://www.mobilesentrix.ca/lcd-buy-back
mobilesentrix.ca,Canada,buyback,iphone 14 pro max,buyback,buyback,no,7.04,CAD,https://www.mobilesentrix.ca/lcd-buy-back
mobilesentrix.ca,Canada,buyback,iphone 15 pro,buyback,buyback,no,103.52,CAD,https://www.mobilesentrix.ca/lcd-buy-back
mobilesentrix.ca,Canada,buyback,iphone 14,buyback,buyback,no,1.41,CAD,https://www.mobilesentrix.ca/lcd-buy-back
mobilesentrix.ca,Canada,buyback,iphone 14 plus,buyback,buyback,no,25.7,CAD,https://www.mobilesentrix.ca/lcd-buy-back
mobilesentrix.ca,Canada,buyback,iphone 14 plus,buyback,buyback,no,1.41,CAD,https://www.mobilesentrix.ca/lcd-buy-back
mobilesentrix.ca,Canada,buyback,iphone 15 pro max,buyback,buyback,no,57.04,CAD,https://www.mobilesentrix.ca/lcd-buy-back
mobilesentrix.ca,Canada,buyback,iphone 15 plus,buyback,buyback,no,2.82,CAD,https://www.mobilesentrix.ca/lcd-buy-back
mobilesentrix.ca,Canada,buyback,iphone 15,buyback,buyback,no,31.34,CAD,https://www.mobilesentrix.ca/lcd-buy-back
mobilesentrix.ca,Canada,buyback,iphone 13,buyback,buyback,no,14.08,CAD,https://www.mobilesentrix.ca/lcd-buy-back
mobilesentrix.ca,Canada,buyback,iphone 13,buyback,buyback,no,24.65,CAD,https://www.mobilesentrix.ca/lcd-buy-back
mobilesentrix.ca,Canada,buyback,iphone 13 pro max,buyback,buyback,no,40.49,CAD,https://www.mobilesentrix.ca/lcd-buy-back
mobilesentrix.ca,Canada,buyback,iphone 12,buyback,buyback,no,17.96,CAD,https://www.mobilesentrix.ca/lcd-buy-back
mobilesentrix.ca,Canada,buyback,iphone 12,buyback,buyback,no,10.21,CAD,https://www.mobilesentrix.ca/lcd-buy-back
mobilesentrix.ca,Canada,buyback,iphone 11 pro max,buyback,buyback,no,12.32,CAD,https://www.mobilesentrix.ca/lcd-buy-back
mobilesentrix.ca,Canada,buyback,iphone 11 pro max,buyback,buyback,no,21.48,CAD,https://www.mobilesentrix.ca/lcd-buy-back
mobilesentrix.ca,Canada,buyback,iphone 11 pro,buyback,buyback,no,9.51,CAD,https://www.mobilesentrix.ca/lcd-buy-back
mobilesentrix.ca,Canada,buyback,iphone xr,buyback,buyback,no,2.46,CAD,https://www.mobilesentrix.ca/lcd-buy-back
mobilesentrix.ca,Canada,buyback,iphone 12 mini,buyback,buyback,no,24.65,CAD,https://www.mobilesentrix.ca/lcd-buy-back
mobilesentrix.ca,Canada,buyback,iphone xs,buyback,buyback,no,9.15,CAD,https://www.mobilesentrix.ca/lcd-buy-back
mobilesentrix.ca,Canada,buyback,iphone 12,buyback,buyback,no,1.41,CAD,https://www.mobilesentrix.ca/lcd-buy-back
mobilesentrix.ca,Canada,buyback,iphone 11 pro,buyback,buyback,no,16.9,CAD,https://www.mobilesentrix.ca/lcd-buy-back
mobilesentrix.ca,Canada,buyback,iphone xs,buyback,buyback,no,5.28,CAD,https://www.mobilesentrix.ca/lcd-buy-back
mobilesentrix.ca,Canada,buyback,iphone 11,buyback,buyback,no,2.82,CAD,https://www.mobilesentrix.ca/lcd-buy-back
lcdbuybackprogram.com,USA,buyback,iphone 16 pro max,buyback,buyback,no,139.0,USD,https://lcdbuybackprogram.com/services/
mobilesentrix.ca,Canada,buyback,iphone 13 mini,buyback,buyback,no,26.76,CAD,https://www.mobilesentrix.ca/lcd-buy-back
mobilesentrix.ca,Canada,buyback,iphone xr,buyback,buyback,no,1.41,CAD,https://www.mobilesentrix.ca/lcd-buy-back
mobilesentrix.ca,Canada,buyback,iphone x,buyback,buyback,no,5.28,CAD,https://www.mobilesentrix.ca/lcd-buy-back
mobilesentrix.ca,Canada,buyback,iphone 13 pro,buyback,buyback,no,19.72,CAD,https://www.mobilesentrix.ca/lcd-buy-back
mobilesentrix.ca,Canada,buyback,iphone 13 mini,buyback,buyback,no,47.54,CAD,https://www.mobilesentrix.ca/lcd-buy-back
mobilesentrix.ca,Canada,buyback,iphone xs max,buyback,buyback,no,9.86,CAD,https://www.mobilesentrix.ca/lcd-buy-back
lcdbuybackprogram.com,USA,buyback,iphone 16 pro,buyback,buyback,no,109.0,USD,https://lcdbuybackprogram.com/services/
lcdbuybackprogram.com,USA,buyback,iphone 16 plus,buyback,buyback,no,27.0,USD,https://lcdbuybackprogram.com/services/
lcdbuybackprogram.com,USA,buyback,iphone 16 plus,buyback,buyback,no,1.0,USD,https://lcdbuybackprogram.com/services/
lcdbuybackprogram.com,USA,buyback,iphone 16,buyback,buyback,no,69.0,USD,https://lcdbuybackprogram.com/services/
lcdbuybackprogram.com,USA,buyback,iphone 15 pro,buyback,buyback,no,9.0,USD,https://lcdbuybackprogram.com/services/
lcdbuybackprogram.com,USA,buyback,iphone 15 pro,buyback,buyback,no,108.0,USD,https://lcdbuybackprogram.com/services/
lcdbuybackprogram.com,USA,buyback,iphone 15 pro max,buyback,buyback,no,56.0,USD,https://lcdbuybackprogram.com/services/
lcdbuybackprogram.com,USA,buyback,iphone 15,buyback,buyback,no,53.0,USD,https://lcdbuybackprogram.com/services/
lcdbuybackprogram.com,USA,buyback,iphone 15,buyback,buyback,no,21.0,USD,https://lcdbuybackprogram.com/services/
lcdbuybackprogram.com,USA,buyback,iphone 16 plus,buyback,buyback,no,62.0,USD,https://lcdbuybackprogram.com/services/
lcdbuybackprogram.com,USA,buyback,iphone 16,buyback,buyback,no,1.0,USD,https://lcdbuybackprogram.com/services/
lcdbuybackprogram.com,USA,buyback,iphone 15 plus,buyback,buyback,no,21.0,USD,https://lcdbuybackprogram.com/services/
lcdbuybackprogram.com,USA,buyback,iphone 15 pro,buyback,buyback,no,56.0,USD,https://lcdbuybackprogram.com/services/
lcdbuybackprogram.com,USA,buyback,iphone 14 pro max,buyback,buyback,no,83.0,USD,https://lcdbuybackprogram.com/services/
lcdbuybackprogram.com,USA,buyback,iphone 14 pro,buyback,buyback,no,7.0,USD,https://lcdbuybackprogram.com/services/
lcdbuybackprogram.com,USA,buyback,iphone 15 pro max,buyback,buyback,no,9.0,USD,https://lcdbuybackprogram.com/services/
lcdbuybackprogram.com,USA,buyback,iphone 15,buyback,buyback,no,6.0,USD,https://lcdbuybackprogram.com/services/
lcdbuybackprogram.com,USA,buyback,iphone 14 pro,buyback,buyback,no,62.0,USD,https://lcdbuybackprogram.com/services/
lcdbuybackprogram.com,USA,buyback,iphone 14 pro max,buyback,buyback,no,1.0,USD,https://lcdbuybackprogram.com/services/
lcdbuybackprogram.com,USA,buyback,iphone 14 pro max,buyback,buyback,no,42.0,USD,https://lcdbuybackprogram.com/services/
lcdbuybackprogram.com,USA,buyback,iphone 16 pro,buyback,buyback,no,11.0,USD,https://lcdbuybackprogram.com/services/
lcdbuybackprogram.com,USA,buyback,iphone 14 plus,buyback,buyback,no,47.0,USD,https://lcdbuybackprogram.com/services/
phonepartpro.com,USA,buyback,iphone 15 pro,buyback,buyback,no,3.5,USD,https://phonepartpro.com/pages/lcd-buyback
lcdbuybackprogram.com,USA,buyback,iphone 14,buyback,buyback,no,99.0,USD,https://lcdbuybackprogram.com/services/
phonepartpro.com,USA,buyback,iphone 15 pro,buyback,buyback,no,56.0,USD,https://phonepartpro.com/pages/lcd-buyback
phonepartpro.com,USA,buyback,iphone 15 pro,buyback,buyback,no,77.0,USD,https://phonepartpro.com/pages/lcd-buyback
phonepartpro.com,USA,buyback,iphone 16 pro,buyback,buyback,no,14.0,USD,https://phonepartpro.com/pages/lcd-buyback
phonepartpro.com,USA,buyback,iphone 15,buyback,buyback,no,31.5,USD,https://phonepartpro.com/pages/lcd-buyback
phonepartpro.com,USA,buyback,iphone 15 pro max,buyback,buyback,no,94.5,USD,https://phonepartpro.com/pages/lcd-buyback
phonepartpro.com,USA,buyback,iphone 15 plus,buyback,buyback,no,3.5,USD,https://phonepartpro.com/pages/lcd-buyback
phonepartpro.com,USA,buyback,iphone 16,buyback,buyback,no,35.0,USD,https://phonepartpro.com/pages/lcd-buyback
phonepartpro.com,USA,buyback,iphone 15,buyback,buyback,no,21.0,USD,https://phonepartpro.com/pages/lcd-buyback
phonepartpro.com,USA,buyback,iphone 16 plus,buyback,buyback,no,7.0,USD,https://phonepartpro.com/pages/lcd-buyback
phonepartpro.com,USA,buyback,iphone 16 pro max,buyback,buyback,no,63.0,USD,https://phonepartpro.com/pages/lcd-buyback
phonepartpro.com,USA,buyback,iphone 16,buyback,buyback,no,52.5,USD,https://phonepartpro.com/pages/lcd-buyback
phonepartpro.com,USA,buyback,iphone 16 pro max,buyback,buyback,no,119.0,USD,https://phonepartpro.com/pages/lcd-buyback
phonepartpro.com,USA,buyback,iphone 16 plus,buyback,buyback,no,70.0,USD,https://phonepartpro.com/pages/lcd-buyback
lcdbuybackprogram.com,USA,buyback,iphone 14,buyback,buyback,no,115.0,USD,https://lcdbuybackprogram.com/services/
lcdbuybackprogram.com,USA,buyback,iphone 14,buyback,buyback,no,125.0,USD,https://lcdbuybackprogram.com/services/
phonepartpro.com,USA,buyback,iphone 16 pro,buyback,buyback,no,98.0,USD,https://phonepartpro.com/pages/lcd-buyback
webuylcds.co.uk,UK,buyback,iphone 16e,buyback,buyback,YES,25.0,GBP,https://webuylcds.co.uk/recycling-prices/
screen-doctor.co.uk,UK,buyback,iphone 13 mini,buyback,buyback,no,15.0,GBP,https://www.screen-doctor.co.uk/lcd-buyback-sell-screens/
screen-doctor.co.uk,UK,buyback,iphone 15 plus,buyback,buyback,no,25.0,GBP,https://www.screen-doctor.co.uk/lcd-buyback-sell-screens/
screen-doctor.co.uk,UK,buyback,iphone 16 plus,buyback,buyback,no,45.0,GBP,https://www.screen-doctor.co.uk/lcd-buyback-sell-screens/
screen-doctor.co.uk,UK,buyback,iphone 12 mini,buyback,buyback,no,10.0,GBP,https://www.screen-doctor.co.uk/lcd-buyback-sell-screens/
screen-doctor.co.uk,UK,buyback,iphone 16 pro,buyback,buyback,no,60.0,GBP,https://www.screen-doctor.co.uk/lcd-buyback-sell-screens/
webuylcds.co.uk,UK,buyback,iphone 16,buyback,buyback,YES,50.0,GBP,https://webuylcds.co.uk/recycling-prices/
screen-doctor.co.uk,UK,buyback,iphone 15 pro,buyback,buyback,no,45.0,GBP,https://www.screen-doctor.co.uk/lcd-buyback-sell-screens/
screen-doctor.co.uk,UK,buyback,iphone 16 pro max,buyback,buyback,no,40.0,GBP,https://www.screen-doctor.co.uk/lcd-buyback-sell-screens/
screen-doctor.co.uk,UK,buyback,iphone 14 plus,buyback,buyback,no,15.0,GBP,https://www.screen-doctor.co.uk/lcd-buyback-sell-screens/
screen-doctor.co.uk,UK,buyback,iphone 16 pro max,buyback,buyback,no,80.0,GBP,https://www.screen-doctor.co.uk/lcd-buyback-sell-screens/
webuylcds.co.uk,UK,buyback,iphone 15,buyback,buyback,YES,25.0,GBP,https://webuylcds.co.uk/recycling-prices/
screen-doctor.co.uk,UK,buyback,iphone 11 pro,buyback,buyback,no,5.0,GBP,https://www.screen-doctor.co.uk/lcd-buyback-sell-screens/
webuylcds.co.uk,UK,buyback,iphone 15 pro max,buyback,buyback,YES,75.0,GBP,https://webuylcds.co.uk/recycling-prices/
repoot.de,Germany,buyback,iphone 12 mini,buyback,buyback,no,10.0,EUR,https://repoot.de/display-ankauf/
repoot.de,Germany,buyback,iphone 12 mini,buyback,buyback,no,8.0,EUR,https://repoot.de/display-ankauf/
skupsmartfonow.pl,PL,buyback,iphone 14 pro,buyback,buyback,no,140.0,,https://skupsmartfonow.pl/
istores.sk,SK,buyback,iphone 16 pro,buyback,buyback,no,31.0,,https://vykup.istores.sk/
skupsmartfonow.pl,PL,buyback,iphone 13 pro,buyback,buyback,no,90.0,,https://skupsmartfonow.pl/
skupsmartfonow.pl,PL,buyback,iphone 11 pro,buyback,buyback,no,160.0,,https://skupsmartfonow.pl/
skupsmartfonow.pl,PL,buyback,iphone 12 pro max,buyback,buyback,no,420.0,,https://skupsmartfonow.pl/
skupsmartfonow.pl,PL,buyback,iphone 12 pro,buyback,buyback,no,330.0,,https://skupsmartfonow.pl/
skupsmartfonow.pl,PL,buyback,iphone 11,buyback,buyback,no,250.0,,https://skupsmartfonow.pl/
skupsmartfonow.pl,PL,buyback,iphone 11,buyback,buyback,no,100.0,,https://skupsmartfonow.pl/
skupsmartfonow.pl,PL,buyback,iphone 13 pro max,buyback,buyback,no,120.0,,https://skupsmartfonow.pl/
swappie.com,FI,buyback,iphone 11,buyback,buyback,no,400.0,,https://swappie.com/fi/myy/
skupsmartfonow.pl,PL,buyback,iphone 12,buyback,buyback,no,260.0,,https://skupsmartfonow.pl/
skupsmartfonow.pl,PL,buyback,iphone 12 mini,buyback,buyback,no,190.0,,https://skupsmartfonow.pl/
phoneankauf.de,Germany,buyback,iphone 14 pro,buyback,buyback,no,180.0,EUR,https://phoneankauf.de/
istores.sk,SK,buyback,iphone 15 pro,buyback,buyback,no,384.0,,https://vykup.istores.sk/
istores.sk,SK,buyback,iphone 15 pro,buyback,buyback,no,19.0,,https://vykup.istores.sk/
repoot.de,Germany,buyback,iphone xr,buyback,buyback,no,3.0,EUR,https://repoot.de/display-ankauf/
repoot.de,Germany,buyback,iphone 11 pro max,buyback,buyback,no,8.0,EUR,https://repoot.de/display-ankauf/
repoot.de,Germany,buyback,iphone 11,buyback,buyback,no,3.0,EUR,https://repoot.de/display-ankauf/
repoot.de,Germany,buyback,iphone xs,buyback,buyback,no,3.0,EUR,https://repoot.de/display-ankauf/
repoot.de,Germany,buyback,iphone x,buyback,buyback,no,3.0,EUR,https://repoot.de/display-ankauf/
repoot.de,Germany,buyback,iphone 11 pro,buyback,buyback,no,5.0,EUR,https://repoot.de/display-ankauf/
repoot.de,Germany,buyback,iphone 13,buyback,buyback,no,3.0,EUR,https://repoot.de/display-ankauf/
repoot.de,Germany,buyback,iphone 12 pro max,buyback,buyback,no,15.0,EUR,https://repoot.de/display-ankauf/
repoot.de,Germany,buyback,iphone 14 plus,buyback,buyback,no,10.0,EUR,https://repoot.de/display-ankauf/
repoot.de,Germany,buyback,iphone 12 pro max,buyback,buyback,no,10.0,EUR,https://repoot.de/display-ankauf/
repoot.de,Germany,buyback,iphone 12,buyback,buyback,no,8.0,EUR,https://repoot.de/display-ankauf/
repoot.de,Germany,buyback,iphone 13 pro max,buyback,buyback,no,10.0,EUR,https://repoot.de/display-ankauf/
repoot.de,Germany,buyback,iphone 14 plus,buyback,buyback,no,20.0,EUR,https://repoot.de/display-ankauf/
repoot.de,Germany,buyback,iphone 13 mini,buyback,buyback,no,4.0,EUR,https://repoot.de/display-ankauf/
repoot.de,Germany,buyback,iphone 13 pro max,buyback,buyback,no,20.0,EUR,https://repoot.de/display-ankauf/
repoot.de,Germany,buyback,iphone 14 pro,buyback,buyback,no,25.0,EUR,https://repoot.de/display-ankauf/
repoot.de,Germany,buyback,iphone 14,buyback,buyback,no,10.0,EUR,https://repoot.de/display-ankauf/
repoot.de,Germany,buyback,iphone 12,buyback,buyback,no,10.0,EUR,https://repoot.de/display-ankauf/
repoot.de,Germany,buyback,iphone 14 pro max,buyback,buyback,no,20.0,EUR,https://repoot.de/display-ankauf/
repoot.de,Germany,buyback,iphone 14 pro,buyback,buyback,no,15.0,EUR,https://repoot.de/display-ankauf/
repoot.de,Germany,buyback,iphone 14 pro max,buyback,buyback,no,10.0,EUR,https://repoot.de/display-ankauf/
repoot.de,Germany,buyback,iphone 14 plus,buyback,buyback,no,15.0,EUR,https://repoot.de/display-ankauf/
repoot.de,Germany,buyback,iphone 15,buyback,buyback,no,20.0,EUR,https://repoot.de/display-ankauf/
repoot.de,Germany,buyback,iphone 13,buyback,buyback,no,10.0,EUR,https://repoot.de/display-ankauf/
repoot.de,Germany,buyback,iphone 13 pro,buyback,buyback,no,15.0,EUR,https://repoot.de/display-ankauf/
repoot.de,Germany,buyback,iphone 13 pro,buyback,buyback,no,10.0,EUR,https://repoot.de/display-ankauf/
repoot.de,Germany,buyback,iphone 13 mini,buyback,buyback,no,10.0,EUR,https://repoot.de/display-ankauf/
repoot.de,Germany,buyback,iphone 16e,buyback,buyback,no,20.0,EUR,https://repoot.de/display-ankauf/
repoot.de,Germany,buyback,iphone 15 pro,buyback,buyback,no,20.0,EUR,https://repoot.de/display-ankauf/
jacks-handys.de,Germany,buyback,iphone xs max,buyback,buyback,no,20.0,EUR,https://www.jacks-handys.de/display-ankauf/
repoot.de,Germany,buyback,iphone 15 plus,buyback,buyback,no,10.0,EUR,https://repoot.de/display-ankauf/
jacks-handys.de,Germany,buyback,iphone xs,buyback,buyback,no,18.0,EUR,https://www.jacks-handys.de/display-ankauf/
repoot.de,Germany,buyback,iphone 16 pro max,buyback,buyback,no,80.0,EUR,https://repoot.de/display-ankauf/
jacks-handys.de,Germany,buyback,iphone x,buyback,buyback,no,18.0,EUR,https://www.jacks-handys.de/display-ankauf/
jacks-handys.de,Germany,buyback,iphone xr,buyback,buyback,no,7.5,EUR,https://www.jacks-handys.de/display-ankauf/
repoot.de,Germany,buyback,iphone 15 pro max,buyback,buyback,no,40.0,EUR,https://repoot.de/display-ankauf/
repoot.de,Germany,buyback,iphone 15,buyback,buyback,no,10.0,EUR,https://repoot.de/display-ankauf/
repoot.de,Germany,buyback,iphone 15 pro max,buyback,buyback,no,15.0,EUR,https://repoot.de/display-ankauf/
jacks-handys.de,Germany,buyback,iphone xs,buyback,buyback,no,10.0,EUR,https://www.jacks-handys.de/display-ankauf/
jacks-handys.de,Germany,buyback,iphone 11 pro max,buyback,buyback,no,50.0,EUR,https://www.jacks-handys.de/display-ankauf/
jacks-handys.de,Germany,buyback,iphone 11 pro max,buyback,buyback,no,30.0,EUR,https://www.jacks-handys.de/display-ankauf/
jacks-handys.de,Germany,buyback,iphone 11 pro,buyback,buyback,no,25.0,EUR,https://www.jacks-handys.de/display-ankauf/
repoot.de,Germany,buyback,iphone 15 pro max,buyback,buyback,no,30.0,EUR,https://repoot.de/display-ankauf/
repoot.de,Germany,buyback,iphone 16 pro,buyback,buyback,no,60.0,EUR,https://repoot.de/display-ankauf/
repoot.de,Germany,buyback,iphone 16,buyback,buyback,no,15.0,EUR,https://repoot.de/display-ankauf/
jacks-handys.de,Germany,buyback,iphone 12 mini,buyback,buyback,no,30.0,EUR,https://www.jacks-handys.de/display-ankauf/
fixnow.be,Belgium,buyback,iphone 11 pro,buyback,buyback,no,6.0,EUR,https://www.fixnow.be/en/lcd-buyback/
fixnow.be,Belgium,buyback,iphone 11 pro,buyback,buyback,no,15.0,EUR,https://www.fixnow.be/en/lcd-buyback/
fixnow.be,Belgium,buyback,iphone xs max,buyback,buyback,no,6.0,EUR,https://www.fixnow.be/en/lcd-buyback/
jacks-handys.de,Germany,buyback,iphone 12,buyback,buyback,no,30.0,EUR,https://www.jacks-handys.de/display-ankauf/
fixnow.be,Belgium,buyback,iphone xs,buyback,buyback,no,3.0,EUR,https://www.fixnow.be/en/lcd-buyback/
fixnow.be,Belgium,buyback,iphone x,buyback,buyback,no,8.0,EUR,https://www.fixnow.be/en/lcd-buyback/
fixnow.be,Belgium,buyback,iphone 16e,buyback,buyback,no,22.0,EUR,https://www.fixnow.be/en/lcd-buyback/
jacks-handys.de,Germany,buyback,iphone 12 pro,buyback,buyback,no,30.0,EUR,https://www.jacks-handys.de/display-ankauf/
jacks-handys.de,Germany,buyback,iphone 13 mini,buyback,buyback,no,80.0,EUR,https://www.jacks-handys.de/display-ankauf/
fixnow.be,Belgium,buyback,iphone 11 pro,buyback,buyback,no,2.0,EUR,https://www.fixnow.be/en/lcd-buyback/
webuythings.nl,Netherlands,buyback,iphone 14,buyback,buyback,YES,472.0,EUR,https://www.webuythings.nl/nieuws/kapotte-iphone-of-telefoon-verkopen
jacks-handys.de,Germany,buyback,iphone 13 mini,buyback,buyback,no,60.0,EUR,https://www.jacks-handys.de/display-ankauf/
fixnow.be,Belgium,buyback,iphone 11 pro max,buyback,buyback,no,7.0,EUR,https://www.fixnow.be/en/lcd-buyback/
jacks-handys.de,Germany,buyback,iphone 12 pro max,buyback,buyback,no,35.0,EUR,https://www.jacks-handys.de/display-ankauf/
fixnow.be,Belgium,buyback,iphone xs,buyback,buyback,no,8.0,EUR,https://www.fixnow.be/en/lcd-buyback/
fixnow.be,Belgium,buyback,iphone xs max,buyback,buyback,no,2.0,EUR,https://www.fixnow.be/en/lcd-buyback/
jacks-handys.de,Germany,buyback,iphone 13,buyback,buyback,no,40.0,EUR,https://www.jacks-handys.de/display-ankauf/
jacks-handys.de,Germany,buyback,iphone 12 mini,buyback,buyback,no,55.0,EUR,https://www.jacks-handys.de/display-ankauf/
fixnow.be,Belgium,buyback,iphone xs max,buyback,buyback,no,15.0,EUR,https://www.fixnow.be/en/lcd-buyback/
fixnow.be,Belgium,buyback,iphone 16e,buyback,buyback,no,2.0,EUR,https://www.fixnow.be/en/lcd-buyback/
jacks-handys.de,Germany,buyback,iphone 13 mini,buyback,buyback,no,65.0,EUR,https://www.jacks-handys.de/display-ankauf/
fixnow.be,Belgium,buyback,iphone xr,buyback,buyback,no,1.0,EUR,https://www.fixnow.be/en/lcd-buyback/
lcd-serwis.pl,Poland,buyback,iphone 12 pro,buyback,buyback,no,40.0,PLN,https://lcd-serwis.pl/
smartgrade.fr,France,buyback,iphone 16,buyback,buyback,no,4.0,EUR,https://smartgrade.fr/tarification-de-rachat-ecrans-casses/
smartgrade.fr,France,buyback,iphone 16 pro,buyback,buyback,no,2.0,EUR,https://smartgrade.fr/tarification-de-rachat-ecrans-casses/
smartgrade.fr,France,buyback,iphone 16 pro max,buyback,buyback,no,9.0,EUR,https://smartgrade.fr/tarification-de-rachat-ecrans-casses/
smartgrade.fr,France,buyback,iphone 16 plus,buyback,buyback,no,1.0,EUR,https://smartgrade.fr/tarification-de-rachat-ecrans-casses/
smartgrade.fr,France,buyback,iphone 16 pro max,buyback,buyback,no,2.0,EUR,https://smartgrade.fr/tarification-de-rachat-ecrans-casses/
smartgrade.fr,France,buyback,iphone 16 pro,buyback,buyback,no,8.0,EUR,https://smartgrade.fr/tarification-de-rachat-ecrans-casses/
smartgrade.fr,France,buyback,iphone 16 pro,buyback,buyback,no,4.0,EUR,https://smartgrade.fr/tarification-de-rachat-ecrans-casses/
smartgrade.fr,France,buyback,iphone 15 pro max,buyback,buyback,no,5.0,EUR,https://smartgrade.fr/tarification-de-rachat-ecrans-casses/
smartgrade.fr,France,buyback,iphone 16,buyback,buyback,no,2.0,EUR,https://smartgrade.fr/tarification-de-rachat-ecrans-casses/
smartgrade.fr,France,buyback,iphone 15 pro max,buyback,buyback,no,9.0,EUR,https://smartgrade.fr/tarification-de-rachat-ecrans-casses/
smartgrade.fr,France,buyback,iphone 15 pro max,buyback,buyback,no,7.0,EUR,https://smartgrade.fr/tarification-de-rachat-ecrans-casses/
smartgrade.fr,France,buyback,iphone 15 pro,buyback,buyback,no,9.0,EUR,https://smartgrade.fr/tarification-de-rachat-ecrans-casses/
smartgrade.fr,France,buyback,iphone 15 pro max,buyback,buyback,no,8.0,EUR,https://smartgrade.fr/tarification-de-rachat-ecrans-casses/
smartgrade.fr,France,buyback,iphone 16 plus,buyback,buyback,no,2.0,EUR,https://smartgrade.fr/tarification-de-rachat-ecrans-casses/
smartgrade.fr,France,buyback,iphone 15,buyback,buyback,no,8.0,EUR,https://smartgrade.fr/tarification-de-rachat-ecrans-casses/
smartgrade.fr,France,buyback,iphone 15 pro,buyback,buyback,no,4.0,EUR,https://smartgrade.fr/tarification-de-rachat-ecrans-casses/
smartgrade.fr,France,buyback,iphone 14 pro max,buyback,buyback,no,7.0,EUR,https://smartgrade.fr/tarification-de-rachat-ecrans-casses/
smartgrade.fr,France,buyback,iphone 14 pro,buyback,buyback,no,4.0,EUR,https://smartgrade.fr/tarification-de-rachat-ecrans-casses/
smartgrade.fr,France,buyback,iphone 14 plus,buyback,buyback,no,9.0,EUR,https://smartgrade.fr/tarification-de-rachat-ecrans-casses/
smartgrade.fr,France,buyback,iphone 14 plus,buyback,buyback,no,7.0,EUR,https://smartgrade.fr/tarification-de-rachat-ecrans-casses/
smartgrade.fr,France,buyback,iphone 14 plus,buyback,buyback,no,2.0,EUR,https://smartgrade.fr/tarification-de-rachat-ecrans-casses/
smartgrade.fr,France,buyback,iphone 14,buyback,buyback,no,7.0,EUR,https://smartgrade.fr/tarification-de-rachat-ecrans-casses/
smartgrade.fr,France,buyback,iphone 15,buyback,buyback,no,9.0,EUR,https://smartgrade.fr/tarification-de-rachat-ecrans-casses/
smartgrade.fr,France,buyback,iphone 13 pro,buyback,buyback,no,6.0,EUR,https://smartgrade.fr/tarification-de-rachat-ecrans-casses/
smartgrade.fr,France,buyback,iphone 15,buyback,buyback,no,5.0,EUR,https://smartgrade.fr/tarification-de-rachat-ecrans-casses/
smartgrade.fr,France,buyback,iphone 14 plus,buyback,buyback,no,6.0,EUR,https://smartgrade.fr/tarification-de-rachat-ecrans-casses/
smartgrade.fr,France,buyback,iphone 14,buyback,buyback,no,5.0,EUR,https://smartgrade.fr/tarification-de-rachat-ecrans-casses/
smartgrade.fr,France,buyback,iphone 13 pro max,buyback,buyback,no,2.0,EUR,https://smartgrade.fr/tarification-de-rachat-ecrans-casses/
smartgrade.fr,France,buyback,iphone 14,buyback,buyback,no,6.0,EUR,https://smartgrade.fr/tarification-de-rachat-ecrans-casses/
smartgrade.fr,France,buyback,iphone 13 pro max,buyback,buyback,no,7.0,EUR,https://smartgrade.fr/tarification-de-rachat-ecrans-casses/
smartgrade.fr,France,buyback,iphone 13 pro max,buyback,buyback,no,9.0,EUR,https://smartgrade.fr/tarification-de-rachat-ecrans-casses/
smartgrade.fr,France,buyback,iphone 15 plus,buyback,buyback,no,5.0,EUR,https://smartgrade.fr/tarification-de-rachat-ecrans-casses/
smartgrade.fr,France,buyback,iphone 14 pro max,buyback,buyback,no,6.0,EUR,https://smartgrade.fr/tarification-de-rachat-ecrans-casses/
istores.sk,SK,buyback,iphone 16,buyback,buyback,no,100.0,,https://vykup.istores.sk/
smartgrade.fr,France,buyback,iphone 12,buyback,buyback,no,5.0,EUR,https://smartgrade.fr/tarification-de-rachat-ecrans-casses/
smartgrade.fr,France,buyback,iphone 12 mini,buyback,buyback,no,9.0,EUR,https://smartgrade.fr/tarification-de-rachat-ecrans-casses/
smartgrade.fr,France,buyback,iphone 12,buyback,buyback,no,6.0,EUR,https://smartgrade.fr/tarification-de-rachat-ecrans-casses/
smartgrade.fr,France,buyback,iphone 12 pro max,buyback,buyback,no,4.0,EUR,https://smartgrade.fr/tarification-de-rachat-ecrans-casses/
smartgrade.fr,France,buyback,iphone 11 pro,buyback,buyback,no,6.0,EUR,https://smartgrade.fr/tarification-de-rachat-ecrans-casses/
smartgrade.fr,France,buyback,iphone 11 pro max,buyback,buyback,no,4.0,EUR,https://smartgrade.fr/tarification-de-rachat-ecrans-casses/
smartgrade.fr,France,buyback,iphone 11,buyback,buyback,no,2.0,EUR,https://smartgrade.fr/tarification-de-rachat-ecrans-casses/
smartgrade.fr,France,buyback,iphone 12 mini,buyback,buyback,no,6.0,EUR,https://smartgrade.fr/tarification-de-rachat-ecrans-casses/
smartgrade.fr,France,buyback,iphone 11 pro max,buyback,buyback,no,7.0,EUR,https://smartgrade.fr/tarification-de-rachat-ecrans-casses/
smartgrade.fr,France,buyback,iphone 12,buyback,buyback,no,9.0,EUR,https://smartgrade.fr/tarification-de-rachat-ecrans-casses/
smartgrade.fr,France,buyback,iphone 11 pro,buyback,buyback,no,5.0,EUR,https://smartgrade.fr/tarification-de-rachat-ecrans-casses/
smartgrade.fr,France,buyback,iphone 12 mini,buyback,buyback,no,7.0,EUR,https://smartgrade.fr/tarification-de-rachat-ecrans-casses/
smartgrade.fr,France,buyback,iphone 13,buyback,buyback,no,4.0,EUR,https://smartgrade.fr/tarification-de-rachat-ecrans-casses/
smartgrade.fr,France,buyback,iphone xs max,buyback,buyback,no,6.0,EUR,https://smartgrade.fr/tarification-de-rachat-ecrans-casses/
smartgrade.fr,France,buyback,iphone 13,buyback,buyback,no,7.0,EUR,https://smartgrade.fr/tarification-de-rachat-ecrans-casses/
smartgrade.fr,France,buyback,iphone 13 mini,buyback,buyback,no,7.0,EUR,https://smartgrade.fr/tarification-de-rachat-ecrans-casses/
smartgrade.fr,France,buyback,iphone 12,buyback,buyback,no,2.0,EUR,https://smartgrade.fr/tarification-de-rachat-ecrans-casses/
smartgrade.fr,France,buyback,iphone xs,buyback,buyback,no,4.0,EUR,https://smartgrade.fr/tarification-de-rachat-ecrans-casses/
smartgrade.fr,France,buyback,iphone x,buyback,buyback,no,7.0,EUR,https://smartgrade.fr/tarification-de-rachat-ecrans-casses/
recyclemonlcd.com,France,buyback,iphone 16 pro,buyback,buyback,no,90.0,EUR,https://www.recyclemonlcd.com/
recyclemonlcd.com,France,buyback,iphone 15,buyback,buyback,no,55.0,EUR,https://www.recyclemonlcd.com/
smartgrade.fr,France,buyback,iphone x,buyback,buyback,no,5.0,EUR,https://smartgrade.fr/tarification-de-rachat-ecrans-casses/
broken-lcd.com,France,buyback,iphone 13 pro,buyback,buyback,no,115.0,EUR,http://broken-lcd.com/
recyclemonlcd.com,France,buyback,iphone 13 pro,buyback,buyback,no,30.0,EUR,https://www.recyclemonlcd.com/
broken-lcd.com,France,buyback,iphone 13 pro,buyback,buyback,no,132.0,EUR,http://broken-lcd.com/
broken-lcd.com,France,buyback,iphone 13 pro,buyback,buyback,no,153.0,EUR,http://broken-lcd.com/
recyclemonlcd.com,France,buyback,iphone 13,buyback,buyback,no,22.5,EUR,https://www.recyclemonlcd.com/
recyclemonlcd.com,France,buyback,iphone 12 pro,buyback,buyback,no,30.0,EUR,https://www.recyclemonlcd.com/
recyclemonlcd.com,France,buyback,iphone 16,buyback,buyback,no,65.0,EUR,https://www.recyclemonlcd.com/
broken-lcd.com,France,buyback,iphone 16 pro max,buyback,buyback,no,90.0,EUR,http://broken-lcd.com/
smartgrade.fr,France,buyback,iphone xs,buyback,buyback,no,5.0,EUR,https://smartgrade.fr/tarification-de-rachat-ecrans-casses/
smartgrade.fr,France,buyback,iphone x,buyback,buyback,no,8.0,EUR,https://smartgrade.fr/tarification-de-rachat-ecrans-casses/
recyclemonlcd.com,France,buyback,iphone 11 pro,buyback,buyback,no,12.5,EUR,https://www.recyclemonlcd.com/
recyclemonlcd.com,France,buyback,iphone 11,buyback,buyback,no,10.0,EUR,https://www.recyclemonlcd.com/
broken-lcd.com,France,buyback,iphone 16 pro max,buyback,buyback,no,85.0,EUR,http://broken-lcd.com/
smartgrade.fr,France,buyback,iphone xr,buyback,buyback,no,1.0,EUR,https://smartgrade.fr/tarification-de-rachat-ecrans-casses/
easyservice.gr,Greece,buyback,iphone 16,buyback,buyback,no,9.9,EUR,https://easyservice.gr
riparaora.it,Italy,buyback,iphone 15 pro max,buyback,buyback,no,259.0,EUR,https://riparaora.it/categoria-prodotto/riparazioni/iphone/rigenerazione-display-iphone/
prontointerventoapple.it,Italy,buyback,iphone x,buyback,buyback,no,39.0,EUR,https://www.prontointerventoapple.it/riciclo.php
iphonehospital.it,Italy,buyback,iphone xr,buyback,buyback,no,1.0,EUR,https://www.iphonehospital.it/rigenerazione-schermi-lcd
lcd-serwis.pl,Poland,buyback,iphone 15,buyback,buyback,no,120.0,PLN,https://lcd-serwis.pl/
lcd-serwis.pl,Poland,buyback,iphone x,buyback,buyback,no,189.0,PLN,https://lcd-serwis.pl/
brokendigi.com,Poland,buyback,iphone 13 mini,buyback,buyback,no,310.0,PLN,https://brokendigi.com/ceny-skupu/
brokendigi.com,Poland,buyback,iphone xs max,buyback,buyback,no,120.0,PLN,https://brokendigi.com/ceny-skupu/
lcd-serwis.pl,Poland,buyback,iphone 11,buyback,buyback,no,48.0,PLN,https://lcd-serwis.pl/
lcd-serwis.pl,Poland,buyback,iphone 11 pro,buyback,buyback,no,56.0,PLN,https://lcd-serwis.pl/
lcd-serwis.pl,Poland,buyback,iphone 12,buyback,buyback,no,51.0,PLN,https://lcd-serwis.pl/
lcd-serwis.pl,Poland,buyback,iphone 12 pro max,buyback,buyback,no,59.0,PLN,https://lcd-serwis.pl/
lcd-serwis.pl,Poland,buyback,iphone xs max,buyback,buyback,no,50.0,PLN,https://lcd-serwis.pl/
lcd-serwis.pl,Poland,buyback,iphone xs,buyback,buyback,no,52.0,PLN,https://lcd-serwis.pl/
lcd-serwis.pl,Poland,buyback,iphone 13 pro,buyback,buyback,no,57.0,PLN,https://lcd-serwis.pl/
brokendigi.com,Poland,buyback,iphone x,buyback,buyback,no,70.0,PLN,https://brokendigi.com/ceny-skupu/
lcd-serwis.pl,Poland,buyback,iphone 14,buyback,buyback,no,54.0,PLN,https://lcd-serwis.pl/
lcd-serwis.pl,Poland,buyback,iphone 11 pro max,buyback,buyback,no,61.0,PLN,https://lcd-serwis.pl/
lcd-serwis.pl,Poland,buyback,iphone 13 mini,buyback,buyback,no,48.0,PLN,https://lcd-serwis.pl/
mellem.pl,Poland,buyback,iphone x,buyback,buyback,no,30.0,PLN,https://mellem.pl/skup-uszkodzonych-wyswietlaczy-samsung-iphone/
lcd-serwis.pl,Poland,buyback,iphone 14 pro,buyback,buyback,no,60.0,PLN,https://lcd-serwis.pl/
lcd-serwis.pl,Poland,buyback,iphone 14 plus,buyback,buyback,no,55.0,PLN,https://lcd-serwis.pl/
lcd-serwis.pl,Poland,buyback,iphone 13,buyback,buyback,no,51.0,PLN,https://lcd-serwis.pl/
lcd-serwis.pl,Poland,buyback,iphone 14 pro max,buyback,buyback,no,68.0,PLN,https://lcd-serwis.pl/
brokendigi.com,Poland,buyback,iphone 11 pro max,buyback,buyback,no,150.0,PLN,https://brokendigi.com/ceny-skupu/
lcd-serwis.pl,Poland,buyback,iphone 16 pro,buyback,buyback,no,150.0,PLN,https://lcd-serwis.pl/
lcd-serwis.pl,Poland,buyback,iphone 16 pro,buyback,buyback,no,250.0,PLN,https://lcd-serwis.pl/
vendremonmobile.com,France,buyback,iphone 14,buyback,buyback,no,392.0,EUR,https://vendremonmobile.com/revendre-mobile/apple
istores.sk,SK,buyback,iphone 16,buyback,buyback,no,22.0,,https://vykup.istores.sk/
defektskaerme.dk,Denmark,buyback,iphone xs max,buyback,buyback,no,60.0,DKK,https://defektskaerme.dk/en/
vendremonmobile.com,France,buyback,iphone 13 pro,buyback,buyback,no,419.0,EUR,https://vendremonmobile.com/revendre-mobile/apple
vendremonmobile.com,France,buyback,iphone 13 mini,buyback,buyback,no,348.0,EUR,https://vendremonmobile.com/revendre-mobile/apple
vendremonmobile.com,France,buyback,iphone 13,buyback,buyback,no,300.0,EUR,https://vendremonmobile.com/revendre-mobile/apple
defektskaerme.dk,Denmark,buyback,iphone 15 pro,buyback,buyback,no,220.0,DKK,https://defektskaerme.dk/en/
defektskaerme.dk,Denmark,buyback,iphone 16 plus,buyback,buyback,no,150.0,DKK,https://defektskaerme.dk/en/
defektskaerme.dk,Denmark,buyback,iphone 16 pro,buyback,buyback,no,220.0,DKK,https://defektskaerme.dk/en/
defektskaerme.dk,Denmark,buyback,iphone 15 plus,buyback,buyback,no,100.0,DKK,https://defektskaerme.dk/en/
defektskaerme.dk,Denmark,buyback,iphone 13 pro max,buyback,buyback,no,100.0,DKK,https://defektskaerme.dk/en/
defektskaerme.dk,Denmark,buyback,iphone 14 plus,buyback,buyback,no,100.0,DKK,https://defektskaerme.dk/en/
defektskaerme.dk,Denmark,buyback,iphone 16,buyback,buyback,no,150.0,DKK,https://defektskaerme.dk/en/
defektskaerme.dk,Denmark,buyback,iphone 15,buyback,buyback,no,100.0,DKK,https://defektskaerme.dk/en/
defektskaerme.dk,Denmark,buyback,iphone 13,buyback,buyback,no,60.0,DKK,https://defektskaerme.dk/en/
defektskaerme.dk,Denmark,buyback,iphone 13 pro,buyback,buyback,no,100.0,DKK,https://defektskaerme.dk/en/
defektskaerme.dk,Denmark,buyback,iphone 13 mini,buyback,buyback,no,90.0,DKK,https://defektskaerme.dk/en/
defektskaerme.dk,Denmark,buyback,iphone 14,buyback,buyback,no,50.0,DKK,https://defektskaerme.dk/en/
defektskaerme.dk,Denmark,buyback,iphone 12 pro max,buyback,buyback,no,200.0,DKK,https://defektskaerme.dk/en/
defektskaerme.dk,Denmark,buyback,iphone 12 pro,buyback,buyback,no,45.0,DKK,https://defektskaerme.dk/en/
defektskaerme.dk,Denmark,buyback,iphone 11 pro,buyback,buyback,no,60.0,DKK,https://defektskaerme.dk/en/
defektskaerme.dk,Denmark,buyback,iphone 11,buyback,buyback,no,9.0,DKK,https://defektskaerme.dk/en/
defektskaerme.dk,Denmark,buyback,iphone 12,buyback,buyback,no,45.0,DKK,https://defektskaerme.dk/en/
defektskaerme.dk,Denmark,buyback,iphone x,buyback,buyback,no,30.0,DKK,https://defektskaerme.dk/en/
phoneankauf.de,Germany,buyback,iphone 13 pro,buyback,buyback,no,320.0,EUR,https://phoneankauf.de/
phoneankauf.de,Germany,buyback,iphone 14,buyback,buyback,no,339.0,EUR,https://phoneankauf.de/
phoneankauf.de,Germany,buyback,iphone 14,buyback,buyback,no,250.0,EUR,https://phoneankauf.de/
smartgrade.it,Italy,buyback,iphone 16 pro max,buyback,buyback,no,2.0,EUR,https://smartgrade.it/listino-prezzi-riacquisto-schermi/
smartgrade.it,Italy,buyback,iphone 16 pro max,buyback,buyback,no,4.0,EUR,https://smartgrade.it/listino-prezzi-riacquisto-schermi/
smartgrade.it,Italy,buyback,iphone 16,buyback,buyback,no,4.0,EUR,https://smartgrade.it/listino-prezzi-riacquisto-schermi/
smartgrade.it,Italy,buyback,iphone 16 plus,buyback,buyback,no,2.0,EUR,https://smartgrade.it/listino-prezzi-riacquisto-schermi/
smartgrade.it,Italy,buyback,iphone 16 plus,buyback,buyback,no,5.0,EUR,https://smartgrade.it/listino-prezzi-riacquisto-schermi/
smartgrade.it,Italy,buyback,iphone 16 pro max,buyback,buyback,no,6.0,EUR,https://smartgrade.it/listino-prezzi-riacquisto-schermi/
smartgrade.it,Italy,buyback,iphone 16 pro,buyback,buyback,no,2.0,EUR,https://smartgrade.it/listino-prezzi-riacquisto-schermi/
smartgrade.it,Italy,buyback,iphone 15 pro,buyback,buyback,no,9.0,EUR,https://smartgrade.it/listino-prezzi-riacquisto-schermi/
smartgrade.it,Italy,buyback,iphone 15 pro max,buyback,buyback,no,7.0,EUR,https://smartgrade.it/listino-prezzi-riacquisto-schermi/
smartgrade.it,Italy,buyback,iphone 15 pro,buyback,buyback,no,8.0,EUR,https://smartgrade.it/listino-prezzi-riacquisto-schermi/
smartgrade.it,Italy,buyback,iphone 15 pro max,buyback,buyback,no,5.0,EUR,https://smartgrade.it/listino-prezzi-riacquisto-schermi/
smartgrade.it,Italy,buyback,iphone 15 pro max,buyback,buyback,no,9.0,EUR,https://smartgrade.it/listino-prezzi-riacquisto-schermi/
smartgrade.it,Italy,buyback,iphone 15 pro,buyback,buyback,no,5.0,EUR,https://smartgrade.it/listino-prezzi-riacquisto-schermi/
smartgrade.it,Italy,buyback,iphone 16,buyback,buyback,no,5.0,EUR,https://smartgrade.it/listino-prezzi-riacquisto-schermi/
smartgrade.it,Italy,buyback,iphone 16,buyback,buyback,no,2.0,EUR,https://smartgrade.it/listino-prezzi-riacquisto-schermi/
smartgrade.it,Italy,buyback,iphone 15 plus,buyback,buyback,no,5.0,EUR,https://smartgrade.it/listino-prezzi-riacquisto-schermi/
smartgrade.it,Italy,buyback,iphone 15 pro,buyback,buyback,no,4.0,EUR,https://smartgrade.it/listino-prezzi-riacquisto-schermi/
smartgrade.it,Italy,buyback,iphone 15 plus,buyback,buyback,no,4.0,EUR,https://smartgrade.it/listino-prezzi-riacquisto-schermi/
smartgrade.it,Italy,buyback,iphone 16 plus,buyback,buyback,no,4.0,EUR,https://smartgrade.it/listino-prezzi-riacquisto-schermi/
smartgrade.it,Italy,buyback,iphone 14,buyback,buyback,no,2.0,EUR,https://smartgrade.it/listino-prezzi-riacquisto-schermi/
smartgrade.it,Italy,buyback,iphone 14 pro max,buyback,buyback,no,6.0,EUR,https://smartgrade.it/listino-prezzi-riacquisto-schermi/
smartgrade.it,Italy,buyback,iphone 14 pro,buyback,buyback,no,2.0,EUR,https://smartgrade.it/listino-prezzi-riacquisto-schermi/
smartgrade.it,Italy,buyback,iphone 14 plus,buyback,buyback,no,9.0,EUR,https://smartgrade.it/listino-prezzi-riacquisto-schermi/
smartgrade.it,Italy,buyback,iphone 15,buyback,buyback,no,4.0,EUR,https://smartgrade.it/listino-prezzi-riacquisto-schermi/
smartgrade.it,Italy,buyback,iphone 14 pro,buyback,buyback,no,3.0,EUR,https://smartgrade.it/listino-prezzi-riacquisto-schermi/
smartgrade.it,Italy,buyback,iphone 14,buyback,buyback,no,7.0,EUR,https://smartgrade.it/listino-prezzi-riacquisto-schermi/
smartgrade.it,Italy,buyback,iphone 14 plus,buyback,buyback,no,2.0,EUR,https://smartgrade.it/listino-prezzi-riacquisto-schermi/
smartgrade.it,Italy,buyback,iphone 14 plus,buyback,buyback,no,6.0,EUR,https://smartgrade.it/listino-prezzi-riacquisto-schermi/
smartgrade.it,Italy,buyback,iphone 13 pro max,buyback,buyback,no,9.0,EUR,https://smartgrade.it/listino-prezzi-riacquisto-schermi/
smartgrade.it,Italy,buyback,iphone 14,buyback,buyback,no,5.0,EUR,https://smartgrade.it/listino-prezzi-riacquisto-schermi/
smartgrade.it,Italy,buyback,iphone 13 pro max,buyback,buyback,no,2.0,EUR,https://smartgrade.it/listino-prezzi-riacquisto-schermi/
smartgrade.it,Italy,buyback,iphone 13 pro max,buyback,buyback,no,7.0,EUR,https://smartgrade.it/listino-prezzi-riacquisto-schermi/
smartgrade.it,Italy,buyback,iphone 13,buyback,buyback,no,9.0,EUR,https://smartgrade.it/listino-prezzi-riacquisto-schermi/
smartgrade.it,Italy,buyback,iphone 13,buyback,buyback,no,7.0,EUR,https://smartgrade.it/listino-prezzi-riacquisto-schermi/
smartgrade.it,Italy,buyback,iphone 13 pro,buyback,buyback,no,5.0,EUR,https://smartgrade.it/listino-prezzi-riacquisto-schermi/
smartgrade.it,Italy,buyback,iphone 13 pro,buyback,buyback,no,9.0,EUR,https://smartgrade.it/listino-prezzi-riacquisto-schermi/
smartgrade.it,Italy,buyback,iphone 13,buyback,buyback,no,2.0,EUR,https://smartgrade.it/listino-prezzi-riacquisto-schermi/
smartgrade.it,Italy,buyback,iphone 15,buyback,buyback,no,8.0,EUR,https://smartgrade.it/listino-prezzi-riacquisto-schermi/
smartgrade.it,Italy,buyback,iphone 12,buyback,buyback,no,9.0,EUR,https://smartgrade.it/listino-prezzi-riacquisto-schermi/
smartgrade.it,Italy,buyback,iphone 12,buyback,buyback,no,6.0,EUR,https://smartgrade.it/listino-prezzi-riacquisto-schermi/
smartgrade.it,Italy,buyback,iphone 12 pro max,buyback,buyback,no,3.0,EUR,https://smartgrade.it/listino-prezzi-riacquisto-schermi/
smartgrade.it,Italy,buyback,iphone 11 pro,buyback,buyback,no,5.0,EUR,https://smartgrade.it/listino-prezzi-riacquisto-schermi/
smartgrade.it,Italy,buyback,iphone 13 mini,buyback,buyback,no,6.0,EUR,https://smartgrade.it/listino-prezzi-riacquisto-schermi/
smartgrade.it,Italy,buyback,iphone 11 pro max,buyback,buyback,no,7.0,EUR,https://smartgrade.it/listino-prezzi-riacquisto-schermi/
smartgrade.it,Italy,buyback,iphone 12,buyback,buyback,no,5.0,EUR,https://smartgrade.it/listino-prezzi-riacquisto-schermi/
smartgrade.it,Italy,buyback,iphone xs max,buyback,buyback,no,6.0,EUR,https://smartgrade.it/listino-prezzi-riacquisto-schermi/
smartgrade.it,Italy,buyback,iphone xs,buyback,buyback,no,4.0,EUR,https://smartgrade.it/listino-prezzi-riacquisto-schermi/
smartgrade.it,Italy,buyback,iphone 11,buyback,buyback,no,1.0,EUR,https://smartgrade.it/listino-prezzi-riacquisto-schermi/
smartgrade.it,Italy,buyback,iphone 11,buyback,buyback,no,2.0,EUR,https://smartgrade.it/listino-prezzi-riacquisto-schermi/
smartgrade.it,Italy,buyback,iphone 11 pro max,buyback,buyback,no,4.0,EUR,https://smartgrade.it/listino-prezzi-riacquisto-schermi/
smartgrade.it,Italy,buyback,iphone xs,buyback,buyback,no,5.0,EUR,https://smartgrade.it/listino-prezzi-riacquisto-schermi/
smartgrade.it,Italy,buyback,iphone x,buyback,buyback,no,8.0,EUR,https://smartgrade.it/listino-prezzi-riacquisto-schermi/
smartgrade.it,Italy,buyback,iphone xs,buyback,buyback,no,2.0,EUR,https://smartgrade.it/listino-prezzi-riacquisto-schermi/
smartgrade.it,Italy,buyback,iphone xs max,buyback,buyback,no,1.0,EUR,https://smartgrade.it/listino-prezzi-riacquisto-schermi/
smartgrade.it,Italy,buyback,iphone 11 pro,buyback,buyback,no,6.0,EUR,https://smartgrade.it/listino-prezzi-riacquisto-schermi/
smartgrade.it,Italy,buyback,iphone 12 mini,buyback,buyback,no,7.0,EUR,https://smartgrade.it/listino-prezzi-riacquisto-schermi/
crazyparts.com.au,Australia,buyback,iphone 15 pro,buyback,buyback,no,20.0,AUD,https://www.crazyparts.com.au/buyback
crazyparts.com.au,Australia,buyback,iphone 15 pro max,buyback,buyback,no,70.0,AUD,https://www.crazyparts.com.au/buyback
crazyparts.com.au,Australia,buyback,iphone 16 pro,buyback,buyback,no,70.0,AUD,https://www.crazyparts.com.au/buyback
smartgrade.it,Italy,buyback,iphone xr,buyback,buyback,no,9.0,EUR,https://smartgrade.it/listino-prezzi-riacquisto-schermi/
crazyparts.com.au,Australia,buyback,iphone 16 pro max,buyback,buyback,no,30.0,AUD,https://www.crazyparts.com.au/buyback
crazyparts.com.au,Australia,buyback,iphone 16,buyback,buyback,no,10.0,AUD,https://www.crazyparts.com.au/buyback
crazyparts.com.au,Australia,buyback,iphone 15 pro max,buyback,buyback,no,20.0,AUD,https://www.crazyparts.com.au/buyback
crazyparts.com.au,Australia,buyback,iphone 16 pro,buyback,buyback,no,50.0,AUD,https://www.crazyparts.com.au/buyback
crazyparts.com.au,Australia,buyback,iphone 16 pro,buyback,buyback,no,20.0,AUD,https://www.crazyparts.com.au/buyback
crazyparts.com.au,Australia,buyback,iphone 16,buyback,buyback,no,15.0,AUD,https://www.crazyparts.com.au/buyback
crazyparts.com.au,Australia,buyback,iphone 16,buyback,buyback,no,25.0,AUD,https://www.crazyparts.com.au/buyback
crazyparts.com.au,Australia,buyback,iphone 15 pro max,buyback,buyback,no,30.0,AUD,https://www.crazyparts.com.au/buyback
crazyparts.com.au,Australia,buyback,iphone 15,buyback,buyback,no,10.0,AUD,https://www.crazyparts.com.au/buyback
crazyparts.com.au,Australia,buyback,iphone 15 pro,buyback,buyback,no,70.0,AUD,https://www.crazyparts.com.au/buyback
crazyparts.com.au,Australia,buyback,iphone 15 pro,buyback,buyback,no,50.0,AUD,https://www.crazyparts.com.au/buyback
crazyparts.com.au,Australia,buyback,iphone 15,buyback,buyback,no,30.0,AUD,https://www.crazyparts.com.au/buyback
crazyparts.com.au,Australia,buyback,iphone 14 pro max,buyback,buyback,no,25.0,AUD,https://www.crazyparts.com.au/buyback
crazyparts.com.au,Australia,buyback,iphone 15,buyback,buyback,no,20.0,AUD,https://www.crazyparts.com.au/buyback
crazyparts.com.au,Australia,buyback,iphone 14 pro max,buyback,buyback,no,35.0,AUD,https://www.crazyparts.com.au/buyback
crazyparts.com.au,Australia,buyback,iphone 15,buyback,buyback,no,15.0,AUD,https://www.crazyparts.com.au/buyback
crazyparts.com.au,Australia,buyback,iphone 13 mini,buyback,buyback,no,15.0,AUD,https://www.crazyparts.com.au/buyback
crazyparts.com.au,Australia,buyback,iphone 13 pro max,buyback,buyback,no,30.0,AUD,https://www.crazyparts.com.au/buyback
crazyparts.com.au,Australia,buyback,iphone 12,buyback,buyback,no,10.0,AUD,https://www.crazyparts.com.au/buyback
crazyparts.com.au,Australia,buyback,iphone 13 mini,buyback,buyback,no,10.0,AUD,https://www.crazyparts.com.au/buyback
crazyparts.com.au,Australia,buyback,iphone 13 pro max,buyback,buyback,no,5.0,AUD,https://www.crazyparts.com.au/buyback
crazyparts.com.au,Australia,buyback,iphone 13 pro,buyback,buyback,no,25.0,AUD,https://www.crazyparts.com.au/buyback
crazyparts.com.au,Australia,buyback,iphone 13,buyback,buyback,no,2.0,AUD,https://www.crazyparts.com.au/buyback
crazyparts.com.au,Australia,buyback,iphone 13,buyback,buyback,no,10.0,AUD,https://www.crazyparts.com.au/buyback
crazyparts.com.au,Australia,buyback,iphone 13,buyback,buyback,no,15.0,AUD,https://www.crazyparts.com.au/buyback
crazyparts.com.au,Australia,buyback,iphone 12 pro max,buyback,buyback,no,10.0,AUD,https://www.crazyparts.com.au/buyback
crazyparts.com.au,Australia,buyback,iphone 12,buyback,buyback,no,7.0,AUD,https://www.crazyparts.com.au/buyback
crazyparts.com.au,Australia,buyback,iphone 13,buyback,buyback,no,5.0,AUD,https://www.crazyparts.com.au/buyback
crazyparts.com.au,Australia,buyback,iphone 13 pro max,buyback,buyback,no,10.0,AUD,https://www.crazyparts.com.au/buyback
crazyparts.com.au,Australia,buyback,iphone 13 mini,buyback,buyback,no,20.0,AUD,https://www.crazyparts.com.au/buyback
crazyparts.com.au,Australia,buyback,iphone 14,buyback,buyback,no,15.0,AUD,https://www.crazyparts.com.au/buyback
crazyparts.com.au,Australia,buyback,iphone 14 pro,buyback,buyback,no,25.0,AUD,https://www.crazyparts.com.au/buyback
crazyparts.com.au,Australia,buyback,iphone 12 pro max,buyback,buyback,no,5.0,AUD,https://www.crazyparts.com.au/buyback
crazyparts.com.au,Australia,buyback,iphone 14 pro,buyback,buyback,no,40.0,AUD,https://www.crazyparts.com.au/buyback
crazyparts.com.au,Australia,buyback,iphone 13 pro,buyback,buyback,no,10.0,AUD,https://www.crazyparts.com.au/buyback
crazyparts.com.au,Australia,buyback,iphone 14,buyback,buyback,no,10.0,AUD,https://www.crazyparts.com.au/buyback
crazyparts.com.au,Australia,buyback,iphone 13 pro,buyback,buyback,no,15.0,AUD,https://www.crazyparts.com.au/buyback
crazyparts.com.au,Australia,buyback,iphone 11 pro,buyback,buyback,no,5.0,AUD,https://www.crazyparts.com.au/buyback
crazyparts.com.au,Australia,buyback,iphone 12 mini,buyback,buyback,no,15.0,AUD,https://www.crazyparts.com.au/buyback
crazyparts.com.au,Australia,buyback,iphone 11 pro,buyback,buyback,no,10.0,AUD,https://www.crazyparts.com.au/buyback
crazyparts.com.au,Australia,buyback,iphone 11 pro max,buyback,buyback,no,20.0,AUD,https://www.crazyparts.com.au/buyback
crazyparts.com.au,Australia,buyback,iphone 12 mini,buyback,buyback,no,20.0,AUD,https://www.crazyparts.com.au/buyback
crazyparts.com.au,Australia,buyback,iphone 11,buyback,buyback,no,0.5,AUD,https://www.crazyparts.com.au/buyback
crazyparts.com.au,Australia,buyback,iphone 11 pro max,buyback,buyback,no,5.0,AUD,https://www.crazyparts.com.au/buyback
crazyparts.com.au,Australia,buyback,iphone xs max,buyback,buyback,no,7.0,AUD,https://www.crazyparts.com.au/buyback
crazyparts.com.au,Australia,buyback,iphone x,buyback,buyback,no,3.0,AUD,https://www.crazyparts.com.au/buyback
crazyparts.com.au,Australia,buyback,iphone xs max,buyback,buyback,no,12.0,AUD,https://www.crazyparts.com.au/buyback
crazyparts.com.au,Australia,buyback,iphone 11 pro,buyback,buyback,no,2.0,AUD,https://www.crazyparts.com.au/buyback
crazyparts.com.au,Australia,buyback,iphone xs,buyback,buyback,no,3.0,AUD,https://www.crazyparts.com.au/buyback
crazyparts.com.au,Australia,buyback,iphone xs,buyback,buyback,no,1.0,AUD,https://www.crazyparts.com.au/buyback
crazyparts.com.au,Australia,buyback,iphone x,buyback,buyback,no,5.0,AUD,https://www.crazyparts.com.au/buyback
crazyparts.com.au,Australia,buyback,iphone xr,buyback,buyback,no,0.5,AUD,https://www.crazyparts.com.au/buyback
crazyparts.com.au,Australia,buyback,iphone xs,buyback,buyback,no,8.0,AUD,https://www.crazyparts.com.au/buyback
themobilehub.com.au,Australia,buyback,iphone 15 pro max,buyback,buyback,no,115.0,AUD,https://themobilehub.com.au/broken-buyback/
crazyparts.com.au,Australia,buyback,iphone x,buyback,buyback,no,1.0,AUD,https://www.crazyparts.com.au/buyback
crazyparts.com.au,Australia,buyback,iphone 12 mini,buyback,buyback,no,10.0,AUD,https://www.crazyparts.com.au/buyback
crazyparts.com.au,Australia,buyback,iphone 11 pro max,buyback,buyback,no,10.0,AUD,https://www.crazyparts.com.au/buyback
themobilehub.com.au,Australia,buyback,iphone 13 pro,buyback,buyback,no,38.0,AUD,https://themobilehub.com.au/broken-buyback/
themobilehub.com.au,Australia,buyback,iphone 13 mini,buyback,buyback,no,21.0,AUD,https://themobilehub.com.au/broken-buyback/
themobilehub.com.au,Australia,buyback,iphone 15,buyback,buyback,no,48.0,AUD,https://themobilehub.com.au/broken-buyback/
themobilehub.com.au,Australia,buyback,iphone 14 pro,buyback,buyback,no,69.0,AUD,https://themobilehub.com.au/broken-buyback/
themobilehub.com.au,Australia,buyback,iphone 13 pro max,buyback,buyback,no,44.0,AUD,https://themobilehub.com.au/broken-buyback/
themobilehub.com.au,Australia,buyback,iphone 14 pro max,buyback,buyback,no,79.0,AUD,https://themobilehub.com.au/broken-buyback/
themobilehub.com.au,Australia,buyback,iphone 14,buyback,buyback,no,37.0,AUD,https://themobilehub.com.au/broken-buyback/
themobilehub.com.au,Australia,buyback,iphone 12 pro max,buyback,buyback,no,33.0,AUD,https://themobilehub.com.au/broken-buyback/
themobilehub.com.au,Australia,buyback,iphone 14 pro max,buyback,buyback,no,129.0,AUD,https://themobilehub.com.au/broken-buyback/
themobilehub.com.au,Australia,buyback,iphone 12 pro max,buyback,buyback,no,66.0,AUD,https://themobilehub.com.au/broken-buyback/
themobilehub.com.au,Australia,buyback,iphone 13 pro,buyback,buyback,no,55.0,AUD,https://themobilehub.com.au/broken-buyback/
themobilehub.com.au,Australia,buyback,iphone 13 pro max,buyback,buyback,no,78.0,AUD,https://themobilehub.com.au/broken-buyback/
themobilehub.com.au,Australia,buyback,iphone 12,buyback,buyback,no,25.0,AUD,https://themobilehub.com.au/broken-buyback/
themobilehub.com.au,Australia,buyback,iphone 12 mini,buyback,buyback,no,22.0,AUD,https://themobilehub.com.au/broken-buyback/
themobilehub.com.au,Australia,buyback,iphone 11 pro max,buyback,buyback,no,17.0,AUD,https://themobilehub.com.au/broken-buyback/
themobilehub.com.au,Australia,buyback,iphone 12 pro,buyback,buyback,no,25.0,AUD,https://themobilehub.com.au/broken-buyback/
themobilehub.com.au,Australia,buyback,iphone 12 pro,buyback,buyback,no,17.0,AUD,https://themobilehub.com.au/broken-buyback/
themobilehub.com.au,Australia,buyback,iphone 14 pro,buyback,buyback,no,90.0,AUD,https://themobilehub.com.au/broken-buyback/
themobilehub.com.au,Australia,buyback,iphone 13,buyback,buyback,no,33.0,AUD,https://themobilehub.com.au/broken-buyback/
themobilehub.com.au,Australia,buyback,iphone xs,buyback,buyback,no,17.0,AUD,https://themobilehub.com.au/broken-buyback/
themobilehub.com.au,Australia,buyback,iphone x,buyback,buyback,no,12.0,AUD,https://themobilehub.com.au/broken-buyback/
themobilehub.com.au,Australia,buyback,iphone x,buyback,buyback,no,17.0,AUD,https://themobilehub.com.au/broken-buyback/
themobilehub.com.au,Australia,buyback,iphone 11,buyback,buyback,no,5.0,AUD,https://themobilehub.com.au/broken-buyback/
themobilehub.com.au,Australia,buyback,iphone xs max,buyback,buyback,no,38.0,AUD,https://themobilehub.com.au/broken-buyback/
themobilehub.com.au,Australia,buyback,iphone xr,buyback,buyback,no,1.0,AUD,https://themobilehub.com.au/broken-buyback/
ounaturg.ee,Estonia,buyback,iphone 12 pro,buyback,buyback,YES,299.0,EUR,https://www.ounaturg.ee/iphone
phoneankauf.de,Germany,buyback,iphone 12 pro,buyback,buyback,no,100.0,EUR,https://phoneankauf.de/
phoneankauf.de,Germany,buyback,iphone 12 pro,buyback,buyback,no,80.0,EUR,https://phoneankauf.de/
cash4lcds.com,USA,buyback,iphone 12,buyback,buyback,no,11.7,USD,https://cash4lcds.com/buy-back-price-sheet
sellbroke.com,USA,buyback,iphone 15 pro max,buyback,buyback,no,77.0,USD,https://sellbroke.com/
lcdtechinc.com,Canada,buyback,iphone 13 pro,buyback,buyback,no,20.0,CAD,https://lcdtechinc.com/lcd-buy-back-prices/
lcdtechinc.com,Canada,buyback,iphone 14 pro max,buyback,buyback,no,70.0,CAD,https://lcdtechinc.com/lcd-buy-back-prices/
cash4lcds.com,USA,buyback,iphone 13 mini,buyback,buyback,no,40.5,USD,https://cash4lcds.com/buy-back-price-sheet
lcdtechinc.com,Canada,buyback,iphone 12 mini,buyback,buyback,no,20.0,CAD,https://lcdtechinc.com/lcd-buy-back-prices/
cash4lcds.com,USA,buyback,iphone 14 pro max,buyback,buyback,no,130.5,USD,https://cash4lcds.com/buy-back-price-sheet
mobilesentrix.com,USA,buyback,iphone 12 pro max,buyback,buyback,no,20.0,USD,https://www.mobilesentrix.com/lcd-buy-back
lcdtechinc.com,Canada,buyback,iphone 15 plus,buyback,buyback,no,30.0,CAD,https://lcdtechinc.com/lcd-buy-back-prices/
mobilesentrix.com,USA,buyback,iphone 15 pro,buyback,buyback,no,73.5,USD,https://www.mobilesentrix.com/lcd-buy-back
phonepartpro.com,USA,buyback,iphone 16 pro max,buyback,buyback,no,98.0,USD,https://phonepartpro.com/pages/lcd-buyback
cash4lcds.com,USA,buyback,iphone xs,buyback,buyback,no,6.0,USD,https://cash4lcds.com/buy-back-price-sheet
mobilesentrix.com,USA,buyback,iphone xr,buyback,buyback,no,1.75,USD,https://www.mobilesentrix.com/lcd-buy-back
phonepartpro.com,USA,buyback,iphone 15 pro max,buyback,buyback,no,80.5,USD,https://phonepartpro.com/pages/lcd-buyback
screen-doctor.co.uk,UK,buyback,iphone 16 pro max,buyback,buyback,no,70.0,GBP,https://www.screen-doctor.co.uk/lcd-buyback-sell-screens/
skupsmartfonow.pl,PL,buyback,iphone 13,buyback,buyback,no,50.0,,https://skupsmartfonow.pl/
skupsmartfonow.pl,PL,buyback,iphone 11 pro,buyback,buyback,no,380.0,,https://skupsmartfonow.pl/
sellbroke.com,USA,buyback,iphone 15 pro max,buyback,buyback,no,264.0,USD,https://sellbroke.com/
sellbroke.com,USA,buyback,iphone 15 pro max,buyback,buyback,no,86.0,USD,https://sellbroke.com/
trendevice.com,IT,buyback,iphone 13 pro,buyback,buyback,no,50.0,,https://www.trendevice.com/vendi/
repoot.de,Germany,buyback,iphone 13,buyback,buyback,no,5.0,EUR,https://repoot.de/display-ankauf/
jacks-handys.de,Germany,buyback,iphone 11,buyback,buyback,no,10.0,EUR,https://www.jacks-handys.de/display-ankauf/
repoot.de,Germany,buyback,iphone 16 pro max,buyback,buyback,no,70.0,EUR,https://repoot.de/display-ankauf/
repoot.de,Germany,buyback,iphone 16 pro max,buyback,buyback,no,50.0,EUR,https://repoot.de/display-ankauf/
fixnow.be,Belgium,buyback,iphone 16e,buyback,buyback,no,9.0,EUR,https://www.fixnow.be/en/lcd-buyback/
smartgrade.fr,France,buyback,iphone 15,buyback,buyback,no,4.0,EUR,https://smartgrade.fr/tarification-de-rachat-ecrans-casses/
smartgrade.fr,France,buyback,iphone 16 plus,buyback,buyback,no,5.0,EUR,https://smartgrade.fr/tarification-de-rachat-ecrans-casses/
smartgrade.fr,France,buyback,iphone 14 pro,buyback,buyback,no,2.0,EUR,https://smartgrade.fr/tarification-de-rachat-ecrans-casses/
smartgrade.fr,France,buyback,iphone 13 mini,buyback,buyback,no,5.0,EUR,https://smartgrade.fr/tarification-de-rachat-ecrans-casses/
smartgrade.fr,France,buyback,iphone xs max,buyback,buyback,no,2.0,EUR,https://smartgrade.fr/tarification-de-rachat-ecrans-casses/
smartgrade.fr,France,buyback,iphone xr,buyback,buyback,no,9.0,EUR,https://smartgrade.fr/tarification-de-rachat-ecrans-casses/
destockplus.com,France,buyback,iphone 11,buyback,buyback,no,175.0,EUR,https://www.destockplus.com/acheter/c-904673-rachat-ecrans-casses-rachat-lcd.html
brokendigi.com,Poland,buyback,iphone 12,buyback,buyback,no,170.0,PLN,https://brokendigi.com/ceny-skupu/
destockplus.com,France,buyback,iphone 14,buyback,buyback,no,385.0,EUR,https://www.destockplus.com/acheter/c-904673-rachat-ecrans-casses-rachat-lcd.html
brokendigi.com,Poland,buyback,iphone 12 mini,buyback,buyback,no,200.0,PLN,https://brokendigi.com/ceny-skupu/
ounaturg.ee,Estonia,buyback,iphone 14,buyback,buyback,YES,310.0,EUR,https://www.ounaturg.ee/iphone
defektskaerme.dk,Denmark,buyback,iphone 15 pro max,buyback,buyback,no,220.0,DKK,https://defektskaerme.dk/en/
cash4lcds.com,USA,buyback,iphone 12 pro,buyback,buyback,no,18.0,USD,https://cash4lcds.com/buy-back-price-sheet
sellbroke.com,USA,buyback,iphone 15 pro max,buyback,buyback,no,460.0,USD,https://sellbroke.com/
buybackboss.com,USA,buyback,iphone 13 pro max,buyback,buyback,no,442.0,USD,https://www.buybackboss.com/sell-broken-iphone/
buybackboss.com,USA,buyback,iphone 12,buyback,buyback,no,187.0,USD,https://www.buybackboss.com/sell-broken-iphone/
buybackboss.com,USA,buyback,iphone 15,buyback,buyback,no,445.0,USD,https://www.buybackboss.com/sell-broken-iphone/
lcdtechinc.com,Canada,buyback,iphone 16 pro max,buyback,buyback,no,156.0,CAD,https://lcdtechinc.com/lcd-buy-back-prices/
lcdtechinc.com,Canada,buyback,iphone x,buyback,buyback,no,5.0,CAD,https://lcdtechinc.com/lcd-buy-back-prices/
cash4lcds.com,USA,buyback,iphone 13 mini,buyback,buyback,no,25.2,USD,https://cash4lcds.com/buy-back-price-sheet
cash4lcds.com,USA,buyback,iphone 13 pro,buyback,buyback,no,36.0,USD,https://cash4lcds.com/buy-back-price-sheet
lcdtechinc.com,Canada,buyback,iphone 15,buyback,buyback,no,55.0,CAD,https://lcdtechinc.com/lcd-buy-back-prices/
lcdtechinc.com,Canada,buyback,iphone xs,buyback,buyback,no,5.0,CAD,https://lcdtechinc.com/lcd-buy-back-prices/
cash4lcds.com,USA,buyback,iphone 13 pro max,buyback,buyback,no,108.0,USD,https://cash4lcds.com/buy-back-price-sheet
cash4lcds.com,USA,buyback,iphone 14 pro max,buyback,buyback,no,49.5,USD,https://cash4lcds.com/buy-back-price-sheet
lcdtechinc.com,Canada,buyback,iphone 13 pro max,buyback,buyback,no,45.0,CAD,https://lcdtechinc.com/lcd-buy-back-prices/
sellbroke.com,USA,buyback,iphone 15 pro max,buyback,buyback,no,264.0,USD,https://sellbroke.com/
recommerce.com,France,buyback,iphone 15,buyback,buyback,no,229.9,EUR,https://recommerce.com/fr/
lcdtechinc.com,Canada,buyback,iphone 11 pro,buyback,buyback,no,9.0,CAD,https://lcdtechinc.com/lcd-buy-back-prices/
lcdtechinc.com,Canada,buyback,iphone 12 pro max,buyback,buyback,no,25.0,CAD,https://lcdtechinc.com/lcd-buy-back-prices/
lcdtechinc.com,Canada,buyback,iphone 11,buyback,buyback,no,3.0,CAD,https://lcdtechinc.com/lcd-buy-back-prices/
cash4lcds.com,USA,buyback,iphone 13,buyback,buyback,no,15.3,USD,https://cash4lcds.com/buy-back-price-sheet
lcdtechinc.com,Canada,buyback,iphone 14,buyback,buyback,no,25.0,CAD,https://lcdtechinc.com/lcd-buy-back-prices/
cash4lcds.com,USA,buyback,iphone 13,buyback,buyback,no,40.5,USD,https://cash4lcds.com/buy-back-price-sheet
vendremonmobile.com,France,buyback,iphone 12 pro,buyback,buyback,no,252.0,EUR,https://vendremonmobile.com/revendre-mobile/apple
cash4lcds.com,USA,buyback,iphone x,buyback,buyback,no,15.3,USD,https://cash4lcds.com/buy-back-price-sheet
cash4lcds.com,USA,buyback,iphone 12 mini,buyback,buyback,no,15.3,USD,https://cash4lcds.com/buy-back-price-sheet
lcdtechinc.com,Canada,buyback,iphone 12,buyback,buyback,no,10.0,CAD,https://lcdtechinc.com/lcd-buy-back-prices/
cash4lcds.com,USA,buyback,iphone 12 pro max,buyback,buyback,no,54.0,USD,https://cash4lcds.com/buy-back-price-sheet
cash4lcds.com,USA,buyback,iphone xs,buyback,buyback,no,6.3,USD,https://cash4lcds.com/buy-back-price-sheet
mobilesentrix.com,USA,buyback,iphone 12,buyback,buyback,no,7.25,USD,https://www.mobilesentrix.com/lcd-buy-back
cash4lcds.com,USA,buyback,iphone 14 plus,buyback,buyback,no,55.0,USD,https://cash4lcds.com/buy-back-price-sheet
mobilesentrix.ca,Canada,buyback,iphone 16,buyback,buyback,no,66.9,CAD,https://www.mobilesentrix.ca/lcd-buy-back
mobilesentrix.com,USA,buyback,iphone 16 plus,buyback,buyback,no,3.0,USD,https://www.mobilesentrix.com/lcd-buy-back
lcdtechinc.com,Canada,buyback,iphone 15 pro max,buyback,buyback,no,55.0,CAD,https://lcdtechinc.com/lcd-buy-back-prices/
mobilesentrix.ca,Canada,buyback,iphone xs max,buyback,buyback,no,17.25,CAD,https://www.mobilesentrix.ca/lcd-buy-back
mobilesentrix.com,USA,buyback,iphone 15 pro,buyback,buyback,no,5.0,USD,https://www.mobilesentrix.com/lcd-buy-back
mobilesentrix.ca,Canada,buyback,iphone 14,buyback,buyback,no,14.79,CAD,https://www.mobilesentrix.ca/lcd-buy-back
mobilesentrix.com,USA,buyback,iphone xs max,buyback,buyback,no,12.25,USD,https://www.mobilesentrix.com/lcd-buy-back
mobilesentrix.com,USA,buyback,iphone 14 plus,buyback,buyback,no,18.25,USD,https://www.mobilesentrix.com/lcd-buy-back
cash4lcds.com,USA,buyback,iphone 11 pro,buyback,buyback,no,18.9,USD,https://cash4lcds.com/buy-back-price-sheet
mobilesentrix.ca,Canada,buyback,iphone 16 plus,buyback,buyback,no,4.23,CAD,https://www.mobilesentrix.ca/lcd-buy-back
mobilesentrix.com,USA,buyback,iphone 12 pro max,buyback,buyback,no,35.5,USD,https://www.mobilesentrix.com/lcd-buy-back
mobilesentrix.ca,Canada,buyback,iphone 16,buyback,buyback,no,4.23,CAD,https://www.mobilesentrix.ca/lcd-buy-back
mobilesentrix.ca,Canada,buyback,iphone 15 pro max,buyback,buyback,no,101.41,CAD,https://www.mobilesentrix.ca/lcd-buy-back
mobilesentrix.ca,Canada,buyback,iphone 16e,buyback,buyback,no,26.41,CAD,https://www.mobilesentrix.ca/lcd-buy-back
mobilesentrix.ca,Canada,buyback,iphone 14 pro,buyback,buyback,no,2.82,CAD,https://www.mobilesentrix.ca/lcd-buy-back
mobilesentrix.ca,Canada,buyback,iphone 13 pro max,buyback,buyback,no,22.89,CAD,https://www.mobilesentrix.ca/lcd-buy-back
mobilesentrix.com,USA,buyback,iphone 16,buyback,buyback,no,26.75,USD,https://www.mobilesentrix.com/lcd-buy-back
mobilesentrix.com,USA,buyback,iphone 16 pro max,buyback,buyback,no,97.5,USD,https://www.mobilesentrix.com/lcd-buy-back
mobilesentrix.com,USA,buyback,iphone 11 pro max,buyback,buyback,no,8.75,USD,https://www.mobilesentrix.com/lcd-buy-back
mobilesentrix.com,USA,buyback,iphone xr,buyback,buyback,no,1.0,USD,https://www.mobilesentrix.com/lcd-buy-back
lcdbuybackprogram.com,USA,buyback,iphone 16 pro max,buyback,buyback,no,70.0,USD,https://lcdbuybackprogram.com/services/
mobilesentrix.ca,Canada,buyback,iphone 14 pro max,buyback,buyback,no,70.77,CAD,https://www.mobilesentrix.ca/lcd-buy-back
mobilesentrix.ca,Canada,buyback,iphone 12 mini,buyback,buyback,no,14.08,CAD,https://www.mobilesentrix.ca/lcd-buy-back
lcdbuybackprogram.com,USA,buyback,iphone 15 pro max,buyback,buyback,no,109.0,USD,https://lcdbuybackprogram.com/services/
lcdbuybackprogram.com,USA,buyback,iphone 14 plus,buyback,buyback,no,29.0,USD,https://lcdbuybackprogram.com/services/
lcdbuybackprogram.com,USA,buyback,iphone 15 plus,buyback,buyback,no,52.0,USD,https://lcdbuybackprogram.com/services/
lcdbuybackprogram.com,USA,buyback,iphone 14,buyback,buyback,no,120.0,USD,https://lcdbuybackprogram.com/services/
lcdbuybackprogram.com,USA,buyback,iphone 14 pro,buyback,buyback,no,29.0,USD,https://lcdbuybackprogram.com/services/
mobilesentrix.ca,Canada,buyback,iphone 11,buyback,buyback,no,1.76,CAD,https://www.mobilesentrix.ca/lcd-buy-back
lcdbuybackprogram.com,USA,buyback,iphone 15 plus,buyback,buyback,no,4.0,USD,https://lcdbuybackprogram.com/services/
mobilesentrix.com,USA,buyback,iphone 16,buyback,buyback,no,47.5,USD,https://www.mobilesentrix.com/lcd-buy-back
cash4lcds.com,USA,buyback,iphone xs max,buyback,buyback,no,18.9,USD,https://cash4lcds.com/buy-back-price-sheet
lcdbuybackprogram.com,USA,buyback,iphone 16,buyback,buyback,no,28.0,USD,https://lcdbuybackprogram.com/services/
phonepartpro.com,USA,buyback,iphone 15 plus,buyback,buyback,no,28.0,USD,https://phonepartpro.com/pages/lcd-buyback
skupsmartfonow.pl,PL,buyback,iphone 11 pro max,buyback,buyback,no,300.0,,https://skupsmartfonow.pl/
phonepartpro.com,USA,buyback,iphone 15 plus,buyback,buyback,no,24.5,USD,https://phonepartpro.com/pages/lcd-buyback
webuylcds.co.uk,UK,buyback,iphone 15 plus,buyback,buyback,YES,30.0,GBP,https://webuylcds.co.uk/recycling-prices/
swappie.com,FI,buyback,iphone 11,buyback,buyback,no,300.0,,https://swappie.com/fi/myy/
skupsmartfonow.pl,PL,buyback,iphone 11 pro max,buyback,buyback,no,120.0,,https://skupsmartfonow.pl/
screen-doctor.co.uk,UK,buyback,iphone 14 pro,buyback,buyback,no,35.0,GBP,https://www.screen-doctor.co.uk/lcd-buyback-sell-screens/
webuylcds.co.uk,UK,buyback,iphone 16 pro,buyback,buyback,YES,80.0,GBP,https://webuylcds.co.uk/recycling-prices/
swappie.com,FI,buyback,iphone 11,buyback,buyback,no,200.0,,https://swappie.com/fi/myy/
skupsmartfonow.pl,PL,buyback,iphone 12,buyback,buyback,no,410.0,,https://skupsmartfonow.pl/
smartgrade.it,Italy,buyback,iphone 16 pro,buyback,buyback,no,8.0,EUR,https://smartgrade.it/listino-prezzi-riacquisto-schermi/
smartgrade.it,Italy,buyback,iphone 16 pro,buyback,buyback,no,7.0,EUR,https://smartgrade.it/listino-prezzi-riacquisto-schermi/
repoot.de,Germany,buyback,iphone 12 pro max,buyback,buyback,no,20.0,EUR,https://repoot.de/display-ankauf/
repoot.de,Germany,buyback,iphone 15 pro,buyback,buyback,no,10.0,EUR,https://repoot.de/display-ankauf/
repoot.de,Germany,buyback,iphone 14,buyback,buyback,no,15.0,EUR,https://repoot.de/display-ankauf/
repoot.de,Germany,buyback,iphone 13 mini,buyback,buyback,no,8.0,EUR,https://repoot.de/display-ankauf/
repoot.de,Germany,buyback,iphone 16 pro max,buyback,buyback,no,60.0,EUR,https://repoot.de/display-ankauf/
repoot.de,Germany,buyback,iphone 14,buyback,buyback,no,5.0,EUR,https://repoot.de/display-ankauf/
jacks-handys.de,Germany,buyback,iphone x,buyback,buyback,no,10.0,EUR,https://www.jacks-handys.de/display-ankauf/
smartgrade.it,Italy,buyback,iphone 14 pro max,buyback,buyback,no,7.0,EUR,https://smartgrade.it/listino-prezzi-riacquisto-schermi/
smartgrade.it,Italy,buyback,iphone 13,buyback,buyback,no,4.0,EUR,https://smartgrade.it/listino-prezzi-riacquisto-schermi/
themobilehub.com.au,Australia,buyback,iphone 11 pro max,buyback,buyback,no,33.0,AUD,https://themobilehub.com.au/broken-buyback/
repoot.de,Germany,buyback,iphone 13 pro max,buyback,buyback,no,30.0,EUR,https://repoot.de/display-ankauf/
fixnow.be,Belgium,buyback,iphone 11 pro max,buyback,buyback,no,18.0,EUR,https://www.fixnow.be/en/lcd-buyback/
fixnow.be,Belgium,buyback,iphone 11 pro max,buyback,buyback,no,2.0,EUR,https://www.fixnow.be/en/lcd-buyback/
repoot.de,Germany,buyback,iphone 14 pro,buyback,buyback,no,10.0,EUR,https://repoot.de/display-ankauf/
jacks-handys.de,Germany,buyback,iphone 13,buyback,buyback,no,80.0,EUR,https://www.jacks-handys.de/display-ankauf/
fixnow.be,Belgium,buyback,iphone 11,buyback,buyback,no,3.0,EUR,https://www.fixnow.be/en/lcd-buyback/
ounaturg.ee,Estonia,buyback,iphone 14 plus,buyback,buyback,YES,290.0,EUR,https://www.ounaturg.ee/iphone
smartgrade.it,Italy,buyback,iphone 13 pro,buyback,buyback,no,2.0,EUR,https://smartgrade.it/listino-prezzi-riacquisto-schermi/
repoot.de,Germany,buyback,iphone 16 plus,buyback,buyback,no,25.0,EUR,https://repoot.de/display-ankauf/
repoot.de,Germany,buyback,iphone 15 plus,buyback,buyback,no,20.0,EUR,https://repoot.de/display-ankauf/
jacks-handys.de,Germany,buyback,iphone 12,buyback,buyback,no,55.0,EUR,https://www.jacks-handys.de/display-ankauf/
repoot.de,Germany,buyback,iphone 15,buyback,buyback,no,15.0,EUR,https://repoot.de/display-ankauf/
fixnow.be,Belgium,buyback,iphone x,buyback,buyback,no,3.0,EUR,https://www.fixnow.be/en/lcd-buyback/
jacks-handys.de,Germany,buyback,iphone 13 mini,buyback,buyback,no,70.0,EUR,https://www.jacks-handys.de/display-ankauf/
jacks-handys.de,Germany,buyback,iphone xs max,buyback,buyback,no,40.0,EUR,https://www.jacks-handys.de/display-ankauf/
lcd-serwis.pl,Poland,buyback,iphone 12 mini,buyback,buyback,no,48.0,PLN,https://lcd-serwis.pl/
repoot.de,Germany,buyback,iphone 12 mini,buyback,buyback,no,4.0,EUR,https://repoot.de/display-ankauf/
smartgrade.it,Italy,buyback,iphone 12,buyback,buyback,no,2.0,EUR,https://smartgrade.it/listino-prezzi-riacquisto-schermi/
smartgrade.fr,France,buyback,iphone 14,buyback,buyback,no,2.0,EUR,https://smartgrade.fr/tarification-de-rachat-ecrans-casses/
smartgrade.fr,France,buyback,iphone 16,buyback,buyback,no,5.0,EUR,https://smartgrade.fr/tarification-de-rachat-ecrans-casses/
smartgrade.fr,France,buyback,iphone 11,buyback,buyback,no,1.0,EUR,https://smartgrade.fr/tarification-de-rachat-ecrans-casses/
smartgrade.fr,France,buyback,iphone 15 pro,buyback,buyback,no,8.0,EUR,https://smartgrade.fr/tarification-de-rachat-ecrans-casses/
smartgrade.fr,France,buyback,iphone 13 mini,buyback,buyback,no,6.0,EUR,https://smartgrade.fr/tarification-de-rachat-ecrans-casses/
recyclemonlcd.com,France,buyback,iphone 14 pro,buyback,buyback,no,50.0,EUR,https://www.recyclemonlcd.com/
smartgrade.fr,France,buyback,iphone 13 pro,buyback,buyback,no,9.0,EUR,https://smartgrade.fr/tarification-de-rachat-ecrans-casses/
smartgrade.fr,France,buyback,iphone xs,buyback,buyback,no,3.0,EUR,https://smartgrade.fr/tarification-de-rachat-ecrans-casses/
smartgrade.fr,France,buyback,iphone 13,buyback,buyback,no,9.0,EUR,https://smartgrade.fr/tarification-de-rachat-ecrans-casses/
recyclemonlcd.com,France,buyback,iphone 12,buyback,buyback,no,10.0,EUR,https://www.recyclemonlcd.com/
smartgrade.fr,France,buyback,iphone 16 pro max,buyback,buyback,no,6.0,EUR,https://smartgrade.fr/tarification-de-rachat-ecrans-casses/
smartgrade.it,Italy,buyback,iphone x,buyback,buyback,no,5.0,EUR,https://smartgrade.it/listino-prezzi-riacquisto-schermi/
crazyparts.com.au,Australia,buyback,iphone 16,buyback,buyback,no,35.0,AUD,https://www.crazyparts.com.au/buyback
smartgrade.fr,France,buyback,iphone 12 mini,buyback,buyback,no,8.0,EUR,https://smartgrade.fr/tarification-de-rachat-ecrans-casses/
iphonehospital.it,Italy,buyback,iphone xr,buyback,buyback,no,6.0,EUR,https://www.iphonehospital.it/rigenerazione-schermi-lcd
brokendigi.com,Poland,buyback,iphone 12 pro max,buyback,buyback,no,400.0,PLN,https://brokendigi.com/ceny-skupu/
lcd-serwis.pl,Poland,buyback,iphone xr,buyback,buyback,no,45.0,PLN,https://lcd-serwis.pl/
smartgrade.fr,France,buyback,iphone 13 pro,buyback,buyback,no,2.0,EUR,https://smartgrade.fr/tarification-de-rachat-ecrans-casses/
crazyparts.com.au,Australia,buyback,iphone 12 pro max,buyback,buyback,no,30.0,AUD,https://www.crazyparts.com.au/buyback
crazyparts.com.au,Australia,buyback,iphone xs,buyback,buyback,no,5.0,AUD,https://www.crazyparts.com.au/buyback
themobilehub.com.au,Australia,buyback,iphone xs,buyback,buyback,no,12.0,AUD,https://themobilehub.com.au/broken-buyback/
smartgrade.fr,France,buyback,iphone 14 pro,buyback,buyback,no,9.0,EUR,https://smartgrade.fr/tarification-de-rachat-ecrans-casses/
smartgrade.fr,France,buyback,iphone 15 pro,buyback,buyback,no,5.0,EUR,https://smartgrade.fr/tarification-de-rachat-ecrans-casses/
smartgrade.fr,France,buyback,iphone xs max,buyback,buyback,no,1.0,EUR,https://smartgrade.fr/tarification-de-rachat-ecrans-casses/
recyclemonlcd.com,France,buyback,iphone 15 pro,buyback,buyback,no,62.5,EUR,https://www.recyclemonlcd.com/
lcd-serwis.pl,Poland,buyback,iphone 13 pro max,buyback,buyback,no,68.0,PLN,https://lcd-serwis.pl/
brokendigi.com,Poland,buyback,iphone xs,buyback,buyback,no,70.0,PLN,https://brokendigi.com/ceny-skupu/
smartgrade.fr,France,buyback,iphone 15 plus,buyback,buyback,no,8.0,EUR,https://smartgrade.fr/tarification-de-rachat-ecrans-casses/
crazyparts.com.au,Australia,buyback,iphone xs max,buyback,buyback,no,5.0,AUD,https://www.crazyparts.com.au/buyback
lcd-serwis.pl,Poland,buyback,iphone 16,buyback,buyback,no,150.0,PLN,https://lcd-serwis.pl/
defektskaerme.dk,Denmark,buyback,iphone 16 pro max,buyback,buyback,no,400.0,DKK,https://defektskaerme.dk/en/
defektskaerme.dk,Denmark,buyback,iphone 14 pro,buyback,buyback,no,150.0,DKK,https://defektskaerme.dk/en/
defektskaerme.dk,Denmark,buyback,iphone 11 pro max,buyback,buyback,no,70.0,DKK,https://defektskaerme.dk/en/
defektskaerme.dk,Denmark,buyback,iphone 12 mini,buyback,buyback,no,80.0,DKK,https://defektskaerme.dk/en/
defektskaerme.dk,Denmark,buyback,iphone xr,buyback,buyback,no,8.0,DKK,https://defektskaerme.dk/en/
defektskaerme.dk,Denmark,buyback,iphone 14 pro max,buyback,buyback,no,200.0,DKK,https://defektskaerme.dk/en/
ounaturg.ee,Estonia,buyback,iphone 11 pro,buyback,buyback,YES,249.0,EUR,https://www.ounaturg.ee/iphone
phoneankauf.de,Germany,buyback,iphone 13 pro,buyback,buyback,no,245.0,EUR,https://phoneankauf.de/
smartgrade.it,Italy,buyback,iphone 13 pro,buyback,buyback,no,6.0,EUR,https://smartgrade.it/listino-prezzi-riacquisto-schermi/
crazyparts.com.au,Australia,buyback,iphone 14 pro max,buyback,buyback,no,15.0,AUD,https://www.crazyparts.com.au/buyback
smartgrade.it,Italy,buyback,iphone 12 mini,buyback,buyback,no,8.0,EUR,https://smartgrade.it/listino-prezzi-riacquisto-schermi/
crazyparts.com.au,Australia,buyback,iphone 16 pro,buyback,buyback,no,30.0,AUD,https://www.crazyparts.com.au/buyback
crazyparts.com.au,Australia,buyback,iphone 14 pro,buyback,buyback,no,10.0,AUD,https://www.crazyparts.com.au/buyback
smartgrade.it,Italy,buyback,iphone 13 mini,buyback,buyback,no,7.0,EUR,https://smartgrade.it/listino-prezzi-riacquisto-schermi/
crazyparts.com.au,Australia,buyback,iphone 12 pro max,buyback,buyback,no,20.0,AUD,https://www.crazyparts.com.au/buyback
crazyparts.com.au,Australia,buyback,iphone 12,buyback,buyback,no,2.0,AUD,https://www.crazyparts.com.au/buyback
themobilehub.com.au,Australia,buyback,iphone 11 pro,buyback,buyback,no,5.0,AUD,https://themobilehub.com.au/broken-buyback/
themobilehub.com.au,Australia,buyback,iphone 12 mini,buyback,buyback,no,39.0,AUD,https://themobilehub.com.au/broken-buyback/
crazyparts.com.au,Australia,buyback,iphone 11 pro,buyback,buyback,no,7.0,AUD,https://www.crazyparts.com.au/buyback
smartgrade.it,Italy,buyback,iphone 14 pro,buyback,buyback,no,9.0,EUR,https://smartgrade.it/listino-prezzi-riacquisto-schermi/
smartgrade.it,Italy,buyback,iphone 16 plus,buyback,buyback,no,1.0,EUR,https://smartgrade.it/listino-prezzi-riacquisto-schermi/
smartgrade.it,Italy,buyback,iphone xs max,buyback,buyback,no,2.0,EUR,https://smartgrade.it/listino-prezzi-riacquisto-schermi/
smartgrade.it,Italy,buyback,iphone 14 pro max,buyback,buyback,no,8.0,EUR,https://smartgrade.it/listino-prezzi-riacquisto-schermi/
crazyparts.com.au,Australia,buyback,iphone 16 pro max,buyback,buyback,no,65.0,AUD,https://www.crazyparts.com.au/buyback
crazyparts.com.au,Australia,buyback,iphone 12,buyback,buyback,no,5.0,AUD,https://www.crazyparts.com.au/buyback
smartgrade.it,Italy,buyback,iphone 14,buyback,buyback,no,6.0,EUR,https://smartgrade.it/listino-prezzi-riacquisto-schermi/
crazyparts.com.au,Australia,buyback,iphone xs max,buyback,buyback,no,2.0,AUD,https://www.crazyparts.com.au/buyback
crazyparts.com.au,Australia,buyback,iphone 13 pro,buyback,buyback,no,5.0,AUD,https://www.crazyparts.com.au/buyback
smartgrade.it,Italy,buyback,iphone xr,buyback,buyback,no,1.0,EUR,https://smartgrade.it/listino-prezzi-riacquisto-schermi/
crazyparts.com.au,Australia,buyback,iphone 14 pro,buyback,buyback,no,15.0,AUD,https://www.crazyparts.com.au/buyback
themobilehub.com.au,Australia,buyback,iphone 15 pro,buyback,buyback,no,135.0,AUD,https://themobilehub.com.au/broken-buyback/
smartgrade.it,Italy,buyback,iphone x,buyback,buyback,no,7.0,EUR,https://smartgrade.it/listino-prezzi-riacquisto-schermi/
crazyparts.com.au,Australia,buyback,iphone 11,buyback,buyback,no,1.0,AUD,https://www.crazyparts.com.au/buyback
crazyparts.com.au,Australia,buyback,iphone 13 pro max,buyback,buyback,no,20.0,AUD,https://www.crazyparts.com.au/buyback
smartgrade.it,Italy,buyback,iphone 16 pro,buyback,buyback,no,4.0,EUR,https://smartgrade.it/listino-prezzi-riacquisto-schermi/
smartgrade.it,Italy,buyback,iphone 15 plus,buyback,buyback,no,8.0,EUR,https://smartgrade.it/listino-prezzi-riacquisto-schermi/
smartgrade.it,Italy,buyback,iphone 11 pro,buyback,buyback,no,2.0,EUR,https://smartgrade.it/listino-prezzi-riacquisto-schermi/
smartgrade.it,Italy,buyback,iphone 15,buyback,buyback,no,5.0,EUR,https://smartgrade.it/listino-prezzi-riacquisto-schermi/
smartgrade.it,Italy,buyback,iphone 15,buyback,buyback,no,9.0,EUR,https://smartgrade.it/listino-prezzi-riacquisto-schermi/
smartgrade.it,Italy,buyback,iphone 13 mini,buyback,buyback,no,4.0,EUR,https://smartgrade.it/listino-prezzi-riacquisto-schermi/
smartgrade.it,Italy,buyback,iphone 15 pro max,buyback,buyback,no,8.0,EUR,https://smartgrade.it/listino-prezzi-riacquisto-schermi/
crazyparts.com.au,Australia,buyback,iphone 15 pro max,buyback,buyback,no,50.0,AUD,https://www.crazyparts.com.au/buyback
crazyparts.com.au,Australia,buyback,iphone 14 pro max,buyback,buyback,no,50.0,AUD,https://www.crazyparts.com.au/buyback
crazyparts.com.au,Australia,buyback,iphone x,buyback,buyback,no,8.0,AUD,https://www.crazyparts.com.au/buyback
themobilehub.com.au,Australia,buyback,iphone 15 pro,buyback,buyback,no,79.0,AUD,https://themobilehub.com.au/broken-buyback/
crazyparts.com.au,Australia,buyback,iphone 12 mini,buyback,buyback,no,5.0,AUD,https://www.crazyparts.com.au/buyback
themobilehub.com.au,Australia,buyback,iphone 15 pro max,buyback,buyback,no,167.0,AUD,https://themobilehub.com.au/broken-buyback/
crazyparts.com.au,Australia,buyback,iphone 13 mini,buyback,buyback,no,30.0,AUD,https://www.crazyparts.com.au/buyback
crazyparts.com.au,Australia,buyback,iphone 15 pro,buyback,buyback,no,30.0,AUD,https://www.crazyparts.com.au/buyback
themobilehub.com.au,Australia,buyback,iphone 15 plus,buyback,buyback,no,5.0,AUD,https://themobilehub.com.au/broken-buyback/
ounaturg.ee,Estonia,buyback,iphone 12 pro max,buyback,buyback,YES,430.0,EUR,https://www.ounaturg.ee/iphone
themobilehub.com.au,Australia,buyback,iphone 14 plus,buyback,buyback,no,33.0,AUD,https://themobilehub.com.au/broken-buyback/
themobilehub.com.au,Australia,buyback,iphone xs max,buyback,buyback,no,25.0,AUD,https://themobilehub.com.au/broken-buyback/
themobilehub.com.au,Australia,buyback,iphone 13 mini,buyback,buyback,no,35.0,AUD,https://themobilehub.com.au/broken-buyback/
fonum.fi,Finland,buyback,iphone 12 pro,buyback,buyback,no,149.99,EUR,https://www.fonum.fi/ajankohtaista/iphone-nayton-vaihto-edullisesti
fonum.fi,Finland,buyback,iphone 12,buyback,buyback,no,259.99,EUR,https://www.fonum.fi/ajankohtaista/iphone-nayton-vaihto-edullisesti
fonum.fi,Finland,buyback,iphone 12 mini,buyback,buyback,no,259.99,EUR,https://www.fonum.fi/ajankohtaista/iphone-nayton-vaihto-edullisesti
fonum.fi,Finland,buyback,iphone 12 mini,buyback,buyback,no,149.99,EUR,https://www.fonum.fi/ajankohtaista/iphone-nayton-vaihto-edullisesti
fonum.fi,Finland,buyback,iphone 12,buyback,buyback,no,149.99,EUR,https://www.fonum.fi/ajankohtaista/iphone-nayton-vaihto-edullisesti
fonum.fi,Finland,buyback,iphone 12 pro max,buyback,buyback,no,179.99,EUR,https://www.fonum.fi/ajankohtaista/iphone-nayton-vaihto-edullisesti
fonum.fi,Finland,buyback,iphone 13 mini,buyback,buyback,no,329.99,EUR,https://www.fonum.fi/ajankohtaista/iphone-nayton-vaihto-edullisesti
fonum.fi,Finland,buyback,iphone 14 plus,buyback,buyback,no,249.99,EUR,https://www.fonum.fi/ajankohtaista/iphone-nayton-vaihto-edullisesti
fonum.fi,Finland,buyback,iphone 14,buyback,buyback,no,249.99,EUR,https://www.fonum.fi/ajankohtaista/iphone-nayton-vaihto-edullisesti
fonum.fi,Finland,buyback,iphone 13 pro max,buyback,buyback,no,499.99,EUR,https://www.fonum.fi/ajankohtaista/iphone-nayton-vaihto-edullisesti
fonum.fi,Finland,buyback,iphone 13 mini,buyback,buyback,no,199.99,EUR,https://www.fonum.fi/ajankohtaista/iphone-nayton-vaihto-edullisesti
fonum.fi,Finland,buyback,iphone 14 plus,buyback,buyback,no,449.99,EUR,https://www.fonum.fi/ajankohtaista/iphone-nayton-vaihto-edullisesti
fonum.fi,Finland,buyback,iphone 14,buyback,buyback,no,339.99,EUR,https://www.fonum.fi/ajankohtaista/iphone-nayton-vaihto-edullisesti
fonum.fi,Finland,buyback,iphone 14 pro,buyback,buyback,no,349.99,EUR,https://www.fonum.fi/ajankohtaista/iphone-nayton-vaihto-edullisesti
fonum.fi,Finland,buyback,iphone 14 pro,buyback,buyback,no,489.99,EUR,https://www.fonum.fi/ajankohtaista/iphone-nayton-vaihto-edullisesti
fonum.fi,Finland,buyback,iphone 15 plus,buyback,buyback,no,299.99,EUR,https://www.fonum.fi/ajankohtaista/iphone-nayton-vaihto-edullisesti
fonum.fi,Finland,buyback,iphone 14 pro max,buyback,buyback,no,349.99,EUR,https://www.fonum.fi/ajankohtaista/iphone-nayton-vaihto-edullisesti
fonum.fi,Finland,buyback,iphone 15 pro max,buyback,buyback,no,399.99,EUR,https://www.fonum.fi/ajankohtaista/iphone-nayton-vaihto-edullisesti
fonum.fi,Finland,buyback,iphone 15 pro,buyback,buyback,no,399.99,EUR,https://www.fonum.fi/ajankohtaista/iphone-nayton-vaihto-edullisesti
fonum.fi,Finland,buyback,iphone 15,buyback,buyback,no,399.99,EUR,https://www.fonum.fi/ajankohtaista/iphone-nayton-vaihto-edullisesti
fonum.fi,Finland,buyback,iphone 16 plus,buyback,buyback,no,399.99,EUR,https://www.fonum.fi/ajankohtaista/iphone-nayton-vaihto-edullisesti
fonum.fi,Finland,buyback,iphone 16e,buyback,buyback,no,399.99,EUR,https://www.fonum.fi/ajankohtaista/iphone-nayton-vaihto-edullisesti
fonum.fi,Finland,buyback,iphone 16e,buyback,buyback,no,419.99,EUR,https://www.fonum.fi/ajankohtaista/iphone-nayton-vaihto-edullisesti
fonum.fi,Finland,buyback,iphone 12 pro max,buyback,buyback,no,289.99,EUR,https://www.fonum.fi/ajankohtaista/iphone-nayton-vaihto-edullisesti
plazamobiil.ee,Estonia,buyback,iphone xs,buyback,buyback,no,90.0,EUR,https://www.plazamobiil.ee/et/seadmete-kokkuost
plazamobiil.ee,Estonia,buyback,iphone 12,buyback,buyback,no,330.0,EUR,https://www.plazamobiil.ee/et/seadmete-kokkuost
plazamobiil.ee,Estonia,buyback,iphone 12 mini,buyback,buyback,no,250.0,EUR,https://www.plazamobiil.ee/et/seadmete-kokkuost
plazamobiil.ee,Estonia,buyback,iphone 11 pro,buyback,buyback,no,300.0,EUR,https://www.plazamobiil.ee/et/seadmete-kokkuost
plazamobiil.ee,Estonia,buyback,iphone 11 pro max,buyback,buyback,no,350.0,EUR,https://www.plazamobiil.ee/et/seadmete-kokkuost
plazamobiil.ee,Estonia,buyback,iphone x,buyback,buyback,no,70.0,EUR,https://www.plazamobiil.ee/et/seadmete-kokkuost
lombard24.ee,Estonia,buyback,iphone 16 pro max,buyback,buyback,no,459.0,EUR,https://lombard24.ee/e-pood/mobiiltelefonid
lombard24.ee,Estonia,buyback,iphone 15,buyback,buyback,no,299.0,EUR,https://lombard24.ee/e-pood/mobiiltelefonid
plazamobiil.ee,Estonia,buyback,iphone 12 pro,buyback,buyback,no,450.0,EUR,https://www.plazamobiil.ee/et/seadmete-kokkuost
lombard24.ee,Estonia,buyback,iphone 15,buyback,buyback,no,200.0,EUR,https://lombard24.ee/e-pood/mobiiltelefonid
lombard24.ee,Estonia,buyback,iphone 15,buyback,buyback,no,157.0,EUR,https://lombard24.ee/e-pood/mobiiltelefonid
lombard24.ee,Estonia,buyback,iphone 16 pro max,buyback,buyback,no,350.0,EUR,https://lombard24.ee/e-pood/mobiiltelefonid
ounaturg.ee,Estonia,buyback,iphone 13 mini,buyback,buyback,YES,249.0,EUR,https://www.ounaturg.ee/iphone
plazamobiil.ee,Estonia,buyback,iphone 11,buyback,buyback,no,160.0,EUR,https://www.plazamobiil.ee/et/seadmete-kokkuost
ounaturg.ee,Estonia,buyback,iphone 12 mini,buyback,buyback,YES,190.0,EUR,https://www.ounaturg.ee/iphone
ounaturg.ee,Estonia,buyback,iphone 16 plus,buyback,buyback,YES,425.0,EUR,https://www.ounaturg.ee/iphone
ounaturg.ee,Estonia,buyback,iphone 13 mini,buyback,buyback,YES,215.0,EUR,https://www.ounaturg.ee/iphone
plazamobiil.ee,Estonia,buyback,iphone 13,buyback,buyback,no,400.0,EUR,https://www.plazamobiil.ee/et/seadmete-kokkuost
ounaturg.ee,Estonia,buyback,iphone 16 pro max,buyback,buyback,YES,180.0,EUR,https://www.ounaturg.ee/iphone
ounaturg.ee,Estonia,buyback,iphone 15 pro,buyback,buyback,YES,249.0,EUR,https://www.ounaturg.ee/iphone
lombard24.ee,Estonia,buyback,iphone 16 pro max,buyback,buyback,no,279.0,EUR,https://lombard24.ee/e-pood/mobiiltelefonid
lmt.lv,Latvia,buyback,iphone 15,buyback,buyback,no,203.67,EUR,https://www.lmt.lv/aprite/atpirkums
lmt.lv,Latvia,buyback,iphone 15 pro,buyback,buyback,no,388.55,EUR,https://www.lmt.lv/aprite/atpirkums
lmt.lv,Latvia,buyback,iphone 15,buyback,buyback,no,254.77,EUR,https://www.lmt.lv/aprite/atpirkums
lmt.lv,Latvia,buyback,iphone 15,buyback,buyback,no,86.87,EUR,https://www.lmt.lv/aprite/atpirkums
lmt.lv,Latvia,buyback,iphone 15 pro,buyback,buyback,no,230.23,EUR,https://www.lmt.lv/aprite/atpirkums
lmt.lv,Latvia,buyback,iphone 14 pro,buyback,buyback,no,31.0,EUR,https://www.lmt.lv/aprite/atpirkums
lmt.lv,Latvia,buyback,iphone 14 pro,buyback,buyback,no,59.0,EUR,https://www.lmt.lv/aprite/atpirkums
lmt.lv,Latvia,buyback,iphone 14 pro,buyback,buyback,no,152.57,EUR,https://www.lmt.lv/aprite/atpirkums
lmt.lv,Latvia,buyback,iphone 15 pro,buyback,buyback,no,60.0,EUR,https://www.lmt.lv/aprite/atpirkums
lmt.lv,Latvia,buyback,iphone 14 pro,buyback,buyback,no,36.0,EUR,https://www.lmt.lv/aprite/atpirkums
fixas.lt,Lithuania,buyback,iphone 16e,buyback,buyback,no,400.0,EUR,https://supirkimas.fixas.lt/apple-irenginiu-supirkimas/
fixas.lt,Lithuania,buyback,iphone 13,buyback,buyback,no,250.0,EUR,https://supirkimas.fixas.lt/apple-irenginiu-supirkimas/
fixas.lt,Lithuania,buyback,iphone 11 pro max,buyback,buyback,no,100.0,EUR,https://supirkimas.fixas.lt/apple-irenginiu-supirkimas/
fixas.lt,Lithuania,buyback,iphone 12 pro max,buyback,buyback,no,270.0,EUR,https://supirkimas.fixas.lt/apple-irenginiu-supirkimas/
fixas.lt,Lithuania,buyback,iphone xs max,buyback,buyback,no,50.0,EUR,https://supirkimas.fixas.lt/apple-irenginiu-supirkimas/
fixas.lt,Lithuania,buyback,iphone 11,buyback,buyback,no,70.0,EUR,https://supirkimas.fixas.lt/apple-irenginiu-supirkimas/
fixas.lt,Lithuania,buyback,iphone xs,buyback,buyback,no,30.0,EUR,https://supirkimas.fixas.lt/apple-irenginiu-supirkimas/
fixas.lt,Lithuania,buyback,iphone 13 pro,buyback,buyback,no,380.0,EUR,https://supirkimas.fixas.lt/apple-irenginiu-supirkimas/
fixas.lt,Lithuania,buyback,iphone 12,buyback,buyback,no,150.0,EUR,https://supirkimas.fixas.lt/apple-irenginiu-supirkimas/
fixas.lt,Lithuania,buyback,iphone xr,buyback,buyback,no,30.0,EUR,https://supirkimas.fixas.lt/apple-irenginiu-supirkimas/
fixas.lt,Lithuania,buyback,iphone 13 pro max,buyback,buyback,no,400.0,EUR,https://supirkimas.fixas.lt/apple-irenginiu-supirkimas/
ounaturg.ee,Estonia,buyback,iphone 14 pro max,buyback,buyback,YES,130.0,EUR,https://www.ounaturg.ee/iphone
trendevice.com,IT,buyback,iphone 13 pro,buyback,buyback,no,10.0,,https://www.trendevice.com/vendi/
phoneankauf.de,Germany,buyback,iphone 15 pro max,buyback,buyback,no,300.0,EUR,https://phoneankauf.de/
lcdtechinc.com,Canada,buyback,iphone 14 pro max,buyback,buyback,no,40.0,CAD,https://lcdtechinc.com/lcd-buy-back-prices/
lcdbuybackprogram.com,USA,buyback,iphone 14 plus,buyback,buyback,no,8.0,USD,https://lcdbuybackprogram.com/services/
mobilesentrix.ca,Canada,buyback,iphone 14 plus,buyback,buyback,no,45.42,CAD,https://www.mobilesentrix.ca/lcd-buy-back
mobilesentrix.com,USA,buyback,iphone 13 mini,buyback,buyback,no,19.0,USD,https://www.mobilesentrix.com/lcd-buy-back
screen-doctor.co.uk,UK,buyback,iphone 13 pro,buyback,buyback,no,25.0,GBP,https://www.screen-doctor.co.uk/lcd-buyback-sell-screens/
skupsmartfonow.pl,PL,buyback,iphone 12 mini,buyback,buyback,no,300.0,,https://skupsmartfonow.pl/
bankmycell.com,USA,buyback,iphone 12 pro,buyback,buyback,no,14.0,USD,https://www.bankmycell.com/sell-broken-phones
cash4lcds.com,USA,buyback,iphone 14 plus,buyback,buyback,no,63.0,USD,https://cash4lcds.com/buy-back-price-sheet
lcdtechinc.com,Canada,buyback,iphone 13 mini,buyback,buyback,no,25.0,CAD,https://lcdtechinc.com/lcd-buy-back-prices/
mobilesentrix.ca,Canada,buyback,iphone 12 pro max,buyback,buyback,no,50.0,CAD,https://www.mobilesentrix.ca/lcd-buy-back
buybackboss.com,USA,buyback,iphone 14 pro,buyback,buyback,no,453.0,USD,https://www.buybackboss.com/sell-broken-iphone/
mobilesentrix.ca,Canada,buyback,iphone 16e,buyback,buyback,no,14.79,CAD,https://www.mobilesentrix.ca/lcd-buy-back
lcdbuybackprogram.com,USA,buyback,iphone 16 pro max,buyback,buyback,no,11.0,USD,https://lcdbuybackprogram.com/services/
repoot.de,Germany,buyback,iphone 15 pro,buyback,buyback,no,30.0,EUR,https://repoot.de/display-ankauf/
jacks-handys.de,Germany,buyback,iphone 11 pro,buyback,buyback,no,20.0,EUR,https://www.jacks-handys.de/display-ankauf/
smartgrade.fr,France,buyback,iphone 13 pro,buyback,buyback,no,5.0,EUR,https://smartgrade.fr/tarification-de-rachat-ecrans-casses/
fixnow.be,Belgium,buyback,iphone xr,buyback,buyback,no,2.0,EUR,https://www.fixnow.be/en/lcd-buyback/
brokendigi.com,Poland,buyback,iphone 11 pro,buyback,buyback,no,70.0,PLN,https://brokendigi.com/ceny-skupu/
ounaturg.ee,Estonia,buyback,iphone 13 pro,buyback,buyback,YES,210.0,EUR,https://www.ounaturg.ee/iphone
jacks-handys.de,Germany,buyback,iphone 12 pro max,buyback,buyback,no,70.0,EUR,https://www.jacks-handys.de/display-ankauf/
smartgrade.fr,France,buyback,iphone 13,buyback,buyback,no,2.0,EUR,https://smartgrade.fr/tarification-de-rachat-ecrans-casses/
smartgrade.fr,France,buyback,iphone 11 pro,buyback,buyback,no,2.0,EUR,https://smartgrade.fr/tarification-de-rachat-ecrans-casses/
smartgrade.fr,France,buyback,iphone xs,buyback,buyback,no,2.0,EUR,https://smartgrade.fr/tarification-de-rachat-ecrans-casses/
vendremonmobile.com,France,buyback,iphone 14 plus,buyback,buyback,no,407.0,EUR,https://vendremonmobile.com/revendre-mobile/apple
vendremonmobile.com,France,buyback,iphone 13 pro max,buyback,buyback,no,431.0,EUR,https://vendremonmobile.com/revendre-mobile/apple
repoot.de,Germany,buyback,iphone 12,buyback,buyback,no,4.0,EUR,https://repoot.de/display-ankauf/
smartgrade.fr,France,buyback,iphone 15 plus,buyback,buyback,no,4.0,EUR,https://smartgrade.fr/tarification-de-rachat-ecrans-casses/
repoot.de,Germany,buyback,iphone 15 plus,buyback,buyback,no,30.0,EUR,https://repoot.de/display-ankauf/
brokendigi.com,Poland,buyback,iphone 14 plus,buyback,buyback,no,450.0,PLN,https://brokendigi.com/ceny-skupu/
vendremonmobile.com,France,buyback,iphone 12 pro max,buyback,buyback,no,296.0,EUR,https://vendremonmobile.com/revendre-mobile/apple
buybackboss.com,USA,buyback,iphone xr,buyback,buyback,no,98.0,USD,https://www.buybackboss.com/sell-broken-iphone/
lcdtechinc.com,Canada,buyback,iphone 16 pro max,buyback,buyback,no,155.0,CAD,https://lcdtechinc.com/lcd-buy-back-prices/
mobilesentrix.ca,Canada,buyback,iphone x,buyback,buyback,no,9.51,CAD,https://www.mobilesentrix.ca/lcd-buy-back
mobilesentrix.com,USA,buyback,iphone 13 pro max,buyback,buyback,no,16.25,USD,https://www.mobilesentrix.com/lcd-buy-back
mobilesentrix.com,USA,buyback,iphone 14 pro max,buyback,buyback,no,5.0,USD,https://www.mobilesentrix.com/lcd-buy-back
webuylcds.co.uk,UK,buyback,iphone 16 plus,buyback,buyback,YES,60.0,GBP,https://webuylcds.co.uk/recycling-prices/
phoneankauf.de,Germany,buyback,iphone 13 pro,buyback,buyback,no,180.0,EUR,https://phoneankauf.de/
crazyparts.com.au,Australia,buyback,iphone 16 pro max,buyback,buyback,no,100.0,AUD,https://www.crazyparts.com.au/buyback
crazyparts.com.au,Australia,buyback,iphone 11 pro max,buyback,buyback,no,15.0,AUD,https://www.crazyparts.com.au/buyback
themobilehub.com.au,Australia,buyback,iphone 14 plus,buyback,buyback,no,48.0,AUD,https://themobilehub.com.au/broken-buyback/
smartgrade.it,Italy,buyback,iphone 12 mini,buyback,buyback,no,6.0,EUR,https://smartgrade.it/listino-prezzi-riacquisto-schermi/
mobilesentrix.ca,Canada,buyback,iphone 16 pro max,buyback,buyback,no,137.32,CAD,https://www.mobilesentrix.ca/lcd-buy-back
buybackboss.com,USA,buyback,iphone 11 pro,buyback,buyback,no,165.0,USD,https://www.buybackboss.com/sell-broken-iphone/
phonepartpro.com,USA,buyback,iphone 16 plus,buyback,buyback,no,49.0,USD,https://phonepartpro.com/pages/lcd-buyback
smartgrade.fr,France,buyback,iphone 14 pro,buyback,buyback,no,3.0,EUR,https://smartgrade.fr/tarification-de-rachat-ecrans-casses/
smartgrade.it,Italy,buyback,iphone 16 pro max,buyback,buyback,no,9.0,EUR,https://smartgrade.it/listino-prezzi-riacquisto-schermi/
jacks-handys.de,Germany,buyback,iphone 12 pro,buyback,buyback,no,55.0,EUR,https://www.jacks-handys.de/display-ankauf/
broken-lcd.com,France,buyback,iphone 13 pro,buyback,buyback,no,95.0,EUR,http://broken-lcd.com/
smartgrade.it,Italy,buyback,iphone 12 mini,buyback,buyback,no,9.0,EUR,https://smartgrade.it/listino-prezzi-riacquisto-schermi/
fixas.lt,Lithuania,buyback,iphone 12 pro,buyback,buyback,no,220.0,EUR,https://supirkimas.fixas.lt/apple-irenginiu-supirkimas/
repoot.de,Germany,buyback,iphone xs max,buyback,buyback,no,5.0,EUR,https://repoot.de/display-ankauf/
smartgrade.it,Italy,buyback,iphone 14 plus,buyback,buyback,no,7.0,EUR,https://smartgrade.it/listino-prezzi-riacquisto-schermi/
themobilehub.com.au,Australia,buyback,iphone xr,buyback,buyback,no,3.0,AUD,https://themobilehub.com.au/broken-buyback/
smartgrade.fr,France,buyback,iphone 12 pro max,buyback,buyback,no,3.0,EUR,https://smartgrade.fr/tarification-de-rachat-ecrans-casses/
cash4lcds.com,USA,buyback,iphone x,buyback,buyback,no,6.3,USD,https://cash4lcds.com/buy-back-price-sheet
lcdbuybackprogram.com,USA,buyback,iphone 16 pro,buyback,buyback,no,68.0,USD,https://lcdbuybackprogram.com/services/
phonepartpro.com,USA,buyback,iphone 15 pro max,buyback,buyback,no,14.0,USD,https://phonepartpro.com/pages/lcd-buyback
mobilesentrix.ca,Canada,buyback,iphone 13 pro,buyback,buyback,no,34.86,CAD,https://www.mobilesentrix.ca/lcd-buy-back
screen-doctor.co.uk,UK,buyback,iphone 16 pro max,buyback,buyback,no,50.0,GBP,https://www.screen-doctor.co.uk/lcd-buyback-sell-screens/
phonepartpro.com,USA,buyback,iphone 16 pro max,buyback,buyback,no,59.5,USD,https://phonepartpro.com/pages/lcd-buyback
fonum.fi,Finland,buyback,iphone 12 pro,buyback,buyback,no,259.99,EUR,https://www.fonum.fi/ajankohtaista/iphone-nayton-vaihto-edullisesti
mj-komputery.pl,Poland,buyback,iphone x,buyback,buyback,no,150.0,PLN,https://www.mj-komputery.pl/naprawa-i-serwis-telefonow-poznan/skup-wyswietlaczy-lcd/
lcd-serwis.pl,Poland,buyback,iphone 15 pro,buyback,buyback,no,250.0,PLN,https://lcd-serwis.pl/
themobilehub.com.au,Australia,buyback,iphone 11 pro,buyback,buyback,no,22.0,AUD,https://themobilehub.com.au/broken-buyback/
smartgrade.it,Italy,buyback,iphone 13 mini,buyback,buyback,no,5.0,EUR,https://smartgrade.it/listino-prezzi-riacquisto-schermi/
defektskaerme.dk,Denmark,buyback,iphone xs,buyback,buyback,no,40.0,DKK,https://defektskaerme.dk/en/
fonum.fi,Finland,buyback,iphone 13 pro max,buyback,buyback,no,299.99,EUR,https://www.fonum.fi/ajankohtaista/iphone-nayton-vaihto-edullisesti
smartgrade.fr,France,buyback,iphone 13 mini,buyback,buyback,no,4.0,EUR,https://smartgrade.fr/tarification-de-rachat-ecrans-casses/
fonum.fi,Finland,buyback,iphone 13,buyback,buyback,no,199.99,EUR,https://www.fonum.fi/ajankohtaista/iphone-nayton-vaihto-edullisesti
smartgrade.fr,France,buyback,iphone 14 pro max,buyback,buyback,no,8.0,EUR,https://smartgrade.fr/tarification-de-rachat-ecrans-casses/
lmt.lv,Latvia,buyback,iphone 15 pro,buyback,buyback,no,78.0,EUR,https://www.lmt.lv/aprite/atpirkums
fonum.fi,Finland,buyback,iphone 13,buyback,buyback,no,319.99,EUR,https://www.fonum.fi/ajankohtaista/iphone-nayton-vaihto-edullisesti
fonum.fi,Finland,buyback,iphone 15,buyback,buyback,no,299.99,EUR,https://www.fonum.fi/ajankohtaista/iphone-nayton-vaihto-edullisesti
lmt.lv,Latvia,buyback,iphone 15 pro max,buyback,buyback,no,11.0,EUR,https://www.lmt.lv/aprite/atpirkums
fonum.fi,Finland,buyback,iphone 16,buyback,buyback,no,399.99,EUR,https://www.fonum.fi/ajankohtaista/iphone-nayton-vaihto-edullisesti
fonum.fi,Finland,buyback,iphone 13 pro,buyback,buyback,no,299.99,EUR,https://www.fonum.fi/ajankohtaista/iphone-nayton-vaihto-edullisesti
lombard24.ee,Estonia,buyback,iphone 13 pro,buyback,buyback,no,290.0,EUR,https://lombard24.ee/e-pood/mobiiltelefonid
plazamobiil.ee,Estonia,buyback,iphone xs max,buyback,buyback,no,100.0,EUR,https://www.plazamobiil.ee/et/seadmete-kokkuost
lombard24.ee,Estonia,buyback,iphone 15,buyback,buyback,no,160.0,EUR,https://lombard24.ee/e-pood/mobiiltelefonid
lmt.lv,Latvia,buyback,iphone 14 pro max,buyback,buyback,no,71.0,EUR,https://www.lmt.lv/aprite/atpirkums
ounaturg.ee,Estonia,buyback,iphone x,buyback,buyback,YES,270.0,EUR,https://www.ounaturg.ee/iphone
fonum.fi,Finland,buyback,iphone 13 pro,buyback,buyback,no,469.99,EUR,https://www.fonum.fi/ajankohtaista/iphone-nayton-vaihto-edullisesti
fonum.fi,Finland,buyback,iphone 15 plus,buyback,buyback,no,459.99,EUR,https://www.fonum.fi/ajankohtaista/iphone-nayton-vaihto-edullisesti
fixas.lt,Lithuania,buyback,iphone 13 mini,buyback,buyback,no,270.0,EUR,https://supirkimas.fixas.lt/apple-irenginiu-supirkimas/
fixas.lt,Lithuania,buyback,iphone 14,buyback,buyback,no,320.0,EUR,https://supirkimas.fixas.lt/apple-irenginiu-supirkimas/
fixas.lt,Lithuania,buyback,iphone 15 plus,buyback,buyback,no,470.0,EUR,https://supirkimas.fixas.lt/apple-irenginiu-supirkimas/
fixas.lt,Lithuania,buyback,iphone 15,buyback,buyback,no,470.0,EUR,https://supirkimas.fixas.lt/apple-irenginiu-supirkimas/
fixas.lt,Lithuania,buyback,iphone 14 plus,buyback,buyback,no,370.0,EUR,https://supirkimas.fixas.lt/apple-irenginiu-supirkimas/
destockplus.com,France,buyback,iphone 13,buyback,buyback,no,285.0,EUR,https://www.destockplus.com/acheter/c-904673-rachat-ecrans-casses-rachat-lcd.html
ounaturg.ee,Estonia,buyback,iphone 14 pro,buyback,buyback,YES,310.0,EUR,https://www.ounaturg.ee/iphone
mobilesentrix.com,USA,buyback,iphone 15 plus,buyback,buyback,no,2.0,USD,https://www.mobilesentrix.com/lcd-buy-back
cash4lcds.com,USA,buyback,iphone 13 mini,buyback,buyback,no,31.5,USD,https://cash4lcds.com/buy-back-price-sheet
themobilehub.com.au,Australia,buyback,iphone 15 plus,buyback,buyback,no,44.0,AUD,https://themobilehub.com.au/broken-buyback/
smartgrade.it,Italy,buyback,iphone xs,buyback,buyback,no,3.0,EUR,https://smartgrade.it/listino-prezzi-riacquisto-schermi/
cash4lcds.com,USA,buyback,iphone 11,buyback,buyback,no,2.7,USD,https://cash4lcds.com/buy-back-price-sheet
smartgrade.fr,France,buyback,iphone 16 pro max,buyback,buyback,no,4.0,EUR,https://smartgrade.fr/tarification-de-rachat-ecrans-casses/
repoot.de,Germany,buyback,iphone 14 pro max,buyback,buyback,no,35.0,EUR,https://repoot.de/display-ankauf/
smartgrade.it,Italy,buyback,iphone 14 pro,buyback,buyback,no,4.0,EUR,https://smartgrade.it/listino-prezzi-riacquisto-schermi/
repoot.de,Germany,buyback,iphone 13 pro,buyback,buyback,no,20.0,EUR,https://repoot.de/display-ankauf/
lmt.lv,Latvia,buyback,iphone 15,buyback,buyback,no,176.33,EUR,https://www.lmt.lv/aprite/atpirkums
fixas.lt,Lithuania,buyback,iphone 12 mini,buyback,buyback,no,150.0,EUR,https://supirkimas.fixas.lt/apple-irenginiu-supirkimas/
skupgsm.pl,Poland,buyback,iphone 11,buyback,buyback,no,300.0,PLN,https://skupgsm.pl/skup-uszkodzonych-telefonow/
skupgsm.pl,Poland,buyback,iphone 12,buyback,buyback,no,400.0,PLN,https://skupgsm.pl/skup-uszkodzonych-telefonow/
vykupdisplejov.sk,Slovakia,buyback,iphone 12 mini,buyback,buyback,no,8.0,,https://vykupdisplejov.sk/
vykupdisplejov.sk,Slovakia,buyback,iphone 12,buyback,buyback,no,4.0,,https://vykupdisplejov.sk/
vykupdisplejov.sk,Slovakia,buyback,iphone 12,buyback,buyback,no,2.0,,https://vykupdisplejov.sk/
vykupdisplejov.sk,Slovakia,buyback,iphone 13 mini,buyback,buyback,no,10.0,,https://vykupdisplejov.sk/
vykupdisplejov.sk,Slovakia,buyback,iphone 13 pro,buyback,buyback,no,6.0,,https://vykupdisplejov.sk/
vykupdisplejov.sk,Slovakia,buyback,iphone 13 pro max,buyback,buyback,no,16.0,,https://vykupdisplejov.sk/
vykupdisplejov.sk,Slovakia,buyback,iphone 13,buyback,buyback,no,4.0,,https://vykupdisplejov.sk/
vykupdisplejov.sk,Slovakia,buyback,iphone 14 pro,buyback,buyback,no,24.0,,https://vykupdisplejov.sk/
vykupdisplejov.sk,Slovakia,buyback,iphone 14 pro max,buyback,buyback,no,14.0,,https://vykupdisplejov.sk/
vykupdisplejov.sk,Slovakia,buyback,iphone 14 plus,buyback,buyback,no,6.0,,https://vykupdisplejov.sk/
vykupdisplejov.sk,Slovakia,buyback,iphone 13 pro max,buyback,buyback,no,8.0,,https://vykupdisplejov.sk/
vykupdisplejov.sk,Slovakia,buyback,iphone 14 pro max,buyback,buyback,no,28.0,,https://vykupdisplejov.sk/
vykupdisplejov.sk,Slovakia,buyback,iphone 15,buyback,buyback,no,20.0,,https://vykupdisplejov.sk/
vykupdisplejov.sk,Slovakia,buyback,iphone 14 plus,buyback,buyback,no,12.0,,https://vykupdisplejov.sk/
vykupdisplejov.sk,Slovakia,buyback,iphone 15,buyback,buyback,no,10.0,,https://vykupdisplejov.sk/
vykupdisplejov.sk,Slovakia,buyback,iphone 15 plus,buyback,buyback,no,24.0,,https://vykupdisplejov.sk/
vykupdisplejov.sk,Slovakia,buyback,iphone 15 plus,buyback,buyback,no,12.0,,https://vykupdisplejov.sk/
vykupdisplejov.sk,Slovakia,buyback,iphone 15 pro max,buyback,buyback,no,48.0,,https://vykupdisplejov.sk/
vykupdisplejov.sk,Slovakia,buyback,iphone 16,buyback,buyback,no,40.0,,https://vykupdisplejov.sk/
vykupdisplejov.sk,Slovakia,buyback,iphone 15 pro,buyback,buyback,no,22.0,,https://vykupdisplejov.sk/
vykupdisplejov.sk,Slovakia,buyback,iphone 16 pro,buyback,buyback,no,30.0,,https://vykupdisplejov.sk/
vykupdisplejov.sk,Slovakia,buyback,iphone 16,buyback,buyback,no,20.0,,https://vykupdisplejov.sk/
vykupdisplejov.sk,Slovakia,buyback,iphone 16 plus,buyback,buyback,no,20.0,,https://vykupdisplejov.sk/
vykupdisplejov.sk,Slovakia,buyback,iphone 16 plus,buyback,buyback,no,40.0,,https://vykupdisplejov.sk/
vykupdisplejov.sk,Slovakia,buyback,iphone 16 pro,buyback,buyback,no,60.0,,https://vykupdisplejov.sk/
vykupiphone.sk,Slovakia,buyback,iphone 13 pro max,buyback,buyback,no,449.0,,https://www.vykupiphone.sk/
vykupdisplejov.sk,Slovakia,buyback,iphone 16 pro max,buyback,buyback,no,72.0,,https://vykupdisplejov.sk/
vykupiphone.sk,Slovakia,buyback,iphone 16e,buyback,buyback,no,454.0,,https://www.vykupiphone.sk/
vykupiphone.sk,Slovakia,buyback,iphone 13 mini,buyback,buyback,no,364.0,,https://www.vykupiphone.sk/
vykupiphone.sk,Slovakia,buyback,iphone 12 pro,buyback,buyback,no,264.0,,https://www.vykupiphone.sk/
vykupiphone.sk,Slovakia,buyback,iphone 13 pro,buyback,buyback,no,454.0,,https://www.vykupiphone.sk/
vykupiphone.sk,Slovakia,buyback,iphone 12 pro max,buyback,buyback,no,324.0,,https://www.vykupiphone.sk/
vykupiphone.sk,Slovakia,buyback,iphone 11 pro max,buyback,buyback,no,25.0,,https://www.vykupiphone.sk/
vykupiphone.sk,Slovakia,buyback,iphone 12,buyback,buyback,no,214.0,,https://www.vykupiphone.sk/
mtstronic.de,Germany,buyback,iphone x,buyback,buyback,no,5.0,EUR,https://mtstronic.de/
mtstronic.de,Germany,buyback,iphone xr,buyback,buyback,no,30.0,EUR,https://mtstronic.de/
mtstronic.de,Germany,buyback,iphone xr,buyback,buyback,no,5.0,EUR,https://mtstronic.de/
mtstronic.de,Germany,buyback,iphone x,buyback,buyback,no,30.0,EUR,https://mtstronic.de/
mtstronic.de,Germany,buyback,iphone 12,buyback,buyback,no,10.0,EUR,https://mtstronic.de/
mtstronic.de,Germany,buyback,iphone 12,buyback,buyback,no,45.0,EUR,https://mtstronic.de/
mtstronic.de,Germany,buyback,iphone 13,buyback,buyback,no,49.0,EUR,https://mtstronic.de/
mtstronic.de,Germany,buyback,iphone 12 pro max,buyback,buyback,no,35.0,EUR,https://mtstronic.de/
mtstronic.de,Germany,buyback,iphone 13 pro,buyback,buyback,no,69.0,EUR,https://mtstronic.de/
mtstronic.de,Germany,buyback,iphone 13 pro,buyback,buyback,no,35.0,EUR,https://mtstronic.de/
mtstronic.de,Germany,buyback,iphone 14,buyback,buyback,no,69.0,EUR,https://mtstronic.de/
mtstronic.de,Germany,buyback,iphone 14,buyback,buyback,no,40.0,EUR,https://mtstronic.de/
mtstronic.de,Germany,buyback,iphone 14 pro,buyback,buyback,no,45.0,EUR,https://mtstronic.de/
mtstronic.de,Germany,buyback,iphone 15 pro,buyback,buyback,no,79.0,EUR,https://mtstronic.de/
vykupdisplejov.sk,Slovakia,buyback,iphone 13 mini,buyback,buyback,no,20.0,,https://vykupdisplejov.sk/
vykupdisplejov.sk,Slovakia,buyback,iphone 13,buyback,buyback,no,8.0,,https://vykupdisplejov.sk/
athcom.ie,Ireland,buyback,iphone 16 pro max,buyback,buyback,no,270.0,EUR,https://www.athcom.ie/sell/
athcom.ie,Ireland,buyback,iphone 16 pro max,buyback,buyback,no,390.0,EUR,https://www.athcom.ie/sell/
athcom.ie,Ireland,buyback,iphone 16 pro max,buyback,buyback,no,220.0,EUR,https://www.athcom.ie/sell/
athcom.ie,Ireland,buyback,iphone 16 pro max,buyback,buyback,no,290.0,EUR,https://www.athcom.ie/sell/
athcom.ie,Ireland,buyback,iphone 16 pro,buyback,buyback,no,50.0,EUR,https://www.athcom.ie/sell/
vykupdisplejov.sk,Slovakia,buyback,iphone 16 pro max,buyback,buyback,no,64.0,,https://vykupdisplejov.sk/
vykupiphone.sk,Slovakia,buyback,iphone 14,buyback,buyback,no,384.0,,https://www.vykupiphone.sk/
bblcd.fr,France,buyback,iphone 15,buyback,buyback,no,50.0,EUR,https://bblcd.fr/
bblcd.fr,France,buyback,iphone 14 plus,buyback,buyback,no,15.0,EUR,https://bblcd.fr/
bblcd.fr,France,buyback,iphone 14 plus,buyback,buyback,no,5.0,EUR,https://bblcd.fr/
bblcd.fr,France,buyback,iphone 15,buyback,buyback,no,5.0,EUR,https://bblcd.fr/
bblcd.fr,France,buyback,iphone 14,buyback,buyback,no,5.0,EUR,https://bblcd.fr/
bblcd.fr,France,buyback,iphone 14 pro,buyback,buyback,no,10.0,EUR,https://bblcd.fr/
bblcd.fr,France,buyback,iphone 14,buyback,buyback,no,12.0,EUR,https://bblcd.fr/
bblcd.fr,France,buyback,iphone 13 pro max,buyback,buyback,no,20.0,EUR,https://bblcd.fr/
bblcd.fr,France,buyback,iphone 13 pro,buyback,buyback,no,10.0,EUR,https://bblcd.fr/
bblcd.fr,France,buyback,iphone 13,buyback,buyback,no,8.0,EUR,https://bblcd.fr/
bblcd.fr,France,buyback,iphone 13 pro,buyback,buyback,no,18.0,EUR,https://bblcd.fr/
bblcd.fr,France,buyback,iphone 13,buyback,buyback,no,5.0,EUR,https://bblcd.fr/
bblcd.fr,France,buyback,iphone x,buyback,buyback,no,2.0,EUR,https://bblcd.fr/
bblcd.fr,France,buyback,iphone 12,buyback,buyback,no,3.0,EUR,https://bblcd.fr/
bblcd.fr,France,buyback,iphone 11,buyback,buyback,no,5.0,EUR,https://bblcd.fr/
bblcd.fr,France,buyback,iphone x,buyback,buyback,no,1.0,EUR,https://bblcd.fr/
bblcd.fr,France,buyback,iphone 13 mini,buyback,buyback,no,5.0,EUR,https://bblcd.fr/
bblcd.fr,France,buyback,iphone 11 pro,buyback,buyback,no,2.0,EUR,https://bblcd.fr/
bblcd.fr,France,buyback,iphone 12 pro max,buyback,buyback,no,15.0,EUR,https://bblcd.fr/
bblcd.fr,France,buyback,iphone 12,buyback,buyback,no,5.0,EUR,https://bblcd.fr/
bblcd.fr,France,buyback,iphone 11,buyback,buyback,no,0.25,EUR,https://bblcd.fr/
bblcd.fr,France,buyback,iphone xr,buyback,buyback,no,0.25,EUR,https://bblcd.fr/
bblcd.fr,France,buyback,iphone 12,buyback,buyback,no,2.0,EUR,https://bblcd.fr/
topyet.com,Spain,buyback,iphone 13 pro max,buyback,buyback,no,200.0,EUR,https://es.topyet.com/
cash4lcds.com,USA,buyback,iphone xs max,buyback,buyback,no,6.3,USD,https://cash4lcds.com/buy-back-price-sheet
webuylcds.co.uk,UK,buyback,iphone 16 pro max,buyback,buyback,YES,90.0,GBP,https://webuylcds.co.uk/recycling-prices/
phonepartpro.com,USA,buyback,iphone 16 pro,buyback,buyback,no,80.5,USD,https://phonepartpro.com/pages/lcd-buyback
topyet.com,Spain,buyback,iphone 13 pro max,buyback,buyback,no,160.0,EUR,https://es.topyet.com/
topyet.com,Spain,buyback,iphone 14 pro max,buyback,buyback,no,240.0,EUR,https://es.topyet.com/
mtstronic.de,Germany,buyback,iphone 13,buyback,buyback,no,35.0,EUR,https://mtstronic.de/
smartgrade.fr,France,buyback,iphone 16 pro,buyback,buyback,no,7.0,EUR,https://smartgrade.fr/tarification-de-rachat-ecrans-casses/
vykupiphone.sk,Slovakia,buyback,iphone 12 mini,buyback,buyback,no,189.0,,https://www.vykupiphone.sk/
mobilesentrix.com,USA,buyback,iphone 14 pro max,buyback,buyback,no,28.25,USD,https://www.mobilesentrix.com/lcd-buy-back
fonum.fi,Finland,buyback,iphone 16 pro,buyback,buyback,no,499.99,EUR,https://www.fonum.fi/ajankohtaista/iphone-nayton-vaihto-edullisesti
lcdtechinc.com,Canada,buyback,iphone 16 pro max,buyback,buyback,no,166.0,CAD,https://lcdtechinc.com/lcd-buy-back-prices/
lmt.lv,Latvia,buyback,iphone 15 plus,buyback,buyback,no,4.0,EUR,https://www.lmt.lv/aprite/atpirkums
fixas.lt,Lithuania,buyback,iphone 11 pro,buyback,buyback,no,100.0,EUR,https://supirkimas.fixas.lt/apple-irenginiu-supirkimas/
destockplus.com,France,buyback,iphone 13 pro max,buyback,buyback,no,470.0,EUR,https://www.destockplus.com/acheter/c-904673-rachat-ecrans-casses-rachat-lcd.html
buybackboss.com,USA,buyback,iphone xs,buyback,buyback,no,107.0,USD,https://www.buybackboss.com/sell-broken-iphone/
crazyparts.com.au,Australia,buyback,iphone 14,buyback,buyback,no,25.0,AUD,https://www.crazyparts.com.au/buyback
vykupiphone.sk,Slovakia,buyback,iphone 13,buyback,buyback,no,319.0,,https://www.vykupiphone.sk/
buybackboss.com,USA,buyback,iphone x,buyback,buyback,no,92.0,USD,https://www.buybackboss.com/sell-broken-iphone/
smartgrade.it,Italy,buyback,iphone 12 pro max,buyback,buyback,no,4.0,EUR,https://smartgrade.it/listino-prezzi-riacquisto-schermi/
crazyparts.com.au,Australia,buyback,iphone 16 pro max,buyback,buyback,no,45.0,AUD,https://www.crazyparts.com.au/buyback
mobilesentrix.ca,Canada,buyback,iphone 12 pro max,buyback,buyback,no,28.17,CAD,https://www.mobilesentrix.ca/lcd-buy-back
crazyparts.com.au,Australia,buyback,iphone 14,buyback,buyback,no,5.0,AUD,https://www.crazyparts.com.au/buyback
smartgrade.fr,France,buyback,iphone 16 plus,buyback,buyback,no,4.0,EUR,https://smartgrade.fr/tarification-de-rachat-ecrans-casses/
cash4lcds.com,USA,buyback,iphone 11 pro max,buyback,buyback,no,9.9,USD,https://cash4lcds.com/buy-back-price-sheet
bblcd.fr,France,buyback,iphone 15,buyback,buyback,no,35.0,EUR,https://bblcd.fr/
istores.sk,SK,buyback,iphone 16,buyback,buyback,no,435.0,,https://vykup.istores.sk/
testujsmartfona.pl,Poland,buyback,iphone x,buyback,buyback,no,400.0,PLN,https://testujsmartfona.pl/skup-uszkodzonych-iphone/
vykupiphone.sk,Slovakia,buyback,iphone 14 plus,buyback,buyback,no,344.0,,https://www.vykupiphone.sk/
vykupdisplejov.sk,Slovakia,buyback,iphone 16 pro max,buyback,buyback,no,76.0,,https://vykupdisplejov.sk/
vykupdisplejov.sk,Slovakia,buyback,iphone 15 pro max,buyback,buyback,no,24.0,,https://vykupdisplejov.sk/
vykupdisplejov.sk,Slovakia,buyback,iphone 14,buyback,buyback,no,8.0,,https://vykupdisplejov.sk/
vykupdisplejov.sk,Slovakia,buyback,iphone 13 pro,buyback,buyback,no,12.0,,https://vykupdisplejov.sk/
vykupdisplejov.sk,Slovakia,buyback,iphone 15 pro,buyback,buyback,no,44.0,,https://vykupdisplejov.sk/
vykupdisplejov.sk,Slovakia,buyback,iphone 12 mini,buyback,buyback,no,4.0,,https://vykupdisplejov.sk/
vykupdisplejov.sk,Slovakia,buyback,iphone 12 pro max,buyback,buyback,no,8.0,,https://vykupdisplejov.sk/
vykupdisplejov.sk,Slovakia,buyback,iphone 14 pro,buyback,buyback,no,12.0,,https://vykupdisplejov.sk/
vykupdisplejov.sk,Slovakia,buyback,iphone 14,buyback,buyback,no,4.0,,https://vykupdisplejov.sk/
vykupdisplejov.sk,Slovakia,buyback,iphone 16 pro max,buyback,buyback,no,200.0,,https://vykupdisplejov.sk/
mtstronic.de,Germany,buyback,iphone 11 pro,buyback,buyback,no,10.0,EUR,https://mtstronic.de/
mtstronic.de,Germany,buyback,iphone 11 pro,buyback,buyback,no,40.0,EUR,https://mtstronic.de/
mtstronic.de,Germany,buyback,iphone 14 pro,buyback,buyback,no,69.0,EUR,https://mtstronic.de/
mtstronic.de,Germany,buyback,iphone 15,buyback,buyback,no,69.0,EUR,https://mtstronic.de/
mtstronic.de,Germany,buyback,iphone 12 pro max,buyback,buyback,no,49.0,EUR,https://mtstronic.de/
bblcd.fr,France,buyback,iphone 14 pro,buyback,buyback,no,30.0,EUR,https://bblcd.fr/
bblcd.fr,France,buyback,iphone 15,buyback,buyback,no,10.0,EUR,https://bblcd.fr/
bblcd.fr,France,buyback,iphone 12 pro max,buyback,buyback,no,5.0,EUR,https://bblcd.fr/
bblcd.fr,France,buyback,iphone 11 pro,buyback,buyback,no,1.0,EUR,https://bblcd.fr/
vykupdisplejov.sk,Slovakia,buyback,iphone 12 pro max,buyback,buyback,no,4.0,,https://vykupdisplejov.sk/
athcom.ie,Ireland,buyback,iphone 16 plus,buyback,buyback,no,50.0,EUR,https://www.athcom.ie/sell/
bblcd.fr,France,buyback,iphone 13 mini,buyback,buyback,no,10.0,EUR,https://bblcd.fr/
bblcd.fr,France,buyback,iphone 13 pro max,buyback,buyback,no,10.0,EUR,https://bblcd.fr/
bblcd.fr,France,buyback,iphone xr,buyback,buyback,no,5.0,EUR,https://bblcd.fr/
topyet.com,Spain,buyback,iphone 15 pro max,buyback,buyback,no,245.0,EUR,https://es.topyet.com/
topyet.com,Spain,buyback,iphone 13 pro max,buyback,buyback,no,4.0,EUR,https://es.topyet.com/
topyet.com,Spain,buyback,iphone 13 pro max,buyback,buyback,no,5.0,EUR,https://es.topyet.com/
