Country,Site,Type,Status,LoginGated,Prices,URL
Austria,abraa.com,shop,priced,YES,2,https://abraa.com
Austria,clevertronic.at,shop,discovered,no,0,https://www.clevertronic.at/ersatzteile/apple/
Austria,fixshop.at,shop,priced,no,18,https://fixshop.at/
Austria,fonix.at,shop,priced,YES,25,https://fonix.at
Austria,gsmparts.at,shop,discovered,no,0,https://www.gsmparts.at/apple
Austria,handyankauf.at,buyback,discovered,no,0,https://www.handyankauf.at/
Austria,handybausteine.at,shop,discovered,no,0,https://www.handybausteine.at/74-iphone-5
Austria,handyshop.at,shop,discovered,no,0,https://www.handyshop.at/
Austria,irepairitall.at,buyback,login-gated,YES,0,https://irepairitall.at/verkauf-dein-defektes-iphone/
Austria,mobilestar.at,shop,priced,no,9,https://www.mobilestar.at/ersatzteile/?language=de
Austria,mobileworld.at,shop,discovered,no,0,https://www.mobileworld.at/ersatzteil-display-apple-iphone-pulled-oled-incell-grosshandel-linz-kaufen-online-bestellen/
Austria,refurbed.at,buyback,discovered,no,0,https://www.refurbed.at/c/apple-iphones/
Austria,wirkaufens.at,buyback,discovered,no,0,https://wirkaufens.at/
Belgium,4tc.be,shop,login-gated,YES,0,https://4tc.be/
Belgium,allforphone.be,shop,discovered,no,0,https://allforphone.be/six/
Belgium,alo.be,shop,login-gated,YES,0,https://www.alo.be/
Belgium,axitech.be,shop,discovered,no,0,https://parts.axitech.be/pnl/telefoon/onderdelen/iphone
Belgium,belmobile.be,shop,discovered,no,0,https://belmobile.be/nl/pages/groothandel-gsm-smartphone-tablet-accessoires-brussel
Belgium,brico-phone.be,shop,discovered,no,0,https://www.brico-phone.be
Belgium,buyphone.be,shop,discovered,no,0,https://buyphone.be/nl/
Belgium,directfix.be,buyback,discovered,no,0,http://www.directfix.be/refurbish-recycle-gebroken-schermen
Belgium,directrepair.be,shop,discovered,no,0,https://www.directrepair.be/nl/apple/
Belgium,fixez.be,shop,discovered,no,0,https://www.fixez.be/apple/iphone/scherm
Belgium,fixje.be,shop,priced,no,1,https://fixje.be
Belgium,fixnow.be,buyback,priced,no,19,https://www.fixnow.be/en/lcd-buyback/
Belgium,fixpart.be,shop,discovered,no,0,https://fixpart.be/nl/onderdelen/apple
Belgium,foniparts.be,shop,login-gated,YES,0,https://foniparts.be/product-categorie/onderdelen/apple-onderdelen/iphone-onderdelen/
Belgium,glasenframe.be,buyback,discovered,no,0,https://glasenframe.be/aankoop-schermen-smartphone-gebroken-glas/
Belgium,gsm-onderdelen.be,shop,discovered,no,0,https://www.gsm-onderdelen.be/apple/iphone/scherm
Belgium,gsm-parts.be,shop,discovered,no,0,https://www.gsm-parts.be/apple/iphone/scherm
Belgium,gsmparts.be,shop,discovered,no,0,https://www.gsmparts.be/apple-iphone
Belgium,gsmpartsdirect.be,shop,discovered,no,0,https://www.gsmpartsdirect.be
Belgium,gsmtech.be,shop,discovered,no,0,https://gsmtech.be/
Belgium,ipartspro.eu,shop,discovered,no,0,https://ipartspro.eu/
Belgium,lilotech.be,shop,discovered,no,0,https://www.lilotech.be/groothandel/
Belgium,mmstore.be,shop,priced,no,15,https://mmstore.be/
Belgium,mobilefixit.be,shop,discovered,no,0,https://mobilefixit.be/
Belgium,onderdelen.be,shop,discovered,no,0,https://www.onderdelen.be/apple/iphone/scherm
Belgium,parts4gsm.com,shop,discovered,no,0,https://www.parts4gsm.com/nl/
Belgium,pieces-gsm.be,shop,discovered,no,0,https://www.pieces-gsm.be/apple/iphone/ecran
Belgium,pieces-phone.be,shop,discovered,no,0,http://www.pieces-phone.be/
Belgium,pixelparts.be,shop,login-gated,YES,0,https://pixelparts.be/
Belgium,repairstore.be,shop,discovered,no,0,https://www.repairstore.be/apple/iphone/lcd
Belgium,replacedirect.be,shop,discovered,no,0,https://www.replacedirect.be/
Belgium,smartphonemaken.be,shop,login-gated,YES,0,https://www.smartphonemaken.be/
Belgium,starmobileimpex.be,shop,discovered,no,0,http://fr.starmobileimpex.be/pieces-de-rechange
Belgium,stuffenough.be,shop,login-gated,YES,0,https://www.stuffenough.be/nl/onderdelen-voor-iphone/
Belgium,urphone.be,shop,discovered,no,0,https://www.urphone.be/
Belgium,utopya.be,shop,discovered,no,0,https://www.utopya.be/
Bulgaria,2gsm.bg,shop,discovered,no,0,https://2gsm.bg/
Bulgaria,alphamobile.eu,shop,priced,no,35,https://alphamobile.eu
Bulgaria,canmobile.bg,shop,login-gated,YES,0,https://canmobile.bg
Bulgaria,cellphone-service.com,shop,discovered,no,0,https://www.cellphone-service.com
Bulgaria,displayfix.bg,shop,discovered,no,0,https://displayfix.bg/
Bulgaria,dm-mobile.com,shop,discovered,no,0,https://dm-mobile.com/
Bulgaria,gagogsm.com,shop,discovered,no,0,https://gagogsm.com
Bulgaria,gsm-service.bg,shop,discovered,no,0,https://gsm-service.bg/iphone-serviz/
Bulgaria,gsmexpert.bg,shop,login-gated,YES,0,https://gsmexpert.bg/remont-serviz-iphone/
Bulgaria,gsmhit.com,shop,login-gated,YES,0,https://www.gsmhit.com/displei-za-apple-iphone/
Bulgaria,gsmparts.bg,shop,priced,no,12,https://gsmparts.bg/
Bulgaria,gsmremont.bg,shop,discovered,no,0,https://gsmremont.bg/
Bulgaria,gsmservice-burgas.com,buyback,discovered,no,0,https://gsmservice-burgas.com/izkupuvane-na-schupeni-telefoni/
Bulgaria,gsmsofia.com,shop,login-gated,YES,0,https://www.gsmsofia.com/
Bulgaria,gsmsos.eu,shop,priced,no,1,https://www.gsmsos.eu
Bulgaria,gt-mobile.com,buyback,discovered,no,0,https://gt-mobile.com/uslugi/izkupuvane-na-stari-i-povredeni-mobilni-telefoni-i-tableti-v-sofia/
Bulgaria,hitmobile.bg,shop,login-gated,YES,0,https://hitmobile.bg/serviz
Bulgaria,ibutic.bg,shop,priced,no,23,https://ibutic.bg/lcd-display-apple
Bulgaria,icell.bg,shop,discovered,no,0,https://icell.bg/
Bulgaria,idservice-bg.eu,shop,discovered,no,0,https://idservice-bg.eu
Bulgaria,incore.bg,shop,discovered,no,0,https://incore.bg/category/lcd-displei-za-iphone
Bulgaria,iphone-rehab.com,shop,login-gated,YES,0,https://iphone-rehab.com
Bulgaria,isn-parts.com,shop,priced,no,36,https://isn-parts.com
Bulgaria,itechrepair.eu,buyback,login-gated,YES,0,https://itechrepair.eu/buyback/
Bulgaria,izgradi.net,shop,discovered,no,0,https://shop.izgradi.net/shop/%D0%B4%D0%B8%D1%81%D0%BF%D0%BB%D0%B5%D0%B9/%D0%B4%D0%B8%D1%81%D0%BF%D0%BB%D0%B5%D0%B9-iphone/
Bulgaria,masterclub.info,shop,discovered,no,0,https://masterclub.info/
Bulgaria,mobax.bg,shop,discovered,no,0,https://mobax.bg
Bulgaria,mobifixbg.com,shop,priced,no,40,https://mobifixbg.com
Bulgaria,mobiselect.bg,shop,discovered,no,0,https://mobiselect.bg
Bulgaria,mobishop.bg,shop,discovered,no,0,https://mobishop.bg/
Bulgaria,pdconsult.eu,buyback,discovered,no,0,https://pdconsult.eu
Bulgaria,phonepartsbg.com,shop,priced,YES,8,https://phonepartsbg.com
Bulgaria,phonerepairhub.bg,shop,discovered,no,0,https://phonerepairhub.bg
Bulgaria,plasto-service.com,shop,discovered,no,0,https://plasto-service.com
Bulgaria,pop-gsmservice.com,buyback,discovered,no,0,https://www.pop-gsmservice.com/uslugi/izkupuvane-na-telefoni/
Bulgaria,restore.bg,buyback,discovered,no,0,https://restore.bg
Bulgaria,rezervni-chasti.bg,shop,discovered,no,0,https://rezervni-chasti.bg/
Bulgaria,servizko.bg,shop,login-gated,YES,0,https://servizko.bg
Bulgaria,skyfon-accessories.eu,shop,login-gated,YES,0,https://skyfon-accessories.eu
Bulgaria,sm-mobile.com,shop,discovered,no,0,https://sm-mobile.com
Bulgaria,spareparts.bg,shop,discovered,no,0,https://spareparts.bg
Bulgaria,store-bg.net,shop,discovered,no,0,https://store-bg.net/
Bulgaria,swipe.bg,buyback,discovered,no,0,https://swipe.bg/prodai/apple
Bulgaria,touchscreen.bg,shop,priced,no,16,https://touchscreen.bg/komplekt-tach-s-ekran/komplekt-tach-s-ekran-apple
Bulgaria,twinsmobile.bg,shop,discovered,no,0,https://twinsmobile.bg
Bulgaria,varnagsm.com,shop,discovered,no,0,https://varnagsm.com
Croatia,ab-mobiteli.com,shop,priced,no,20,https://ab-mobiteli.com
Croatia,appleking.hr,shop,priced,no,1,https://www.appleking.hr/zamjenski-oled-ekran-s-povrsinom-osjetljivom-na-dodir-i-okvirom-za-apple-iphone-x
Croatia,ekrani.hr,shop,discovered,no,0,https://ekrani.hr/
Croatia,electronic-center.hr,shop,discovered,no,0,http://www.electronic-center.hr/veleprodaja/telefoni-mobiteli/mobiteli-i-oprema.html
Croatia,fixshop.hr,shop,priced,no,3,https://fixshop.hr/rezervni-dijelovi-apple-iphone-apple-iphone-6s/
Croatia,gsmdijelovi.hr,shop,discovered,no,0,https://gsmdijelovi.hr/
Croatia,lcdshop.hr,shop,discovered,no,0,https://lcdshop.hr/
Croatia,mobyfix.hr,shop,priced,no,6,https://mobyfix.hr/proizvodi/rezervni-dijelovi/
Croatia,primusmedia.hr,shop,priced,no,1,https://primusmedia.hr/proizvod/iphone-11-lcd-ekran-display-touch-screen-komplet/
Croatia,servis-mobitela.hr,shop,discovered,no,0,https://servis-mobitela.hr/
Croatia,smartphoneservice.hr,shop,login-gated,YES,0,https://smartphoneservice.hr/kategorija-proizvoda/rezervni-dijelovi/ekrani-rezervni-dijelovi/apple-ekrani-rezervni-dijelovi/
Croatia,yodoit.com,shop,priced,no,21,https://yodoit.com
Czechia,applefix.cz,shop,discovered,no,0,https://applefix.cz/b2b/
Czechia,appleking.cz,shop,login-gated,YES,0,https://www.appleking.cz/displeje
Czechia,atcmobile.cz,shop,discovered,no,0,https://www.atcmobile.cz/eshop/22256-apple
Czechia,best-apple.cz,shop,discovered,no,0,https://www.best-apple.cz/
Czechia,cellparts.cz,shop,priced,YES,2,https://cellparts.cz
Czechia,dilynamobily.cz,buyback,login-gated,YES,0,https://www.dilynamobily.cz/OpravyLCD/
Czechia,displeje.cz,shop,discovered,no,0,https://www.displeje.cz
Czechia,engaro.cz,shop,login-gated,YES,0,https://www.engaro.cz/displeje
Czechia,eplovna.cz,shop,login-gated,YES,0,https://www.eplovna.cz/velkoobchodni-spoluprace/
Czechia,fixshop.cz,shop,priced,YES,3,https://www.fixshop.cz/nahradni-dily-apple-iphone-apple-iphone-se-3rd-gen-2022/
Czechia,fixtime.cz,buyback,login-gated,YES,0,https://www.fixtime.cz/en/vykup-lcd/
Czechia,gsmnet.cz,shop,priced,YES,11,https://gsmnet.cz/
Czechia,gsmweb.cz,shop,discovered,no,0,https://www.gsmweb.cz
Czechia,iloveiphone.cz,shop,discovered,no,0,https://www.iloveiphone.cz/
Czechia,ilover.cz,buyback,login-gated,YES,0,https://ilover.cz/vykup-lcd-oled/
Czechia,iloveservis.cz,buyback,discovered,no,0,https://www.iloveservis.cz/vykup
Czechia,impacto.cz,shop,discovered,no,0,https://impacto.cz/gsm-servisni-dily
Czechia,iphonebrno.cz,shop,discovered,no,0,https://www.iphonebrno.cz/
Czechia,iphoneservis.cz,buyback,discovered,no,0,https://iphoneservis.cz/
Czechia,iphonesupport.cz,buyback,discovered,no,0,https://www.iphonesupport.cz/moje-sluzby/
Czechia,ipouzdro.cz,shop,discovered,no,0,https://www.ipouzdro.cz/lcd-displeje-pro-iphone-nahradni-dily/
Czechia,iproservis.cz,buyback,discovered,no,0,https://iproservis.cz/vykup-displeju
Czechia,iswap.cz,shop,priced,YES,3,https://www.iswap.cz/
Czechia,jablecnedily.cz,shop,discovered,no,0,https://www.jablecnedily.cz/
Czechia,kryteo.cz,shop,discovered,no,0,https://www.kryteo.cz/
Czechia,lcd-displeje.cz,shop,login-gated,YES,0,https://lcd-displeje.cz/kategorie-produktu/apple-lcd-displej/
Czechia,lemes.cz,shop,priced,YES,3,https://lemes.cz
Czechia,maczone.cz,shop,discovered,no,0,https://www.maczone.cz/nahradni-dily-apple-iphone_c841.html
Czechia,maxmobil.cz,shop,discovered,no,0,https://www.maxmobil.cz/
Czechia,mironet.cz,shop,login-gated,YES,0,https://www.mironet.cz/nahradni-dily/nahradni-dily-pro-telefony/apple+c27273/
Czechia,mobilefix.cz,shop,login-gated,YES,0,https://www.mobilefix.cz/
Czechia,mobilegear.cz,buyback,login-gated,YES,0,https://mobilegear.cz/vykup/kategorie/iphone
Czechia,mobilego.cz,shop,login-gated,YES,0,https://www.mobilego.cz/eshop/telefony-prislusenstvi/nahradni-dily/386.htm
Czechia,mobilexpress.cz,shop,login-gated,YES,0,https://www.mobilexpress.cz/apple1/
Czechia,mobilnidily.cz,shop,priced,YES,3,https://www.mobilnidily.cz/
Czechia,mobilprislusenstvi.cz,shop,discovered,no,0,https://www.mobilprislusenstvi.cz/nahradni-dily-apple/
Czechia,mobilprovas.cz,shop,discovered,no,0,https://www.mobilprovas.cz/registrace/
Czechia,mobily-servis.cz,shop,discovered,no,0,https://www.mobily-servis.cz/
Czechia,mojedily.cz,shop,discovered,no,0,https://mojedily.cz/iphone
Czechia,mp.cz,buyback,discovered,no,0,https://www.mp.cz/vykup
Czechia,opravatelefonu.cz,shop,login-gated,YES,0,https://www.opravatelefonu.cz/nahradni-dily-vyprodej
Czechia,phonepartsrus.com,shop,priced,no,17,https://phonepartsrus.com
Czechia,phonesupport.cz,shop,discovered,no,0,https://shop.phonesupport.cz/nahradni-dily/
Czechia,pointservis.cz,shop,discovered,no,0,https://www.pointservis.cz/iphone-servis-plzen/
Czechia,primestore.cz,shop,discovered,no,0,https://www.primestore.cz/
Czechia,ptmobil.cz,shop,priced,YES,3,https://ptmobil.cz
Czechia,servis-chomutov.cz,buyback,discovered,no,0,https://www.servis-chomutov.cz/vykup-lcd/
Czechia,servis.expert,buyback,discovered,no,0,https://www.servis.expert/Vykup-poskozenych-lcd-panelu-c2_85_3.htm
Czechia,servisdispleje.cz,buyback,login-gated,YES,0,https://servisdispleje.cz/vykup-iphone/
Czechia,servisnidily.cz,shop,priced,YES,8,https://www.servisnidily.cz/
Czechia,shopcom.cz,shop,login-gated,YES,0,https://www.shopcom.cz/nahradni-dily-pro-mobilni-telefony-k1187
Czechia,sintech-shop.cz,shop,login-gated,YES,0,https://www.sintech-shop.cz/kategorie/nahradni-dily-apple-iphone-2/
Czechia,svetiphonu.cz,buyback,discovered,no,0,https://www.svetiphonu.cz/vykup-rozbitych-lcd-displeju/
Czechia,vsekmobilu.cz,shop,priced,YES,2,https://www.vsekmobilu.cz/nahradni-dily-apple/
Czechia,vykupiphone.cz,buyback,login-gated,YES,0,https://www.vykupiphone.cz/phone/iphone-12-mini/
Czechia,vykupmobilu.cz,buyback,discovered,no,0,https://www.vykupmobilu.cz
Denmark,bokmanev.com,shop,priced,no,14,https://bokmanev.com
Denmark,br-electronic.dk,shop,discovered,no,0,https://br-electronic.dk/shop/340-iphone-dele/
Denmark,datamarked.dk,shop,login-gated,YES,0,https://www.datamarked.dk/reservedele_11034.html
Denmark,defektskaerme.dk,buyback,priced,no,27,https://defektskaerme.dk/en/
Denmark,evermart.dk,shop,discovered,no,0,https://www.evermart.dk/skaerm-lcd-til-iphone
Denmark,gsmdele.dk,shop,discovered,no,0,https://www.gsmdele.dk/iphone
Denmark,idoktoren.dk,buyback,login-gated,YES,0,https://idoktoren.dk/saelg-iphone/
Denmark,ihero.dk,buyback,login-gated,YES,0,https://ihero.dk/
Denmark,ipfix.dk,shop,priced,YES,6,https://ipfix.dk
Denmark,iphonerepair.dk,buyback,login-gated,YES,0,https://iphonerepair.dk/salg/
Denmark,mobilex.dk,shop,discovered,no,0,https://www.mobilex.dk/
Denmark,phone-parts.dk,shop,priced,no,4,https://www.phone-parts.dk/skaerme/iphone-skaerme.html
Denmark,re-screen.dk,buyback,discovered,no,0,http://www.re-screen.dk/
Denmark,sparepart.dk,shop,priced,YES,15,https://sparepart.dk/iphone-skaerme-102381/
Denmark,teknikdele.dk,shop,priced,no,16,https://www.teknikdele.dk/kategori/mobilreservdelar/iphone
Denmark,teledele.dk,shop,discovered,no,0,https://teledele.dk/
Denmark,telegiganten.dk,shop,login-gated,YES,0,https://telegiganten.dk
Denmark,telerepair.dk,buyback,login-gated,YES,0,https://telerepair.dk/saelg-iphone/
Denmark,thansen.dk,shop,discovered,no,0,https://www.thansen.dk/elektronik-mobil/mobiltilbehor/apple/iphone-5/iphone-reservedele/
Estonia,apexgsm.com,shop,discovered,no,0,https://apexgsm.com/
Estonia,appleabi.ee,shop,discovered,no,0,https://appleabi.ee/
Estonia,ekraaniabi.ee,shop,discovered,no,0,https://ekraaniabi.ee/phones/iphone-ekraani-vahetus/
Estonia,ekraanivahetus.com,shop,discovered,no,0,https://ekraanivahetus.com/hinnakiri/
Estonia,fixera.ee,shop,discovered,no,0,https://fixera.ee/
Estonia,fixerab2b.eu,shop,priced,no,16,https://fixerab2b.eu/
Estonia,icenter.ee,shop,priced,YES,8,https://icenter.ee/varuosad
Estonia,ioutlet.ee,shop,priced,YES,31,https://ioutlet.ee/shop/
Estonia,iproff.ee,shop,priced,no,1,https://iproff.ee/en/
Estonia,iremont.ee,shop,priced,no,25,https://iremont.ee/repair/iphone/problem/ekraan-katki
Estonia,kaup24.ee,shop,priced,YES,19,https://kaup24.ee/et/mobiiltelefonid-foto-videokaamerad/mobiiltelefonid-ja-aksessuaarid/telefoniosad-ja-parandamise-tooriistad
Estonia,kokkuost.ee,buyback,discovered,no,0,https://kokkuost.ee/mobiiltelefonide-kokkuost/
Estonia,kokkuostame.ee,buyback,discovered,no,0,https://kokkuostame.ee/mobiilide-kokkuost/
Estonia,limikon.ee,shop,discovered,no,0,https://limikon.ee/mobiiltelefoni-pood/
Estonia,lombard24.ee,buyback,priced,no,8,https://lombard24.ee/e-pood/mobiiltelefonid
Estonia,mobifix.ee,shop,discovered,no,0,https://mobifix.ee/telefoni-ekraani-vahetus/
Estonia,mobifon.ee,shop,discovered,no,0,https://mobifon.ee/
Estonia,mobiiliabi.ee,shop,priced,YES,28,https://mobiiliabi.ee/product-category/osad-ja-komponendid/ekraanid/apple-ekraanid/
Estonia,mobilemonsters.ee,shop,priced,YES,23,https://mobilemonsters.ee/iphone-ekraani-vahetus.html
Estonia,mobiletrade.ee,shop,discovered,no,0,https://www.mobiletrade.ee/
Estonia,mobipunkt.ee,shop,discovered,no,0,https://www.mobipunkt.ee/hooldus-remont
Estonia,mobishop.ee,shop,priced,YES,71,https://mobishop.ee/kategooria/varuosad/apple-varuosad/iphone-13-seeria-varuosad/iphone-13-varuosad/
Estonia,mobix.ee,shop,priced,no,5,https://mobix.ee/
Estonia,mobpartstore.ee,shop,priced,no,92,https://www.mobpartstore.ee/17-apple-iphone-telefoni-ekraanid
Estonia,nutiekspert.ee,shop,discovered,no,0,https://nutiekspert.ee/apple-remont-tartu/iphone-ekraani-vahetus/
Estonia,nutiphone.ee,shop,login-gated,YES,0,https://www.nutiphone.ee/
Estonia,ounaturg.ee,buyback,priced,YES,16,https://www.ounaturg.ee/iphone
Estonia,phonetech.ee,shop,discovered,no,0,https://phonetech.ee/tootekategooria/varuosad/
Estonia,plazamobiil.ee,buyback,priced,no,10,https://www.plazamobiil.ee/et/seadmete-kokkuost
Estonia,sandman.ee,shop,discovered,no,0,https://www.sandman.ee/
Estonia,skymobile.ee,shop,login-gated,YES,0,https://epood.skymobile.ee/collections/telefoni-varuosad
Estonia,smartech.ee,shop,priced,no,3,https://www.smartech.ee/et/category/telefonid-nutikellad-tahvelarvutid-ja-e-lugerid/mobiiltelefonid-ja-tarvikud/lcd-ekraanid/
Estonia,starcom.ee,shop,login-gated,YES,0,https://starcom.ee/varuosad-ja-komponendid/telefoni-varuosad.html
Estonia,telefonideremont.ee,shop,discovered,no,0,https://telefonideremont.ee/telefoni-nutikella-tahvelarvuti-ekraani-vahetus
Estonia,telmarx.ee,shop,priced,no,1,https://telmarx.ee/tootekategooria/tooted/iphone-kaitseklaasid/
Estonia,telo24.ee,shop,priced,no,28,https://telo24.ee/iphone-ekraani-vahetus/
Estonia,tkepandimaja.ee,buyback,discovered,no,0,https://tkepandimaja.ee/telefonide-kokkuost/
Estonia,upgreat.ee,buyback,discovered,no,0,https://upgreat.ee/seadmete-tagasiost/
Estonia,yolo.ee,shop,priced,no,173,https://tartu.yolo.ee/
Europe,buybacklcds.eu,buyback,discovered,no,0,https://buybacklcds.eu/cracked-lcd-buyer/
Finland,24hshop.fi,shop,priced,no,50,https://www.24hshop.fi/puhelintarvikkeet/varaosat/iphone/
Finland,fonum.fi,buyback,priced,no,34,https://www.fonum.fi/ajankohtaista/iphone-nayton-vaihto-edullisesti
Finland,ieasyservice.fi,shop,priced,no,24,https://ieasyservice.fi
Finland,ihelp.fi,buyback,login-gated,YES,0,https://ihelp.fi/tuote-osasto/huolto-hinnasto/iphone-huolto/
Finland,itapsa.com,buyback,login-gated,YES,0,https://itapsa.com/kiertotalous-ja-vialliset-laitteet-voiko-rikkinaisen-puhelimen-kierrattaa-ja-miten-myyda-iphone-joka-ei-enaa-toimi-taydellisesti/
Finland,kilautakaverille.fi,shop,login-gated,YES,0,https://www.kilautakaverille.fi/en/iPhone
Finland,mobiilitukku.fi,shop,priced,no,10,https://mobiilitukku.fi/varaosat/apple-naytot-ja-varaosat
Finland,phonefix.fi,shop,priced,no,40,https://phonefix.fi
Finland,puhelinshop.fi,shop,priced,no,38,https://www.puhelinshop.fi/category/9/apple
Finland,suojakalvotukku.fi,shop,priced,no,15,https://www.suojakalvotukku.fi/category/916/apple-iphone-varaosat
Finland,tekniikkaosat.fi,shop,priced,no,17,https://www.tekniikkaosat.fi/kategoria/mobiilivaraosat/iphone
Finland,tokoitech.fi,shop,priced,no,16,https://www.tokoitech.fi/product/3228/apple-iphone-x-naytto-oled-rungolla
Finland,vapaakauppa.net,shop,priced,no,21,https://www.vapaakauppa.net/mobiilituotteet/naytto-varaosat/naytot-iphone.html
Finland,varimport.fi,shop,login-gated,YES,0,https://varimport.fi/
France,24hshop.fr,shop,priced,no,31,https://24hshop.fr
France,3winfoelec.fr,shop,discovered,no,0,https://www.3winfoelec.fr/
France,access2mobile.com,shop,discovered,no,0,https://www.access2mobile.com/
France,allintech.fr,shop,discovered,no,0,https://www.allintech.fr
France,allintl.fr,shop,discovered,no,0,https://www.allintl.fr/
France,alloallo.fr,shop,discovered,no,0,https://www.alloallo.fr/12-ecran-iphone
France,aswo.com,shop,discovered,no,0,https://www.aswo.com/
France,axessmobile.com,shop,discovered,no,0,https://www.axessmobile.com/
France,axesspop.com,shop,discovered,no,0,https://www.axesspop.com/
France,bblcd.fr,buyback,priced,no,31,https://bblcd.fr/
France,brico-phone.com,shop,discovered,no,0,https://www.brico-phone.com/
France,broken-lcd.com,buyback,priced,no,6,http://broken-lcd.com/
France,buybacklcds.com,buyback,discovered,no,0,https://buybacklcds.com/fr/
France,certideal.com,buyback,discovered,no,0,https://www.certideal.com/vendre
France,clappio.com,shop,discovered,no,0,https://www.clappio.com/
France,cpix.fr,shop,login-gated,YES,0,https://cpix.fr/104-iphone
France,cyoo.fr,shop,discovered,no,0,https://www.cyoo.fr/
France,da-pieces.com,shop,priced,no,30,https://da-pieces.com/
France,destockplus.com,buyback,priced,no,11,https://www.destockplus.com/acheter/c-904673-rachat-ecrans-casses-rachat-lcd.html
France,distriphone.com,shop,discovered,no,0,https://www.distriphone.com/
France,distriphone.fr,shop,discovered,no,0,https://www.distriphone.fr
France,domphone69.fr,buyback,login-gated,YES,0,https://www.domphone69.fr/
France,ecrans-telephone.com,shop,discovered,no,0,https://ecrans-telephone.com/
France,euromobilecompany.fr,shop,login-gated,YES,0,https://euromobilecompany.fr/fr/
France,excepcio.com,buyback,discovered,no,0,https://excepcio.com/74-lcd-recyclage
France,fhrparts.com,shop,priced,no,33,https://fhrparts.com
France,fixncover.fr,buyback,discovered,no,0,https://fixncover.fr/rachat-recyclage-ecrans/
France,greenpartsmobile.com,shop,discovered,no,0,https://www.greenpartsmobile.com/
France,horepa.fr,shop,priced,no,16,https://horepa.fr/fr/
France,ifixshop.fr,shop,priced,no,12,https://www.ifixshop.fr/
France,ilevante.fr,shop,priced,no,34,https://ilevante.fr
France,iservices.fr,shop,priced,no,3,https://boutique.iservices.fr/
France,ispart.eu,buyback,discovered,no,0,https://ispart.eu/
France,itp-technologie.com,shop,discovered,no,0,https://www.itp-technologie.com/grossiste-en-pieces-detachees-pour-smartphones/
France,jensmobiles.fr,shop,login-gated,YES,0,https://www.jensmobiles.fr/menu-apple-m61926.html
France,lapommediscount.com,shop,priced,no,1,https://www.lapommediscount.com/replayce-fournisseur-francais-pieces-detachees-votre-espace-pro.htm
France,lcd-iphone.fr,shop,discovered,no,0,https://www.lcd-iphone.fr
France,lcd-pascher.fr,shop,discovered,no,0,https://www.lcd-pascher.fr/
France,lcd-phone.com,shop,priced,YES,13,https://lcd-phone.com/
France,lcd2cash.com,buyback,discovered,no,0,https://www.lcd2cash.com/iphone
France,lcdrecyclingonline.com,buyback,discovered,no,0,https://lcdrecyclingonline.com/
France,lecoindugsm.com,shop,discovered,no,0,https://www.lecoindugsm.com
France,lifone.store,shop,priced,no,16,https://lifone.store/
France,love2recycle.fr,buyback,discovered,no,0,https://www.love2recycle.fr
France,macinfo.fr,shop,priced,no,1,https://macinfo.fr/pieces-detachees-apple
France,macmaniack.com,shop,discovered,no,0,https://www.macmaniack.com/fr/183-ecran-iphone
France,master-gsm.com,shop,discovered,no,0,https://www.master-gsm.com/fr/
France,mobilax.com,shop,discovered,no,0,https://www.mobilax.com/
France,mobilax.fr,shop,discovered,no,0,https://www.mobilax.fr/pieces-detachees-apple.html
France,mypart.fr,shop,login-gated,YES,0,https://www.mypart.fr/
France,ouiphone.com,buyback,login-gated,YES,0,https://ouiphone.com/reprise/telephone-casse
France,parts4phone.com,shop,priced,YES,3,https://parts4phone.com
France,paylcd.com,buyback,discovered,no,0,https://paylcd.com/en/
France,phonepartner.fr,shop,priced,no,68,https://phonepartner.fr/10-pieces-detachees-iphone
France,phonexpertpieces.com,shop,priced,no,1,https://www.phonexpertpieces.com/toutes-nos-prestations-1
France,phonilab.fr,shop,discovered,no,0,https://phonilab.fr/
France,piecegsm.com,shop,priced,no,15,https://piecegsm.com
France,pieces2iphone.fr,shop,discovered,no,0,https://www.pieces2iphone.fr/
France,pieces2mobile.com,shop,priced,no,4,https://www.pieces2mobile.com/
France,pieces2mobile.fr,shop,discovered,no,0,https://www.pieces2mobile.fr/121-ecran-iphone
France,pro.sosav.fr,shop,discovered,no,0,https://pro.sosav.fr/grossiste/
France,prophone.fr,shop,discovered,no,0,https://www.prophone.fr
France,rachatdemobile.com,buyback,discovered,no,0,https://rachatdemobile.com/
France,rebuy.fr,buyback,discovered,no,0,https://www.rebuy.fr/vendre
France,recommerce.com,buyback,priced,no,3,https://recommerce.com/fr/
France,recyclelife.fr,buyback,discovered,no,0,https://www.recyclelife.fr/
France,recyclemonlcd.com,buyback,priced,no,11,https://www.recyclemonlcd.com/
France,reflexmagasin.com,shop,priced,no,1,https://reflexmagasin.com/
France,repar-iphone.fr,shop,priced,no,1,https://www.repar-iphone.fr/reparation-iphone-paris/878-remplacement-ecran-iphone-13.html
France,reparation-iphone.com,shop,priced,no,5,https://reparation-iphone.com
France,repargsm.com,shop,login-gated,YES,0,https://repargsm.com/fr/3149-iphone
France,restorephone.fr,shop,priced,no,1,https://restorephone.fr/
France,rinophone.com,shop,discovered,no,0,https://www.rinophone.com/
France,screengrade.fr,shop,discovered,no,0,https://screengrade.fr/
France,smaaart.fr,buyback,discovered,no,0,https://www.smaaart.fr
France,smartgrade.fr,buyback,priced,no,89,https://smartgrade.fr/tarification-de-rachat-ecrans-casses/
France,sos-accessoire.com,shop,discovered,no,0,https://www.sos-accessoire.com
France,sosav.fr,shop,discovered,no,0,https://pro.sosav.fr/grossiste/
France,storephone.fr,shop,login-gated,YES,0,https://storephone.fr/
France,todaphone.fr,shop,discovered,no,0,https://www.todaphone.fr/
France,toolphone.fr,shop,discovered,no,0,https://www.toolphone.fr/ecran-iphone
France,tout-pour-phone.com,shop,discovered,no,0,https://www.tout-pour-phone.com/763-iphone-piece-detachees-accessoires
France,utopya.fr,shop,login-gated,YES,0,https://www.utopya.fr/apple/iphone/iphone-14.html
France,vendremonmobile.com,buyback,priced,no,8,https://vendremonmobile.com/revendre-mobile/apple
France,volts.fr,shop,discovered,no,0,https://www.volts.fr/pieces-detachees-apple/ecran-iphone
France,westock-europe.fr,shop,discovered,no,0,https://westock-europe.fr/grossiste-smartphone/
France,world-itech.com,shop,priced,no,33,https://world-itech.com
Germany,amdetech.de,shop,priced,YES,3,https://www.amdetech.de/b2b-info-de/
Germany,asgoodasnew.de,shop,discovered,no,0,https://www.asgoodasnew.de/apple-iphone
Germany,atelcom.de,shop,priced,no,21,https://www.atelcom.de/
Germany,brodos.net,shop,discovered,no,0,https://www.brodos.net/
Germany,buyspares24.de,shop,discovered,no,0,https://www.buyspares24.de/
Germany,cdx.de,shop,priced,YES,31,https://www.cdx.de/store/IPHONE-ERSATZTEILE
Germany,clappz.de,shop,discovered,no,0,https://www.clappz.de/apple/iphone
Germany,clevertronic.de,shop,discovered,no,0,https://www.clevertronic.de/ersatzteile/apple/
Germany,crelander.de,shop,discovered,no,0,https://www.crelander.de/
Germany,dacein.de,shop,priced,no,16,https://www.dacein.de/en
Germany,die-reparatur-profis.de,buyback,login-gated,YES,0,https://www.die-reparatur-profis.de/service/ankauf-von-defekten-displays/
Germany,display-shop.de,shop,discovered,no,0,https://www.display-shop.de/apple-iphone
Germany,displayankauf.com,buyback,discovered,no,0,https://www.displayankauf.com/displayankauf/
Germany,displayankauf.de,buyback,discovered,no,0,https://www.displayankauf.de/
Germany,displayengel.de,shop,discovered,no,0,https://displayengel.de/Smartphone-Handy-iPad-Display-Ersatzteile-B2B-Haendler
Germany,displaykaufen.de,shop,discovered,no,0,https://www.displaykaufen.de/
Germany,displayreparatur24.de,shop,discovered,no,0,https://www.displayreparatur24.de/
Germany,dmctshop.de,buyback,login-gated,YES,0,http://www.dmctshop.de/
Germany,dr-smartphone.shop,shop,discovered,no,0,https://store.dr-smartphone.shop/
Germany,dreamgsm.eu,shop,discovered,no,0,https://dreamgsm.eu/de/categories/-1214553926
Germany,ecomelectronics.de,shop,discovered,no,0,https://www.ecomelectronics.de/
Germany,ecompense.de,buyback,login-gated,YES,0,http://ecompense.de/
Germany,elfon.de,shop,discovered,no,0,https://elfon.de/
Germany,ersatzteile-handy-shop.de,shop,login-gated,YES,0,https://www.ersatzteile-handy-shop.de/
Germany,ersatzteilekoenig.de,shop,discovered,no,0,https://www.ersatzteilekoenig.de/apple/
Germany,ersatzteilshop.eu,shop,discovered,no,0,https://www.ersatzteilshop.eu/apple
Germany,esourceparts.de,shop,discovered,no,0,https://www.esourceparts.de/
Germany,euromobilecompany.de,shop,login-gated,YES,0,https://euromobilecompany.de/de/artikel/einsatzgebiet/grosshandel-handyteile-frankfurt-am-main
Germany,firayo.com,shop,discovered,no,0,https://www.firayo.com/
Germany,fixshop-online.de,shop,priced,no,15,https://www.fixshop-online.de/
Germany,flip4new.de,buyback,discovered,no,0,https://www.flip4new.de/handy-verkaufen
Germany,gbishop.de,shop,priced,no,2,https://gbishop.de/de/
Germany,green2b.de,buyback,discovered,no,0,https://green2b.de/
Germany,gsm55.de,shop,priced,no,7,https://www.gsm55.de/ersatzteile-fuer-iphone.html
Germany,gsmoriginal.de,shop,discovered,no,0,https://www.gsmoriginal.de/
Germany,gsmparts24.de,shop,discovered,no,0,https://www.gsmparts24.de/
Germany,gsmuniversal.de,shop,discovered,no,0,https://www.gsmuniversal.de/
Germany,handy-ersatzteile-shop.de,shop,discovered,no,0,https://www.handy-ersatzteile-shop.de/apple/iphone/
Germany,handy-glasreparatur.de,buyback,discovered,no,0,https://handy-glasreparatur.de/ankauf
Germany,handyankauf-defekt.de,buyback,discovered,no,0,https://www.handyankauf-defekt.de/
Germany,handydoc-hamburg.de,shop,priced,YES,11,https://handydoc-hamburg.de/collections/iphone-ersatzteile
Germany,handyersatzteilshop.de,shop,discovered,no,0,https://www.handyersatzteilshop.de/apple/iphone/
Germany,handyparts.de,shop,discovered,no,0,https://www.handyparts.de/
Germany,handyparts24.de,shop,discovered,no,0,https://www.handyparts24.de/
Germany,handyreparatur123.de,shop,discovered,no,0,https://www.handyreparatur123.de/ersatzteile
Germany,handyschmiede.de,shop,priced,no,47,https://handyschmiede.de
Germany,handyteam.berlin,shop,discovered,no,0,https://www.handyteam.berlin/
Germany,handytec.de,shop,discovered,no,0,https://www.handytec.de/
Germany,handytime.de,shop,discovered,no,0,https://www.handytime.de/ersatzteile
Germany,handytreff.de,shop,discovered,no,0,https://www.handytreff.de/
Germany,handywerk.de,shop,priced,no,4,https://shop.handywerk.de/
Germany,herweck.de,shop,discovered,no,0,https://www.herweck.de/
Germany,inparts.shop,shop,discovered,no,0,https://inparts.shop/de
Germany,instar24.de,shop,discovered,no,0,https://www.instar24.de/
Germany,iphone-ankauf-defekt.de,buyback,discovered,no,0,https://www.iphone-ankauf-defekt.de/
Germany,iphonedisplayshop.de,shop,discovered,no,0,https://www.iphonedisplayshop.de/c/iphone-ersatzteile
Germany,iphoneersatzteileshop.de,shop,priced,no,40,https://www.iphoneersatzteileshop.de/Displays
Germany,iphoneexpressreparatur.de,shop,priced,YES,28,https://www.iphoneexpressreparatur.de/iphone-display-reparatur-b2b/
Germany,jacks-handys.de,buyback,priced,no,26,https://www.jacks-handys.de/display-ankauf/
Germany,kabelbude.eu,shop,discovered,no,0,https://www.kabelbude.eu/
Germany,kaputt.de,shop,discovered,no,0,https://www.kaputt.de/ersatzteile
Germany,kf-parts.de,shop,discovered,no,0,https://www.kf-parts.de/apple/iphone
Germany,komsa.de,shop,discovered,no,0,https://www.komsa.de/
Germany,ladehafen.com,shop,discovered,no,0,https://www.ladehafen.com/6-handy-ersatzteile-grosshandel
Germany,lieferanten.de,shop,discovered,no,0,https://www.lieferanten.de/produkt-handy-lcd-display.html
Germany,lixma.de,buyback,login-gated,YES,0,https://lixma.de/display-ankauf
Germany,meintrendyhandy.de,shop,priced,YES,55,https://www.meintrendyhandy.de/shop/iphone-ersatzteile-display-38278s1.html
Germany,michaeltelecom.de,shop,discovered,no,0,https://www.michaeltelecom.de/
Germany,mobileparts.shop,shop,priced,no,1,https://www.mobileparts.shop/en
Germany,mobilewelt24.de,shop,discovered,no,0,https://www.mobilewelt24.de/
Germany,mobiltec24.de,shop,discovered,no,0,https://www.mobiltec24.de/
Germany,mobilteile.de,shop,discovered,no,0,https://www.mobilteile.de/apple
Germany,momox.de,buyback,discovered,no,0,https://www.momox.de/handys-verkaufen/
Germany,movitronix.com,shop,discovered,no,0,https://www.movitronix.com/
Germany,mparts24.de,shop,discovered,no,0,https://www.mparts24.de/
Germany,mpsmobile.de,shop,discovered,no,0,https://mpsmobile.de/de/ersatzteile-c-0274BA15B350
Germany,mtimpex.com,shop,priced,YES,1,https://www.mtimpex.com/de/
Germany,mtstronic.de,buyback,priced,no,20,https://mtstronic.de/
Germany,myphonepartner.de,shop,discovered,no,0,https://www.myphonepartner.de/
Germany,mytrendyphone.eu,shop,priced,YES,90,https://www.mytrendyphone.eu/shop/mobile-phone-spare-parts-54818s1.html
Germany,parts4repair.de,shop,priced,no,2,https://parts4repair.de/smartphone-ersatzteile/iphone-ersatzteile/
Germany,phf-shop.com,shop,priced,no,7,https://phf-shop.com
Germany,phone-werk.de,shop,priced,no,11,https://phone-werk.de
Germany,phoneankauf.de,buyback,priced,no,9,https://phoneankauf.de/
Germany,phonepart.de,shop,discovered,no,0,https://www.phonepart.de/Ersatzteile
Germany,phoneprorepair.de,buyback,login-gated,YES,0,https://phoneprorepair.de/
Germany,phonestore24.de,shop,discovered,no,0,https://www.phonestore24.de/
Germany,phoneteile.de,shop,login-gated,YES,0,https://www.phoneteile.de/
Germany,phonewerkstatt.de,shop,discovered,no,0,https://www.phonewerkstatt.de/shop/
Germany,rebuy.de,buyback,discovered,no,0,https://www.rebuy.de/verkaufen/handys-smartphones
Germany,repairix.de,shop,discovered,no,0,https://www.repairix.de/
Germany,repairo.net,buyback,discovered,no,0,https://www.repairo.net/
Germany,reparatur-ersatzteile.de,shop,discovered,no,0,https://www.reparatur-ersatzteile.de/apple-iphone
Germany,reparatur-werk.com,shop,priced,no,41,https://www.reparatur-werk.com/c/iphone-ersatzteile
Germany,repoot.de,buyback,priced,no,60,https://repoot.de/display-ankauf/
Germany,screenvendor.com,buyback,discovered,no,0,https://screenvendor.com/de/
Germany,shop.kaputt.de,shop,login-gated,YES,0,https://shop.kaputt.de/handy-ersatzteile-iphone/
Germany,smartpart4u.de,buyback,discovered,no,0,https://www.smartpart4u.de/display-ankauf
Germany,smartphone-ersatzteile.de,shop,discovered,no,0,https://www.smartphone-ersatzteile.de/apple
Germany,smartphoneteile.de,shop,discovered,no,0,https://www.smartphoneteile.de/
Germany,svp24.de,shop,discovered,no,0,https://www.svp24.de/Apple
Germany,talksky.de,shop,login-gated,YES,0,https://www.talksky.de/
Germany,touchandscreen.de,shop,priced,YES,2,https://www.touchandscreen.de/iphone-ersatzteile
Germany,utopya.de,shop,priced,no,1,https://www.utopya.de/
Germany,verkaufen.com,buyback,discovered,no,0,https://www.verkaufen.com/handy-verkaufen
Germany,wave-distribution.de,shop,discovered,no,0,https://www.wave-distribution.de/
Germany,weaccessory.com,shop,priced,no,1,https://www.weaccessory.com/de/lists/iphone-ersatzteile-grosshandel.html
Germany,wholesale-handel.de,shop,discovered,no,0,https://www.wholesale-handel.de/
Germany,wigento.de,shop,priced,YES,10,https://www.wigento.de/ersatzteile/smartphone/apple/
Germany,wirkaufens.de,buyback,discovered,no,0,https://www.wirkaufens.de/de/smartphones
Germany,xn--smartphone-br-mfb.de,buyback,discovered,no,0,https://xn--smartphone-br-mfb.de/displayankauf/
Germany,zoxs.de,buyback,discovered,no,0,https://www.zoxs.de/
Greece,abc-mobile.gr,shop,login-gated,YES,0,https://www.abc-mobile.gr
Greece,activephones.gr,buyback,discovered,no,0,https://activephones.gr
Greece,agm-shop.gr,shop,discovered,no,0,https://agm-shop.gr/a3esoyar/aksesouar-kinhtwn/antallaktika-kinhtwn
Greece,alestra.gr,shop,priced,no,21,https://www.alestra.gr/mobilephones/screenmobile/iphone
Greece,amdetech.gr,shop,priced,no,12,https://amdetech.gr
Greece,cosmodata.gr,shop,discovered,no,0,https://www.cosmodata.gr/category/2033/antallaktika-kiniton
Greece,dealstore.gr,shop,priced,YES,2,https://dealstore.gr/product-category/%CF%84%CE%B5%CF%87%CE%BD%CE%BF%CE%BB%CE%BF%CE%B3%CE%AF%CE%B1/%CE%B1%CE%BD%CF%84%CE%B1%CE%BB%CE%BB%CE%B1%CE%BA%CF%84%CE%B9%CE%BA%CE%AC-%CE%BA%CE%B9%CE%BD%CE%B7%CF%84%CF%8E%CE%BD/
Greece,delios.gr,shop,priced,no,32,https://www.delios.gr
Greece,e-matrix.gr,shop,discovered,no,0,https://www.e-matrix.gr/b2b-%CF%87%CE%BF%CE%BD%CE%B4%CF%81%CE%B9%CE%BA%CE%AE/
Greece,easyservice.gr,buyback,priced,no,1,https://easyservice.gr
Greece,ekit.gr,shop,discovered,no,0,https://www.ekit.gr/
Greece,fixmobile.gr,shop,discovered,no,0,https://store.fixmobile.gr/en/
Greece,gctech.gr,shop,priced,no,6,https://gctech.gr/antallaktika-apple
Greece,geekon.gr,shop,priced,no,1,https://geekon.gr
Greece,gsmparts.gr,shop,discovered,no,0,https://www.gsmparts.gr/
Greece,gsmteam.gr,shop,priced,YES,3,https://gsmteam.gr
Greece,hamzatel.gr,shop,priced,no,12,https://www.hamzatel.gr/el/
Greece,ictparts.gr,shop,discovered,no,0,https://www.ictparts.gr/
Greece,innovx.gr,shop,discovered,no,0,https://innovx.gr/
Greece,ired.gr,shop,login-gated,YES,0,https://ired.gr/en/product-category/antallaktika/antallaktika-iphone/
Greece,irepair.gr,shop,discovered,no,0,https://irepair.gr/content/page/
Greece,kalimeratzis.gr,shop,discovered,no,0,https://www.kalimeratzis.gr/
Greece,laptop-service.gr,shop,priced,no,8,https://www.laptop-service.gr/e-shop/%CE%B1%CE%BD%CF%84%CE%B1%CE%BB%CE%BB%CE%B1%CE%BA%CF%84%CE%B9%CE%BA%CE%AC-iphone
Greece,mbparts.gr,shop,priced,no,8,https://mbparts.gr
Greece,media-ram.gr,shop,priced,no,1,https://www.media-ram.gr/smartphone-tablet-parts-greece/apple/
Greece,microcenter.gr,shop,discovered,no,0,https://www.microcenter.gr/%CE%B1%CE%BD%CF%84%CE%B1%CE%BB%CE%BB%CE%B1%CE%BA%CF%84%CE%B9%CE%BA%CE%AC/%CE%B1%CE%BD%CF%84%CE%B1%CE%BB%CE%BB%CE%B1%CE%BA%CF%84%CE%B9%CE%BA%CE%AC-%CE%BA%CE%B9%CE%BD%CE%B7%CF%84%CF%8E%CE%BD/
Greece,mobilecity.gr,shop,discovered,no,0,https://mobilecity.gr
Greece,mobilecorner.gr,shop,login-gated,YES,0,https://mobilecorner.gr/cat/antallaktika-kinita-tablets/smartphone-parts/iphone/
Greece,mobshop.gr,shop,discovered,no,0,https://www.mobshop.gr/
Greece,modchip.gr,shop,priced,YES,13,https://modchip.gr
Greece,movil.gr,shop,priced,YES,4,https://movil.gr
Greece,net-one.gr,shop,priced,no,5,https://net-one.gr
Greece,netphone.gr,buyback,discovered,no,0,https://netphone.gr
Greece,nvs.gr,shop,priced,no,3,https://nvs.gr
Greece,one-shop.gr,shop,priced,no,14,https://one-shop.gr/
Greece,partsphone.gr,shop,discovered,no,0,https://partsphone.gr/
Greece,pds.com.gr,buyback,discovered,no,0,https://www.pds.com.gr/el-gr/eidos/antallaktika-kai-aksesouar-kiniton-tilefonon/antallaktika-kiniton-spare-repair-parts/othones-lcd-display-gia-kinita-smartphones/othones-spasmenes-gia-anakuklosi-broken-lcd
Greece,saver.gr,shop,login-gated,YES,0,https://www.saver.gr/iphone-service.aspx
Greece,spareparts.gr,shop,discovered,no,0,https://www.spareparts.gr/
Greece,stoucky.gr,shop,discovered,no,0,https://www.stoucky.gr/apple-accessories/apple-parts
Greece,thefixers.gr,shop,discovered,no,0,https://thefixers.gr/
Greece,theimarket.gr,shop,priced,no,25,https://www.theimarket.gr/shop/category/antallaktika-iphone
Greece,xda.gr,shop,priced,no,5,https://xda.gr
Hungary,almabuy.hu,buyback,discovered,no,0,https://almabuy.hu/
Hungary,appleking.hu,shop,login-gated,YES,0,https://www.appleking.hu/kijelzok
Hungary,carecity.hu,shop,login-gated,YES,0,https://carecity.hu/
Hungary,ecomobilcsepel.hu,shop,login-gated,YES,0,https://www.ecomobilcsepel.hu/pages/iphone-szerviz-lista
Hungary,engaro.hu,shop,login-gated,YES,0,https://www.engaro.hu/apple-iphone
Hungary,fixity.hu,shop,login-gated,YES,0,https://fixity.hu/arlista/apple.html
Hungary,fixpart.hu,shop,discovered,no,0,https://fixpart.hu/alkatreszek/apple
Hungary,fixshop.hu,shop,login-gated,YES,0,https://www.fixshop.hu/iphone-kijelzok-erintouvegek/
Hungary,fixstore.hu,shop,login-gated,YES,0,https://www.fixstore.hu/iphone-239
Hungary,gegeszoft.hu,shop,discovered,no,0,https://gegeszoft.hu/
Hungary,generalmobile.hu,shop,login-gated,YES,0,https://shop.generalmobile.hu/kijelzok-164
Hungary,hasznaltalma.hu,shop,login-gated,YES,0,https://hasznaltalma.hu/apple-alkatresz-es-szerviz/apple-alkatreszek/iphone-alkatresz
Hungary,hiphone.hu,shop,login-gated,YES,0,https://hiphone.hu/iphone-kijelzo-csere/
Hungary,iberry.hu,buyback,discovered,no,0,https://iberry.hu/hasznalt-apple-keszulek-beszamitas/
Hungary,iphone-klinika.hu,shop,login-gated,YES,0,https://iphone-klinika.hu/iphone-kijelzo-csere/
Hungary,ispacecenter.hu,buyback,login-gated,YES,0,https://ispacecenter.hu/felvasarlas/
Hungary,istyle.hu,buyback,login-gated,YES,0,https://istyle.hu/pages/trade-in
Hungary,iszereles.hu,shop,login-gated,YES,0,https://iszereles.hu/
Hungary,kijelzobolt.hu,shop,discovered,no,0,https://kijelzobolt.hu/
Hungary,lcdfix.hu,shop,login-gated,YES,0,https://lcdfix.hu/
Hungary,lemes.hu,shop,login-gated,YES,0,https://lemes.hu
Hungary,macszerez.com,buyback,login-gated,YES,0,https://macszerez.com/felvasarlas/
Hungary,notebook-alkatresz.hu,shop,login-gated,YES,0,https://www.notebook-alkatresz.hu/apple-iphone/telefon-kijelzo-es-erintopanel
Hungary,phonelist.eu,shop,discovered,no,0,https://phonelist.eu/hu
Hungary,re-store.hu,shop,login-gated,YES,0,https://re-store.hu/szerviz-javitas/iphone-javitas
Hungary,rendo.hu,buyback,discovered,no,0,https://rendo.hu/
Hungary,silicium.eu,shop,discovered,no,0,https://secure.silicium.eu
Hungary,skyphone.hu,shop,discovered,no,0,https://www.skyphone.hu/
Hungary,smartclinic.hu,buyback,discovered,no,0,https://smartclinic.hu/hu/keszulekvasarlas/
Hungary,tanfield.shop,shop,discovered,no,0,https://www.tanfield.shop/Kijelzo
Hungary,tok-store.hu,shop,login-gated,YES,0,https://www.tok-store.hu/termekek-alkatreszek-apple-iphone
Hungary,xpro.hu,shop,login-gated,YES,0,https://www.xpro.hu/spl/247417/Apple
Ireland,akmobilestore.com,shop,priced,YES,10,https://akmobilestore.com/product-category/iphone-parts-wholesale/iphone-lcd-screen/
Ireland,athcom.ie,buyback,priced,no,6,https://www.athcom.ie/sell/
Ireland,cashgadgetexchange.com,buyback,discovered,no,0,https://www.cashgadgetexchange.com/we-buy-phones
Ireland,compuparts.ie,shop,priced,no,10,https://compuparts.ie
Ireland,digitalworldireland.ie,shop,discovered,no,0,https://digitalworldireland.ie/
Ireland,electronic.partners,buyback,discovered,no,0,https://ie.electronic.partners/services/recycle-electronic/
Ireland,expresstech.ie,shop,priced,no,28,https://www.expresstech.ie/collections/iphone-screen-repair-replacement
Ireland,firsthelptech.ie,shop,priced,no,33,https://firsthelptech.ie
Ireland,fonez.ie,shop,priced,no,12,https://www.fonez.ie/
Ireland,fonfix.ie,shop,login-gated,YES,0,https://www.fonfix.ie/pages/iphone-repair
Ireland,hugmie.ie,shop,priced,no,44,https://hugmie.ie/
Ireland,iparts-4u.eu,shop,priced,no,30,https://iparts-4u.eu
Ireland,ipear.ie,shop,discovered,no,0,https://ipear.ie/
Ireland,iphoneparts.ie,shop,discovered,no,0,https://iphoneparts.ie/
Ireland,ishine.ie,shop,priced,no,8,https://www.ishine.ie/
Ireland,lcddirect.ie,shop,discovered,no,0,https://lcddirect.ie/
Ireland,mbitechparts.ie,shop,priced,no,8,https://www.mbitechparts.ie/
Ireland,mobilepartsireland.ie,shop,discovered,no,0,https://mobilepartsireland.ie/
Ireland,mobilephoneservice.ie,buyback,discovered,no,0,https://mobilephoneservice.ie/sell-phone/
Ireland,parts4phones.ie,shop,discovered,no,0,https://parts4phones.ie/
Ireland,phonesonline.ie,shop,priced,no,6,https://www.phonesonline.ie/collections/screens-spare-parts
Ireland,refurbiphones.ie,buyback,login-gated,YES,0,https://refurbiphones.ie/sell-your-phone/
Ireland,screenfixireland.ie,shop,discovered,no,0,https://screenfixireland.ie/
Ireland,screenshelf.ie,shop,priced,no,48,https://screenshelf.ie/
Ireland,sellyourtech.ie,buyback,discovered,no,0,https://sellyourtech.ie/
Ireland,supply-it.ie,shop,login-gated,YES,0,https://www.supply-it.ie/
Ireland,webuyanyphone.ie,buyback,discovered,no,0,https://webuyanyphone.ie/
Italy,assistenza-computers.it,shop,discovered,no,0,https://www.assistenza-computers.it/riparazione-cellulari/
Italy,baricavour.iriparo.com,shop,discovered,no,0,https://baricavour.iriparo.com/
Italy,baripapagiovanni.iriparo.com,shop,discovered,no,0,https://baripapagiovanni.iriparo.com/
Italy,bolognacentro.iriparo.com,shop,priced,no,1,https://bolognacentro.iriparo.com/
Italy,brotech.it,shop,priced,no,2,https://brotech.it
Italy,burp-online.it,shop,login-gated,YES,0,https://www.burp-online.it/
Italy,carebsrl.it,shop,login-gated,YES,0,https://www.carebsrl.it/display-compatibili-per-apple
Italy,centrotelefoniamobile.it,buyback,discovered,no,0,https://www.centrotelefoniamobile.it/compra-vendita-cellulari-apple-iphone-rotti-milano/
Italy,clinica-iphone.com,shop,login-gated,YES,0,https://clinica-iphone.com/
Italy,clinicacomputer-shop.com,shop,login-gated,YES,0,https://clinicacomputer-shop.com/riparazioni/riparazione-iphone-torino.html
Italy,clinicacomputer.com,shop,discovered,no,0,https://www.clinicacomputer.com/riparazione-iphone-torino.html
Italy,componentidigitali.com,shop,priced,no,39,https://www.componentidigitali.com/
Italy,compulab.biz,shop,login-gated,YES,0,https://www.compulab.biz/assistenza-apple-bari/listino-prezzi/sostituzione-display-iphone/
Italy,dakatel.it,shop,login-gated,YES,0,https://www.dakatel.it/
Italy,digitalteck.it,shop,priced,no,5,https://www.digitalteck.it/
Italy,disotechlab.it,shop,login-gated,YES,0,https://disotechlab.it/assistenza-iphone/
Italy,doctor-smartphone.com,shop,priced,no,4,https://www.doctor-smartphone.com/vendita-accessori-ricambi/
Italy,doctormphone.com,shop,discovered,no,0,https://www.doctormphone.com/servizi/
Italy,e-lab.store,shop,discovered,no,0,https://www.e-lab.store/
Italy,e-pol.it,shop,login-gated,YES,0,https://www.e-pol.it/display-iphone.html
Italy,el-hope.com,shop,discovered,no,0,https://privati.el-hope.com/16-ricambi-per-apple
Italy,espansioneshop.com,shop,discovered,no,0,https://www.espansioneshop.com/it/553-display-lcd
Italy,firenzeiphone.it,shop,discovered,no,0,https://firenzeiphone.it/riparazione-telefoni/
Italy,firenzeorsini.iriparo.com,shop,discovered,no,0,https://www.firenzeorsini.iriparo.com/
Italy,ftdistribution.it,shop,discovered,no,0,https://ftdistribution.it/38-ricambi-apple
Italy,gieffeplus.it,shop,login-gated,YES,0,https://www.gieffeplus.it/categoria/apple/
Italy,greenmobile.it,buyback,discovered,no,0,https://www.greenmobile.it/
Italy,groundzeroshop.it,shop,discovered,no,0,https://www.groundzeroshop.it/
Italy,gruppoingrosso.com,shop,discovered,no,0,https://gruppoingrosso.com/
Italy,gt-company.it,shop,discovered,no,0,https://www.gt-company.it/
Italy,i-parts.it,buyback,discovered,no,0,https://www.i-parts.it/vendi/permuta-iphone
Italy,infinityshop.it,shop,discovered,no,0,https://www.infinityshop.it/
Italy,ingrosmart.it,shop,login-gated,YES,0,https://www.ingrosmart.it/ricambi/display-lcd.html
Italy,iphonehospital.it,buyback,priced,no,2,https://www.iphonehospital.it/rigenerazione-schermi-lcd
Italy,iphonerottomilano.it,buyback,login-gated,YES,0,https://www.iphonerottomilano.it/
Italy,iphoneusatitalia.it,shop,login-gated,YES,0,https://www.iphoneusatitalia.it/
Italy,iriparo.com,shop,login-gated,YES,0,https://iriparo.com/ripara-il-telefono-con-ricambi-originali-apple/
Italy,it-ricambi.com,shop,login-gated,YES,0,https://en.it-ricambi.com/
Italy,italiatech.it,shop,priced,no,40,https://www.italiatech.it/
Italy,ivifix.com,shop,discovered,no,0,https://www.ivifix.com/it/wholesale-zone.html
Italy,lombardoshop.it,shop,priced,no,9,https://lombardoshop.it/it/categories/ricambi-telefonia/products
Italy,mistertelefoninopalermo.it,shop,login-gated,YES,0,https://www.mistertelefoninopalermo.it/riparazione-iphone
Italy,miwo.it,shop,login-gated,YES,0,https://www.miwo.it/ricambi-apple
Italy,mixricambi.com,shop,discovered,no,0,https://mixricambi.com/
Italy,mobile-tech.it,shop,discovered,no,0,https://www.mobile-tech.it/
Italy,moxedostore.com,shop,priced,no,9,https://www.moxedostore.com/
Italy,mr-cartridge.it,shop,discovered,no,0,https://www.mr-cartridge.it/product-category/accessori-per-smartphone/ricambi-apple/display-originali-rigenerati/
Italy,myphonerepair.it,shop,login-gated,YES,0,https://myphonerepair.it/
Italy,netfix.tech,shop,priced,no,57,https://www.netfix.tech/servizi/riparazione-schermo
Italy,nobilstore.it,shop,discovered,no,0,https://www.nobilstore.it/
Italy,noicompriamoschermi.it,buyback,discovered,no,0,https://www.noicompriamoschermi.it/vendere-schermo-rotto/
Italy,officina-smartphone.it,shop,login-gated,YES,0,https://www.officina-smartphone.it/
Italy,onstoreitalia.it,shop,priced,no,30,https://onstoreitalia.it/collections/ricambi/modello_iphone-12
Italy,outletaccessori.it,shop,priced,no,7,https://www.outletaccessori.it/13-ricambi-iphone
Italy,phoneassist.net,shop,priced,no,26,https://www.phoneassist.net/it/ricambi-telefonia/iphone/
Italy,pineappleitaly.com,buyback,discovered,no,0,https://www.pineappleitaly.com/rigenerazione-lcd/
Italy,prontointerventoapple.it,buyback,priced,no,1,https://www.prontointerventoapple.it/riciclo.php
Italy,puntoingrosso.it,shop,login-gated,YES,0,https://www.puntoingrosso.it/categoria-ricambio/display/
Italy,refurbishdisplay.com,buyback,discovered,no,0,https://www.refurbishdisplay.com/acquisto-schermi-display-rotti-iphone-samsung-huawei/
Italy,renovotech.it,shop,discovered,no,0,https://www.renovotech.it/ingrosso/
Italy,ricambiapple.it,shop,discovered,no,0,https://ricambiapple.it/
Italy,ricambiapple.net,shop,discovered,no,0,https://www.ricambiapple.net/
Italy,ricambimania.com,shop,discovered,no,0,https://www.ricambimania.com/it/display-iphone
Italy,ricambimania.it,shop,discovered,no,0,https://www.ricambimania.it/
Italy,ricambismartphone.it,shop,discovered,no,0,https://www.ricambismartphone.it/apple-iphone
Italy,ricompro.it,buyback,discovered,no,0,https://www.ricompro.it/valutazione-riparare-vendere-iphone/
Italy,rigeneradisplay.it,buyback,discovered,no,0,https://rigeneradisplay.it/
Italy,riparafast.it,shop,priced,no,21,https://www.riparafast.it/9-apple
Italy,riparaora.it,buyback,priced,no,1,https://riparaora.it/categoria-prodotto/riparazioni/iphone/rigenerazione-display-iphone/
Italy,riparata.it,shop,priced,no,30,https://www.riparata.it/store-online/ricambi-b2b
Italy,riparazione-cellulari-torino.it,shop,discovered,no,0,https://www.riparazione-cellulari-torino.it/riparazione-iphone-torino/
Italy,riparazionecellularibologna.com,shop,login-gated,YES,0,https://riparazionecellularibologna.com/riparazioni-cellulari-bologna/riparazione-iphone-bologna/
Italy,riparazioneiphone.com,shop,discovered,no,0,https://www.riparazioneiphone.com/
Italy,riparazioneiphonefirenze.it,shop,login-gated,YES,0,https://www.riparazioneiphonefirenze.it/
Italy,riparazioneiphonepalermo.it,shop,discovered,no,0,https://www.riparazioneiphonepalermo.it/
Italy,riparazioneschermoiphone.torino.it,shop,priced,no,38,https://riparazioneschermoiphone.torino.it/riparazione-schermo-iphone-torino
Italy,riparobologna.it,shop,priced,no,26,https://www.riparobologna.it/iphone.html
Italy,riparostore.it,shop,priced,no,44,https://www.riparostore.it/riparazione-iphone-palermo/
Italy,rstore.it,shop,priced,no,10,https://www.rstore.it/pages/negozi-torino-todream-sostituzione-vetro-iphone
Italy,sifar.it,shop,login-gated,YES,0,https://www.sifar.it/en/spare-parts-iphone
Italy,smartexstore.it,shop,priced,no,6,https://www.smartexstore.it/b2b/
Italy,smartgeneration.it,shop,discovered,no,0,https://www.smartgeneration.it/b2b/
Italy,smartgrade.it,buyback,priced,no,89,https://smartgrade.it/listino-prezzi-riacquisto-schermi/
Italy,smartinglab.it,buyback,discovered,no,0,https://www.smartinglab.it/
Italy,smartness.online,shop,discovered,no,0,https://www.smartness.online/it/brands
Italy,smartphoneitalia.it,shop,discovered,no,0,https://smartphoneitalia.it/
Italy,smilerepair.it,shop,login-gated,YES,0,https://www.smilerepair.it/it/display.1.56.uw
Italy,sosmartphone.it,shop,priced,no,126,https://sosmartphone.it/
Italy,spelbusiness.it,buyback,discovered,no,0,https://www.spelbusiness.it/assistenza/rigenerazione-display-iphone-ipad-e-ritiro-dei-display-rotti/
Italy,startdistribuzione.it,shop,priced,no,38,https://startdistribuzione.it
Italy,tatamax.it,shop,discovered,no,0,https://tatamax.it/products/display-iphone-11-11-pro-11-pro-max-originali-e-compatibili
Italy,technoshop.it,shop,discovered,no,0,https://www.technoshop.it/354-ricambi-smartphone
Italy,techservicecenter.it,shop,login-gated,YES,0,https://www.techservicecenter.it/manutenzione-riparazione/sostituzione-display-iphone/
Italy,tecnocell.com,shop,priced,no,30,https://www.tecnocell.com/
Italy,telefoniabologna.it,shop,discovered,no,0,https://www.telefoniabologna.it/
Italy,tuttoperiltelefono.it,shop,discovered,no,0,https://www.tuttoperiltelefono.it/it/151-display-iphone
Italy,utopya.it,shop,priced,no,4,https://www.utopya.it/
Italy,web-sm.it,shop,priced,no,4,https://web-sm.it/marchi/apple.html
Italy,wefix.it,shop,discovered,no,0,https://wefix.it/iphone-schermo-rotto/
Italy,zavixtech.com,shop,login-gated,YES,0,https://zavixtech.com/
Latvia,1189.lv,shop,discovered,no,0,https://www.1189.lv/lv/atslegvards/apple-iphone-rezerves-dalas/
Latvia,220.lv,shop,priced,no,13,https://220.lv/lv/mobilie-telefoni-plansetdatori-foto/telefonu-rezerves-dalas-un-instrumenti-to-remontam
Latvia,aboluserviss.lv,shop,discovered,no,0,https://www.aboluserviss.lv/
Latvia,aioostore.lv,buyback,discovered,no,0,https://www.aioostore.lv/pages/sell-your-iphone
Latvia,darel.lv,shop,discovered,no,0,https://darel.lv/lv/1189-mobilo-telefonu-un-plansetdatoru-rezerves-dalas
Latvia,deltamobile.lv,shop,priced,no,31,https://deltamobile.lv/category/lcd-un-skarienjutigie-paneli-apple-iphone/
Latvia,dvcentrs.lv,shop,discovered,no,0,https://dvcentrs.lv/pakalpojumi/mobilo-telefonu-remonts/iphone-telefonu-remonts/iphone-11-remonts/displeja-maina-iphone-11
Latvia,electrobase.lv,shop,discovered,no,0,https://electrobase.lv/katalogs/lcd-displeji-skarienekrani-gsm-plansetes-remonta-dalas
Latvia,euronics.lv,buyback,discovered,no,0,https://www.euronics.lv/atpirkums
Latvia,evelatus.lv,shop,discovered,no,0,https://evelatus.lv/?sl=en
Latvia,fixmobile.lv,shop,priced,no,2,http://www.fixmobile.lv/
Latvia,ibolits.lv,buyback,discovered,no,0,http://ibolits.lv/lv/sell/iphone
Latvia,ilab.lv,shop,discovered,no,0,https://ilab.lv/iphone-remonts
Latvia,imaster.lv,shop,priced,no,6,https://imaster.lv/shop/?path=381&route=product%2Fcategory
Latvia,interfeis.lv,shop,discovered,no,0,https://www.interfeis.lv/lv/iphone-un-ipad-remonts/
Latvia,ipatch.lv,shop,login-gated,YES,0,https://ipatch.lv/en/
Latvia,iremonts.lv,shop,login-gated,YES,0,https://www.iremonts.lv/en
Latvia,iserviss.lv,shop,discovered,no,0,https://www.iserviss.lv/
Latvia,ittehnika.lv,shop,priced,no,16,https://ittehnika.lv/catalog/telefoni-un-plansetdatori/telefonu-un-plansetdatoru-rezerves-dalas/displeji-un-ekrana-moduli
Latvia,letsmobilais.lv,shop,discovered,no,0,https://www.letsmobilais.lv/lv/elektronika/
Latvia,lmt.lv,buyback,priced,no,15,https://www.lmt.lv/aprite/atpirkums
Latvia,maxdatori.lv,shop,discovered,no,0,https://maxdatori.lv/lcd/
Latvia,mobilemonsters.lv,shop,priced,no,19,https://www.mobilemonsters.lv/rezerves-dalas
Latvia,mobipaka.lv,buyback,discovered,no,0,https://www.mobipaka.lv/
Latvia,mobpartstore.lv,shop,priced,no,118,https://www.mobpartstore.lv/17-apple-iphone-telefonu-displeji
Latvia,motivs.lv,shop,priced,no,58,https://motivs.lv/en/lcd-screens-displays
Latvia,mrfixer.lv,shop,discovered,no,0,https://mrfixer.lv/pakalpojumi/telefonu-remonts/
Latvia,promarket.lv,shop,discovered,no,0,https://promarket.lv/veikals/mobilo-telefonu-detalas/lcd-displeji/
Latvia,rdveikals.lv,shop,discovered,no,0,https://www.rdveikals.lv/categories/lv/393/sort/5/filter/0_0_0_0/page/1/Mobilo-telefonu-baterijas.html
Latvia,recovery.lv,shop,priced,no,227,https://www.recovery.lv/lv/catalog/
Latvia,remontstev.lv,shop,discovered,no,0,https://remontstev.lv/
Latvia,satkit.lv,shop,discovered,no,0,https://satkit.lv/mobilie-talruni-un-plansetes/rezerves-dalas-un-piederumi-1/iphone-2
Latvia,semikom.lv,shop,priced,no,1,https://www.semikom.lv/mobilo-telefonu-rezerves-dalas.778875.g
Latvia,shop.cec.lv,shop,priced,no,9,https://www.shop.cec.lv/iphone
Latvia,upgreat.lv,shop,priced,no,37,https://upgreat.lv/product-category/iphone-lv/
Latvia,wiple.lv,shop,discovered,no,0,http://www.wiple.lv/
Lithuania,antrosrankos.lt,buyback,discovered,no,0,https://www.antrosrankos.lt/perkame/telefonus
Lithuania,appledalys.lt,shop,discovered,no,0,https://appledalys.lt/
Lithuania,asnupirksiu.lt,buyback,login-gated,YES,0,https://asnupirksiu.lt/iphone-supirkimas.html
Lithuania,dargilita.lt,shop,priced,no,135,https://dargilita.lt/17-apple-iphone-telefonu-ekranai
Lithuania,efix.lt,shop,priced,no,20,https://efix.lt/en/iphone-remontas
Lithuania,ekraniukas.lt,buyback,discovered,no,0,https://ekraniukas.lt/147-iphone-telefonu-supirkimas
Lithuania,elremontas.lt,buyback,discovered,no,0,https://www.elremontas.lt/telefonu-supirkimas.html
Lithuania,euroingro.lt,shop,discovered,no,0,https://www.euroingro.lt/lt/kategorija/352/1/didmenine-prekyba-mobiliuju-telefonu-priedais
Lithuania,fixas.lt,buyback,priced,no,19,https://supirkimas.fixas.lt/apple-irenginiu-supirkimas/
Lithuania,fixasparts.com,shop,priced,no,8,https://www.fixasparts.com/lt/telefonu-dalys/ekranai/iphone-ekranai
Lithuania,fixify.lt,shop,priced,no,11,https://fixify.lt/telefonu-remontas/iphone
Lithuania,gsmdalys.lt,shop,priced,no,21,https://gsmdalys.lt/iphone-lcd-ekrano-keitimas/
Lithuania,icenter.lt,shop,priced,no,7,https://icenter.lt/atsargines-dalys
Lithuania,imeistras.lt,shop,discovered,no,0,https://imeistras.lt/
Lithuania,iphoneekranas.lt,shop,discovered,no,0,https://www.iphoneekranas.lt/
Lithuania,iservisas.lt,shop,priced,no,27,https://iservisas.lt/apple-iphone-ekrano-keitimas/
Lithuania,it112.lt,shop,priced,no,22,https://it112.lt/iphone-ekrano-keitimas/
Lithuania,itwork.lt,shop,priced,no,2,https://itwork.lt/mobiliuju-telefonu-atsargines-dalys
Lithuania,klaipedosgmp.lt,shop,priced,no,3,https://klaipedosgmp.lt/iphone-ekrano-keitimas-klaipedoje-greitas-ir-kokybiskas-sprendimas/
Lithuania,mano-phone.lt,buyback,discovered,no,0,https://mano-phone.lt/supirkimas/telefonu-supirkimas/
Lithuania,marsietis.lt,shop,priced,no,4,https://marsietis.lt/719-ekranai-touch/
Lithuania,mobilecenter.lt,shop,discovered,no,0,https://mobilecenter.lt/
Lithuania,mobilemonsters.lt,shop,discovered,no,0,https://mobilemonsters.lt/atsargines-dalys
Lithuania,mobiservis.lt,shop,priced,no,23,https://mobiservis.lt/mobiliuju-telefonu-dalys/lcd-ekranai-lieciamieji-ekranai
Lithuania,mobitelas.lt,shop,priced,no,8,https://mobitelas.lt/c/telefonu-dalys/ekranai/
Lithuania,mobizona.lt,shop,priced,no,3,https://mobizona.lt/telefonu-ekranai
Lithuania,mttc.lt,shop,discovered,no,0,https://www.mttc.lt/
Lithuania,perkutelefona.lt,buyback,discovered,no,0,https://www.perkutelefona.lt/telefonai/apple/
Lithuania,phonedalys.lt,shop,priced,no,6,https://phonedalys.lt/
Lithuania,phonefix.lt,buyback,discovered,no,0,https://phonefix.lt/telefonu-supirkimas/
Lithuania,priedaimobiliems.lt,shop,priced,no,20,https://priedaimobiliems.lt/630-telefonu-dalys
Lithuania,reach.lt,shop,priced,no,8,https://www.reach.lt/?info=categories&id2=500&level=1
Lithuania,screenshop.lt,buyback,discovered,no,0,https://www.screenshop.lt/superkame-nesiojamus-kompiuterius-telefonus-plansetes/
Lithuania,setup.lt,shop,priced,no,3,https://setup.lt/collections/iphone-1/lcd-iphone
Lithuania,signalocentras.lt,shop,priced,no,45,https://signalocentras.lt/telefonija/telefonu-ekranai-lcd/iphone-ipad
Lithuania,skiles.lt,shop,priced,no,17,https://skiles.lt/kategorija/kitos-dalys-visos/
Lithuania,smartparts.lt,shop,discovered,no,0,http://www.smartparts.lt/
Lithuania,taisom.lt,shop,discovered,no,0,https://taisom.lt/apple-servisas/iphone-remontas/
Lithuania,taisykla7.lt,shop,priced,no,6,https://www.taisykla7.lt/en/iphone-remontas/
Lithuania,techremontas.lt,shop,discovered,no,0,https://techremontas.lt/en/telefonu-remontas/
Lithuania,telefonu-supirkimas.lt,buyback,discovered,no,0,https://www.telefonu-supirkimas.lt/
Lithuania,telefonubaterijos.lt,shop,priced,no,44,https://www.telefonubaterijos.lt/166-telefonu-ekranai
Lithuania,telesfera.lt,shop,priced,no,17,https://telesfera.lt/telefonu-ekranai-lcd/iphone/
Lithuania,valvitona.lt,shop,discovered,no,0,https://www.valvitona.lt/
Luxembourg,phonexpert78.com,shop,priced,no,5,https://phonexpert78.com
Netherlands,appleparts.nl,shop,priced,no,31,https://appleparts.nl/pages/iphone-onderdelen
Netherlands,borcaden.nl,shop,priced,YES,5,https://borcaden.nl
Netherlands,buybacklcd.com,buyback,discovered,no,0,https://buybacklcd.com/en/buyback/
Netherlands,buybackscreens.com,buyback,login-gated,YES,0,https://www.buybackscreens.com/?lang=en
Netherlands,defectwaarde.nl,buyback,discovered,no,0,https://defectwaarde.nl/
Netherlands,directscherm.nl,shop,discovered,no,0,https://www.directscherm.nl/nl/apple/iphone/
Netherlands,doctorphone.nl,buyback,discovered,no,0,https://www.doctorphone.nl/smartphone-verkopen-doctorphone
Netherlands,dutchrepair.nl,shop,priced,no,43,https://www.dutchrepair.nl/collections/iphone-12-12pro
Netherlands,dutchspares.com,shop,login-gated,YES,0,https://www.dutchspares.com/de/
Netherlands,euromobilecompany.nl,shop,login-gated,YES,0,https://euromobilecompany.nl/nl/parts/for-apple/for-iphone
Netherlands,eurosmartparts.nl,shop,discovered,no,0,https://eurosmartparts.nl/
Netherlands,fixje.nl,shop,priced,no,1,https://www.fixje.nl/iphone-onderdelen/
Netherlands,foneday.shop,shop,login-gated,YES,0,https://foneday.shop/de
Netherlands,foneparts.nl,shop,discovered,no,0,https://www.foneparts.nl/apple/iphone
Netherlands,gsm-eu.com,shop,discovered,no,0,https://www.gsm-eu.com/apple/iphone/display
Netherlands,gsm-onderdelen.nl,shop,discovered,no,0,https://www.gsm-onderdelen.nl/apple/iphone/lcd-scherm
Netherlands,gsmfabriq.nl,shop,login-gated,YES,0,https://gsmfabriq.nl/parts/for-apple
Netherlands,gsmkopen.nl,shop,discovered,no,0,https://www.gsmkopen.nl/onderdelen/iphone-scherm
Netherlands,gsmlekkerkerk.nl,shop,login-gated,YES,0,https://gsmlekkerkerk.nl/onderdelen-apple
Netherlands,gsmpartscenter.com,shop,login-gated,YES,0,https://www.gsmpartscenter.com/de/
Netherlands,gsmreparatiecentrum.nl,buyback,login-gated,YES,0,https://gsmreparatiecentrum.nl/inkoop-prijslijst-defecte-iphones/
Netherlands,hallomobile.nl,shop,priced,no,38,https://hallomobile.nl
Netherlands,iphone-onderdelen.nl,shop,discovered,no,0,https://www.iphone-onderdelen.nl/scherm
Netherlands,iphone-repair-zeeland.nl,buyback,discovered,no,0,https://www.iphone-repair-zeeland.nl/inkoop-verkoop
Netherlands,iphoneinleveren.nl,buyback,login-gated,YES,0,https://www.iphoneinleveren.nl/iphone-verkopen/kapotte-iphone/
Netherlands,iphoneverkopen.nl,buyback,login-gated,YES,0,https://iphoneverkopen.nl/
Netherlands,irepairnow.nl,buyback,login-gated,YES,0,https://irepairnow.nl/inkoop-en-verkoop/
Netherlands,kapotteschermen.nl,buyback,discovered,no,0,https://www.kapotteschermen.nl/iphone
Netherlands,koopjeonderdelen.nl,shop,priced,no,34,https://www.koopjeonderdelen.nl/
Netherlands,lcdbuyer.nl,buyback,discovered,no,0,https://lcdbuyer.nl/verkoop-gebarsten-schermen/
Netherlands,lcdinkoop.nl,buyback,discovered,no,0,https://lcdinkoop.nl/prijzen/
Netherlands,lcdxtend.com,buyback,discovered,no,0,https://lcdxtend.com/
Netherlands,mackenners.com,shop,priced,no,17,https://mackenners.com/collections/iphone-onderdelen
Netherlands,mobilesentrix.eu,shop,priced,no,163,https://www.mobilesentrix.eu/
Netherlands,mobilesupplies.nl,shop,priced,no,7,https://www.mobilesupplies.nl/telefoon/reparatie-onderdelen/apple/
Netherlands,mobiparts.nl,shop,discovered,no,0,https://www.mobiparts.nl/apple/iphone/reparatie
Netherlands,nt-mobiel.nl,shop,login-gated,YES,0,https://www.nt-mobiel.nl/en/
Netherlands,oemproducten.nl,shop,discovered,no,0,https://www.oemproducten.nl/
Netherlands,onderdelenland.nl,shop,discovered,no,0,https://www.onderdelenland.nl/apple/iphone/lcd
Netherlands,onderdelenshop.nl,shop,discovered,no,0,https://www.onderdelenshop.nl/apple/iphone
Netherlands,partexpert.nl,shop,priced,no,22,https://www.partexpert.nl/nl/iphone-onderdelen/iphone-onderdelen/
Netherlands,partly.nl,shop,priced,no,1,https://www.partly.nl/groothandel/
Netherlands,phone-city.nl,shop,login-gated,YES,0,https://de.phone-city.nl/apple-parts/iphone/
Netherlands,phonefix.nl,shop,discovered,no,0,https://www.phonefix.nl/apple/iphone/scherm
Netherlands,phonegigant.nl,shop,discovered,no,0,https://www.phonegigant.nl/onderdelen/apple-onderdelen/iphone-onderdelen/
Netherlands,phonetje.nl,shop,discovered,no,0,https://www.phonetje.nl/
Netherlands,repairparts.nl,shop,discovered,no,0,https://www.repairparts.nl/apple/iphone/schermen
Netherlands,reparatiegroothandel.nl,shop,priced,no,1,https://www.reparatiegroothandel.nl/iphone
Netherlands,schermeninkoop.nl,buyback,discovered,no,0,https://www.schermeninkoop.nl/iphone-schermen-verkopen
Netherlands,schermkapot.nl,buyback,discovered,no,0,https://www.schermkapot.nl/iphone-scherm-verkopen
Netherlands,secondgoelectro.nl,shop,priced,no,12,https://www.secondgoelectro.nl/apple/onderdelen/
Netherlands,smartphone-onderdelenshop.nl,shop,discovered,no,0,https://www.smartphone-onderdelenshop.nl/product-categorie/webshop-producten/iphone-onderdelen/
Netherlands,sobby.nl,buyback,discovered,no,0,https://www.sobby.nl/
Netherlands,telegigant.nl,shop,priced,no,12,https://www.telegigant.nl/
Netherlands,telesource.nl,shop,priced,no,12,https://telesource.nl/
Netherlands,touchfix.nl,shop,discovered,no,0,https://www.touchfix.nl/onderdelen/telefoon-onderdelen/
Netherlands,verkopen.nl,buyback,login-gated,YES,0,https://www.verkopen.nl/telefoon-verkopen
Netherlands,webuythings.nl,buyback,priced,YES,1,https://www.webuythings.nl/nieuws/kapotte-iphone-of-telefoon-verkopen
Norway,icell4less.com,shop,priced,no,13,https://icell4less.com
Norway,ipimpnorge.no,shop,discovered,no,0,https://ipimpnorge.no/iphone-deler/
Norway,mobilgaarden.no,buyback,discovered,no,0,https://www.mobilgaarden.no/
Norway,mobilverkstedet.no,shop,priced,no,9,https://mobilverkstedet.no/produktkategori/deler/iphone-deler/
Norway,reparasjonmobil.no,shop,login-gated,YES,0,https://reparasjonmobil.no/produktkategori/nettbutikk/mobil-reservedeler/iphone-reservedeler/
Norway,spares.no,shop,priced,YES,28,https://spares.no
Norway,teknikkdeler.no,shop,priced,no,17,https://www.teknikkdeler.no/reservedeler-apple/
Poland,4kom.pl,shop,discovered,no,0,https://4kom.pl/
Poland,4repair.pl,shop,priced,no,13,https://4repair.pl/
Poland,a-parts.com.pl,shop,priced,no,45,https://www.a-parts.com.pl/
Poland,al-gsm.pl,shop,priced,no,8,https://www.al-gsm.pl/czesci-serwisowe-iphone-c-4357_4621.html
Poland,ariti.pl,shop,discovered,no,0,https://ariti.pl/pl/c/Wyswietlacze-iPhone
Poland,azimex.store,shop,discovered,no,0,https://azimex.store/produkty/wyswietlacze/iphone-wyswietlacze/
Poland,brokendigi.com,buyback,priced,no,10,https://brokendigi.com/ceny-skupu/
Poland,brokenlcd.eu,buyback,discovered,no,0,http://brokenlcd.eu/en/buying-back-displays-offer/
Poland,casehomeparts.pl,shop,discovered,no,0,https://casehomeparts.pl/
Poland,daiphone.com,buyback,discovered,no,0,https://daiphone.com/
Poland,doctortel.pl,shop,priced,no,6,https://www.doctortel.pl/
Poland,drphone.pl,buyback,discovered,no,0,https://drphone.pl/skup-lcd/
Poland,dsgsm.pl,shop,discovered,no,0,https://dsgsm.pl/pl/c/Wyswietlacze-Apple-iPhone
Poland,el-telgsm.pl,shop,priced,no,29,https://el-telgsm.pl/
Poland,ento.com.pl,buyback,discovered,no,0,https://www.ento.com.pl/skup-wyswietlaczy/
Poland,espares24.com,shop,discovered,no,0,https://espares24.com/pol_m_Czesci-serwisowe-GSM_Wyswielacze-do-telefonow_Wyswietlacze-do-iPhonea-zestawy-1689.html
Poland,euromarserwis.pl,shop,priced,no,22,https://euromarserwis.pl
Poland,fixme.pl,shop,discovered,no,0,https://fixme.pl/pl/c/Wyswietlacze-do-iPhone
Poland,fonparts.pl,shop,priced,no,2,https://fonparts.pl/pl/c/Wyswietlacze/59
Poland,giga-ram.pl,shop,discovered,no,0,https://giga-ram.pl/
Poland,gsm-club.pl,shop,priced,no,11,https://gsm-club.pl/
Poland,gsm-hurt.pl,shop,discovered,no,0,https://gsm-hurt.pl/36-czesci-zamienne-gsm
Poland,gsm-serwis.pl,shop,discovered,no,0,https://gsm-serwis.pl/wyswietlacze-iphone
Poland,gsm.quadra-net.pl,shop,priced,no,5,"https://gsm.quadra-net.pl/apple,136,0.html"
Poland,gsmok.com,shop,priced,no,191,https://gsmok.com/en/phone-service-parts-c031
Poland,gsmok.pl,shop,priced,no,176,https://gsmok.pl/wyswietlacze-iphone-apple-p18-c095
Poland,gsmparts.pl,shop,discovered,no,0,https://gsmparts.pl/wyswietlacze-iphone
Poland,hurtel.com,shop,discovered,no,0,https://hurtel.com/en/
Poland,hurtgsm.pl,shop,discovered,no,0,https://hurtgsm.pl/produkty/czesci-do-telefonow/wyswietlacze-do-telefonow/
Poland,hurtlcd.pl,shop,priced,no,5,https://hurtlcd.pl/
Poland,hurtowniagsm.pl,shop,discovered,no,0,https://www.hurtowniagsm.pl/
Poland,hurtwyswietlaczy.pl,shop,priced,no,11,https://www.hurtwyswietlaczy.pl/
Poland,icentrumsklep.pl,buyback,discovered,no,0,https://icentrumsklep.pl/sprzedaj
Poland,icure.pl,buyback,discovered,no,0,https://icure.pl/skup-wyswietlaczy-iphone/
Poland,ifonkigsm.pl,shop,discovered,no,0,https://ifonkigsm.pl/
Poland,ilounge.pl,shop,discovered,no,0,https://ilounge.pl/catalog/originalnie-zapchasti-apple-opt
Poland,inncomm.pl,shop,login-gated,YES,0,https://www.inncomm.pl/
Poland,ishoptor.pl,shop,priced,no,1,https://ishoptor.pl/pl/p/Wyswietlacz-OLED-120Hz-do-iPhone-15-Pro-Max/2526
Poland,katemedia.pl,buyback,discovered,no,0,https://katemedia.pl/pl/content/8-skup-zbitych-ekranow
Poland,kimo.pl,shop,discovered,no,0,https://www.kimo.pl/wyswietlacze-iphone
Poland,klinikaszybek.pl,buyback,discovered,no,0,https://klinikaszybek.pl/skup-zbitych-wyswietlaczy/
Poland,lcd-serwis.pl,buyback,priced,no,24,https://lcd-serwis.pl/
Poland,m9parts.pl,shop,priced,no,20,https://m9parts.pl/pl/c/Wyswietlacze/152
Poland,magboss.pl,shop,priced,no,4,https://magboss.pl/
Poland,mar-cell.pl,shop,priced,no,3,https://mar-cell.pl/
Poland,martech-gsm.pl,shop,discovered,no,0,https://martech-gsm.pl/wyswietlacze-apple
Poland,mcmhurt.pl,shop,discovered,no,0,https://www.mcmhurt.pl/
Poland,mellem.pl,buyback,priced,no,1,https://mellem.pl/skup-uszkodzonych-wyswietlaczy-samsung-iphone/
Poland,mgpoint.pl,shop,priced,no,2,https://mgpoint.pl/
Poland,mixgsm.com.pl,shop,discovered,no,0,http://mixgsm.com.pl/
Poland,mj-komputery.pl,buyback,priced,no,1,https://www.mj-komputery.pl/naprawa-i-serwis-telefonow-poznan/skup-wyswietlaczy-lcd/
Poland,mobilepart.pl,shop,priced,no,29,https://mobilepart.pl/pl/142-czesci-gsm
Poland,mobilex.com.pl,shop,login-gated,YES,0,https://mobilex.com.pl/
Poland,monstelo.com,shop,discovered,no,0,https://b2b.monstelo.com/main-eng.html
Poland,naprawtosam.pl,shop,discovered,no,0,https://naprawtosam.pl/produkt/wyswietlacz-lcd-iphone-11/
Poland,part.com.pl,shop,discovered,no,0,https://part.com.pl/pl/c/Wyswietlacze-iPhone/
Poland,partnertele.com,shop,discovered,no,0,https://partnertele.com/
Poland,parts-store.pl,shop,priced,no,73,https://parts-store.pl/pol_m_Wyswietlacze_Wyswietlacze-iPhone-524.html
Poland,phonefix.com.pl,shop,priced,no,3,https://sklep.phonefix.com.pl/Wyswietlacze
Poland,ppe.pl,shop,discovered,no,0,https://www.ppe.pl
Poland,quadra-net.pl,shop,discovered,no,0,https://quadra-net.pl/
Poland,serwistelefonow.com.pl,shop,priced,no,5,https://serwistelefonow.com.pl/hurtownia-gsm-czesci-i-akcesoria-do-telefonow-wroclaw-i-cala-polska/
Poland,skupgsm.pl,buyback,priced,no,2,https://skupgsm.pl/skup-uszkodzonych-telefonow/
Poland,skuplcd.com.pl,buyback,discovered,no,0,http://skuplcd.com.pl/
Poland,skuplcd.pl,buyback,discovered,no,0,https://skuplcd.pl/
Poland,skupwyswietlaczy.pl,buyback,discovered,no,0,https://skupwyswietlaczy.pl/
Poland,startrade.pl,shop,priced,no,1,https://startrade.pl/p/wyswietlacz-dotyk-do-apple-iphone-12-12-pro-hard-oled-gx
Poland,supernovaserwis.pl,buyback,discovered,no,0,https://www.supernovaserwis.pl/sprzedaz-skup-wyswietlaczy/
Poland,tablotelelapto.pl,buyback,discovered,no,0,https://tablotelelapto.pl/wysylka
Poland,telehurt.pl,shop,discovered,no,0,https://telehurt.pl/czesci-do-iphone
Poland,testujsmartfona.pl,buyback,priced,no,1,https://testujsmartfona.pl/skup-uszkodzonych-iphone/
Poland,tkom.pl,shop,login-gated,YES,0,https://tkom.pl/en/
Poland,ugryziony.com.pl,buyback,discovered,no,0,https://ugryziony.com.pl/
Poland,webuyscreen.com,buyback,discovered,no,0,https://webuyscreen.com/pl/
Portugal,bibop.pt,shop,discovered,no,0,https://www.bibop.pt/products/apple-iphone
Portugal,bspakstore.com,shop,discovered,no,0,https://bspakstore.com/pt/
Portugal,busntech.pt,shop,discovered,no,0,https://busntech.pt/pt/produtos/touch-display
Portugal,compramosecra.pt,buyback,discovered,no,0,https://compramosecra.pt/vender-ecra-iphone
Portugal,ecrasmoveis.pt,shop,discovered,no,0,https://ecrasmoveis.pt/ecra-iphone
Portugal,gadgethub.pt,shop,login-gated,YES,0,https://www.gadgethub.pt/reparacao-iphone/
Portugal,gsm55.pt,shop,discovered,no,0,https://www.gsm55.pt/pecas-de-substituicao-para-iphone.html
Portugal,gsmpecas.pt,shop,discovered,no,0,https://gsmpecas.pt/ecra-iphone
Portugal,gsmportugal.pt,shop,discovered,no,0,https://www.gsmportugal.pt/ecra-iphone
Portugal,iloja.pt,shop,discovered,no,0,https://www.iloja.pt/
Portugal,imarketloja.com,shop,discovered,no,0,https://www.imarketloja.com/
Portugal,ioutlet.pt,shop,priced,no,4,https://ioutlet.pt/substituicao-e-reparacao-do-ecra-do-iphone/
Portugal,ipartiu.pt,shop,login-gated,YES,0,https://www.ipartiu.pt/
Portugal,iparts.pt,shop,discovered,no,0,https://www.iparts.pt/pecas-iphone/ecra
Portugal,irepair.pt,shop,discovered,no,0,https://irepair.pt/categoria/pecas/iphone/ecra
Portugal,irepart.com,shop,priced,no,61,https://irepart.com/
Portugal,isell.pt,shop,discovered,no,0,https://www.isell.pt/collections/reparacao-iphone
Portugal,iservices.pt,shop,priced,no,3,https://iservices.pt/
Portugal,istore.pt,shop,priced,no,5,https://www.istore.pt/
Portugal,iswitch.pt,shop,priced,no,6,https://www.iswitch.pt/
Portugal,lusofone.pt,shop,discovered,no,0,https://www.lusofone.pt/prod/ecra-iphone-12-incell/
Portugal,maxiphone.pt,shop,discovered,no,0,https://maxiphone.pt/ecra-iphone
Portugal,microwire.pt,shop,discovered,no,0,https://www.microwire.pt/iphone-x-display-lcd-e-touch-oem/
Portugal,neok.pt,shop,priced,no,1,https://neok.pt/172-iphone
Portugal,pcdiga.com,shop,discovered,no,0,https://www.pcdiga.com/
Portugal,pecasfuentes.pt,shop,priced,no,1,https://www.pecasfuentes.pt/
Portugal,pecastelemovel.pt,shop,discovered,no,0,https://www.pecastelemovel.pt/ecra-iphone
Portugal,phonerepair.pt,shop,discovered,no,0,https://www.phonerepair.pt/reparacao-telemoveis/iphone
Portugal,purplee.pt,shop,priced,no,4,https://purplee.pt/
Portugal,reparacaomobile.pt,shop,priced,no,6,https://www.reparacaomobile.pt/pt/componentes-variados/componentes-telem%C3%B3veis/displays-e-lcds/displays-apple
Portugal,reparartelemovel.pt,shop,discovered,no,0,https://reparartelemovel.pt/pecas/ecra-iphone
Portugal,sintanet.pt,shop,priced,YES,1,http://www.sintanet.pt/pt/loja/170-pecas/280-componentes.html
Portugal,spacemobileporto.myshopify.com,shop,discovered,no,0,https://spacemobileporto.myshopify.com/
Portugal,techcomponentes.com,shop,priced,no,14,https://www.techcomponentes.com/pt/23-pecas-de-reposicao-iphone
Portugal,tek4life.pt,shop,discovered,no,0,https://www.tek4life.pt/collections/displays
Portugal,worten.pt,shop,discovered,no,0,https://www.worten.pt/servicos-worten-resolve/reparacoes/reparacao-telemoveis
Romania,appleking.ro,shop,login-gated,YES,0,https://www.appleking.ro/piese-de-schimb-scule
Romania,arcoexpert.ro,shop,discovered,no,0,https://www.arcoexpert.ro/
Romania,b2b.contakt.ro,shop,login-gated,YES,0,https://b2b.contakt.ro/
Romania,brandgsm.ro,shop,login-gated,YES,0,https://brandgsm.ro/
Romania,buyback.ro,buyback,discovered,no,0,https://www.buyback.ro
Romania,celo.ro,shop,priced,YES,32,https://www.celo.ro/display-iphone
Romania,cerbo.ro,shop,login-gated,YES,0,https://cerbo.ro
Romania,ch-ios.ro,shop,priced,YES,72,https://www.ch-ios.ro/display-uri-si-touchscreen-iphone
Romania,clickgsm.ro,shop,discovered,no,0,https://shop.clickgsm.ro
Romania,displaymania.ro,shop,discovered,no,0,https://displaymania.ro/
Romania,distrizone.ro,shop,login-gated,YES,0,https://www.distrizone.ro
Romania,ecrantelefon.ro,shop,discovered,no,0,https://www.ecrantelefon.ro/
Romania,fix-shop.ro,shop,priced,YES,3,https://www.fix-shop.ro/piese-de-schimb-apple-iphone-apple-iphone-16e/
Romania,fixmobile.ro,shop,priced,YES,1,https://fixmobile.ro/display-iphone
Romania,flacara3.ro,shop,login-gated,YES,0,https://flacara3.ro/iphone
Romania,freshphone.eu,buyback,login-gated,YES,0,https://www.freshphone.eu/display-iphone/
Romania,geniusfix.ro,shop,discovered,no,0,https://geniusfix.ro/display-telefon.html
Romania,goz.ro,shop,discovered,no,0,https://goz.ro
Romania,gsmboutique.ro,shop,discovered,no,0,https://gsmboutique.ro
Romania,gsmfit.ro,shop,discovered,no,0,https://www.gsmfit.ro/
Romania,gsmiasi.ro,shop,discovered,no,0,https://www.gsmiasi.ro
Romania,gsmnet.ro,shop,priced,YES,16,https://www.gsmnet.ro/
Romania,gsmok.ro,shop,discovered,no,0,https://www.gsmok.ro/
Romania,gsmparts.ro,shop,priced,no,10,https://www.gsmparts.ro/ecrane-pentru-iphone
Romania,gsmshop.ro,shop,priced,YES,36,https://gsmshop.ro/categorie-produs/produse/piese-telefoane/display/ecran-iphone/
Romania,gsmzone.ro,shop,discovered,no,0,https://www.gsmzone.ro
Romania,magazin-gsm.ro,shop,login-gated,YES,0,https://magazin-gsm.ro/index.php/inlocuire-display-iphone/
Romania,magazingsm.ro,shop,login-gated,YES,0,https://www.magazingsm.ro/
Romania,megamobile.ro,shop,priced,YES,5,https://megamobile.ro/
Romania,mobitel.ro,shop,login-gated,YES,0,https://www.mobitel.ro/inlocuire-display-iphone/
Romania,moka-gsm.ro,shop,priced,YES,46,https://www.moka-gsm.ro/display-uri-si-touchscreen-uri
Romania,montgsm.ro,shop,discovered,no,0,https://www.montgsm.ro/
Romania,onlaptop.ro,shop,discovered,no,0,https://www.onlaptop.ro/service-iphone
Romania,pegsm.ro,shop,login-gated,YES,0,https://pegsm.ro
Romania,piesegsm.ro,shop,discovered,no,0,https://www.piesegsm.ro/
Romania,powerlaptop.ro,shop,priced,YES,18,https://powerlaptop.ro/categories/piese-telefon/display-telefon/display-iphone
Romania,prestigegsm.ro,shop,login-gated,YES,0,https://prestigegsm.ro/inlocuire-display/
Romania,protableta.ro,shop,priced,YES,20,https://www.protableta.ro/
Romania,radicalservice.ro,shop,login-gated,YES,0,https://radicalservice.ro/reparatii/ecran-spart-iphone/
Romania,rapidgsm.ro,shop,priced,no,38,https://www.rapidgsm.ro/
Romania,remogsm.ro,buyback,login-gated,YES,0,https://remogsm.ro/apple-iphone/24-cumparam-display-iphone-cu-geamul-spart-crapat.html
Romania,servicegsm.ro,shop,login-gated,YES,0,https://www.servicegsm.ro/
Romania,servicegsmconstanta.ro,shop,login-gated,YES,0,https://www.servicegsmconstanta.ro
Romania,smeugsm.ro,shop,priced,YES,1,https://smeugsm.ro/produs/display-iphone-x-original-inlocuire-profesionala-smeugsm/
Romania,vipgsm.ro,shop,discovered,no,0,https://www.vipgsm.ro/
Romania,yzzy.ro,shop,login-gated,YES,0,https://yzzy.ro/categorie/piese-originale-telefon/piese-iphone/display-iphone/
Serbia,appleservis.rs,shop,login-gated,YES,0,https://www.appleservis.rs/iphone-zamena-popravka-ekrana/
Serbia,appleservisbgd.com,buyback,discovered,no,0,https://www.appleservisbgd.com/iphone-servis.php
Serbia,arenamobile.rs,shop,login-gated,YES,0,https://arenamobile.rs/shop/zamena-ekrana/zamena-ekrana-displeja-iphone-15-pro-max/
Serbia,beomob.rs,shop,discovered,no,0,https://beomob.rs/rezervni-delovi-za-telefone/iphone/
Serbia,delovi.rs,shop,discovered,no,0,https://delovi.rs/
Serbia,duosmobil.rs,shop,priced,YES,3,https://www.duosmobil.rs/en/catalog/ekrani-za-iphone-47
Serbia,gsmdelovi.rs,shop,discovered,no,0,https://gsmdelovi.rs/
Serbia,iphone-srbija.com,shop,login-gated,YES,0,https://www.iphone-srbija.com/zamena-iphone-ekrana/
Serbia,lcd.rs,shop,discovered,no,0,https://lcd.rs/
Serbia,mobilnispajz.rs,shop,discovered,no,0,https://www.mobilnispajz.rs/rezervni-delovi
Serbia,mobilnisvet.rs,shop,discovered,no,0,https://mobilnisvet.rs/
Serbia,mobitel.rs,shop,priced,YES,1,https://mobitel.rs/iphone-14-rezervni-delovi/
Serbia,refurbished.eco,shop,login-gated,YES,0,https://refurbished.eco/kategorija-proizvoda/rezervni-delovi/
Serbia,servismobilnihtelefona.com,buyback,login-gated,YES,0,https://www.servismobilnihtelefona.com/otkup-ispravnih-lcd-ekrana-sa-slomljenim-staklom-ili-touch-screen-om/
Serbia,switchtel.net,shop,login-gated,YES,0,https://www.switchtel.net/zamena-iphone-displeja.php
Serbia,viper.rs,shop,login-gated,YES,0,https://www.viper.rs/sr/servis/zamena-ekrana/iphone/16
Slovakia,appleking.sk,shop,priced,no,3,https://www.appleking.sk/nahradne-diely-naradie
Slovakia,datesmobile.sk,buyback,discovered,no,0,https://www.datesmobile.sk/vykup-mobilov/
Slovakia,display.sk,shop,priced,no,9,https://www.display.sk/diely-pre-apple-iphone/
Slovakia,elektrolab.eu,shop,login-gated,YES,0,https://www.elektrolab.eu/apple-iphone-servis-oprava-nahradne-diely-kosice/254.html
Slovakia,engaro.sk,shop,priced,no,12,https://www.engaro.sk/p/apple-iphone-13-displej-dotykove-sklo-ram-incell
Slovakia,fixservis.sk,shop,priced,no,28,https://www.fixservis.sk/nahradne-displeje-iphone/
Slovakia,gsm-shop.sk,shop,discovered,no,0,https://www.gsm-shop.sk/predaj/nahradne-diely/lcd-displeje/
Slovakia,gsm-suciastky.sk,shop,discovered,no,0,https://www.gsm-suciastky.sk/iphone/
Slovakia,gsmnet.sk,shop,priced,no,1,https://www.gsmnet.sk/collections/displejovy-modul-1
Slovakia,iguru.sk,shop,priced,no,15,https://www.iguru.sk/diely-iphone/
Slovakia,iphonekosice.sk,shop,login-gated,YES,0,https://iphonekosice.sk/
Slovakia,iphoneopravake.sk,shop,login-gated,YES,0,https://iphoneopravake.sk/
Slovakia,jobphone.eu,buyback,discovered,no,0,https://jobphone.eu/vykup/vykup-lcd-displejov/
Slovakia,konzoly-store.sk,shop,discovered,no,0,https://www.konzoly-store.sk/c/apple-iphone-prislusenstvo-nahradne-diely-servis
Slovakia,lcdpartner.com,shop,priced,no,4,https://lcdpartner.com/sk/
Slovakia,mironetcz.sk,shop,priced,no,35,https://www.mironetcz.sk/nahradne-diely-pre-telefony/apple+c27273/
Slovakia,mobil-gsm.sk,shop,discovered,no,0,https://www.mobil-gsm.sk/
Slovakia,mobilnezariadenia.sk,shop,discovered,no,0,https://www.mobilnezariadenia.sk/kategoria/nahradne-diely-pre-telefony-apple
Slovakia,mobilonline.sk,buyback,discovered,no,0,https://www.mobilonline.sk/stranka/vykup-telefonov
Slovakia,pcexpres.sk,shop,priced,no,4,https://www.pcexpres.sk/nahradne-diely-na-mobilny-telefon-iphone/
Slovakia,phonemasters.sk,buyback,discovered,no,0,https://www.phonemasters.sk/vykup-predaj-prenajom/
Slovakia,servisnediely.sk,shop,priced,no,23,https://www.servisnediely.sk/Servisne-diely/Apple/iPhone/
Slovakia,slovitservis.sk,shop,discovered,no,0,https://www.slovitservis.sk/sk/c/servis/servis-mobilov/servis-iphone
Slovakia,smartstores.sk,shop,priced,no,7,https://www.smartstores.sk/
Slovakia,vykupdisplejov.sk,buyback,priced,no,40,https://vykupdisplejov.sk/
Slovakia,vykupiphone.sk,buyback,priced,no,12,https://www.vykupiphone.sk/
Slovakia,xmobil.sk,shop,priced,no,1,https://www.xmobil.sk/50-displej-a-dotykove-sklo-pre-iphone-
Slovenia,appleking.si,shop,priced,no,1,https://www.appleking.si/prikaze
Slovenia,appleservis.si,shop,discovered,no,0,https://appleservis.si/product-category/rezervni-deli/
Slovenia,asbit.si,shop,discovered,no,0,https://www.asbit.si/rezervni-deli-za-telefone
Slovenia,deli-gsm.si,shop,discovered,no,0,https://deli-gsm.si/
Slovenia,idoktor.si,shop,discovered,no,0,https://idoktor.si/
Slovenia,lcd.si,shop,discovered,no,0,https://lcd.si/
Slovenia,megashop.si,shop,discovered,no,0,https://www.megashop.si/c/c40300-OPREMA-ZA-APPLE-IPHONE
Slovenia,mobilego.si,shop,discovered,no,0,https://www.mobilego.si/eshop/telefoni-dodatki/rezervni-deli/386.htm
Slovenia,mobilob.si,shop,discovered,no,0,https://mobilob.si/
Slovenia,mobitrgovina.com,shop,discovered,no,0,https://mobitrgovina.com/rubrika/oprema-za-mobilne-aparate-in-tablice/lcd-display-touch-screen/
Slovenia,nezavrzi.si,shop,discovered,no,0,https://www.nezavrzi.si/blagovne-znamke/apple
Slovenia,outletshop.si,shop,priced,no,11,https://www.outletshop.si/Telefonija/LCD-zasloni-za-telefone/
Slovenia,prodajko.si,shop,discovered,no,0,https://www.prodajko.si/c/tablice-in-telefoni/rezervni-deli
Slovenia,servis-gsm-pc.si,shop,discovered,no,0,https://servis-gsm-pc.si/prodaja/
Slovenia,wiservice.si,shop,login-gated,YES,0,https://www.wiservice.si/pages/frontpage
Spain,achrafellatifi.es,shop,login-gated,YES,0,https://achrafellatifi.es/
Spain,androgeek.es,shop,priced,no,26,https://androgeek.es/
Spain,armanax.com,buyback,discovered,no,0,https://www.armanax.com/compro-iphones-rotos-o-bloqueados.html
Spain,aseuropa.com,shop,discovered,no,0,https://www.aseuropa.com/productos/buscar/all?f=87&gf=9&sf=305
Spain,cashconverters.es,buyback,discovered,no,0,https://www.cashconverters.es
Spain,celuinfo.com,shop,discovered,no,0,https://www.celuinfo.com/
Spain,celularb2b.com,shop,login-gated,YES,0,https://celularb2b.com/es/
Spain,chipiphone.com,buyback,discovered,no,0,https://chipiphone.com/compra-de-pantallas-rotas/
Spain,chipiphone.es,buyback,discovered,no,0,https://chipiphone.es/compra-de-pantallas-rotas/
Spain,clonixstore.com,shop,discovered,no,0,https://www.clonixstore.com/es/pantallas-iphone
Spain,componentesmovil.es,shop,priced,no,5,https://www.componentesmovil.es/
Spain,compramostumovil.com,buyback,discovered,no,0,https://www.compramostumovil.com
Spain,compramostupantalla.es,buyback,discovered,no,0,https://compramostupantalla.es/
Spain,comprapantallas.es,buyback,discovered,no,0,https://comprapantallas.es/vender-pantallas-iphone
Spain,comprotupantalla.com,buyback,discovered,no,0,https://www.comprotupantalla.com/vender-pantallas-iphone
Spain,coolaccesorios.com,shop,login-gated,YES,0,https://www.coolaccesorios.com/en/
Spain,cvt-srvi.com,shop,login-gated,YES,0,https://www.cvt-srvi.com/pantalla/iphone/
Spain,discoazul.com,shop,login-gated,YES,0,https://www.discoazul.com/repuestos-iphone/
Spain,futursat.com,shop,discovered,no,0,https://futursat.com/repuestos-moviles/
Spain,gsmparts.es,shop,discovered,no,0,https://www.gsmparts.es/pantallas-iphone
Spain,gsmrecambios.com,shop,discovered,no,0,https://www.gsmrecambios.com/es/pantallas-apple-iphone
Spain,gsmspain.com,shop,discovered,no,0,https://www.gsmspain.com
Spain,i2cmayorista.com,shop,discovered,no,0,https://www.i2cmayorista.com/
Spain,ilevante.com,shop,priced,no,46,https://www.ilevante.com/
Spain,impextrom.com,shop,priced,no,15,https://impextrom.com/es
Spain,iphoneweb.es,shop,priced,no,39,https://iphoneweb.es/
Spain,jcaccesorios.es,shop,login-gated,YES,0,https://www.jcaccesorios.es/
Spain,klicfon.com,shop,priced,no,3,https://klicfon.com/24-apple
Spain,mobilex.es,shop,priced,no,10,https://mobilex.es/es/
Spain,movertis.com,shop,discovered,no,0,https://www.movertis.com/es/711-pantallas-iphone
Spain,movilcrack.com,shop,discovered,no,0,https://www.movilcrack.com/es/pantallas-iphone
Spain,moviliario.es,shop,priced,no,16,https://moviliario.es/content/8-profesionales
Spain,movilrepuestos.es,shop,login-gated,YES,0,https://movilrepuestos.es/
Spain,pantallarota.es,shop,priced,YES,1,https://pantallarota.es/product/pantalla-iphone-x-iphone-xs/
Spain,pantallasrotas.es,buyback,discovered,no,0,https://www.pantallasrotas.es/vender-pantalla-iphone
Spain,pcmadrid.es,shop,login-gated,YES,0,https://www.pcmadrid.es/reparar-iphone-en-madrid/
Spain,pcycopy.com,shop,discovered,no,0,https://www.pcycopy.com/189-repuestos-iphone
Spain,phoncomponents.com,shop,discovered,no,0,https://www.phoncomponents.com/es/pantallas-iphone
Spain,phoneparts.es,shop,discovered,no,0,https://www.phoneparts.es
Spain,phonetronic.es,buyback,discovered,no,0,https://phonetronic.es/reciclaje-compra-de-pantallas-con-cristal-roto/
Spain,preciosadictos.com,shop,priced,no,62,https://www.preciosadictos.com/repuestos-iphone-c-32538_32814.html
Spain,recambiogsm.com,shop,discovered,no,0,https://www.recambiogsm.com/es/pantallas-iphone
Spain,recambiosespana.com,shop,discovered,no,0,https://www.recambiosespana.com/pantallas-iphone
Spain,recyclia.es,buyback,discovered,no,0,https://recyclia.es/comprar-pantallas-iphone
Spain,removiles.com,buyback,discovered,no,0,https://www.removiles.com/recompra-pantallas
Spain,reparapp.es,shop,discovered,no,0,https://reparapp.es/categoria-producto/repuestos/iphone/
Spain,reparotumanzana.es,buyback,discovered,no,0,https://stopandclick.reparotumanzana.es/
Spain,repuestoinformatico.com,shop,priced,no,5,https://www.repuestoinformatico.com/
Spain,repuestosfuentes.es,shop,priced,no,84,https://www.repuestosfuentes.es/6-repuestos-iphone
Spain,repuestosmovil.es,shop,login-gated,YES,0,https://repuestosmovil.es/
Spain,repuestosmoviles.com,shop,discovered,no,0,https://www.repuestosmoviles.com/pantallas-iphone
Spain,repuestosparatumovil.es,shop,priced,no,9,https://repuestosparatumovil.es/
Spain,repuestostic.com,shop,priced,no,49,https://www.repuestostic.com/es/repuestos-iphone-reparar-5
Spain,screensat.net,buyback,discovered,no,0,https://www.screensat.net/
Spain,screensenterprise.com,shop,login-gated,YES,0,https://screensenterprise.com/es
Spain,servifone.es,shop,discovered,no,0,https://www.servifone.es/pantallas-iphone
Spain,servifonia.com,shop,discovered,no,0,https://www.servifonia.com/es/74-pantallas-iphone
Spain,serviphone.net,shop,priced,no,10,https://www.serviphone.net/
Spain,smartgrade.es,buyback,discovered,no,0,https://smartgrade.es/
Spain,spainsellers.com,shop,priced,no,5,https://spainsellers.com
Spain,spidersystem.es,shop,discovered,no,0,https://spidersystem.es/42-venta-de-todos-los-repuestos-para-tu-reparacion-/
Spain,stopandclick.es,buyback,discovered,no,0,https://www.stopandclick.es/reparacion-y-reciclaje-de-pantallas/
Spain,terrerosimport.es,shop,login-gated,YES,0,https://www.terrerosimport.es/repuestos-iphone
Spain,todopiezas.es,shop,discovered,no,0,https://todopiezas.es/pantallas-iphone
Spain,topyet.com,buyback,priced,no,6,https://es.topyet.com/
Spain,utopia-distribucion.com,shop,discovered,no,0,https://www.utopia-distribucion.com/es/
Spain,utopya.es,shop,discovered,no,0,https://www.utopya.es/es/2372-pantallas-iphone
Spain,vidasmoviles.com,shop,discovered,no,0,https://www.vidasmoviles.com/pantallas-iphone
Spain,webuy.com,buyback,discovered,no,0,https://es.webuy.com
Sweden,24.se,shop,priced,no,52,https://www.24.se/mobiltillbehor/reservdelar/apple
Sweden,billigteknik.se,shop,discovered,no,0,https://www.billigteknik.se/618-reservdelar
Sweden,elektronikskrot.se,buyback,discovered,no,0,https://elektronikskrot.se/
Sweden,fhr.se,shop,priced,no,21,https://fhr.se/
Sweden,fixdelar.se,shop,priced,no,6,https://fixdelar.se/
Sweden,fixiphone.se,shop,discovered,no,0,https://www.fixiphone.se/laga-iphone-umea/
Sweden,fixmyphone.se,shop,login-gated,YES,0,https://fixmyphone.se/iphone-reservdelar/
Sweden,fonline.se,buyback,discovered,no,0,https://www.fonline.se/salj-iphone-skarmar/
Sweden,g-sp.se,shop,priced,YES,27,https://www.g-sp.se/privat/mobilreservdelar/apple/iphone-reservdelar-original.html
Sweden,gsmdelar.se,shop,discovered,no,0,https://gsmdelar.se/iphone
Sweden,happyphone.se,shop,login-gated,YES,0,https://happyphone.se/laga-iphone/
Sweden,ixpress.se,shop,login-gated,YES,0,https://ixpress.se/reservdelar/apple/skarmar
Sweden,lagaiphone.se,shop,priced,no,9,https://lagaiphone.se/
Sweden,nordicbox.se,buyback,discovered,no,0,https://www.nordicbox.se/artiklar/2018/mar/salj-din-trasiga-iphone-skarm-for-pengar/
Sweden,nordviks.se,shop,priced,YES,7,https://nordviks.se
Sweden,nyadelar.se,shop,discovered,no,0,http://www.nyadelar.se/iphone-reservdelar
Sweden,phoneix.se,shop,discovered,no,0,https://phoneix.se/reservdelar/iphone/iphone-x/
Sweden,prylify.se,shop,discovered,no,0,https://prylify.se/info/grossistforsaljning-b2b/
Sweden,recycletroop.com,buyback,priced,YES,10,https://recycletroop.com/broken-screens/
Sweden,reuseit.se,buyback,discovered,no,0,https://reuseit.se/produkter/iphones/
Sweden,rey.se,shop,discovered,no,0,https://rey.se/
Sweden,smartparts.se,shop,priced,YES,7,https://smartparts.se/
Sweden,soldfy.se,shop,discovered,no,0,https://soldfy.se/reservdelar/mobilreservdelar/iphone
Sweden,swedmobil.se,shop,discovered,no,0,https://www.swedmobil.se/
Sweden,teknikdelar.se,shop,priced,no,17,https://www.teknikdelar.se/kategori/mobilreservdelar/iphone-reservdelar
Sweden,teknikhouse.se,shop,priced,no,28,https://teknikhouse.se/mobilreservdelar/apple/iphone-11/
Sweden,xiphone.se,shop,discovered,no,0,https://xiphone.se/
Switzerland,alphaphone.ch,shop,discovered,no,0,https://www.alphaphone.ch/
Switzerland,apfelkiste.ch,shop,login-gated,YES,0,https://www.apfelkiste.ch/zubehor/ersatzteile/ersatzdisplay.html
Switzerland,apfelwelt.ch,shop,discovered,no,0,https://www.apfelwelt.ch/
Switzerland,appleladen.ch,shop,login-gated,YES,0,https://www.appleladen.ch/store/ersatzteile/ersatzteile-fuer-iphone
Switzerland,b2bspares.ch,shop,login-gated,YES,0,https://b2bspares.ch/en/
Switzerland,doctorphone.ch,shop,priced,YES,2,https://www.doctorphone.ch/
Switzerland,ferryxpress.ch,shop,priced,YES,6,https://ferryxpress.ch/collections/iphone-ersatzteile
Switzerland,havetime.ch,shop,discovered,no,0,https://www.havetime.ch/en/iphone/iphone-display-lcd/
Switzerland,idigit.ch,shop,discovered,no,0,https://www.idigit.ch/product-category/apple-ersatzteile/iphone-ersatzteile/
Switzerland,ielectro.ch,shop,login-gated,YES,0,https://www.ielectro.ch/ersatzteile/
Switzerland,ireparatur.ch,buyback,discovered,no,0,https://www.ireparatur.ch/verkaufen/
Switzerland,lcdankauf.ch,buyback,discovered,no,0,https://www.lcdankauf.ch/
Switzerland,mobilegsm.ch,shop,login-gated,YES,0,https://mobilegsm.ch/de/
Switzerland,mobileparts.ch,shop,priced,YES,29,https://www.mobileparts.ch/iphone-ersatzteile
Switzerland,phonedepot.ch,shop,priced,YES,4,https://phonedepot.ch/de/
Switzerland,phonelook.ch,shop,discovered,no,0,https://www.phonelook.ch/fr/pieces-detachees
Switzerland,repairstore.ch,shop,discovered,no,0,https://www.repairstore.ch
Switzerland,revendo.ch,buyback,login-gated,YES,0,https://www.revendo.ch
Switzerland,waea.ch,shop,discovered,no,0,https://www.waea.ch/ersatzteile
UK,bfix.co.uk,shop,discovered,no,0,https://www.bfix.co.uk/
UK,bigphonestore.co.uk,buyback,discovered,no,0,https://www.bigphonestore.co.uk/sell-my-phone
UK,boostgadgets.co.uk,buyback,discovered,no,0,https://www.boostgadgets.co.uk/sell-broken-screens
UK,brokenlcdbuyer.com,buyback,discovered,no,0,https://www.brokenlcdbuyer.com/
UK,cashforbrokenscreens.co.uk,buyback,discovered,no,0,https://cashforbrokenscreens.co.uk/
UK,clappingtons.co.uk,shop,discovered,no,0,https://www.clappingtons.co.uk
UK,clove.co.uk,shop,discovered,no,0,https://www.clove.co.uk/
UK,completefone.com,shop,login-gated,YES,0,https://www.completefone.com/lcd-screens-parts/apple.html
UK,consoleandgadgets.co.uk,shop,discovered,no,0,https://www.consoleandgadgets.co.uk/store/iphone-parts.html
UK,dfw-uk.com,shop,discovered,no,0,https://www.dfw-uk.com/spare-parts/apple/iphone
UK,digi4u.co.uk,shop,discovered,no,0,https://www.digi4u.co.uk/spare-parts/iphone-parts
UK,digibitz.co.uk,shop,discovered,no,0,https://www.digibitz.co.uk/
UK,easylcd.co.uk,buyback,discovered,no,0,https://www.easylcd.co.uk/price-list
UK,envirofone.com,buyback,discovered,no,0,https://www.envirofone.com/en-gb/sell
UK,esourceparts.co.uk,shop,discovered,no,0,https://esourceparts.co.uk/product-category/iphone-parts/
UK,esystems.co.uk,shop,discovered,no,0,https://www.esystems.co.uk/
UK,fixmybrokenscreen.co.uk,shop,discovered,no,0,https://trade.fixmybrokenscreen.co.uk/
UK,fonefunshop.co.uk,shop,priced,no,6,https://www.fonefunshop.co.uk/
UK,fonefunshop.com,shop,priced,no,23,https://www.fonefunshop.com/collections/iphone-screens
UK,fonesavers.co.uk,buyback,discovered,no,0,https://www.fonesavers.co.uk/sell-broken-lcds
UK,gsmmobile.co.uk,shop,priced,no,32,https://www.gsmmobile.co.uk/iphone-parts
UK,gtparts.co.uk,shop,discovered,no,0,https://www.gtparts.co.uk/
UK,iparts-4u.co.uk,shop,priced,YES,34,https://www.iparts-4u.co.uk/iphone-screens
UK,iparts4u.co.uk,shop,discovered,no,0,https://www.iparts4u.co.uk
UK,iphonespares.co.uk,shop,discovered,no,0,https://www.iphonespares.co.uk/
UK,iscreens.co.uk,shop,priced,no,2,https://www.iscreens.co.uk/iphone-screens
UK,ishine-trade.com,shop,priced,no,9,https://ishine-trade.com/product-category/all-iphone-screens/
UK,itrecyclinguk.com,buyback,discovered,no,0,https://www.itrecyclinguk.com/sell-broken-screens
UK,lcdbuyer.co.uk,buyback,discovered,no,0,https://lcdbuyer.co.uk/sell-broken-lcd-screens-online/
UK,lcdcycle.com,buyback,discovered,no,0,https://www.lcdcycle.com
UK,lltrader.com,shop,priced,no,47,https://www.lltrader.com/
UK,macfixit.co.uk,shop,discovered,no,0,https://www.macfixit.co.uk
UK,mazumamobile.com,buyback,discovered,no,0,https://www.mazumamobile.com/
UK,mendmyi.com,shop,discovered,no,0,https://www.mendmyi.com/spare-parts/iphone-parts
UK,mobilebitz.co.uk,shop,priced,no,16,https://www.mobilebitz.co.uk/
UK,mobilepart.co.uk,buyback,discovered,no,0,https://www.mobilepart.co.uk/sell-broken-lcds
UK,mobileparts.co.uk,shop,discovered,no,0,https://www.mobileparts.co.uk/
UK,mobilesentrix.co.uk,shop,priced,no,150,https://www.mobilesentrix.co.uk/replacement-parts/apple/iphone-parts/all-iphone-lcds
UK,mobiodistribution.co.uk,shop,login-gated,YES,0,https://mobiodistribution.co.uk/
UK,mrmobileuk.com,shop,discovered,no,0,https://mrmobileuk.com/
UK,musicmagpie.co.uk,buyback,discovered,no,0,https://www.musicmagpie.co.uk/sell/mobile-phones
UK,myfonefix.co.uk,shop,login-gated,YES,0,https://www.myfonefix.co.uk/
UK,perfect-phone.co.uk,shop,priced,no,19,https://www.perfect-phone.co.uk/iphone-parts
UK,phoneparts.co.uk,shop,discovered,no,0,https://phoneparts.co.uk/category/mobile-phone-parts/
UK,phonerepairspares.com,shop,discovered,no,0,https://www.phonerepairspares.com/iphone
UK,phonestockuk.com,shop,discovered,no,0,https://phonestockuk.com/
UK,pulledparts.co.uk,shop,priced,no,11,https://pulledparts.co.uk/product-category/iphone-parts
UK,puremobile.co.uk,shop,discovered,no,0,https://www.puremobile.co.uk/iphone-parts
UK,rapidrepair.co.uk,shop,discovered,no,0,https://www.rapidrepair.co.uk/parts/iphone-parts.html
UK,repairoutlet.co.uk,shop,discovered,no,0,https://www.repairoutlet.co.uk/apple-iphone-parts
UK,repairsuniverse.co.uk,shop,discovered,no,0,https://www.repairsuniverse.co.uk/
UK,replacebase.co.uk,shop,priced,no,2,https://www.replacebase.co.uk/iphone-parts
UK,revivelondononline.co.uk,shop,discovered,no,0,https://www.revivelondononline.co.uk/iphone-parts
UK,rewatechnology.com,shop,discovered,no,0,https://www.rewatechnology.com/iphone-lcd
UK,rrmobiles.co.uk,shop,discovered,no,0,https://www.rrmobiles.co.uk/
UK,screen-doctor.co.uk,buyback,priced,no,14,https://www.screen-doctor.co.uk/lcd-buyback-sell-screens/
UK,screensrefurbished.co.uk,buyback,discovered,no,0,https://screensrefurbished.co.uk/sell-cracked-screens/
UK,sellbrokenlcd.co.uk,buyback,discovered,no,0,https://sellbrokenlcd.co.uk/
UK,sellbrokenlcds.co.uk,buyback,discovered,no,0,https://www.sellbrokenlcds.co.uk/price-list
UK,sellbrokenphonescreen.co.uk,buyback,discovered,no,0,https://sellbrokenphonescreen.co.uk/
UK,simplyfixit.co.uk,shop,login-gated,YES,0,https://www.simplyfixit.co.uk/
UK,smartgrade.com,buyback,discovered,no,0,https://smartgrade.com/screen-buyback-pricing/
UK,starphoneparts.com,shop,priced,no,26,https://www.starphoneparts.com/iphone-parts
UK,tabtekuk.com,shop,discovered,no,0,https://tabtekuk.com/
UK,tecspares.com,shop,priced,no,7,https://www.tecspares.com/iphone-parts
UK,thepartsuniverse.co.uk,shop,discovered,no,0,https://www.thepartsuniverse.co.uk/apple-iphone
UK,therepairplus.com,shop,priced,no,22,https://therepairplus.com/
UK,thescreensurgery.com,shop,priced,no,55,https://thescreensurgery.com/pages/mobile-phone-parts-supplier-the-screen-surgery
UK,totalparts.co.uk,shop,discovered,no,0,https://www.totalparts.co.uk/
UK,twhouse.co.uk,shop,priced,no,52,https://www.twhouse.co.uk/mobile-phone-screens-lcd/
UK,vodex.co.uk,shop,discovered,no,0,https://www.vodex.co.uk/iphone-parts
UK,webuybrokenlcds.co.uk,buyback,discovered,no,0,https://www.webuybrokenlcds.co.uk/price-list
UK,webuybrokenphones.co.uk,buyback,discovered,no,0,https://www.webuybrokenphones.co.uk/
UK,webuylcds.co.uk,buyback,priced,YES,8,https://webuylcds.co.uk/sell-us-your-apple-and-samsung-lcd-displays/
UK,wsparts.co.uk,shop,discovered,no,0,https://www.wsparts.co.uk/iphone-screens
Ukraine,brain.com.ua,shop,discovered,no,0,https://brain.com.ua/ukr/Zapchastini_dlya_telefoniv-c1088/
Ukraine,gsmshop.com.ua,shop,discovered,no,0,https://gsmshop.com.ua/
Ukraine,mobileplanet.ua,shop,discovered,no,0,https://mobileplanet.ua/
