Site,Country,Model,Type,Price,Currency,ExclVAT,Login,URL
24hshop.fr,France,iPhone 11,aftermarket-incell,29.5,EUR,24.58,no,https://24hshop.fr/verre-multi-touch-incell-iphone-11-a2111-apple-lcd-premium-smartphone-touch-remplacement-ecran-cristaux-liquides-itrucolor-2416.html
24hshop.fr,France,iPhone 11 Pro,aftermarket-oled,75.98,EUR,63.32,no,https://24hshop.fr/ecran-sur-chassis-iphone-11-pro-a2160-soft-oled-apple-original-super-retina-58-pouces-vitre-smartphone-true-tone-complet-2774.html
24hshop.fr,France,iPhone 11 Pro,aftermarket-oled,75.98,EUR,63.32,no,https://24hshop.fr/vitre-tactile-multi-touch-soft-oled-iphone-11-pro-apple-a2215-original-touch-remplacement-ecran-verre-sur-chassis-complet-assemb-2785.html
24hshop.fr,France,iPhone 11 Pro Max,aftermarket-oled,75.98,EUR,63.32,no,https://24hshop.fr/ecran-verre-multi-touch-soft-oled-apple-iphone-11-pro-max-a2218-original-smartphone-3d-touch-remplacement-kit-assemble-chassis-2840.html
24hshop.fr,France,iPhone XR,aftermarket-incell,68.98,EUR,57.48,no,https://24hshop.fr/ecran-lcd-sur-chassis-iphone-xr-incell-apple-premium-super-retina-61-in-vitre-smartphone-affichage-true-tone-cristaux-liquides-2454.html
24hshop.fr,France,iPhone XR,aftermarket-incell,68.98,EUR,57.48,no,https://24hshop.fr/lcd-iphone-xr-a1984-ecran-incell-apple-premium-super-retina-61-pouces-vitre-smartphone-affichage-true-tone-cristaux-liquides-2381.html
24hshop.fr,France,iPhone XS,aftermarket-oled,55.98,EUR,46.65,no,https://24hshop.fr/verre-tactile-iphone-xs-soft-oled-qualite-ecran-a2097-original-reparation-smartphone-affichage-true-tone-hd-super-retina-58-in-2688.html
24hshop.fr,France,iPhone XS,aftermarket-oled,55.98,EUR,46.65,no,https://24hshop.fr/iphone-xs-a2099-ecran-soft-oled-apple-original-super-retina-58-pouces-vitre-smartphone-assemblee-affichage-complet-true-tone-2728.html
24hshop.fr,France,iPhone XS,aftermarket-oled,55.98,EUR,46.65,no,https://24hshop.fr/ecran-tactile-iphone-xs-verre-multi-touch-soft-oled-apple-original-3d-touch-remplacement-hdr-qualite-vitre-oleophobe-sur-chassis-2666.html
24hshop.fr,France,iPhone XS,aftermarket-oled,55.98,EUR,46.65,no,https://24hshop.fr/vitre-tactile-ecran-sur-chassis-complet-assemble-iphone-xs-verre-multi-touch-soft-oled-apple-original-3d-touch-kit-remplacement-2669.html
24hshop.fr,France,iPhone XS,aftermarket-oled,55.98,EUR,46.65,no,https://24hshop.fr/super-retina-58-pouces-apple-a2098-iphone-xs-soft-oled-vitre-original-smartphone-affichage-true-tone-changer-ecran-lg-oleophobe-2707.html
24hshop.fr,France,iPhone XS,aftermarket-incell,29.5,EUR,24.58,no,https://24hshop.fr/ecran-lcd-sur-chassis-verre-multi-touch-incell-apple-iphone-xs-premium-smartphone-3d-touch-remplacement-cristaux-liquides-hdr-2474.html
24hshop.fr,France,iPhone XS,aftermarket-oled,55.98,EUR,46.65,no,https://24hshop.fr/vitre-tactile-multi-touch-soft-oled-iphone-xs-apple-a2098-original-touch-remplacement-ecran-verre-sur-chassis-complet-assemble-2710.html
24hshop.fr,France,iPhone XS Max,aftermarket-incell,39.5,EUR,32.92,no,https://24hshop.fr/super-retina-65-pouces-apple-iphone-xs-max-in-cell-vitre-premium-smartphone-affichage-true-tone-changer-ecran-lcd-lg-hdr-oleoph-2510.html
24hshop.fr,France,iPhone XS Max,aftermarket-oled,65.98,EUR,54.98,no,https://24hshop.fr/ecran-soft-oled-verre-multi-touch-apple-iphone-xs-max-a2104-original-smartphone-3d-touch-remplacement-hdr-oleophobe-2961.html
24hshop.fr,France,iPhone XS Max,aftermarket-oled,65.98,EUR,54.98,no,https://24hshop.fr/vitre-tactile-ecran-soft-oled-iphone-xs-max-a2103-apple-original-super-retina-65-pouces-smartphone-affichage-true-tone-2956.html
4repair.pl,Poland,iPhone 14 Plus,aftermarket-soft-oled,449.4,PLN,365.37,no,https://4repair.pl/zamiennik-jcid-wyswietlacz-soft-oled-apple-iphone-14-plus-programowalny-true-tone-bez-komunikatu-p-1797.html
4repair.pl,Poland,iPhone 14 Plus,aftermarket-soft-oled,490.35,PLN,398.66,no,https://4repair.pl/zamiennik-ncc-wyswietlacz-soft-oled-apple-iphone-14-plus-p-1790.html
4repair.pl,Poland,iPhone 14 Pro,aftermarket-soft-oled,640.49,PLN,520.72,no,https://4repair.pl/zamiennik-apl-wyswietlacz-soft-oled-apple-iphone-14-pro-run-diagnostic-original-size-bez-komunikatu-p-2972.html
4repair.pl,Poland,iPhone 16,aftermarket-soft-oled,682.49,PLN,554.87,no,https://4repair.pl/zamiennik-apl-wyswietlacz-soft-oled-apple-iphone-16-run-diagnostic-original-size-bez-komunikatu-p-2969.html
a-parts.com.pl,Poland,iPhone 13 Pro,aftermarket-incell,128.26,PLN,104.28,no,"https://www.a-parts.com.pl/produkty/wyswietlacz-lcd-ekran-dotykowy-do-iphone-13-pro,3,32499,43472"
a-parts.com.pl,Poland,iPhone 13 Pro,aftermarket-oled,282.53,PLN,229.7,no,"https://www.a-parts.com.pl/produkty/wyswietlacz-lcd-ekran-dotykowy-dd-iphone-13-pro,3,32499,43364"
a-parts.com.pl,Poland,iPhone 13 Pro,aftermarket-incell,128.26,PLN,104.28,no,"https://www.a-parts.com.pl/produkty/wyswietlacz-lcd-ekran-dotykowy-do-iphone-13-pro,3,32499,43472"
a-parts.com.pl,Poland,iPhone 13 Pro,aftermarket-oled,282.53,PLN,229.7,no,"https://www.a-parts.com.pl/produkty/wyswietlacz-lcd-ekran-dotykowy-dd-iphone-13-pro,3,32499,43364"
a-parts.com.pl,Poland,iPhone 13 Pro Max,aftermarket-incell,125.71,PLN,102.2,no,"https://www.a-parts.com.pl/produkty/wyswietlacz-lcd-ekran-dotykowy-iphone-13-pro-inc,3,32499,40866"
a-parts.com.pl,Poland,iPhone 13 Pro Max,aftermarket-oled,272.32,PLN,221.4,no,"https://www.a-parts.com.pl/produkty/wyswietlacz-lcd-ekran-dotykowy-iphone-13-pro,3,32499,40879"
a-parts.com.pl,Poland,iPhone 13 Pro Max,aftermarket-oled,240.45,PLN,195.49,no,"https://www.a-parts.com.pl/produkty/wyswietlacz-lcd-ekran-dotykowy-iphone-13-pro-max,3,32499,39799"
a-parts.com.pl,Poland,iPhone 13 Pro Max,aftermarket-incell,125.71,PLN,102.2,no,"https://www.a-parts.com.pl/produkty/wyswietlacz-lcd-ekran-dotykowy-iphone-13-pro-inc,3,32499,40866"
a-parts.com.pl,Poland,iPhone 13 Pro Max,aftermarket-oled,272.32,PLN,221.4,no,"https://www.a-parts.com.pl/produkty/wyswietlacz-lcd-ekran-dotykowy-iphone-13-pro,3,32499,40879"
a-parts.com.pl,Poland,iPhone 13 Pro Max,aftermarket-oled,240.45,PLN,195.49,no,"https://www.a-parts.com.pl/produkty/wyswietlacz-lcd-ekran-dotykowy-iphone-13-pro-max,3,32499,39799"
a-parts.com.pl,Poland,iPhone 14 Pro,aftermarket-incell,137.18,PLN,111.53,no,"https://www.a-parts.com.pl/produkty/wyswietlacz-lcd-ekran-dotykowy-do-iphone-14-pro,3,32499,43465"
a-parts.com.pl,Poland,iPhone 14 Pro,aftermarket-incell,119.33,PLN,97.02,no,"https://www.a-parts.com.pl/produkty/wyswietlacz-lcd-ekran-dotykowy-iphone-14-pro-inc,3,32499,40869"
a-parts.com.pl,Poland,iPhone 14 Pro,aftermarket-incell,112.96,PLN,91.84,no,"https://www.a-parts.com.pl/produkty/wyswietlacz-lcd-ekran-dotykowy-do-iphone-14-pro,3,32499,43466"
a-parts.com.pl,Poland,iPhone 14 Pro,aftermarket-incell,137.18,PLN,111.53,no,"https://www.a-parts.com.pl/produkty/wyswietlacz-lcd-ekran-dotykowy-do-iphone-14-pro,3,32499,43465"
a-parts.com.pl,Poland,iPhone 14 Pro,aftermarket-incell,119.33,PLN,97.02,no,"https://www.a-parts.com.pl/produkty/wyswietlacz-lcd-ekran-dotykowy-iphone-14-pro-inc,3,32499,40869"
a-parts.com.pl,Poland,iPhone 14 Pro,aftermarket-incell,112.96,PLN,91.84,no,"https://www.a-parts.com.pl/produkty/wyswietlacz-lcd-ekran-dotykowy-do-iphone-14-pro,3,32499,43466"
ab-mobiteli.com,Croatia,iPhone 15 Pro,aftermarket-lcd,399,EUR,319.2,no,https://ab-mobiteli.com/products/lcd-touch-okvir-apple-iphone-15-pro
ab-mobiteli.com,Croatia,iPhone 16 Pro Max,aftermarket-lcd,590,EUR,472.0,no,https://ab-mobiteli.com/products/lcd-touchscreen-orig-apple-iphone-16-pro-max
ab-mobiteli.com,Croatia,iPhone XS,aftermarket-oled,120,EUR,96.0,no,https://ab-mobiteli.com/products/lcd-touch-apple-iphone-xs-oled-nov
abraa.com,Austria,iPhone XS,aftermarket-gx,160,USD,133.33,YES,https://www.abraa.com/item/originalgx-oled-for-iphone-xs-lcd-display-touch-screen-digitizer-assembly-tested-no-dead-pixel-replacement-lcds-true-tone-727807
abraa.com,Austria,iPhone XS Max,aftermarket-gx,250,USD,208.33,YES,https://www.abraa.com/item/gx-oled-for-iphone-xs-max-lcd-display-touch-screen-digitizer-assembly-tested-no-dead-pixel-replacement-lcds-true-tone-727808
akmobilestore.com,Ireland,iPhone 13,aftermarket-soft-oled,55,EUR,44.72,YES,https://akmobilestore.com/shop/ncc-soft-oled-iphone-13-screen/
akmobilestore.com,Ireland,iPhone 13 Pro,aftermarket-soft-oled,60,EUR,48.78,YES,https://akmobilestore.com/shop/ncc-soft-oled-iphone-13-pro-screen/
akmobilestore.com,Ireland,iPhone 13 Pro Max,aftermarket-soft-oled,65,EUR,52.85,YES,https://akmobilestore.com/shop/ncc-soft-oled-iphone-13-pro-max-screen/
akmobilestore.com,Ireland,iPhone 14,aftermarket-soft-oled,60,EUR,48.78,YES,https://akmobilestore.com/shop/ncc-soft-oled-iphone-14-screen/
akmobilestore.com,Ireland,iPhone 14 Pro,aftermarket-soft-oled,75,EUR,60.98,YES,https://akmobilestore.com/shop/ncc-soft-oled-iphone-14-pro-screen/
akmobilestore.com,Ireland,iPhone 14 Pro Max,aftermarket-soft-oled,70,EUR,56.91,YES,https://akmobilestore.com/shop/ncc-soft-oled-iphone-14-pro-max-screen/
akmobilestore.com,Ireland,iPhone 15 Pro,aftermarket-soft-oled,70,EUR,56.91,YES,https://akmobilestore.com/shop/ncc-soft-oled-iphone-15-pro-screen/
akmobilestore.com,Ireland,iPhone 15 Pro Max,aftermarket-soft-oled,75,EUR,60.98,YES,https://akmobilestore.com/shop/ncc-soft-oled-iphone-15-pro-max-screen/
alphamobile.eu,Bulgaria,iPhone 16,aftermarket-incell,78,EUR,65.0,no,http://www.alphamobile.eu/iphone-16-lcd-display-zy-hd-plus
alphamobile.eu,Bulgaria,iPhone 16 Pro,aftermarket-incell,152.88,EUR,127.4,no,http://www.alphamobile.eu/iphone-16-pro-lcd-display-zy-hd-plus
alphamobile.eu,Bulgaria,iPhone 16 Pro,aftermarket-gx,79,EUR,65.83,no,http://www.alphamobile.eu/iphone-16-pro-oled-display-gx
alphamobile.eu,Bulgaria,iPhone 16 Pro,aftermarket-incell,43,EUR,35.83,no,http://www.alphamobile.eu/iphone-16-pro-incell-display-jh-hdplus
alphamobile.eu,Bulgaria,iPhone 16 Pro Max,aftermarket-gx,89,EUR,74.17,no,http://www.alphamobile.eu/iphone-16-pro-max-oled-display-gx
alphamobile.eu,Bulgaria,iPhone 16 Pro Max,aftermarket-incell,44,EUR,36.67,no,http://www.alphamobile.eu/iphone-16-pro-max-incell-display-jh-hdplus
amdetech.gr,Greece,iPhone 11 Pro Max,aftermarket-oled,89.97,EUR,72.56,no,https://www.amdetech.gr/apple-antallaktika/pulled-gnisio-antallaktiko-gia-iphone-11-pro-max-oled-display-and-touch-screen-digitizer-assembly-replacement-apple-grade-a/
amdetech.gr,Greece,iPhone 12 Pro Max,aftermarket-oled,159.97,EUR,129.01,no,https://www.amdetech.gr/apple-antallaktika/iphone-antallaktika-el/pulled-gnisio-antallaktiko-gia-iphone-12-pro-max-oled-display-and-touch-screen-digitizer-assembly-replacement-apple-grade-a/
amdetech.gr,Greece,iPhone 13 Pro Max,aftermarket-oled,189.97,EUR,153.2,no,https://www.amdetech.gr/apple-antallaktika/iphone-antallaktika-el/pulled-gnisio-antallaktiko-gia-iphone-13-pro-max-oled-display-and-touch-screen-digitizer-assembly-replacement-apple-grade-a/
amdetech.gr,Greece,iPhone 14 Pro Max,aftermarket-oled,259.97,EUR,209.65,no,https://www.amdetech.gr/apple-antallaktika/pulled-genuine-gnisia-iphone-14-pro-max-oled-othoni-lcd-and-afis-touch-screen-digitizer-antallaktiko-grade-a/
amdetech.gr,Greece,iPhone 15,aftermarket-oled,189.97,EUR,153.2,no,https://www.amdetech.gr/apple-antallaktika/iphone-antallaktika-el/pulled-genuine-gnisia-iphone-15-oled-othoni-and-afis-touch-screen-digitizer-antallaktiko-a-grade-el/
amdetech.gr,Greece,iPhone 16 Plus,aftermarket-oled,164.49,EUR,132.65,no,https://www.amdetech.gr/apple-antallaktika/iphone-antallaktika-el/pulled-genuine-gnisia-iphone-16-plus-oled-othoni-and-afis-touch-screen-digitizer-antallaktiko-d-grade/
appleparts.nl,Netherlands,iPhone 14 Pro Max,aftermarket-soft-oled,89,EUR,73.55,no,https://appleparts.nl/products/premium-soft-oled-scherm-voor-iphone-14-pro-max?_pos=1&_sid=433506182&_ss=r
appleparts.nl,Netherlands,iPhone 14 Pro Max,aftermarket-soft-oled,89,EUR,73.55,no,https://appleparts.nl/products/premium-soft-oled-scherm-voor-iphone-14-pro-max?_pos=1&_sid=433506182&_ss=r
appleparts.nl,Netherlands,iPhone 16 Pro Max,aftermarket-soft-oled,99.95,EUR,82.6,no,https://appleparts.nl/products/premium-soft-oled-120hz-scherm-voor-iphone-16-pro-max?_pos=10&_sid=433506182&_ss=r
appleparts.nl,Netherlands,iPhone 16 Pro Max,aftermarket-soft-oled,99.95,EUR,82.6,no,https://appleparts.nl/products/premium-soft-oled-120hz-scherm-voor-iphone-16-pro-max?_pos=9&_sid=433506182&_ss=r
bokmanev.com,Denmark,iPhone 11,aftermarket-lcd,19.99,EUR,15.99,no,https://www.bokmanev.com/products/bokman-for-iphone-11-black-lcd-screen-replacement-parts-display-assembly-front-panel?_pos=4&_sid=71bd2e7ea&_ss=r
bokmanev.com,Denmark,iPhone 12/12 Pro,aftermarket-lcd,29.99,EUR,23.99,no,https://www.bokmanev.com/products/bokman-for-iphone-12-12-pro-black-lcd-screen-replacement-parts-display-assembly-front-panel?_pos=21&_sid=71bd2e7ea&_ss=r
bokmanev.com,Denmark,iPhone X,aftermarket-oled,59.99,EUR,47.99,no,https://www.bokmanev.com/products/bokman-for-iphone-x-black-oled-screen-replacement-parts-display-assembly?_pos=2&_sid=71bd2e7ea&_ss=r
bokmanev.com,Denmark,iPhone X,aftermarket-lcd,19.99,EUR,15.99,no,https://www.bokmanev.com/products/bokman-for-iphone-x-lcd-black-screen-replacement-parts-display-assembly-front-panel?_pos=5&_sid=71bd2e7ea&_ss=r
bokmanev.com,Denmark,iPhone XS,aftermarket-lcd,19.99,EUR,15.99,no,https://www.bokmanev.com/products/bokman-for-iphone-xs-black-lcd-screen-replacement-parts-display-assembly-front-panel?_pos=1&_sid=71bd2e7ea&_ss=r
bokmanev.com,Denmark,iPhone XS Max,aftermarket-oled,89.99,EUR,71.99,no,https://www.bokmanev.com/products/bokman-for-iphone-xs-max-oled-black-screen-replacement-parts-display-assembly-front-panel?_pos=9&_sid=71bd2e7ea&_ss=r
bokmanev.com,Denmark,iPhone XS Max,aftermarket-lcd,27.99,EUR,22.39,no,https://www.bokmanev.com/products/bokman-for-iphone-xs-max-lcd-screen-replacement-parts-display-assembly-front-panel?_pos=15&_sid=71bd2e7ea&_ss=r
borcaden.nl,Netherlands,iPhone 11,aftermarket-lcd,125.95,EUR,104.09,YES,https://www.borcaden.nl/product/relacement-lcd-assembly-with-touch-screen-voor-apple-iphone-11-6-1i-black-gsm-apple-beeldscherm-digitizer/
borcaden.nl,Netherlands,iPhone X,aftermarket-lcd,94.95,EUR,78.47,YES,https://www.borcaden.nl/product/relacement-lcd-assembly-with-touch-screen-voor-apple-iphone-x-5-8i-black-gsm-apple-beeldscherm-digitizer/
brotech.it,Italy,iPhone 11,aftermarket-incell,13.66,EUR,11.2,no,https://brotech.it/2367-display-iphone-11-incell-zy.html
brotech.it,Italy,iPhone 11,aftermarket-incell,13.66,EUR,11.2,no,https://brotech.it/2367-display-iphone-11-incell-zy.html
cellparts.cz,Czechia,iPhone 11,aftermarket-lcd,449,CZK,371.07,YES,https://www.cellparts.cz/iphone-11-lcd-displej-s-dotykovou-vrstvou/
cellparts.cz,Czechia,iPhone 13,aftermarket-tft,749,CZK,619.01,YES,https://www.cellparts.cz/apple-iphone-13-lcd-displej-dotyk-tft/
cellphonepartscanada.com,Bulgaria,iPhone 17,aftermarket-incell,109.99,CAD,91.66,no,/products/iphone-17-high-quality-incell-screen-120hz?variant=44049049190443
componentidigitali.com,Italy,iPhone X,aftermarket-incell,11.05,EUR,9.06,no,https://www.componentidigitali.com/it/componenti-digitali-home-page/ricambi-per-cellulari-tablet/ricambi-per-apple-iphone/iphone-x/display-lcd-per-iphone-x-incell-zy-a-si-hd-.1.39.581.gp.33018.uw
componentidigitali.com,Italy,iPhone X,aftermarket-incell,12.75,EUR,10.45,no,https://www.componentidigitali.com/it/componenti-digitali-home-page/ricambi-per-cellulari-tablet/ricambi-per-apple-iphone/iphone-x/display-lcd-per-iphone-x-incell-zy-ffhd-.1.39.581.gp.41175.uw
componentidigitali.com,Italy,iPhone X,aftermarket-incell,14.15,EUR,11.6,no,https://www.componentidigitali.com/it/componenti-digitali-home-page/ricambi-per-cellulari-tablet/ricambi-per-apple-iphone/iphone-x/display-lcd-per-iphone-x-incell-zy-ltps-cog-.1.39.581.gp.15293.uw
componentidigitali.com,Italy,iPhone X,aftermarket-incell,11.05,EUR,9.06,no,https://www.componentidigitali.com/it/componenti-digitali-home-page/ricambi-per-cellulari-tablet/ricambi-per-apple-iphone/iphone-x/display-lcd-per-iphone-x-incell-zy-a-si-hd-.1.39.581.gp.33018.uw
componentidigitali.com,Italy,iPhone X,aftermarket-incell,12.75,EUR,10.45,no,https://www.componentidigitali.com/it/componenti-digitali-home-page/ricambi-per-cellulari-tablet/ricambi-per-apple-iphone/iphone-x/display-lcd-per-iphone-x-incell-zy-ffhd-.1.39.581.gp.41175.uw
componentidigitali.com,Italy,iPhone X,aftermarket-incell,14.15,EUR,11.6,no,https://www.componentidigitali.com/it/componenti-digitali-home-page/ricambi-per-cellulari-tablet/ricambi-per-apple-iphone/iphone-x/display-lcd-per-iphone-x-incell-zy-ltps-cog-.1.39.581.gp.15293.uw
componentidigitali.com,Italy,iPhone XR,aftermarket-incell,11.6,EUR,9.51,no,https://www.componentidigitali.com/it/componenti-digitali-home-page/ricambi-per-cellulari-tablet/ricambi-per-apple-iphone/iphone-xr/display-lcd-per-iphone-xr-incell-zy-a-si-hd-.1.39.627.gp.29926.uw
componentidigitali.com,Italy,iPhone XR,aftermarket-incell,13.2,EUR,10.82,no,https://www.componentidigitali.com/it/componenti-digitali-home-page/ricambi-per-cellulari-tablet/ricambi-per-apple-iphone/iphone-xr/display-lcd-per-iphone-xr-incell-zy-ffhd-.1.39.627.gp.41122.uw
componentidigitali.com,Italy,iPhone XR,aftermarket-incell,16.35,EUR,13.4,no,https://www.componentidigitali.com/it/componenti-digitali-home-page/ricambi-per-cellulari-tablet/ricambi-per-apple-iphone/iphone-xr/display-lcd-per-iphone-xr-incell-zy-ltps-cog-.1.39.627.gp.26041.uw
componentidigitali.com,Italy,iPhone XR,aftermarket-incell,11.6,EUR,9.51,no,https://www.componentidigitali.com/it/componenti-digitali-home-page/ricambi-per-cellulari-tablet/ricambi-per-apple-iphone/iphone-xr/display-lcd-per-iphone-xr-incell-zy-a-si-hd-.1.39.627.gp.29926.uw
componentidigitali.com,Italy,iPhone XR,aftermarket-incell,13.2,EUR,10.82,no,https://www.componentidigitali.com/it/componenti-digitali-home-page/ricambi-per-cellulari-tablet/ricambi-per-apple-iphone/iphone-xr/display-lcd-per-iphone-xr-incell-zy-ffhd-.1.39.627.gp.41122.uw
componentidigitali.com,Italy,iPhone XR,aftermarket-incell,16.35,EUR,13.4,no,https://www.componentidigitali.com/it/componenti-digitali-home-page/ricambi-per-cellulari-tablet/ricambi-per-apple-iphone/iphone-xr/display-lcd-per-iphone-xr-incell-zy-ltps-cog-.1.39.627.gp.26041.uw
componentidigitali.com,Italy,iPhone XS,aftermarket-incell,11.05,EUR,9.06,no,https://www.componentidigitali.com/it/componenti-digitali-home-page/ricambi-per-cellulari-tablet/ricambi-per-apple-iphone/iphone-xs/display-lcd-per-iphone-xs-incell-zy-a-si-hd-.1.39.625.gp.33030.uw
componentidigitali.com,Italy,iPhone XS,aftermarket-incell,12.75,EUR,10.45,no,https://www.componentidigitali.com/it/componenti-digitali-home-page/ricambi-per-cellulari-tablet/ricambi-per-apple-iphone/iphone-xs/display-lcd-per-iphone-xs-incell-zy-ffhd-.1.39.625.gp.41120.uw
componentidigitali.com,Italy,iPhone XS,aftermarket-incell,11.05,EUR,9.06,no,https://www.componentidigitali.com/it/componenti-digitali-home-page/ricambi-per-cellulari-tablet/ricambi-per-apple-iphone/iphone-xs/display-lcd-per-iphone-xs-incell-zy-a-si-hd-.1.39.625.gp.33030.uw
componentidigitali.com,Italy,iPhone XS,aftermarket-incell,12.75,EUR,10.45,no,https://www.componentidigitali.com/it/componenti-digitali-home-page/ricambi-per-cellulari-tablet/ricambi-per-apple-iphone/iphone-xs/display-lcd-per-iphone-xs-incell-zy-ffhd-.1.39.625.gp.41120.uw
compuparts.ie,Ireland,iPhone 11,aftermarket-incell,23.95,EUR,19.47,no,https://compuparts.ie/product/iphone-11-lcd-display-screen-touch-digitizer-oem-black/
compuparts.ie,Ireland,iPhone 12,aftermarket-lcd,39.95,EUR,32.48,no,https://compuparts.ie/product/iphone-12-lcd-display-screen-touch-digitizer/
compuparts.ie,Ireland,iPhone 12 Pro,aftermarket-lcd,39.95,EUR,32.48,no,https://compuparts.ie/product/iphone-12-pro-lcd-display-screen-touch-digitizer/
compuparts.ie,Ireland,iPhone 13,aftermarket-hard-oled,69.95,EUR,56.87,no,https://compuparts.ie/product/iphone-13-lcd-display-screen-touch-digitizer-hard-oled/
compuparts.ie,Ireland,iPhone 13,aftermarket-incell,59.95,EUR,48.74,no,https://compuparts.ie/product/iphone-13-lcd-display-screen-touch-digitizer-incell-phd/
compuparts.ie,Ireland,iPhone 14,aftermarket-incell,134.95,EUR,109.72,no,https://compuparts.ie/product/iphone-14-lcd-display-screen-touch-digitizer-incell-phd/
compuparts.ie,Ireland,iPhone 14,aftermarket-lcd,94.95,EUR,77.2,no,https://compuparts.ie/product/iphone-14-lcd-display-screen-touch-digitizer/
compuparts.ie,Ireland,iPhone 14 Plus,aftermarket-lcd,114.95,EUR,93.46,no,https://compuparts.ie/product/iphone-14-plus-lcd-display-screen-touch-digitizer/
da-pieces.com,France,iPhone 11,aftermarket-incell,14.99,EUR,12.49,no,https://da-pieces.com/products/ecran-iphone-11-incell-st?_pos=2&_sid=c78f624bf&_ss=r
da-pieces.com,France,iPhone 11,aftermarket-incell,15.9,EUR,13.25,no,https://da-pieces.com/products/ecran-iphone-11-incell-jk?_pos=5&_sid=c78f624bf&_ss=r
da-pieces.com,France,iPhone 11 Pro,aftermarket-incell,15.49,EUR,12.91,no,https://da-pieces.com/products/ecran-iphone-11-pro-incell-st-1?_pos=8&_sid=c78f624bf&_ss=r
da-pieces.com,France,iPhone 11 Pro Max,aftermarket-hard-oled,67.95,EUR,56.63,no,https://da-pieces.com/products/ecran-iphone-11-pro-max-gx-hard-oled?_pos=4&_sid=c78f624bf&_ss=r
da-pieces.com,France,iPhone XS,aftermarket-oled,29.9,EUR,24.92,no,https://da-pieces.com/products/ecran-iphone-xs-oled?_pos=3&_sid=c78f624bf&_ss=r
da-pieces.com,France,iPhone XS Max,aftermarket-oled,27.19,EUR,22.66,no,https://da-pieces.com/products/ecran-iphone-xs-max-oled?_pos=1&_sid=c78f624bf&_ss=r
dargilita.lt,Lithuania,iPhone 14 Pro,aftermarket-oled,146.9,EUR,121.4,no,https://dargilita.lt/apple-iphone-telefonu-ekranai//154087-apple-iphone-14-pro-ekranas-120-hz-premium-oled.html
dargilita.lt,Lithuania,iPhone 14 Pro Max,aftermarket-oled,143.3,EUR,118.43,no,https://dargilita.lt/apple-iphone-telefonu-ekranai//147627-apple-iphone-14-pro-max-ekranas-120-hz-premium-oled.html
dargilita.lt,Lithuania,iPhone 16,aftermarket-incell,69.4,EUR,57.36,no,https://dargilita.lt/apple-iphone-telefonu-ekranai//150755-apple-iphone-16-ekranas-premium-incell.html
dargilita.lt,Lithuania,iPhone 16 Plus,aftermarket-oled,88.6,EUR,73.22,no,https://dargilita.lt/apple-iphone-telefonu-ekranai//154093-apple-iphone-16-plus-ekranas-premium-oled.html
dargilita.lt,Lithuania,iPhone 16 Plus,aftermarket-incell,76.7,EUR,63.39,no,https://dargilita.lt/apple-iphone-telefonu-ekranai//154092-apple-iphone-16-plus-ekranas-premium-incell.html
dargilita.lt,Lithuania,iPhone 16 Pro,aftermarket-incell,111.3,EUR,91.98,no,https://dargilita.lt/apple-iphone-telefonu-ekranai//155210-apple-iphone-16-pro-ekranas-premium-incell.html
dargilita.lt,Lithuania,iPhone 16 Pro Max,aftermarket-incell,111.3,EUR,91.98,no,https://dargilita.lt/apple-iphone-telefonu-ekranai//158533-apple-iphone-16-pro-max-ekranas-premium-incell.html
dargilita.lt,Lithuania,iPhone 16e,aftermarket-incell,57.9,EUR,47.85,no,https://dargilita.lt/apple-iphone-telefonu-ekranai//155212-apple-iphone-16e-ekranas-premium-incell.html
dargilita.lt,Lithuania,iphone 11,aftermarket-incell,39.3,EUR,32.48,no,https://dargilita.lt/17-apple-iphone-telefonu-ekranai
dargilita.lt,Lithuania,iphone 11,aftermarket-incell,44.2,EUR,36.53,no,https://dargilita.lt/17-apple-iphone-telefonu-ekranai
dargilita.lt,Lithuania,iphone 11 pro,aftermarket-oled,74.5,EUR,61.57,no,https://dargilita.lt/17-apple-iphone-telefonu-ekranai
dargilita.lt,Lithuania,iphone 11 pro,aftermarket-oled,83.7,EUR,69.17,no,https://dargilita.lt/17-apple-iphone-telefonu-ekranai
dargilita.lt,Lithuania,iphone 11 pro,aftermarket-incell,39.3,EUR,32.48,no,https://dargilita.lt/17-apple-iphone-telefonu-ekranai
dargilita.lt,Lithuania,iphone 11 pro,aftermarket-incell,44.2,EUR,36.53,no,https://dargilita.lt/17-apple-iphone-telefonu-ekranai
dargilita.lt,Lithuania,iphone 12,aftermarket-incell,41.5,EUR,34.3,no,https://dargilita.lt/17-apple-iphone-telefonu-ekranai
dargilita.lt,Lithuania,iphone 12,aftermarket-incell,46.6,EUR,38.51,no,https://dargilita.lt/17-apple-iphone-telefonu-ekranai
dargilita.lt,Lithuania,iphone 12 mini,aftermarket-oled,67.3,EUR,55.62,no,https://dargilita.lt/17-apple-iphone-telefonu-ekranai
dargilita.lt,Lithuania,iphone 12 mini,aftermarket-oled,75.6,EUR,62.48,no,https://dargilita.lt/17-apple-iphone-telefonu-ekranai
dargilita.lt,Lithuania,iphone 12 mini,aftermarket-incell,51.9,EUR,42.89,no,https://dargilita.lt/17-apple-iphone-telefonu-ekranai
dargilita.lt,Lithuania,iphone 12 mini,aftermarket-incell,58.3,EUR,48.18,no,https://dargilita.lt/17-apple-iphone-telefonu-ekranai
dargilita.lt,Lithuania,iphone 12 pro,aftermarket-oled,55.4,EUR,45.79,no,https://dargilita.lt/17-apple-iphone-telefonu-ekranai
dargilita.lt,Lithuania,iphone 12 pro,aftermarket-oled,62.3,EUR,51.49,no,https://dargilita.lt/17-apple-iphone-telefonu-ekranai
dargilita.lt,Lithuania,iphone 12 pro,aftermarket-oled,80.4,EUR,66.45,no,https://dargilita.lt/17-apple-iphone-telefonu-ekranai
dargilita.lt,Lithuania,iphone 12 pro,aftermarket-oled,90.3,EUR,74.63,no,https://dargilita.lt/17-apple-iphone-telefonu-ekranai
dargilita.lt,Lithuania,iphone 12 pro max,aftermarket-oled,74.9,EUR,61.9,no,https://dargilita.lt/17-apple-iphone-telefonu-ekranai
dargilita.lt,Lithuania,iphone 12 pro max,aftermarket-oled,84.2,EUR,69.59,no,https://dargilita.lt/17-apple-iphone-telefonu-ekranai
dargilita.lt,Lithuania,iphone 12 pro max,aftermarket-oled,89.9,EUR,74.3,no,https://dargilita.lt/17-apple-iphone-telefonu-ekranai
dargilita.lt,Lithuania,iphone 12 pro max,aftermarket-oled,101.0,EUR,83.47,no,https://dargilita.lt/17-apple-iphone-telefonu-ekranai
dargilita.lt,Lithuania,iphone 12 pro max,aftermarket-incell,53.3,EUR,44.05,no,https://dargilita.lt/17-apple-iphone-telefonu-ekranai
dargilita.lt,Lithuania,iphone 12 pro max,aftermarket-incell,59.9,EUR,49.5,no,https://dargilita.lt/17-apple-iphone-telefonu-ekranai
dargilita.lt,Lithuania,iphone 13,aftermarket-oled,74.7,EUR,61.74,no,https://dargilita.lt/17-apple-iphone-telefonu-ekranai
dargilita.lt,Lithuania,iphone 13,aftermarket-oled,83.9,EUR,69.34,no,https://dargilita.lt/17-apple-iphone-telefonu-ekranai
dargilita.lt,Lithuania,iphone 13,aftermarket-oled,59.9,EUR,49.5,no,https://dargilita.lt/17-apple-iphone-telefonu-ekranai
dargilita.lt,Lithuania,iphone 13,aftermarket-oled,67.3,EUR,55.62,no,https://dargilita.lt/17-apple-iphone-telefonu-ekranai
dargilita.lt,Lithuania,iphone 13,aftermarket-incell,44.9,EUR,37.11,no,https://dargilita.lt/17-apple-iphone-telefonu-ekranai
dargilita.lt,Lithuania,iphone 13,aftermarket-incell,50.5,EUR,41.74,no,https://dargilita.lt/17-apple-iphone-telefonu-ekranai
dargilita.lt,Lithuania,iphone 13 mini,aftermarket-oled,81.5,EUR,67.36,no,https://dargilita.lt/17-apple-iphone-telefonu-ekranai
dargilita.lt,Lithuania,iphone 13 mini,aftermarket-oled,91.6,EUR,75.7,no,https://dargilita.lt/17-apple-iphone-telefonu-ekranai
dargilita.lt,Lithuania,iphone 13 mini,aftermarket-incell,49.9,EUR,41.24,no,https://dargilita.lt/17-apple-iphone-telefonu-ekranai
dargilita.lt,Lithuania,iphone 13 mini,aftermarket-incell,56.1,EUR,46.36,no,https://dargilita.lt/17-apple-iphone-telefonu-ekranai
dargilita.lt,Lithuania,iphone 13 pro,aftermarket-oled,75.9,EUR,62.73,no,https://dargilita.lt/17-apple-iphone-telefonu-ekranai
dargilita.lt,Lithuania,iphone 13 pro,aftermarket-oled,85.3,EUR,70.5,no,https://dargilita.lt/17-apple-iphone-telefonu-ekranai
dargilita.lt,Lithuania,iphone 13 pro,aftermarket-incell,49.9,EUR,41.24,no,https://dargilita.lt/17-apple-iphone-telefonu-ekranai
dargilita.lt,Lithuania,iphone 13 pro,aftermarket-incell,56.1,EUR,46.36,no,https://dargilita.lt/17-apple-iphone-telefonu-ekranai
dargilita.lt,Lithuania,iphone 13 pro max,aftermarket-oled,83.7,EUR,69.17,no,https://dargilita.lt/17-apple-iphone-telefonu-ekranai
dargilita.lt,Lithuania,iphone 13 pro max,aftermarket-oled,94.0,EUR,77.69,no,https://dargilita.lt/17-apple-iphone-telefonu-ekranai
dargilita.lt,Lithuania,iphone 13 pro max,aftermarket-oled,87.2,EUR,72.07,no,https://dargilita.lt/17-apple-iphone-telefonu-ekranai
dargilita.lt,Lithuania,iphone 13 pro max,aftermarket-oled,98.0,EUR,80.99,no,https://dargilita.lt/17-apple-iphone-telefonu-ekranai
dargilita.lt,Lithuania,iphone 13 pro max,aftermarket-incell,52.2,EUR,43.14,no,https://dargilita.lt/17-apple-iphone-telefonu-ekranai
dargilita.lt,Lithuania,iphone 13 pro max,aftermarket-incell,58.7,EUR,48.51,no,https://dargilita.lt/17-apple-iphone-telefonu-ekranai
dargilita.lt,Lithuania,iphone 14,aftermarket-oled,64.2,EUR,53.06,no,https://dargilita.lt/17-apple-iphone-telefonu-ekranai
dargilita.lt,Lithuania,iphone 14,aftermarket-oled,72.19,EUR,59.66,no,https://dargilita.lt/17-apple-iphone-telefonu-ekranai
dargilita.lt,Lithuania,iphone 14,aftermarket-incell,49.1,EUR,40.58,no,https://dargilita.lt/17-apple-iphone-telefonu-ekranai
dargilita.lt,Lithuania,iphone 14,aftermarket-incell,55.2,EUR,45.62,no,https://dargilita.lt/17-apple-iphone-telefonu-ekranai
dargilita.lt,Lithuania,iphone 14 plus,aftermarket-oled,79.3,EUR,65.54,no,https://dargilita.lt/17-apple-iphone-telefonu-ekranai
dargilita.lt,Lithuania,iphone 14 plus,aftermarket-oled,89.1,EUR,73.64,no,https://dargilita.lt/17-apple-iphone-telefonu-ekranai
dargilita.lt,Lithuania,iphone 14 plus,aftermarket-oled,86.9,EUR,71.82,no,https://dargilita.lt/17-apple-iphone-telefonu-ekranai
dargilita.lt,Lithuania,iphone 14 plus,aftermarket-oled,97.6,EUR,80.66,no,https://dargilita.lt/17-apple-iphone-telefonu-ekranai
dargilita.lt,Lithuania,iphone 14 plus,aftermarket-incell,54.6,EUR,45.12,no,https://dargilita.lt/17-apple-iphone-telefonu-ekranai
dargilita.lt,Lithuania,iphone 14 plus,aftermarket-incell,61.3,EUR,50.66,no,https://dargilita.lt/17-apple-iphone-telefonu-ekranai
dargilita.lt,Lithuania,iphone 14 pro,aftermarket-oled,146.9,EUR,121.4,no,https://dargilita.lt/17-apple-iphone-telefonu-ekranai
dargilita.lt,Lithuania,iphone 14 pro,aftermarket-oled,165.0,EUR,136.36,no,https://dargilita.lt/17-apple-iphone-telefonu-ekranai
dargilita.lt,Lithuania,iphone 14 pro,aftermarket-incell,59.9,EUR,49.5,no,https://dargilita.lt/17-apple-iphone-telefonu-ekranai
dargilita.lt,Lithuania,iphone 14 pro,aftermarket-incell,67.3,EUR,55.62,no,https://dargilita.lt/17-apple-iphone-telefonu-ekranai
dargilita.lt,Lithuania,iphone 14 pro max,aftermarket-oled,143.3,EUR,118.43,no,https://dargilita.lt/17-apple-iphone-telefonu-ekranai
dargilita.lt,Lithuania,iphone 14 pro max,aftermarket-oled,161.0,EUR,133.06,no,https://dargilita.lt/17-apple-iphone-telefonu-ekranai
dargilita.lt,Lithuania,iphone 14 pro max,aftermarket-incell,65.3,EUR,53.97,no,https://dargilita.lt/17-apple-iphone-telefonu-ekranai
dargilita.lt,Lithuania,iphone 14 pro max,aftermarket-incell,73.4,EUR,60.66,no,https://dargilita.lt/17-apple-iphone-telefonu-ekranai
dargilita.lt,Lithuania,iphone 15,aftermarket-oled,129.1,EUR,106.69,no,https://dargilita.lt/17-apple-iphone-telefonu-ekranai
dargilita.lt,Lithuania,iphone 15,aftermarket-oled,145.0,EUR,119.83,no,https://dargilita.lt/17-apple-iphone-telefonu-ekranai
dargilita.lt,Lithuania,iphone 15,aftermarket-incell,52.5,EUR,43.39,no,https://dargilita.lt/17-apple-iphone-telefonu-ekranai
dargilita.lt,Lithuania,iphone 15,aftermarket-incell,59.0,EUR,48.76,no,https://dargilita.lt/17-apple-iphone-telefonu-ekranai
dargilita.lt,Lithuania,iphone 15 plus,aftermarket-oled,129.1,EUR,106.69,no,https://dargilita.lt/17-apple-iphone-telefonu-ekranai
dargilita.lt,Lithuania,iphone 15 plus,aftermarket-oled,145.0,EUR,119.83,no,https://dargilita.lt/17-apple-iphone-telefonu-ekranai
dargilita.lt,Lithuania,iphone 15 plus,aftermarket-incell,52.5,EUR,43.39,no,https://dargilita.lt/17-apple-iphone-telefonu-ekranai
dargilita.lt,Lithuania,iphone 15 plus,aftermarket-incell,59.0,EUR,48.76,no,https://dargilita.lt/17-apple-iphone-telefonu-ekranai
dargilita.lt,Lithuania,iphone 15 pro,aftermarket-oled,157.5,EUR,130.17,no,https://dargilita.lt/17-apple-iphone-telefonu-ekranai
dargilita.lt,Lithuania,iphone 15 pro,aftermarket-oled,177.0,EUR,146.28,no,https://dargilita.lt/17-apple-iphone-telefonu-ekranai
dargilita.lt,Lithuania,iphone 15 pro,aftermarket-incell,54.7,EUR,45.21,no,https://dargilita.lt/17-apple-iphone-telefonu-ekranai
dargilita.lt,Lithuania,iphone 15 pro,aftermarket-incell,61.5,EUR,50.83,no,https://dargilita.lt/17-apple-iphone-telefonu-ekranai
dargilita.lt,Lithuania,iphone 15 pro max,aftermarket-oled,147.7,EUR,122.07,no,https://dargilita.lt/17-apple-iphone-telefonu-ekranai
dargilita.lt,Lithuania,iphone 15 pro max,aftermarket-oled,166.0,EUR,137.19,no,https://dargilita.lt/17-apple-iphone-telefonu-ekranai
dargilita.lt,Lithuania,iphone 15 pro max,aftermarket-incell,65.9,EUR,54.46,no,https://dargilita.lt/17-apple-iphone-telefonu-ekranai
dargilita.lt,Lithuania,iphone 15 pro max,aftermarket-incell,74.0,EUR,61.16,no,https://dargilita.lt/17-apple-iphone-telefonu-ekranai
dargilita.lt,Lithuania,iphone 16,aftermarket-incell,69.4,EUR,57.36,no,https://dargilita.lt/17-apple-iphone-telefonu-ekranai
dargilita.lt,Lithuania,iphone 16,aftermarket-incell,78.0,EUR,64.46,no,https://dargilita.lt/17-apple-iphone-telefonu-ekranai
dargilita.lt,Lithuania,iphone 16 plus,aftermarket-oled,88.6,EUR,73.22,no,https://dargilita.lt/17-apple-iphone-telefonu-ekranai
dargilita.lt,Lithuania,iphone 16 plus,aftermarket-oled,99.6,EUR,82.31,no,https://dargilita.lt/17-apple-iphone-telefonu-ekranai
dargilita.lt,Lithuania,iphone 16 plus,aftermarket-incell,76.7,EUR,63.39,no,https://dargilita.lt/17-apple-iphone-telefonu-ekranai
dargilita.lt,Lithuania,iphone 16 plus,aftermarket-incell,86.2,EUR,71.24,no,https://dargilita.lt/17-apple-iphone-telefonu-ekranai
dargilita.lt,Lithuania,iphone 16 pro,aftermarket-incell,111.3,EUR,91.98,no,https://dargilita.lt/17-apple-iphone-telefonu-ekranai
dargilita.lt,Lithuania,iphone 16 pro,aftermarket-incell,125.0,EUR,103.31,no,https://dargilita.lt/17-apple-iphone-telefonu-ekranai
dargilita.lt,Lithuania,iphone 16 pro max,aftermarket-incell,111.3,EUR,91.98,no,https://dargilita.lt/17-apple-iphone-telefonu-ekranai
dargilita.lt,Lithuania,iphone 16 pro max,aftermarket-incell,125.0,EUR,103.31,no,https://dargilita.lt/17-apple-iphone-telefonu-ekranai
dargilita.lt,Lithuania,iphone 16e,aftermarket-incell,57.9,EUR,47.85,no,https://dargilita.lt/17-apple-iphone-telefonu-ekranai
dargilita.lt,Lithuania,iphone 16e,aftermarket-incell,65.0,EUR,53.72,no,https://dargilita.lt/17-apple-iphone-telefonu-ekranai
dargilita.lt,Lithuania,iphone x,aftermarket-oled,42.6,EUR,35.21,no,https://dargilita.lt/17-apple-iphone-telefonu-ekranai
dargilita.lt,Lithuania,iphone x,aftermarket-oled,47.9,EUR,39.59,no,https://dargilita.lt/17-apple-iphone-telefonu-ekranai
dargilita.lt,Lithuania,iphone x,aftermarket-incell,36.8,EUR,30.41,no,https://dargilita.lt/17-apple-iphone-telefonu-ekranai
dargilita.lt,Lithuania,iphone xs max,aftermarket-oled,75.7,EUR,62.56,no,https://dargilita.lt/17-apple-iphone-telefonu-ekranai
dargilita.lt,Lithuania,iphone xs max,aftermarket-oled,85.0,EUR,70.25,no,https://dargilita.lt/17-apple-iphone-telefonu-ekranai
dargilita.lt,Lithuania,iphone xs max,aftermarket-incell,32.8,EUR,27.11,no,https://dargilita.lt/17-apple-iphone-telefonu-ekranai
deltamobile.lv,Latvia,iPhone 11,aftermarket-tft,19.9,EUR,16.45,no,https://deltamobile.lv/product/apple-iphone-11-lcd-modulis-tft/
deltamobile.lv,Latvia,iPhone 11 Pro,aftermarket-tft,24.9,EUR,20.58,no,https://deltamobile.lv/product/apple-iphone-11-pro-lcd-incell-tianma/
deltamobile.lv,Latvia,iPhone 11 Pro Max,aftermarket-tft,24.9,EUR,20.58,no,https://deltamobile.lv/product/alpple-iphone-11-pro-max-lcd-tft-tianma/
deltamobile.lv,Latvia,iPhone 12 / 12 Pro,aftermarket-incell,22,EUR,18.18,no,https://deltamobile.lv/product/apple-iphone-12-12pro-lcd-tft-incell/
deltamobile.lv,Latvia,iPhone 12 Pro Max,aftermarket-incell,27,EUR,22.31,no,https://deltamobile.lv/product/apple-iphone-12-pro-max-lcd-modulis-displejs/
deltamobile.lv,Latvia,iPhone 12 mini,aftermarket-incell,34,EUR,28.1,no,https://deltamobile.lv/product/apple-iphone-12-mini-lcd-ekrans-displejs/
deltamobile.lv,Latvia,iPhone 13,aftermarket-incell,29,EUR,23.97,no,https://deltamobile.lv/product/apple-iphone-13-lcd-tft-tianma/
deltamobile.lv,Latvia,iPhone 13 mini,aftermarket-incell,29,EUR,23.97,no,https://deltamobile.lv/product/applew-iphone-13-mini-lcd-incell-tft-black/
deltamobile.lv,Latvia,iphone 11,aftermarket-tft,19.0,EUR,15.7,no,https://deltamobile.lv/category/lcd-un-skarienjutigie-paneli-apple-iphone/
deltamobile.lv,Latvia,iphone 11 pro,aftermarket-tft,22.0,EUR,18.18,no,https://deltamobile.lv/category/lcd-un-skarienjutigie-paneli-apple-iphone/
deltamobile.lv,Latvia,iphone 11 pro max,aftermarket-tft,24.0,EUR,19.83,no,https://deltamobile.lv/category/lcd-un-skarienjutigie-paneli-apple-iphone/
deltamobile.lv,Latvia,iphone 12 mini,aftermarket-incell,34.0,EUR,28.1,no,https://deltamobile.lv/category/lcd-un-skarienjutigie-paneli-apple-iphone/
deltamobile.lv,Latvia,iphone 12 pro,aftermarket-incell,22.0,EUR,18.18,no,https://deltamobile.lv/category/lcd-un-skarienjutigie-paneli-apple-iphone/
deltamobile.lv,Latvia,iphone 12 pro max,aftermarket-incell,27.0,EUR,22.31,no,https://deltamobile.lv/category/lcd-un-skarienjutigie-paneli-apple-iphone/
deltamobile.lv,Latvia,iphone 13,aftermarket-incell,29.0,EUR,23.97,no,https://deltamobile.lv/category/lcd-un-skarienjutigie-paneli-apple-iphone/
deltamobile.lv,Latvia,iphone 13 mini,aftermarket-incell,29.0,EUR,23.97,no,https://deltamobile.lv/category/lcd-un-skarienjutigie-paneli-apple-iphone/
deltamobile.lv,Latvia,iphone 13 pro max,aftermarket-incell,29.9,EUR,24.71,no,https://deltamobile.lv/category/lcd-un-skarienjutigie-paneli-apple-iphone/
deltamobile.lv,Latvia,iphone 14,aftermarket-incell,49.0,EUR,40.5,no,https://deltamobile.lv/category/lcd-un-skarienjutigie-paneli-apple-iphone/
deltamobile.lv,Latvia,iphone 14 plus,aftermarket-incell,53.0,EUR,43.8,no,https://deltamobile.lv/category/lcd-un-skarienjutigie-paneli-apple-iphone/
deltamobile.lv,Latvia,iphone x,aftermarket-tft,17.0,EUR,14.05,no,https://deltamobile.lv/category/lcd-un-skarienjutigie-paneli-apple-iphone/
deltamobile.lv,Latvia,iphone xr,aftermarket-tft,16.0,EUR,13.22,no,https://deltamobile.lv/category/lcd-un-skarienjutigie-paneli-apple-iphone/
deltamobile.lv,Latvia,iphone xs,aftermarket-tft,16.0,EUR,13.22,no,https://deltamobile.lv/category/lcd-un-skarienjutigie-paneli-apple-iphone/
deltamobile.lv,Latvia,iphone xs max,aftermarket-tft,26.0,EUR,21.49,no,https://deltamobile.lv/category/lcd-un-skarienjutigie-paneli-apple-iphone/
digitalteck.it,Italy,iPhone 11,aftermarket-hard-oled,25,EUR,20.49,no,https://www.digitalteck.it/iphone-11/1195-display-lcd-per-apple-iphone-11-hard-oled-nuovo-con-frame-0630808813177.html
digitalteck.it,Italy,iPhone 11,aftermarket-hard-oled,25,EUR,20.49,no,https://www.digitalteck.it/iphone-11/1195-display-lcd-per-apple-iphone-11-hard-oled-nuovo-con-frame-0630808813177.html
digitalteck.it,Italy,iPhone X,aftermarket-hard-oled,25,EUR,20.49,no,https://www.digitalteck.it/iphone-x/852-lcd-display-per-apple-iphone-x-hard-oled-nuovo-con-frame-0764022300158.html
digitalteck.it,Italy,iPhone X,aftermarket-hard-oled,25,EUR,20.49,no,https://www.digitalteck.it/iphone-x/852-lcd-display-per-apple-iphone-x-hard-oled-nuovo-con-frame-0764022300158.html
dutchrepair.nl,Netherlands,iPhone 11 Pro,aftermarket-hard-oled,59.98,EUR,49.57,no,https://www.dutchrepair.nl/products/iphone-11-pro-display-hard-oled-scherm
dutchrepair.nl,Netherlands,iPhone 11 Pro,aftermarket-hard-oled,59.98,EUR,49.57,no,https://www.dutchrepair.nl/products/iphone-11-pro-display-hard-oled-scherm?variant=39984857710672
dutchrepair.nl,Netherlands,iPhone 11 Pro Max,aftermarket-oled,74.99,EUR,61.98,no,https://www.dutchrepair.nl/products/kopie-van-iphone-11-pro-max-scherm-compleet-reparatie-set-met-screenprotector
dutchrepair.nl,Netherlands,iPhone 11 Pro Max,aftermarket-oled,74.99,EUR,61.98,no,https://www.dutchrepair.nl/products/kopie-van-iphone-11-pro-max-scherm-compleet-reparatie-set-met-screenprotector
dutchrepair.nl,Netherlands,iPhone X,aftermarket-oled,46.9,EUR,38.76,no,https://www.dutchrepair.nl/products/iphone-x-oled-display-a-grade
dutchrepair.nl,Netherlands,iPhone X,aftermarket-oled,46.9,EUR,38.76,no,https://www.dutchrepair.nl/products/iphone-x-oled-display-a-grade?_pos=2&_sid=71efb8a83&_ss=r
el-telgsm.pl,Poland,iPhone 11,aftermarket-incell,99.989898,PLN,81.29,no,https://el-telgsm.pl/wyswietlacze-iphone/31911-wyswietlacz-lcd-iphone-11-6-1-full-hd-incell-change-ic-jk-czarny.html
el-telgsm.pl,Poland,iPhone 11,aftermarket-lcd,139.999953,PLN,113.82,no,https://el-telgsm.pl/wyswietlacze-iphone/25884-wyswietlacz-lcd-iphone-11-6-1-oncell-czarny.html
el-telgsm.pl,Poland,iPhone 11 Pro Max,aftermarket-incell,199.989882,PLN,162.59,no,https://el-telgsm.pl/wyswietlacze-iphone/31912-wyswietlacz-lcd-iphone-11-pro-max-6-5-full-hd-incell-change-ic-jk-czarny.html
el-telgsm.pl,Poland,iPhone 12 / 12 Pro,aftermarket-lcd,338.999931,PLN,275.61,no,https://el-telgsm.pl/wyswietlacze-iphone/22203-wyswietlacz-lcd-iphone-12---12-pro-6-1-czarny.html
el-telgsm.pl,Poland,iPhone 12 / 12 Pro,aftermarket-incell,109.989921,PLN,89.42,no,https://el-telgsm.pl/wyswietlacze-iphone/32758-wyswietlacz-lcd-iphone-12---12-pro-6-1-full-hd-incell-change-ic-jk-czarny.html
el-telgsm.pl,Poland,iPhone 12 / 12 Pro,aftermarket-incell,109.99,PLN,89.42,no,https://el-telgsm.pl/wyswietlacze-iphone/32758-wyswietlacz-lcd-iphone-12---12-pro-6-1-full-hd-incell-change-ic-jk-czarny.html
el-telgsm.pl,Poland,iPhone 12 mini,aftermarket-incell,159.989913,PLN,130.07,no,https://el-telgsm.pl/wyswietlacze-iphone/34452-wyswietlacz-lcd-iphone-12-mini-5-4-full-hd-incell-change-ic-jk-czarny.html
el-telgsm.pl,Poland,iPhone 12 mini,aftermarket-incell,159.99,PLN,130.07,no,https://el-telgsm.pl/wyswietlacze-iphone/34452-wyswietlacz-lcd-iphone-12-mini-5-4-full-hd-incell-change-ic-jk-czarny.html
etradesupply.com,China,iphone 11,aftermarket-lcd,150.3,USD,150.3,no,https://www.etradesupply.com/apple-iphone-11-lcd-screen-digitizer-assembly-frame-black-grade-r.html
euromarserwis.pl,Poland,iPhone 14,aftermarket-soft-oled,244.49,PLN,198.77,no,https://www.euromarserwis.pl/iphone-14/2364-wyswietlacz-lcd-ekran-iphone-14-soft-oled-dd-5903396318689.html
euromarserwis.pl,Poland,iPhone 14,aftermarket-soft-oled,244.49,PLN,198.77,no,https://www.euromarserwis.pl/iphone-14/2364-wyswietlacz-lcd-ekran-iphone-14-soft-oled-dd-5903396318689.html
firsthelptech.ie,Ireland,iPhone 11,aftermarket-lcd,24.99,EUR,20.32,no,https://firsthelptech.ie/products/apple-iphone-11-lcd-screen-replacement-black?_pos=11&_sid=47d9912fa&_ss=r
firsthelptech.ie,Ireland,iPhone 13 Pro,aftermarket-lcd,39.99,EUR,32.51,no,https://firsthelptech.ie/products/for-apple-iphone-13-pro-lcd-screen-replacement-jh-fhd-black?_pos=7&_sid=47d9912fa&_ss=r
firsthelptech.ie,Ireland,iPhone 14 Pro,aftermarket-lcd,39.99,EUR,32.51,no,https://firsthelptech.ie/products/for-apple-iphone-14-pro-lcd-screen-replacement-jh-fhd-black?_pos=8&_sid=47d9912fa&_ss=r
firsthelptech.ie,Ireland,iPhone 14 Pro Max,aftermarket-lcd,52.99,EUR,43.08,no,https://firsthelptech.ie/products/for-apple-iphone-14-pro-max-lcd-screen-replacement-jh-fhd-black?_pos=9&_sid=47d9912fa&_ss=r
fixstore.hu,Hungary,iPhone 11 Pro,aftermarket-soft-oled,23590,HUF,18574.8,YES,https://www.fixstore.hu/iphone-11-pro-kijelzo-xo7-soft-oled-premium-118632
fixstore.hu,Hungary,iPhone 13,aftermarket-soft-oled,22990,HUF,18102.36,YES,https://www.fixstore.hu/iphone-13-kijelzo-repart-ic-csere-tamogatassal-soft-oled-premium-118698
fixstore.hu,Hungary,iPhone 14 Pro Max,aftermarket-soft-oled,28490,HUF,22433.07,YES,https://www.fixstore.hu/iphone-14-pro-max-kijelzo-repart-120hz-ic-csere-tamogatassal-soft-oled-premium-118680
fixstore.hu,Hungary,iPhone 15 Pro,aftermarket-soft-oled,34690,HUF,27314.96,YES,https://www.fixstore.hu/iphone-15-pro-kijelzo-repart-120hz-ic-csere-tamogatassal-soft-oled-premium-118671
fixstore.hu,Hungary,iPhone 15 Pro Max,aftermarket-soft-oled,34090,HUF,26842.52,YES,https://www.fixstore.hu/iphone-15-pro-max-kijelzo-repart-120hz-ic-csere-tamogatassal-soft-oled-premium-118668
fixstore.hu,Hungary,iPhone 16 Plus,aftermarket-soft-oled,39190,HUF,30858.27,YES,https://www.fixstore.hu/iphone-16-plus-kijelzo-repart-ic-csere-tamogatassal-soft-oled-premium-118662
fixstore.hu,Hungary,iPhone 16 Pro,aftermarket-soft-oled,41790,HUF,32905.51,YES,https://www.fixstore.hu/iphone-16-pro-kijelzo-repart-120hz-ic-csere-tamogatassal-soft-oled-premium-118659
fixstore.hu,Hungary,iPhone 16 Pro Max,aftermarket-soft-oled,45490,HUF,35818.9,YES,https://www.fixstore.hu/iphone-16-pro-max-kijelzo-repart-120hz-ic-csere-tamogatassal-soft-oled-premium-118656
fonix.at,Austria,iPhone 16,aftermarket-hard-oled,39.9,EUR,33.25,YES,https://fonix.at/products/iphone-16-display-hard-oled-ncc-premium-ersatzdisplay?variant=56804516790537
gbishop.de,Germany,iPhone 15 Plus,aftermarket-soft-oled,67,EUR,56.3,no,https://gbishop.de/displays/14712-dd-auto-diagnostic-display-soft-oled-60-hz-fur-iphone-15-plus-4255839222215.html
gjirafa50.al,Albania,iPhone 12 Pro Max,aftermarket-soft-oled,10590,ALL,10590,no,https://gjirafa50.al/ekran-zevendesues-jk-per-iphone-12-pro-max-soft-oled-i-zi
gjirafa50.al,Albania,iPhone 14 Pro Max,aftermarket-lcd,7790,ALL,7790,no,https://gjirafa50.al/ekran-lcd-oem-zy-per-iphone-14-pro-max-me-digitizer-i-zi
gjirafa50.al,Albania,iPhone 15,aftermarket-lcd,4590,ALL,4590,no,https://gjirafa50.al/ekran-oem-zy-per-iphone-15-lcd-me-digitizer-i-zi
gjirafa50.com,Kosovo,iPhone 14 Pro Max,aftermarket-lcd,69.5,EUR,69.5,no,https://gjirafa50.com/ekran-lcd-oem-zy-per-iphone-14-pro-max-me-digitizer-i-zi
gjirafa50.com,Kosovo,iPhone 15 Pro Max,aftermarket-lcd,76.5,EUR,76.5,no,https://gjirafa50.com/ekran-lcd-oem-zy-per-iphone-15-pro-max-me-digitizer-i-zi
gsmok.com,Poland,iphone 11,aftermarket-incell,22.64,PLN,18.41,no,https://gsmok.com/en/lcd-iphone-c095
gsmok.com,Poland,iphone 11,aftermarket-incell,27.85,PLN,22.64,no,https://gsmok.com/en/lcd-iphone-c095
gsmok.com,Poland,iphone 11 pro,aftermarket-incell,25.14,PLN,20.44,no,https://gsmok.com/en/lcd-iphone-c095
gsmok.com,Poland,iphone 11 pro,aftermarket-incell,30.92,PLN,25.14,no,https://gsmok.com/en/lcd-iphone-c095
gsmok.com,Poland,iphone 11 pro,aftermarket-incell,19.55,PLN,15.89,no,https://gsmok.com/en/lcd-iphone-c095
gsmok.com,Poland,iphone 11 pro,aftermarket-incell,24.04,PLN,19.54,no,https://gsmok.com/en/lcd-iphone-c095
gsmok.com,Poland,iphone 11 pro,aftermarket-oled,36.91,PLN,30.01,no,https://gsmok.com/en/lcd-iphone-c095
gsmok.com,Poland,iphone 11 pro,aftermarket-oled,45.4,PLN,36.91,no,https://gsmok.com/en/lcd-iphone-c095
gsmok.com,Poland,iphone 11 pro,aftermarket-oled,56.61,PLN,46.02,no,https://gsmok.com/en/lcd-iphone-c095
gsmok.com,Poland,iphone 11 pro,aftermarket-oled,69.63,PLN,56.61,no,https://gsmok.com/en/lcd-iphone-c095
gsmok.com,Poland,iphone 11 pro max,aftermarket-incell,23.96,PLN,19.48,no,https://gsmok.com/en/lcd-iphone-c095
gsmok.com,Poland,iphone 11 pro max,aftermarket-incell,29.47,PLN,23.96,no,https://gsmok.com/en/lcd-iphone-c095
gsmok.com,Poland,iphone 11 pro max,aftermarket-oled,37.12,PLN,30.18,no,https://gsmok.com/en/lcd-iphone-c095
gsmok.com,Poland,iphone 11 pro max,aftermarket-oled,45.66,PLN,37.12,no,https://gsmok.com/en/lcd-iphone-c095
gsmok.com,Poland,iphone 11 pro max,aftermarket-oled,48.52,PLN,39.45,no,https://gsmok.com/en/lcd-iphone-c095
gsmok.com,Poland,iphone 11 pro max,aftermarket-oled,59.67,PLN,48.51,no,https://gsmok.com/en/lcd-iphone-c095
gsmok.com,Poland,iphone 12,aftermarket-incell,23.96,PLN,19.48,no,https://gsmok.com/en/lcd-iphone-c095
gsmok.com,Poland,iphone 12,aftermarket-incell,29.47,PLN,23.96,no,https://gsmok.com/en/lcd-iphone-c095
gsmok.com,Poland,iphone 12 mini,aftermarket-incell,37.31,PLN,30.33,no,https://gsmok.com/en/lcd-iphone-c095
gsmok.com,Poland,iphone 12 mini,aftermarket-incell,45.89,PLN,37.31,no,https://gsmok.com/en/lcd-iphone-c095
gsmok.com,Poland,iphone 12 mini,aftermarket-incell,27.49,PLN,22.35,no,https://gsmok.com/en/lcd-iphone-c095
gsmok.com,Poland,iphone 12 mini,aftermarket-incell,33.81,PLN,27.49,no,https://gsmok.com/en/lcd-iphone-c095
gsmok.com,Poland,iphone 12 mini,aftermarket-oled,55.58,PLN,45.19,no,https://gsmok.com/en/lcd-iphone-c095
gsmok.com,Poland,iphone 12 mini,aftermarket-oled,68.36,PLN,55.58,no,https://gsmok.com/en/lcd-iphone-c095
gsmok.com,Poland,iphone 12 pro,aftermarket-oled,39.92,PLN,32.46,no,https://gsmok.com/en/lcd-iphone-c095
gsmok.com,Poland,iphone 12 pro,aftermarket-oled,49.1,PLN,39.92,no,https://gsmok.com/en/lcd-iphone-c095
gsmok.com,Poland,iphone 12 pro,aftermarket-oled,45.64,PLN,37.11,no,https://gsmok.com/en/lcd-iphone-c095
gsmok.com,Poland,iphone 12 pro,aftermarket-oled,56.14,PLN,45.64,no,https://gsmok.com/en/lcd-iphone-c095
gsmok.com,Poland,iphone 12 pro,aftermarket-oled,50.26,PLN,40.86,no,https://gsmok.com/en/lcd-iphone-c095
gsmok.com,Poland,iphone 12 pro max,aftermarket-incell,28.27,PLN,22.98,no,https://gsmok.com/en/lcd-iphone-c095
gsmok.com,Poland,iphone 12 pro max,aftermarket-incell,34.78,PLN,28.28,no,https://gsmok.com/en/lcd-iphone-c095
gsmok.com,Poland,iphone 12 pro max,aftermarket-incell,25.53,PLN,20.76,no,https://gsmok.com/en/lcd-iphone-c095
gsmok.com,Poland,iphone 12 pro max,aftermarket-incell,31.41,PLN,25.54,no,https://gsmok.com/en/lcd-iphone-c095
gsmok.com,Poland,iphone 12 pro max,aftermarket-oled,51.45,PLN,41.83,no,https://gsmok.com/en/lcd-iphone-c095
gsmok.com,Poland,iphone 12 pro max,aftermarket-lcd,63.28,PLN,51.45,no,https://gsmok.com/en/lcd-iphone-c095
gsmok.com,Poland,iphone 12 pro max,aftermarket-oled,51.95,PLN,42.24,no,https://gsmok.com/en/lcd-iphone-c095
gsmok.com,Poland,iphone 12 pro max,aftermarket-oled,63.9,PLN,51.95,no,https://gsmok.com/en/lcd-iphone-c095
gsmok.com,Poland,iphone 13,aftermarket-incell,27.49,PLN,22.35,no,https://gsmok.com/en/lcd-iphone-c095
gsmok.com,Poland,iphone 13,aftermarket-incell,33.81,PLN,27.49,no,https://gsmok.com/en/lcd-iphone-c095
gsmok.com,Poland,iphone 13,aftermarket-oled,70.16,PLN,57.04,no,https://gsmok.com/en/lcd-iphone-c095
gsmok.com,Poland,iphone 13,aftermarket-oled,86.3,PLN,70.16,no,https://gsmok.com/en/lcd-iphone-c095
gsmok.com,Poland,iphone 13,aftermarket-oled,51.05,PLN,41.5,no,https://gsmok.com/en/lcd-iphone-c095
gsmok.com,Poland,iphone 13 pro,aftermarket-incell,36.39,PLN,29.59,no,https://gsmok.com/en/lcd-iphone-c095
gsmok.com,Poland,iphone 13 pro,aftermarket-incell,44.76,PLN,36.39,no,https://gsmok.com/en/lcd-iphone-c095
gsmok.com,Poland,iphone 13 pro,aftermarket-incell,25.53,PLN,20.76,no,https://gsmok.com/en/lcd-iphone-c095
gsmok.com,Poland,iphone 13 pro,aftermarket-incell,31.41,PLN,25.54,no,https://gsmok.com/en/lcd-iphone-c095
gsmok.com,Poland,iphone 13 pro,aftermarket-oled,45.83,PLN,37.26,no,https://gsmok.com/en/lcd-iphone-c095
gsmok.com,Poland,iphone 13 pro,aftermarket-oled,56.37,PLN,45.83,no,https://gsmok.com/en/lcd-iphone-c095
gsmok.com,Poland,iphone 13 pro,aftermarket-oled,62.5,PLN,50.81,no,https://gsmok.com/en/lcd-iphone-c095
gsmok.com,Poland,iphone 13 pro,aftermarket-lcd,76.88,PLN,62.5,no,https://gsmok.com/en/lcd-iphone-c095
gsmok.com,Poland,iphone 13 pro,aftermarket-oled,59.12,PLN,48.07,no,https://gsmok.com/en/lcd-iphone-c095
gsmok.com,Poland,iphone 13 pro,aftermarket-oled,72.72,PLN,59.12,no,https://gsmok.com/en/lcd-iphone-c095
gsmok.com,Poland,iphone 13 pro max,aftermarket-incell,38.39,PLN,31.21,no,https://gsmok.com/en/lcd-iphone-c095
gsmok.com,Poland,iphone 13 pro max,aftermarket-incell,47.23,PLN,38.4,no,https://gsmok.com/en/lcd-iphone-c095
gsmok.com,Poland,iphone 13 pro max,aftermarket-incell,29.46,PLN,23.95,no,https://gsmok.com/en/lcd-iphone-c095
gsmok.com,Poland,iphone 13 pro max,aftermarket-incell,36.23,PLN,29.46,no,https://gsmok.com/en/lcd-iphone-c095
gsmok.com,Poland,iphone 13 pro max,aftermarket-oled,45.53,PLN,37.02,no,https://gsmok.com/en/lcd-iphone-c095
gsmok.com,Poland,iphone 13 pro max,aftermarket-oled,56.0,PLN,45.53,no,https://gsmok.com/en/lcd-iphone-c095
gsmok.com,Poland,iphone 13 pro max,aftermarket-oled,52.63,PLN,42.79,no,https://gsmok.com/en/lcd-iphone-c095
gsmok.com,Poland,iphone 13 pro max,aftermarket-oled,64.73,PLN,52.63,no,https://gsmok.com/en/lcd-iphone-c095
gsmok.com,Poland,iphone 14,aftermarket-oled,43.65,PLN,35.49,no,https://gsmok.com/en/lcd-iphone-c095
gsmok.com,Poland,iphone 14,aftermarket-oled,53.69,PLN,43.65,no,https://gsmok.com/en/lcd-iphone-c095
gsmok.com,Poland,iphone 14,aftermarket-oled,62.0,PLN,50.41,no,https://gsmok.com/en/lcd-iphone-c095
gsmok.com,Poland,iphone 14,aftermarket-oled,76.26,PLN,62.0,no,https://gsmok.com/en/lcd-iphone-c095
gsmok.com,Poland,iphone 14,aftermarket-oled,47.15,PLN,38.33,no,https://gsmok.com/en/lcd-iphone-c095
gsmok.com,Poland,iphone 14,aftermarket-oled,57.99,PLN,47.15,no,https://gsmok.com/en/lcd-iphone-c095
gsmok.com,Poland,iphone 14 plus,aftermarket-incell,28.29,PLN,23.0,no,https://gsmok.com/en/lcd-iphone-c095
gsmok.com,Poland,iphone 14 plus,aftermarket-incell,34.8,PLN,28.29,no,https://gsmok.com/en/lcd-iphone-c095
gsmok.com,Poland,iphone 14 plus,aftermarket-oled,47.31,PLN,38.46,no,https://gsmok.com/en/lcd-iphone-c095
gsmok.com,Poland,iphone 14 plus,aftermarket-oled,58.2,PLN,47.32,no,https://gsmok.com/en/lcd-iphone-c095
gsmok.com,Poland,iphone 14 plus,aftermarket-oled,67.35,PLN,54.76,no,https://gsmok.com/en/lcd-iphone-c095
gsmok.com,Poland,iphone 14 plus,aftermarket-oled,82.84,PLN,67.35,no,https://gsmok.com/en/lcd-iphone-c095
gsmok.com,Poland,iphone 14 plus,aftermarket-oled,47.75,PLN,38.82,no,https://gsmok.com/en/lcd-iphone-c095
gsmok.com,Poland,iphone 14 plus,aftermarket-oled,58.73,PLN,47.75,no,https://gsmok.com/en/lcd-iphone-c095
gsmok.com,Poland,iphone 14 pro,aftermarket-incell,33.98,PLN,27.63,no,https://gsmok.com/en/lcd-iphone-c095
gsmok.com,Poland,iphone 14 pro,aftermarket-incell,41.8,PLN,33.98,no,https://gsmok.com/en/lcd-iphone-c095
gsmok.com,Poland,iphone 14 pro,aftermarket-oled,47.31,PLN,38.46,no,https://gsmok.com/en/lcd-iphone-c095
gsmok.com,Poland,iphone 14 pro,aftermarket-oled,58.2,PLN,47.32,no,https://gsmok.com/en/lcd-iphone-c095
gsmok.com,Poland,iphone 14 pro,aftermarket-oled,51.65,PLN,41.99,no,https://gsmok.com/en/lcd-iphone-c095
gsmok.com,Poland,iphone 14 pro,aftermarket-oled,63.53,PLN,51.65,no,https://gsmok.com/en/lcd-iphone-c095
gsmok.com,Poland,iphone 14 pro max,aftermarket-incell,37.59,PLN,30.56,no,https://gsmok.com/en/lcd-iphone-c095
gsmok.com,Poland,iphone 14 pro max,aftermarket-incell,46.23,PLN,37.59,no,https://gsmok.com/en/lcd-iphone-c095
gsmok.com,Poland,iphone 14 pro max,aftermarket-incell,31.41,PLN,25.54,no,https://gsmok.com/en/lcd-iphone-c095
gsmok.com,Poland,iphone 14 pro max,aftermarket-incell,38.64,PLN,31.41,no,https://gsmok.com/en/lcd-iphone-c095
gsmok.com,Poland,iphone 14 pro max,aftermarket-oled,47.31,PLN,38.46,no,https://gsmok.com/en/lcd-iphone-c095
gsmok.com,Poland,iphone 14 pro max,aftermarket-oled,58.2,PLN,47.32,no,https://gsmok.com/en/lcd-iphone-c095
gsmok.com,Poland,iphone 14 pro max,aftermarket-oled,65.34,PLN,53.12,no,https://gsmok.com/en/lcd-iphone-c095
gsmok.com,Poland,iphone 14 pro max,aftermarket-lcd,80.37,PLN,65.34,no,https://gsmok.com/en/lcd-iphone-c095
gsmok.com,Poland,iphone 14 pro max,aftermarket-oled,51.65,PLN,41.99,no,https://gsmok.com/en/lcd-iphone-c095
gsmok.com,Poland,iphone 14 pro max,aftermarket-oled,63.53,PLN,51.65,no,https://gsmok.com/en/lcd-iphone-c095
gsmok.com,Poland,iphone 15,aftermarket-incell,29.1,PLN,23.66,no,https://gsmok.com/en/lcd-iphone-c095
gsmok.com,Poland,iphone 15,aftermarket-incell,35.79,PLN,29.1,no,https://gsmok.com/en/lcd-iphone-c095
gsmok.com,Poland,iphone 15,aftermarket-incell,25.53,PLN,20.76,no,https://gsmok.com/en/lcd-iphone-c095
gsmok.com,Poland,iphone 15,aftermarket-incell,31.41,PLN,25.54,no,https://gsmok.com/en/lcd-iphone-c095
gsmok.com,Poland,iphone 15,aftermarket-oled,87.31,PLN,70.98,no,https://gsmok.com/en/lcd-iphone-c095
gsmok.com,Poland,iphone 15,aftermarket-oled,107.39,PLN,87.31,no,https://gsmok.com/en/lcd-iphone-c095
gsmok.com,Poland,iphone 15,aftermarket-oled,110.59,PLN,89.91,no,https://gsmok.com/en/lcd-iphone-c095
gsmok.com,Poland,iphone 15,aftermarket-oled,136.03,PLN,110.59,no,https://gsmok.com/en/lcd-iphone-c095
gsmok.com,Poland,iphone 15 plus,aftermarket-incell,32.35,PLN,26.3,no,https://gsmok.com/en/lcd-iphone-c095
gsmok.com,Poland,iphone 15 plus,aftermarket-incell,39.79,PLN,32.35,no,https://gsmok.com/en/lcd-iphone-c095
gsmok.com,Poland,iphone 15 plus,aftermarket-oled,59.12,PLN,48.07,no,https://gsmok.com/en/lcd-iphone-c095
gsmok.com,Poland,iphone 15 plus,aftermarket-oled,72.72,PLN,59.12,no,https://gsmok.com/en/lcd-iphone-c095
gsmok.com,Poland,iphone 15 pro,aftermarket-incell,33.49,PLN,27.23,no,https://gsmok.com/en/lcd-iphone-c095
gsmok.com,Poland,iphone 15 pro,aftermarket-incell,41.2,PLN,33.5,no,https://gsmok.com/en/lcd-iphone-c095
gsmok.com,Poland,iphone 15 pro,aftermarket-oled,59.18,PLN,48.11,no,https://gsmok.com/en/lcd-iphone-c095
gsmok.com,Poland,iphone 15 pro,aftermarket-oled,72.79,PLN,59.18,no,https://gsmok.com/en/lcd-iphone-c095
gsmok.com,Poland,iphone 15 pro,aftermarket-oled,55.12,PLN,44.81,no,https://gsmok.com/en/lcd-iphone-c095
gsmok.com,Poland,iphone 15 pro,aftermarket-oled,67.8,PLN,55.12,no,https://gsmok.com/en/lcd-iphone-c095
gsmok.com,Poland,iphone 15 pro max,aftermarket-incell,35.17,PLN,28.59,no,https://gsmok.com/en/lcd-iphone-c095
gsmok.com,Poland,iphone 15 pro max,aftermarket-incell,43.25,PLN,35.16,no,https://gsmok.com/en/lcd-iphone-c095
gsmok.com,Poland,iphone 15 pro max,aftermarket-incell,37.31,PLN,30.33,no,https://gsmok.com/en/lcd-iphone-c095
gsmok.com,Poland,iphone 15 pro max,aftermarket-incell,45.89,PLN,37.31,no,https://gsmok.com/en/lcd-iphone-c095
gsmok.com,Poland,iphone 15 pro max,aftermarket-incell,32.74,PLN,26.62,no,https://gsmok.com/en/lcd-iphone-c095
gsmok.com,Poland,iphone 15 pro max,aftermarket-lcd,40.27,PLN,32.74,no,https://gsmok.com/en/lcd-iphone-c095
gsmok.com,Poland,iphone 15 pro max,aftermarket-incell,31.41,PLN,25.54,no,https://gsmok.com/en/lcd-iphone-c095
gsmok.com,Poland,iphone 15 pro max,aftermarket-incell,38.64,PLN,31.41,no,https://gsmok.com/en/lcd-iphone-c095
gsmok.com,Poland,iphone 15 pro max,aftermarket-oled,97.01,PLN,78.87,no,https://gsmok.com/en/lcd-iphone-c095
gsmok.com,Poland,iphone 15 pro max,aftermarket-oled,119.33,PLN,97.02,no,https://gsmok.com/en/lcd-iphone-c095
gsmok.com,Poland,iphone 15 pro max,aftermarket-oled,52.55,PLN,42.72,no,https://gsmok.com/en/lcd-iphone-c095
gsmok.com,Poland,iphone 15 pro max,aftermarket-oled,64.64,PLN,52.55,no,https://gsmok.com/en/lcd-iphone-c095
gsmok.com,Poland,iphone 16,aftermarket-incell,40.24,PLN,32.72,no,https://gsmok.com/en/lcd-iphone-c095
gsmok.com,Poland,iphone 16,aftermarket-incell,49.49,PLN,40.24,no,https://gsmok.com/en/lcd-iphone-c095
gsmok.com,Poland,iphone 16,aftermarket-incell,38.88,PLN,31.61,no,https://gsmok.com/en/lcd-iphone-c095
gsmok.com,Poland,iphone 16,aftermarket-incell,47.83,PLN,38.89,no,https://gsmok.com/en/lcd-iphone-c095
gsmok.com,Poland,iphone 16,aftermarket-oled,59.12,PLN,48.07,no,https://gsmok.com/en/lcd-iphone-c095
gsmok.com,Poland,iphone 16,aftermarket-oled,72.72,PLN,59.12,no,https://gsmok.com/en/lcd-iphone-c095
gsmok.com,Poland,iphone 16,aftermarket-oled,56.18,PLN,45.67,no,https://gsmok.com/en/lcd-iphone-c095
gsmok.com,Poland,iphone 16,aftermarket-oled,69.1,PLN,56.18,no,https://gsmok.com/en/lcd-iphone-c095
gsmok.com,Poland,iphone 16,aftermarket-oled,87.59,PLN,71.21,no,https://gsmok.com/en/lcd-iphone-c095
gsmok.com,Poland,iphone 16,aftermarket-oled,107.73,PLN,87.59,no,https://gsmok.com/en/lcd-iphone-c095
gsmok.com,Poland,iphone 16,aftermarket-oled,55.12,PLN,44.81,no,https://gsmok.com/en/lcd-iphone-c095
gsmok.com,Poland,iphone 16,aftermarket-oled,67.8,PLN,55.12,no,https://gsmok.com/en/lcd-iphone-c095
gsmok.com,Poland,iphone 16 plus,aftermarket-incell,40.24,PLN,32.72,no,https://gsmok.com/en/lcd-iphone-c095
gsmok.com,Poland,iphone 16 plus,aftermarket-incell,49.49,PLN,40.24,no,https://gsmok.com/en/lcd-iphone-c095
gsmok.com,Poland,iphone 16 plus,aftermarket-oled,50.66,PLN,41.19,no,https://gsmok.com/en/lcd-iphone-c095
gsmok.com,Poland,iphone 16 plus,aftermarket-oled,62.31,PLN,50.66,no,https://gsmok.com/en/lcd-iphone-c095
gsmok.com,Poland,iphone 16 plus,aftermarket-oled,56.18,PLN,45.67,no,https://gsmok.com/en/lcd-iphone-c095
gsmok.com,Poland,iphone 16 plus,aftermarket-oled,69.1,PLN,56.18,no,https://gsmok.com/en/lcd-iphone-c095
gsmok.com,Poland,iphone 16 plus,aftermarket-oled,128.75,PLN,104.67,no,https://gsmok.com/en/lcd-iphone-c095
gsmok.com,Poland,iphone 16 plus,aftermarket-oled,158.36,PLN,128.75,no,https://gsmok.com/en/lcd-iphone-c095
gsmok.com,Poland,iphone 16 plus,aftermarket-oled,63.93,PLN,51.98,no,https://gsmok.com/en/lcd-iphone-c095
gsmok.com,Poland,iphone 16 plus,aftermarket-oled,78.64,PLN,63.93,no,https://gsmok.com/en/lcd-iphone-c095
gsmparts.bg,Bulgaria,iPhone 11,aftermarket-incell,19,EUR,15.83,no,https://www.gsmparts.bg/дисплей-тъч-скрийн-за-iphone-11-jk-incell
gsmparts.bg,Bulgaria,iPhone 15,aftermarket-incell,22,EUR,18.33,no,https://www.gsmparts.bg/дисплей-тъч-скрийн-за-iphone-15-gx-yk-incell-hd
gsmparts.bg,Bulgaria,iPhone 15 Plus,aftermarket-incell,24,EUR,20.0,no,https://www.gsmparts.bg/дисплей-тъч-скрийн-за-iphone-15-plus-gx-yk-incell-hd
gsmparts.bg,Bulgaria,iPhone 15 Pro,aftermarket-incell,24,EUR,20.0,no,https://www.gsmparts.bg/дисплей-тъч-скрийн-за-iphone-15-pro-gx-yk-incell-hd
gsmparts.bg,Bulgaria,iPhone 15 Pro Max,aftermarket-incell,25,EUR,20.83,no,https://www.gsmparts.bg/дисплей-тъч-скрийн-за-iphone-15-pro-max-gx-yk-incell-hd
gsmparts.bg,Bulgaria,iPhone 16 Pro,aftermarket-oled,70,EUR,58.33,no,https://www.gsmparts.bg/дисплей-тъч-скрийн-за-iphone-16-pro-dd-oled-120hz
gsmteam.gr,Greece,iPhone 11 Pro Max,aftermarket-soft-oled,59.9912,EUR,48.38,YES,https://gsmteam.gr/othones/othones-iphone/οθόνες-iphone-11-pro-max/jk-othonh-soft-oled-kai-digitizer-othonh-kai-mhxanismos-afhs-gia-iphone-11-pro-max-black-detail.html
gsmteam.gr,Greece,iPhone 14 Pro Max,aftermarket-soft-oled,79.9924,EUR,64.51,YES,https://gsmteam.gr/antallaktika-kiniton/antallaktika-iphone/iphone-14-pro-max/oem-othonh-mhxanismos-afhs-gia-apple-iphone-14-pro-max-soft-oled-dd-detail.html
gsmteam.gr,Greece,iPhone 17,aftermarket-hard-oled,99.9936,EUR,80.64,YES,https://gsmteam.gr/othones/othones-iphone/οθόνες-iphone-17/oem-othonh-hard-oled-dd-kai-digitizer-othonh-kai-mhxanismos-afhs-gia-iphone-17-black-detail.html
hallomobile.nl,Netherlands,iPhone 11,aftermarket-incell,22.95,EUR,18.97,no,https://hallomobile.nl/product/waeyz-iphone-11-serie-vervangend-lcd-scherm-incell/
hallomobile.nl,Netherlands,iPhone 11 Pro,aftermarket-incell,22.95,EUR,18.97,no,https://hallomobile.nl/product/waeyz-iphone-11-pro-serie-vervangend-lcd-scherm-incell-2/
hallomobile.nl,Netherlands,iPhone 12,aftermarket-incell,22.95,EUR,18.97,no,https://hallomobile.nl/product/waeyz-iphone-12-serie-vervangend-lcd-scherm-incell/
hallomobile.nl,Netherlands,iPhone 12 Pro,aftermarket-incell,22.95,EUR,18.97,no,https://hallomobile.nl/product/waeyz-iphone-11-pro-serie-vervangend-lcd-scherm-incell/
hallomobile.nl,Netherlands,iPhone 13,aftermarket-incell,37.9,EUR,31.32,no,https://hallomobile.nl/product/waeyz-iphone-13-serie-vervangend-lcd-scherm-incell/
hallomobile.nl,Netherlands,iPhone 13 Pro,aftermarket-incell,46.9,EUR,38.76,no,https://hallomobile.nl/product/waeyz-iphone-13-pro-serie-vervangend-lcd-scherm-incell/
hallomobile.nl,Netherlands,iPhone 13 Pro Max,aftermarket-incell,66.9,EUR,55.29,no,https://hallomobile.nl/product/waeyz-iphone-13-pro-max-serie-vervangend-lcd-scherm-incell/
hallomobile.nl,Netherlands,iPhone 13 mini,aftermarket-incell,36.9,EUR,30.5,no,https://hallomobile.nl/product/waeyz-iphone-13-mini-serie-vervangend-lcd-scherm-incell/
handyschmiede.de,Germany,iPhone 12 / 12 Pro,aftermarket-soft-oled,56.59,EUR,47.55,no,https://handyschmiede.de/products/lcd-touch-fur-a2403-a2407-apple-iphone-12-12-pro-soft-oled-black?_pos=4&_sid=5ef32a854&_ss=r
handyschmiede.de,Germany,iPhone 13 Pro,aftermarket-soft-oled,87.68,EUR,73.68,no,https://handyschmiede.de/products/lcd-touch-jcid-fur-a2638-apple-iphone-13-pro-soft-oled-black?_pos=6&_sid=5ef32a854&_ss=r
handyschmiede.de,Germany,iPhone 14 Plus,aftermarket-soft-oled,69,EUR,57.98,no,https://handyschmiede.de/products/lcd-touch-fur-a2886-apple-iphone-14-plus-soft-oled-black?_pos=8&_sid=5ef32a854&_ss=r
handyschmiede.de,Germany,iPhone 14 Pro,aftermarket-soft-oled,166.88,EUR,140.24,no,https://handyschmiede.de/products/lcd-touch-jcid-fur-a2890-apple-iphone-14-pro-soft-oled-black?_pos=9&_sid=5ef32a854&_ss=r
handyschmiede.de,Germany,iPhone 14 Pro Max,aftermarket-soft-oled,101.51,EUR,85.3,no,https://handyschmiede.de/products/lcd-touch-fur-a2894-apple-iphone-14-pro-max-soft-oled-black?_pos=5&_sid=5ef32a854&_ss=r
handyschmiede.de,Germany,iPhone 15,aftermarket-soft-oled,62.64,EUR,52.64,no,https://handyschmiede.de/products/lcd-touch-fur-a3090-apple-iphone-15-soft-oled-black?_pos=2&_sid=5ef32a854&_ss=r
handyschmiede.de,Germany,iPhone X,aftermarket-soft-oled,47.41,EUR,39.84,no,https://handyschmiede.de/products/lcd-touch-fur-apple-iphone-x-soft-oled-black?_pos=7&_sid=5ef32a854&_ss=r
horepa.fr,France,iPhone 13,aftermarket-soft-oled,58.896001,EUR,49.08,no,https://horepa.fr/fr/ecran-iphone-13-soft-oled.html
horepa.fr,France,iPhone 14,aftermarket-soft-oled,49.896001,EUR,41.58,no,https://horepa.fr/fr/ecran-iphone-14-soft-oled.html
horepa.fr,France,iPhone 15,aftermarket-incell,29.916001,EUR,24.93,no,https://horepa.fr/fr/ecran-iphone-15-incell-standard.html
horepa.fr,France,iPhone 15,aftermarket-soft-oled,69.900001,EUR,58.25,no,https://horepa.fr/fr/ecran-iphone-15-soft-oled.html
horepa.fr,France,iPhone 15,aftermarket-incell,32.904001,EUR,27.42,no,https://horepa.fr/fr/ecran-iphone-15-incell.html
icell4less.com,Norway,iPhone 11,aftermarket-lcd,79,USD,63.2,no,https://icell4less.com/collections/lcd/products/apple-iphone-11-lcd-touch-screen-digitizer-replacement-assembly-kit-6-1-inch-i11-lcd
icell4less.com,Norway,iPhone 11 Pro,aftermarket-incell,130,USD,104.0,no,https://icell4less.com/collections/lcd/products/apple-iphone-11-pro-lcd-3d-touch-screen-digitizer-replacement-assembly-kit
icell4less.com,Norway,iPhone X,aftermarket-hard-oled,69,USD,55.2,no,https://icell4less.com/collections/lcd/products/apple-iphone-x-oled-touch-screen-digitizer-replacement-assembly-kit
icell4less.com,Norway,iPhone XR,aftermarket-lcd,59,USD,47.2,no,https://icell4less.com/collections/lcd/products/apple-iphone-xr-lcd-touch-screen-digitizer-replacement-assembly-kit
icell4less.com,Norway,iPhone XS,aftermarket-tft,59,USD,47.2,no,https://icell4less.com/collections/lcd/products/apple-iphone-xs-5-8-inch-tft-lcd-touch-screen-replacements-with-assembly-tools-included
icell4less.com,Norway,iPhone XS Max,aftermarket-lcd,89,USD,71.2,no,https://icell4less.com/collections/lcd/products/apple-iphone-xs-max-lcd-touch-screen-replacement-with-assembly-tools-included
ieasyservice.fi,Finland,iPhone 11,aftermarket-incell,24.99,EUR,19.91,no,https://www.ieasyservice.fi/product/177/iphone-premium-incell-lcd-naytto?variation_id=226
ieasyservice.fi,Finland,iPhone 11 Pro,aftermarket-incell,29.9,EUR,23.82,no,https://www.ieasyservice.fi/product/177/iphone-premium-incell-lcd-naytto?variation_id=247
ieasyservice.fi,Finland,iPhone 11 Pro Max,aftermarket-incell,29.9,EUR,23.82,no,https://www.ieasyservice.fi/product/177/iphone-premium-incell-lcd-naytto?variation_id=230
ieasyservice.fi,Finland,iPhone 12,aftermarket-incell,39.99,EUR,31.86,no,https://www.ieasyservice.fi/product/177/iphone-premium-incell-lcd-naytto?variation_id=232
ieasyservice.fi,Finland,iPhone X,aftermarket-incell,29.9,EUR,23.82,no,https://www.ieasyservice.fi/product/177/iphone-premium-incell-lcd-naytto?variation_id=227
ieasyservice.fi,Finland,iPhone XR,aftermarket-incell,24.9,EUR,19.84,no,https://www.ieasyservice.fi/product/177/iphone-premium-incell-lcd-naytto?variation_id=229
ieasyservice.fi,Finland,iPhone XS,aftermarket-incell,29.99,EUR,23.9,no,https://www.ieasyservice.fi/product/177/iphone-premium-incell-lcd-naytto?variation_id=228
ieasyservice.fi,Finland,iPhone XS Max,aftermarket-incell,24.9,EUR,19.84,no,https://www.ieasyservice.fi/product/177/iphone-premium-incell-lcd-naytto?variation_id=248
ilevante.com,Spain,iphone 13,aftermarket-oled,36.9,EUR,30.5,no,https://www.ilevante.com/repuestos-iphone-13
ilevante.fr,France,iPhone 12,aftermarket-oled,30.9,EUR,25.75,no,https://www.ilevante.fr/Ecran-complet-pour-iphone-12-oled-p-20534.html
ilevante.fr,France,iPhone 13,aftermarket-oled,36.9,EUR,30.75,no,https://www.ilevante.fr/Ecran-complet-pour-iphone-13-oled-p-20583.html
ilevante.fr,France,iPhone 15 Pro,aftermarket-oled,47.9,EUR,39.92,no,https://www.ilevante.fr/Ecran-complet-oled-pour-iphone-15-pro-p-21536.html
ioutlet.ee,Estonia,iphone 11 pro,aftermarket-oled,109.0,EUR,89.34,YES,https://ioutlet.ee/shop/
ioutlet.ee,Estonia,iphone 11 pro,aftermarket-oled,6.64,EUR,5.44,YES,https://ioutlet.ee/shop/
ioutlet.ee,Estonia,iphone x,aftermarket-soft-oled,89.0,EUR,72.95,YES,https://ioutlet.ee/shop/
ioutlet.ee,Estonia,iphone x,aftermarket-soft-oled,7.57,EUR,6.2,YES,https://ioutlet.ee/shop/
ioutlet.ee,Estonia,iphone xs,aftermarket-oled,99.0,EUR,81.15,YES,https://ioutlet.ee/shop/
ioutlet.ee,Estonia,iphone xs,aftermarket-oled,6.03,EUR,4.94,YES,https://ioutlet.ee/shop/
ioutlet.ee,Estonia,iphone xs max,aftermarket-oled,109.0,EUR,89.34,YES,https://ioutlet.ee/shop/
ioutlet.ee,Estonia,iphone xs max,aftermarket-oled,6.64,EUR,5.44,YES,https://ioutlet.ee/shop/
ipfix.dk,Denmark,iPhone 15 Plus,aftermarket-oled,1999,DKK,1599.2,YES,https://ipfix.dk/product/iphone-15_plus-skaerm-glas-oled-original-oled/
ipfix.dk,Denmark,iPhone 15 Pro,aftermarket-oled,1999,DKK,1599.2,YES,https://ipfix.dk/product/iphone-15skaerm-glas-oled-original-oled/
ipfix.dk,Denmark,iPhone 16 Pro,aftermarket-oled,2799,DKK,2239.2,YES,https://ipfix.dk/product/iphone-16-pro-skaerm-glas-oled-original-oled/
ipfix.dk,Denmark,iPhone 16e,aftermarket-oled,999,DKK,799.2,YES,https://ipfix.dk/product/iphone-16e-skaerm-glaoled-original-oled/
ipfix.dk,Denmark,iPhone 17,aftermarket-oled,2700,DKK,2160.0,YES,https://ipfix.dk/product/iphone-17-skaerm-glas-oled-original-oled/
iphoneersatzteileshop.de,Germany,iPhone 16 Pro Max,aftermarket-oled,139.9,EUR,117.56,no,https://www.iphoneersatzteileshop.de/iPhone-16-Pro-Max-OLED-Display-Reparaturset
irepart.com,China,iphone 11 pro,aftermarket-incell,7.3,USD,7.3,no,https://irepart.com/collections/screen
irepart.com,China,iphone 12 pro,aftermarket-incell,8.0,USD,8.0,no,https://irepart.com/collections/screen
irepart.com,China,iphone 12 pro max,aftermarket-incell,9.0,USD,9.0,no,https://irepart.com/collections/screen
irepart.com,China,iphone 13,aftermarket-incell,9.5,USD,9.5,no,https://irepart.com/collections/screen
irepart.com,China,iphone 13 pro max,aftermarket-incell,10.0,USD,10.0,no,https://irepart.com/collections/screen
irepart.com,China,iphone 14,aftermarket-incell,9.6,USD,9.6,no,https://irepart.com/collections/lcd-screen
irepart.com,China,iphone 14,aftermarket-incell,9.6,USD,9.6,no,https://irepart.com/collections/screen
irepart.com,China,iphone 14 plus,aftermarket-soft-oled,35.66,USD,35.66,no,https://irepart.com/collections/screen
irepart.com,China,iphone 15,aftermarket-incell,27.0,USD,27.0,no,https://irepart.com/collections/oled-screen
irepart.com,China,iphone 15 plus,aftermarket-incell,28.0,USD,28.0,no,https://irepart.com/collections/lcd-screen
irepart.com,China,iphone 15 plus,aftermarket-soft-oled,63.66,USD,63.66,no,https://irepart.com/collections/screen
irepart.com,China,iphone 15 pro,aftermarket-incell,27.0,USD,27.0,no,https://irepart.com/collections/lcd-screen
irepart.com,China,iphone 15 pro,aftermarket-hard-oled,34.2,USD,34.2,no,https://irepart.com/collections/screen
irepart.com,China,iphone 15 pro max,aftermarket-incell,29.0,USD,29.0,no,https://irepart.com/collections/lcd-screen
irepart.com,China,iphone 15 pro max,aftermarket-hard-oled,34.2,USD,34.2,no,https://irepart.com/collections/screen
irepart.com,China,iphone 16,aftermarket-incell,29.66,USD,29.66,no,https://irepart.com/collections/lcd-screen
irepart.com,China,iphone 16,aftermarket-soft-oled,63.66,USD,63.66,no,https://irepart.com/collections/screen
irepart.com,China,iphone 16,aftermarket-hard-oled,34.2,USD,34.2,no,https://irepart.com/collections/screen
irepart.com,China,iphone 16 plus,aftermarket-incell,30.0,USD,30.0,no,https://irepart.com/collections/lcd-screen
irepart.com,China,iphone 16 plus,aftermarket-soft-oled,63.66,USD,63.66,no,https://irepart.com/collections/screen
irepart.com,China,iphone 16 plus,aftermarket-hard-oled,34.2,USD,34.2,no,https://irepart.com/collections/screen
irepart.com,China,iphone 16 plus,aftermarket-incell,30.0,USD,30.0,no,https://irepart.com/collections/screen
irepart.com,China,iphone 16 pro,aftermarket-incell,31.66,USD,31.66,no,https://irepart.com/collections/lcd-screen
irepart.com,China,iphone 16 pro,aftermarket-hard-oled,34.2,USD,34.2,no,https://irepart.com/collections/screen
irepart.com,China,iphone 16 pro,aftermarket-incell,31.66,USD,31.66,no,https://irepart.com/collections/screen
irepart.com,China,iphone 16 pro max,aftermarket-incell,32.0,USD,32.0,no,https://irepart.com/collections/oled-screen
irepart.com,China,iphone 16 pro max,aftermarket-incell,32.0,USD,32.0,no,https://irepart.com/collections/screen
irepart.com,China,iphone 16 pro max,aftermarket-hard-oled,34.2,USD,34.2,no,https://irepart.com/collections/screen
ishine.ie,Ireland,iPhone 14 Pro,aftermarket-soft-oled,55,EUR,44.72,no,https://techwave.ie/product/soft-oled-iphone-14-pro-display-and-touch-screen-digitizer-assembly-2/
ishine.ie,Ireland,iPhone 15,aftermarket-soft-oled,49,EUR,39.84,no,https://techwave.ie/product/soft-oled-iphone-15-display-and-touch-screen-digitizer-assembly-2/
ishine.ie,Ireland,iPhone 15 Pro Max,aftermarket-soft-oled,65,EUR,52.85,no,https://techwave.ie/product/soft-oled-iphone-15-pro-max-display-and-touch-screen-digitizer-assembly/
ishine.ie,Ireland,iPhone 16,aftermarket-soft-oled,49,EUR,39.84,no,https://techwave.ie/product/soft-oled-iphone-16-display-and-touch-screen-digitizer-assembly-2/
ishine.ie,Ireland,iPhone 16 Pro,aftermarket-soft-oled,70,EUR,56.91,no,https://techwave.ie/product/soft-oled-screen-for-iphone-16-pro-display-and-touch-screen-digitizer-assembly/
ishine.ie,Ireland,iPhone 16 Pro Max,aftermarket-soft-oled,75,EUR,60.98,no,https://techwave.ie/product/soft-oled-screen-for-iphone-16-pro-max-display-and-touch-screen-digitizer-assembly/
ishine.ie,Ireland,iPhone 16e,aftermarket-soft-oled,49,EUR,39.84,no,https://techwave.ie/product/soft-oled-iphone-16e-display-and-touch-screen-digitizer-assembly-2/
ishine.ie,Ireland,iPhone 16e,aftermarket-soft-oled,49,EUR,39.84,no,https://techwave.ie/product/soft-oled-iphone-16e-display-and-touch-screen-digitizer-assembly/
isn-parts.com,Bulgaria,iPhone 11,aftermarket-lcd,19.99,EUR,16.66,no,https://isn-parts.com/produkt/iphone-11-displei-lcd
isn-parts.com,Bulgaria,iPhone 11 Pro,aftermarket-lcd,21.99,EUR,18.32,no,https://isn-parts.com/produkt/iphone-11-pro-displei-lcd
isn-parts.com,Bulgaria,iPhone 12,aftermarket-lcd,24.99,EUR,20.82,no,https://isn-parts.com/produkt/iphone-12-lcd-displei
isn-parts.com,Bulgaria,iPhone 12,aftermarket-oled,44,EUR,36.67,no,https://isn-parts.com/produkt/iphone-12-oled-displei
isn-parts.com,Bulgaria,iPhone 13 Pro,aftermarket-oled,65,EUR,54.17,no,https://isn-parts.com/produkt/iphone-13-pro-oled-displei
isn-parts.com,Bulgaria,iPhone 13 Pro Max,aftermarket-oled,70,EUR,58.33,no,https://isn-parts.com/produkt/iphone-13-pro-max-oled-displei
isn-parts.com,Bulgaria,iPhone 14,aftermarket-lcd,29.99,EUR,24.99,no,https://isn-parts.com/produkt/iphone-14-lcd-displei
iswap.cz,Czechia,iPhone 12 Pro Max,aftermarket-oled,1790,CZK,1479.34,YES,https://www.iswap.cz/iphone-12-pro-max/oled-displej-premium-iphone-12-pro-max/
iswap.cz,Czechia,iPhone 13 mini,aftermarket-oled,3790,CZK,3132.23,YES,https://www.iswap.cz/iphone-13-mini/originalni-oled-displej-iphone-13-mini/
iswap.cz,Czechia,iPhone 17 Pro,aftermarket-lcd,1890,CZK,1561.98,YES,https://www.iswap.cz/iphone-17pro/lcd-displej-basic-iphone-17-pro/
italiatech.it,Italy,iPhone 12 Pro Max,aftermarket-incell,20.6,EUR,16.89,no,https://www.italiatech.it/display-lcd-zy-fhd-incell-cof-per-apple-iphone-12-pro-max-touch-screen-vetro-schermo-frame-nero-ic-intercambiabile-.1.1.957.gp.94217.uw
italiatech.it,Italy,iPhone 12 mini,aftermarket-incell,31.05,EUR,25.45,no,https://www.italiatech.it/display-lcd-zy-fhd-incell-per-apple-iphone-12-mini-touch-screen-schermo-frame-nero.1.1.957.gp.96313.uw
italiatech.it,Italy,iPhone 13 Pro,aftermarket-incell,20.6,EUR,16.89,no,https://www.italiatech.it/display-lcd-zy-cof-fhd-incell-per-apple-iphone-13-pro-touch-screen-vetro-schermo-frame-nero-ic-intercambiabile-.1.1.957.gp.93507.uw
italiatech.it,Italy,iPhone 13 Pro Max,aftermarket-incell,22.5,EUR,18.44,no,https://www.italiatech.it/display-lcd-zy-cof-incell-per-apple-iphone-13-pro-max-touch-screen-vetro-schermo-frame-ic-intercambiabile-.1.1.957.gp.93508.uw
italiatech.it,Italy,iPhone 13 mini,aftermarket-incell,24.6,EUR,20.16,no,https://www.italiatech.it/display-lcd-zy-cof-fhd-incell-per-apple-iphone-13-mini-touch-screen-schermo-frame-nero-ic-intercambiabile-.1.1.957.gp.96315.uw
italiatech.it,Italy,iPhone 14 Pro,aftermarket-incell,21.85,EUR,17.91,no,https://www.italiatech.it/display-lcd-zy-cof-fhd-incell-per-apple-iphone-14-pro-touch-screen-vetro-schermo-frame-nero-ic-intercambiabile-.1.1.957.gp.93510.uw
italiatech.it,Italy,iPhone 15,aftermarket-incell,21.65,EUR,17.75,no,https://www.italiatech.it/display-lcd-zy-cof-fhd-incell-per-apple-iphone-15-touch-screen-vetro-schermo-frame-nero-ic-intercambiabile-.1.1.957.gp.94219.uw
italiatech.it,Italy,iPhone X,aftermarket-incell,16.2,EUR,13.28,no,https://www.italiatech.it/display-lcd-zy-fhd-incell-per-apple-iphone-x-touch-screen-vetro-schermo-frame.1.1.957.gp.93277.uw
koopjeonderdelen.nl,Netherlands,iPhone 11,aftermarket-incell,19.99,EUR,16.52,no,https://www.koopjeonderdelen.nl/products/iphone-11-incell-lcd
koopjeonderdelen.nl,Netherlands,iPhone 12,aftermarket-incell,23.99,EUR,19.83,no,https://www.koopjeonderdelen.nl/products/iphone-12-incell-lcd-scherm
koopjeonderdelen.nl,Netherlands,iPhone 12 Pro Max,aftermarket-soft-oled,94.99,EUR,78.5,no,https://www.koopjeonderdelen.nl/products/iphone-12-pro-max-soft-oled-scherm
koopjeonderdelen.nl,Netherlands,iPhone 13,aftermarket-incell,24.99,EUR,20.65,no,https://www.koopjeonderdelen.nl/products/iphone-13-incell-lcd-scherm
koopjeonderdelen.nl,Netherlands,iPhone 13 Mini,aftermarket-incell,34.99,EUR,28.92,no,https://www.koopjeonderdelen.nl/products/iphone-13-mini-incell-lcd-scherm
koopjeonderdelen.nl,Netherlands,iPhone 13 Mini,aftermarket-incell,49.99,EUR,41.31,no,https://www.koopjeonderdelen.nl/products/iphone-13-mini-budget-incell-lcd-scherm
lcd-phone.com,France,iPhone 12 / 12 Pro,aftermarket-incell,12,EUR,10.0,no,https://lcd-phone.com/en/-repair-parts/15206-ecran-iphone-12-12-pro-in-cell-8771621429335.html
lemes.cz,Czechia,iPhone 16 Pro,aftermarket-tft,1459,CZK,1205.79,YES,https://www.lemes.cz/apple-iphone-16-pro-displej-dotykova-plocha-cerna-tft/
lemes.cz,Czechia,iPhone XR,aftermarket-tft,599,CZK,495.04,YES,https://www.lemes.cz/apple-iphone-xr-displej-dotykova-plocha-cerna-tft/
lemes.hu,Hungary,iPhone 15,aftermarket-hard-oled,31890,HUF,25110.24,YES,https://www.lemes.hu/apple-iphone-15-kijelzo-erinto-fekete-hard-oled/
marsietis.lt,Lithuania,iphone 14 pro,aftermarket-oled,50.66,EUR,41.87,no,https://marsietis.lt/ekranai-touch/ekranas-skirtas-iphone-14-pro-su-lietimui-jautriu-stikliuku-oled-removable-ic-1269167
marsietis.lt,Lithuania,iphone 14 pro,aftermarket-oled,66.0,EUR,54.55,no,https://marsietis.lt/719-ekranai-touch/
marsietis.lt,Lithuania,iphone 14 pro max,aftermarket-oled,58.25,EUR,48.14,no,https://marsietis.lt/ekranai-touch/ekranas-skirtas-iphone-14-pro-max-su-lietimui-jautriu-stikliuku-oled-removable-ic-1269166
marsietis.lt,Lithuania,iphone 14 pro max,aftermarket-oled,25.0,EUR,20.66,no,https://marsietis.lt/719-ekranai-touch/
mdparts.com.au,Australia,iphone 15 pro max,aftermarket-soft-oled,91.85,AUD,91.85,no,https://mdparts.com.au/products/hx-iphone-15-pro-max-soft-oled-aftermarket-assembly
mdparts.com.au,Australia,iphone 15 pro max,aftermarket-soft-oled,63.88,AUD,63.88,no,https://mdparts.com.au/products/120hz-iphone-15-pro-max-prime-soft-oled-screen-assembly
mdparts.com.au,Australia,iphone 15 pro max,aftermarket-incell,39.5,AUD,39.5,no,https://mdparts.com.au/products/iphone-15-pro-max-120hz-prime-incell-screen-assembly
mdparts.com.au,Australia,iphone 15 pro max,aftermarket-hard-oled,163.9,AUD,163.9,no,https://mdparts.com.au/products/iphone-15-pro-max-hard-oled-screen-assembly
mdparts.com.au,Australia,iphone 15 pro max,aftermarket-incell,40.7,AUD,40.7,no,https://mdparts.com.au/products/iphone-15-pro-max-colorx-incell-screen-assembly
mdparts.com.au,Australia,iphone 15 pro max,aftermarket-incell,38.87,AUD,38.87,no,https://mdparts.com.au/products/iphone-15-pro-max-jk-incell-screen-assembly
mdparts.com.au,Australia,iphone 15 pro max,aftermarket-soft-oled,58.01,AUD,58.01,no,https://mdparts.com.au/products/120hz-iphone-15-pro-max-soft-oled-aftermarket-assembly
mdparts.com.au,Australia,iphone 15 pro max,aftermarket-soft-oled,95.48,AUD,95.48,no,https://mdparts.com.au/products/120hz-iphone-15-pro-max-soft-oledaftermarket-assembly-self-configuration
mobifixbg.com,Bulgaria,iPhone 11 Pro,aftermarket-incell,20,EUR,16.67,no,https://mobifixbg.com/product/displey-za-iphone-11g-pro-2019-jk-incell
mobifixbg.com,Bulgaria,iPhone 11 Pro Max,aftermarket-incell,21.25,EUR,17.71,no,https://mobifixbg.com/product/displey-za-iphone-11g-pro-max-2019-jk-incell
mobifixbg.com,Bulgaria,iPhone 14,aftermarket-incell,23.75,EUR,19.79,no,https://mobifixbg.com/product/displey-za-iphone-14g-2022-jk-incell
mobifixbg.com,Bulgaria,iPhone 15,aftermarket-oled,61.11,EUR,50.93,no,https://mobifixbg.com/product/displey-za-iphone-15g-2023-gx-oled
mobifixbg.com,Bulgaria,iPhone XR,aftermarket-incell,19.17,EUR,15.98,no,https://mobifixbg.com/product/displey-za-iphone-xr-jk-incell
mobifixbg.com,Bulgaria,iPhone XS,aftermarket-incell,17.45,EUR,14.54,no,https://mobifixbg.com/product/displey-za-iphone-xs-2018-jk-incell
mobiiliabi.ee,Estonia,iPhone 12 mini,aftermarket-incell,52.99,EUR,43.43,no,https://mobiiliabi.ee/toode/lcd-screen-for-iphone-12-mini-with-touch-screen-incell-self-diagnosable/
mobiiliabi.ee,Estonia,iPhone 14,aftermarket-incell,41.99,EUR,34.42,no,https://mobiiliabi.ee/toode/lcd-screen-for-iphone-14-with-touch-screen-incell-self-diagnosable/
mobiiliabi.ee,Estonia,iphone 11,aftermarket-lcd,35.99,EUR,29.5,no,https://mobiiliabi.ee/toode/lcd-screen-for-iphone-11-with-touch-screen-refurbished-copy-ic/
mobiiliabi.ee,Estonia,iphone 11 pro,aftermarket-oled,66.99,EUR,54.91,no,https://mobiiliabi.ee/toode/lcd-screen-for-iphone-11-pro-with-touch-screen-premium-oled-removable-ic/
mobiiliabi.ee,Estonia,iphone 11 pro max,aftermarket-oled,44.99,EUR,36.88,no,https://mobiiliabi.ee/toode/lcd-screen-for-iphone-11-pro-max-with-touch-screen-oled-removable-ic/
mobiiliabi.ee,Estonia,iphone 12 mini,aftermarket-incell,43.99,EUR,36.06,no,https://mobiiliabi.ee/toode/lcd-screen-for-iphone-12-mini-with-touch-screen-incell-removable-ic/
mobiiliabi.ee,Estonia,iphone 12 pro,aftermarket-oled,47.99,EUR,39.34,no,https://mobiiliabi.ee/toode/lcd-screen-for-iphone-12-12-pro-with-touch-screen-oled-removable-ic/
mobiiliabi.ee,Estonia,iphone 12 pro,aftermarket-oled,60.99,EUR,49.99,no,https://mobiiliabi.ee/toode/lcd-screen-for-iphone-12-12-pro-with-touch-screen-premium-oled-removable-ic/
mobiiliabi.ee,Estonia,iphone 12 pro max,aftermarket-oled,75.99,EUR,62.29,no,https://mobiiliabi.ee/toode/lcd-screen-for-iphone-12-pro-max-with-touch-screen-premium-oled-self-diagnosable/
mobiiliabi.ee,Estonia,iphone 12 pro max,aftermarket-oled,62.99,EUR,51.63,no,https://mobiiliabi.ee/toode/lcd-screen-for-iphone-12-pro-max-with-touch-screen-premium-oled-removable-ic/
mobiiliabi.ee,Estonia,iphone 13,aftermarket-oled,69.99,EUR,57.37,no,https://mobiiliabi.ee/toode/lcd-screen-for-iphone-13-with-touch-screen-premium-oled-self-diagnosable/
mobiiliabi.ee,Estonia,iphone 13,aftermarket-oled,60.99,EUR,49.99,no,https://mobiiliabi.ee/toode/lcd-screen-for-iphone-13-with-touch-screen-premium-oled-removable-ic/
mobiiliabi.ee,Estonia,iphone 13 pro,aftermarket-oled,56.99,EUR,46.71,no,https://mobiiliabi.ee/toode/lcd-screen-for-iphone-13-pro-with-touch-screen-oled-removable-ic/
mobiiliabi.ee,Estonia,iphone 13 pro,aftermarket-incell,39.99,EUR,32.78,no,https://mobiiliabi.ee/toode/lcd-screen-for-iphone-13-pro-with-touch-screen-incell-120hz-removable-ic/
mobiiliabi.ee,Estonia,iphone 13 pro,aftermarket-oled,66.99,EUR,54.91,no,https://mobiiliabi.ee/toode/lcd-screen-for-iphone-13-pro-with-touch-screen-premium-oled-removable-ic/
mobiiliabi.ee,Estonia,iphone 13 pro max,aftermarket-oled,64.99,EUR,53.27,no,https://mobiiliabi.ee/toode/lcd-screen-for-iphone-13-pro-max-with-touch-screen-premium-oled-120hz-removable-ic/
mobiiliabi.ee,Estonia,iphone 14,aftermarket-oled,58.99,EUR,48.35,no,https://mobiiliabi.ee/toode/lcd-screen-for-iphone-14-with-touch-screen-premium-oled-removable-ic-2/
mobiiliabi.ee,Estonia,iphone 14,aftermarket-oled,68.99,EUR,56.55,no,https://mobiiliabi.ee/toode/lcd-screen-for-iphone-14-with-touch-screen-premium-oled-self-diagnosable/
mobilemonsters.lv,Latvia,iphone 16,aftermarket-oled,128.4,EUR,106.12,no,https://www.mobilemonsters.lv/displeji-iphone.html
mobilemonsters.lv,Latvia,iphone 16 plus,aftermarket-oled,170.9,EUR,141.24,no,https://www.mobilemonsters.lv/displeji-iphone.html
mobilemonsters.lv,Latvia,iphone 16 pro,aftermarket-oled,109.4,EUR,90.41,no,https://www.mobilemonsters.lv/displeji-iphone.html
mobilemonsters.lv,Latvia,iphone 16e,aftermarket-oled,80.0,EUR,66.12,no,https://www.mobilemonsters.lv/displeji-iphone.html
mobilesentrix.eu,Germany,iphone 11,aftermarket-incell,9.37,EUR,7.87,no,https://www.mobilesentrix.eu/replacement-parts/apple/iphone-parts/all-iphone-lcds
mobilesentrix.eu,Germany,iphone 11,aftermarket-incell,10.41,EUR,8.75,no,https://www.mobilesentrix.eu/replacement-parts/apple/iphone-parts/all-iphone-lcds
mobilesentrix.eu,Germany,iphone 11,aftermarket-incell,11.38,EUR,9.56,no,https://www.mobilesentrix.eu/replacement-parts/apple/iphone-parts/all-iphone-lcds
mobilesentrix.eu,Germany,iphone 11 pro,aftermarket-incell,9.86,EUR,8.29,no,https://www.mobilesentrix.eu/replacement-parts/apple/iphone-parts/all-iphone-lcds
mobilesentrix.eu,Germany,iphone 11 pro,aftermarket-incell,10.85,EUR,9.12,no,https://www.mobilesentrix.eu/replacement-parts/apple/iphone-parts/all-iphone-lcds
mobilesentrix.eu,Germany,iphone 11 pro,aftermarket-oled,31.8,EUR,26.72,no,https://www.mobilesentrix.eu/replacement-parts/apple/iphone-parts/all-iphone-lcds
mobilesentrix.eu,Germany,iphone 11 pro max,aftermarket-incell,11.12,EUR,9.34,no,https://www.mobilesentrix.eu/replacement-parts/apple/iphone-parts/all-iphone-lcds
mobilesentrix.eu,Germany,iphone 12,aftermarket-incell,10.17,EUR,8.55,no,https://www.mobilesentrix.eu/replacement-parts/apple/iphone-parts/all-iphone-lcds
mobilesentrix.eu,Germany,iphone 12,aftermarket-incell,11.29,EUR,9.49,no,https://www.mobilesentrix.eu/replacement-parts/apple/iphone-parts/all-iphone-lcds
mobilesentrix.eu,Germany,iphone 12,aftermarket-lcd,20.06,EUR,16.86,no,https://www.mobilesentrix.eu/replacement-parts/apple/iphone-parts/all-iphone-lcds
mobilesentrix.eu,Germany,iphone 12 mini,aftermarket-incell,11.95,EUR,10.04,no,https://www.mobilesentrix.eu/replacement-parts/apple/iphone-parts/all-iphone-lcds
mobilesentrix.eu,Germany,iphone 12 mini,aftermarket-incell,18.94,EUR,15.92,no,https://www.mobilesentrix.eu/replacement-parts/apple/iphone-parts/all-iphone-lcds
mobilesentrix.eu,Germany,iphone 12 pro,aftermarket-lcd,20.06,EUR,16.86,no,https://www.mobilesentrix.eu/replacement-parts/apple/iphone-parts/all-iphone-lcds
mobilesentrix.eu,Germany,iphone 12 pro max,aftermarket-lcd,26.02,EUR,21.87,no,https://www.mobilesentrix.eu/replacement-parts/apple/iphone-parts/all-iphone-lcds
mobilesentrix.eu,Germany,iphone 12 pro max,aftermarket-lcd,13.41,EUR,11.27,no,https://www.mobilesentrix.eu/replacement-parts/apple/iphone-parts/all-iphone-lcds
mobilesentrix.eu,Germany,iphone 12 pro max,aftermarket-incell,15.53,EUR,13.05,no,https://www.mobilesentrix.eu/replacement-parts/apple/iphone-parts/all-iphone-lcds
mobilesentrix.eu,Germany,iphone 13,aftermarket-lcd,21.58,EUR,18.13,no,https://www.mobilesentrix.eu/replacement-parts/apple/iphone-parts/all-iphone-lcds
mobilesentrix.eu,Germany,iphone 13,aftermarket-incell,12.43,EUR,10.45,no,https://www.mobilesentrix.eu/replacement-parts/apple/iphone-parts/all-iphone-lcds
mobilesentrix.eu,Germany,iphone 13,aftermarket-oled,31.09,EUR,26.13,no,https://www.mobilesentrix.eu/replacement-parts/apple/iphone-parts/all-iphone-lcds
mobilesentrix.eu,Germany,iphone 13 mini,aftermarket-lcd,28.47,EUR,23.92,no,https://www.mobilesentrix.eu/replacement-parts/apple/iphone-parts/all-iphone-lcds
mobilesentrix.eu,Germany,iphone 13 mini,aftermarket-incell,15.68,EUR,13.18,no,https://www.mobilesentrix.eu/replacement-parts/apple/iphone-parts/all-iphone-lcds
mobilesentrix.eu,Germany,iphone 13 pro,aftermarket-incell,14.01,EUR,11.77,no,https://www.mobilesentrix.eu/replacement-parts/apple/iphone-parts/all-iphone-lcds
mobilesentrix.eu,Germany,iphone 13 pro,aftermarket-incell,14.49,EUR,12.18,no,https://www.mobilesentrix.eu/replacement-parts/apple/iphone-parts/all-iphone-lcds
mobilesentrix.eu,Germany,iphone 13 pro,aftermarket-oled,29.49,EUR,24.78,no,https://www.mobilesentrix.eu/replacement-parts/apple/iphone-parts/all-iphone-lcds
mobilesentrix.eu,Germany,iphone 13 pro,aftermarket-oled,52.42,EUR,44.05,no,https://www.mobilesentrix.eu/replacement-parts/apple/iphone-parts/all-iphone-lcds
mobilesentrix.eu,Germany,iphone 13 pro max,aftermarket-incell,14.67,EUR,12.33,no,https://www.mobilesentrix.eu/replacement-parts/apple/iphone-parts/all-iphone-lcds
mobilesentrix.eu,Germany,iphone 13 pro max,aftermarket-incell,12.86,EUR,10.81,no,https://www.mobilesentrix.eu/replacement-parts/apple/iphone-parts/all-iphone-lcds
mobilesentrix.eu,Germany,iphone 14,aftermarket-lcd,22.11,EUR,18.58,no,https://www.mobilesentrix.eu/replacement-parts/apple/iphone-parts/all-iphone-lcds
mobilesentrix.eu,Germany,iphone 14,aftermarket-incell,12.6,EUR,10.59,no,https://www.mobilesentrix.eu/replacement-parts/apple/iphone-parts/all-iphone-lcds
mobilesentrix.eu,Germany,iphone 14,aftermarket-oled,28.89,EUR,24.28,no,https://www.mobilesentrix.eu/replacement-parts/apple/iphone-parts/all-iphone-lcds
mobilesentrix.eu,Germany,iphone 14 plus,aftermarket-lcd,24.03,EUR,20.19,no,https://www.mobilesentrix.eu/replacement-parts/apple/iphone-parts/all-iphone-lcds
mobilesentrix.eu,Germany,iphone 14 plus,aftermarket-incell,13.64,EUR,11.46,no,https://www.mobilesentrix.eu/replacement-parts/apple/iphone-parts/all-iphone-lcds
mobilesentrix.eu,Germany,iphone 14 pro,aftermarket-oled,57.85,EUR,48.61,no,https://www.mobilesentrix.eu/replacement-parts/apple/iphone-parts/all-iphone-lcds
mobilesentrix.eu,Germany,iphone 14 pro,aftermarket-incell,15.14,EUR,12.72,no,https://www.mobilesentrix.eu/replacement-parts/apple/iphone-parts/all-iphone-lcds
mobilesentrix.eu,Germany,iphone 14 pro max,aftermarket-incell,27.54,EUR,23.14,no,https://www.mobilesentrix.eu/replacement-parts/apple/iphone-parts/all-iphone-lcds
mobilesentrix.eu,Germany,iphone 14 pro max,aftermarket-incell,24.83,EUR,20.87,no,https://www.mobilesentrix.eu/replacement-parts/apple/iphone-parts/all-iphone-lcds
mobilesentrix.eu,Germany,iphone 14 pro max,aftermarket-incell,20.93,EUR,17.59,no,https://www.mobilesentrix.eu/replacement-parts/apple/iphone-parts/all-iphone-lcds
mobilesentrix.eu,Germany,iphone 15,aftermarket-incell,13.23,EUR,11.12,no,https://www.mobilesentrix.eu/replacement-parts/apple/iphone-parts/all-iphone-lcds
mobilesentrix.eu,Germany,iphone 15,aftermarket-oled,29.66,EUR,24.92,no,https://www.mobilesentrix.eu/replacement-parts/apple/iphone-parts/all-iphone-lcds
mobilesentrix.eu,Germany,iphone 15 plus,aftermarket-lcd,32.09,EUR,26.97,no,https://www.mobilesentrix.eu/replacement-parts/apple/iphone-parts/all-iphone-lcds
mobilesentrix.eu,Germany,iphone 15 plus,aftermarket-incell,15.2,EUR,12.77,no,https://www.mobilesentrix.eu/replacement-parts/apple/iphone-parts/all-iphone-lcds
mobilesentrix.eu,Germany,iphone 15 pro,aftermarket-incell,15.59,EUR,13.1,no,https://www.mobilesentrix.eu/replacement-parts/apple/iphone-parts/all-iphone-lcds
mobilesentrix.eu,Germany,iphone 15 pro,aftermarket-oled,24.84,EUR,20.87,no,https://www.mobilesentrix.eu/replacement-parts/apple/iphone-parts/all-iphone-lcds
mobilesentrix.eu,Germany,iphone 15 pro max,aftermarket-incell,18.58,EUR,15.61,no,https://www.mobilesentrix.eu/replacement-parts/apple/iphone-parts/all-iphone-lcds
mobilesentrix.eu,Germany,iphone 15 pro max,aftermarket-incell,16.84,EUR,14.15,no,https://www.mobilesentrix.eu/replacement-parts/apple/iphone-parts/all-iphone-lcds
mobilesentrix.eu,Germany,iphone 15 pro max,aftermarket-incell,19.8,EUR,16.64,no,https://www.mobilesentrix.eu/replacement-parts/apple/iphone-parts/all-iphone-lcds
mobilesentrix.eu,Germany,iphone 16,aftermarket-incell,12.26,EUR,10.3,no,https://www.mobilesentrix.eu/replacement-parts/apple/iphone-parts/all-iphone-lcds
mobilesentrix.eu,Germany,iphone 16,aftermarket-oled,26.07,EUR,21.91,no,https://www.mobilesentrix.eu/replacement-parts/apple/iphone-parts/all-iphone-lcds
mobilesentrix.eu,Germany,iphone 16,aftermarket-oled,29.63,EUR,24.9,no,https://www.mobilesentrix.eu/replacement-parts/apple/iphone-parts/all-iphone-lcds
mobilesentrix.eu,Germany,iphone 16 plus,aftermarket-lcd,56.8,EUR,47.73,no,https://www.mobilesentrix.eu/replacement-parts/apple/iphone-parts/all-iphone-lcds
mobilesentrix.eu,Germany,iphone 16 plus,aftermarket-incell,17.9,EUR,15.04,no,https://www.mobilesentrix.eu/replacement-parts/apple/iphone-parts/all-iphone-lcds
mobilesentrix.eu,Germany,iphone 16 plus,aftermarket-oled,24.71,EUR,20.76,no,https://www.mobilesentrix.eu/replacement-parts/apple/iphone-parts/all-iphone-lcds
mobilesentrix.eu,Germany,iphone 16 pro,aftermarket-incell,21.6,EUR,18.15,no,https://www.mobilesentrix.eu/replacement-parts/apple/iphone-parts/all-iphone-lcds
mobilesentrix.eu,Germany,iphone 16e,aftermarket-incell,12.4,EUR,10.42,no,https://www.mobilesentrix.eu/replacement-parts/apple/iphone-parts/all-iphone-lcds
mobilesentrix.eu,Germany,iphone x,aftermarket-incell,9.37,EUR,7.87,no,https://www.mobilesentrix.eu/replacement-parts/apple/iphone-parts/all-iphone-lcds
mobilesentrix.eu,Germany,iphone x,aftermarket-oled,24.73,EUR,20.78,no,https://www.mobilesentrix.eu/replacement-parts/apple/iphone-parts/all-iphone-lcds
mobilesentrix.eu,Germany,iphone xr,aftermarket-incell,7.99,EUR,6.71,no,https://www.mobilesentrix.eu/replacement-parts/apple/iphone-parts/all-iphone-lcds
mobilesentrix.eu,Germany,iphone xr,aftermarket-incell,11.55,EUR,9.71,no,https://www.mobilesentrix.eu/replacement-parts/apple/iphone-parts/all-iphone-lcds
mobilesentrix.eu,Germany,iphone xr,aftermarket-incell,11.87,EUR,9.97,no,https://www.mobilesentrix.eu/replacement-parts/apple/iphone-parts/all-iphone-lcds
mobilesentrix.eu,Germany,iphone xs,aftermarket-incell,9.65,EUR,8.11,no,https://www.mobilesentrix.eu/replacement-parts/apple/iphone-parts/all-iphone-lcds
mobilesentrix.eu,Germany,iphone xs,aftermarket-oled,22.99,EUR,19.32,no,https://www.mobilesentrix.eu/replacement-parts/apple/iphone-parts/all-iphone-lcds
mobilesentrix.eu,Germany,iphone xs max,aftermarket-incell,9.27,EUR,7.79,no,https://www.mobilesentrix.eu/replacement-parts/apple/iphone-parts/all-iphone-lcds
mobilesentrix.eu,Germany,iphone xs max,aftermarket-oled,23.05,EUR,19.37,no,https://www.mobilesentrix.eu/replacement-parts/apple/iphone-parts/all-iphone-lcds
mobilestar.at,Austria,iPhone 12 / 12 Pro,aftermarket-soft-oled,79.9,EUR,66.58,no,https://www.mobilestar.at/lcd-display-soft-oled-touchscreen-fuer-iphone-12-12-pro-schwarz.html
mobilestar.at,Austria,iPhone 12 Pro Max,aftermarket-lcd,42.9,EUR,35.75,no,https://www.mobilestar.at/lcd-display-touchscreen-fuer-iphone-12-pro-max-schwarz-ic-removable-60hz.html
mobilestar.at,Austria,iPhone 13,aftermarket-oled,59.9,EUR,49.92,no,https://www.mobilestar.at/display-touchscreen-soft-oled-kompatibel-mit-apple-iphone-13-run-diagnostics-schwarz.html
mobilestar.at,Austria,iPhone X,aftermarket-lcd,24.9,EUR,20.75,no,https://www.mobilestar.at/lcd-display-touchscreen-fuer-iphone-x-schwarz-in-cell.html
mobilesupplies.nl,Netherlands,iPhone 14 Pro Max,aftermarket-soft-oled,78.99,EUR,65.28,no,https://www.mobilesupplies.nl/display-module-apple-iphone-14-pro-max-soft-oled.html
mobilnidily.cz,Czechia,iPhone 13,aftermarket-soft-oled,1689,CZK,1395.87,YES,https://www.mobilnidily.cz/lcd-displej-pro-apple-iphone-13--soft-oled/
mobilnidily.cz,Czechia,iPhone X,aftermarket-incell,499,CZK,412.4,YES,https://www.mobilnidily.cz/lcd-displej-pro-apple-iphone-x--incell/
mobiservis.lt,Lithuania,iphone 11,aftermarket-incell,22.45,EUR,18.55,no,https://mobiservis.lt/mobiliuju-telefonu-dalys/lcd-ekranai-lieciamieji-ekranai
mobiservis.lt,Lithuania,iphone 11 pro,aftermarket-hard-oled,36.1,EUR,29.83,no,https://mobiservis.lt/mobiliuju-telefonu-dalys/lcd-ekranai-lieciamieji-ekranai
mobiservis.lt,Lithuania,iphone 11 pro max,aftermarket-hard-oled,44.78,EUR,37.01,no,https://mobiservis.lt/mobiliuju-telefonu-dalys/lcd-ekranai-lieciamieji-ekranai
mobiservis.lt,Lithuania,iphone 12 mini,aftermarket-incell,27.43,EUR,22.67,no,https://mobiservis.lt/mobiliuju-telefonu-dalys/lcd-ekranai-lieciamieji-ekranai
mobiservis.lt,Lithuania,iphone 12 pro,aftermarket-hard-oled,44.1,EUR,36.45,no,https://mobiservis.lt/mobiliuju-telefonu-dalys/lcd-ekranai-lieciamieji-ekranai
mobiservis.lt,Lithuania,iphone 12 pro max,aftermarket-hard-oled,56.22,EUR,46.46,no,https://mobiservis.lt/mobiliuju-telefonu-dalys/lcd-ekranai-lieciamieji-ekranai
mobiservis.lt,Lithuania,iphone 12 pro max,aftermarket-incell,38.16,EUR,31.54,no,https://mobiservis.lt/mobiliuju-telefonu-dalys/lcd-ekranai-lieciamieji-ekranai
mobiservis.lt,Lithuania,iphone 13,aftermarket-hard-oled,46.12,EUR,38.12,no,https://mobiservis.lt/mobiliuju-telefonu-dalys/lcd-ekranai-lieciamieji-ekranai
mobiservis.lt,Lithuania,iphone 13 pro,aftermarket-hard-oled,56.12,EUR,46.38,no,https://mobiservis.lt/mobiliuju-telefonu-dalys/lcd-ekranai-lieciamieji-ekranai
mobiservis.lt,Lithuania,iphone 13 pro max,aftermarket-hard-oled,63.96,EUR,52.86,no,https://mobiservis.lt/mobiliuju-telefonu-dalys/lcd-ekranai-lieciamieji-ekranai
mobiservis.lt,Lithuania,iphone 13 pro max,aftermarket-incell,33.92,EUR,28.03,no,https://mobiservis.lt/mobiliuju-telefonu-dalys/lcd-ekranai-lieciamieji-ekranai
mobiservis.lt,Lithuania,iphone 13 pro max,aftermarket-incell,37.64,EUR,31.11,no,https://mobiservis.lt/mobiliuju-telefonu-dalys/lcd-ekranai-lieciamieji-ekranai
mobiservis.lt,Lithuania,iphone 14 pro max,aftermarket-incell,40.33,EUR,33.33,no,https://mobiservis.lt/mobiliuju-telefonu-dalys/lcd-ekranai-lieciamieji-ekranai
mobiservis.lt,Lithuania,iphone 14 pro max,aftermarket-incell,40.9,EUR,33.8,no,https://mobiservis.lt/mobiliuju-telefonu-dalys/lcd-ekranai-lieciamieji-ekranai
mobiservis.lt,Lithuania,iphone 15 pro,aftermarket-incell,29.76,EUR,24.6,no,https://mobiservis.lt/mobiliuju-telefonu-dalys/lcd-ekranai-lieciamieji-ekranai
mobiservis.lt,Lithuania,iphone x,aftermarket-hard-oled,32.05,EUR,26.49,no,https://mobiservis.lt/mobiliuju-telefonu-dalys/lcd-ekranai-lieciamieji-ekranai
mobiservis.lt,Lithuania,iphone x,aftermarket-incell,21.71,EUR,17.94,no,https://mobiservis.lt/mobiliuju-telefonu-dalys/lcd-ekranai-lieciamieji-ekranai
mobiservis.lt,Lithuania,iphone xs,aftermarket-hard-oled,34.01,EUR,28.11,no,https://mobiservis.lt/mobiliuju-telefonu-dalys/lcd-ekranai-lieciamieji-ekranai
mobiservis.lt,Lithuania,iphone xs,aftermarket-incell,22.99,EUR,19.0,no,https://mobiservis.lt/mobiliuju-telefonu-dalys/lcd-ekranai-lieciamieji-ekranai
mobiservis.lt,Lithuania,iphone xs max,aftermarket-hard-oled,37.69,EUR,31.15,no,https://mobiservis.lt/mobiliuju-telefonu-dalys/lcd-ekranai-lieciamieji-ekranai
mobiservis.lt,Lithuania,iphone xs max,aftermarket-incell,27.6,EUR,22.81,no,https://mobiservis.lt/mobiliuju-telefonu-dalys/lcd-ekranai-lieciamieji-ekranai
mobiservis.lt,Lithuania,iphone xs max,aftermarket-incell,27.25,EUR,22.52,no,https://mobiservis.lt/mobiliuju-telefonu-dalys/lcd-ekranai-lieciamieji-ekranai
mobishop.ee,Estonia,iphone 13,aftermarket-incell,50.16,EUR,41.11,YES,https://mobishop.ee/kategooria/varuosad/apple-varuosad/iphone-13-seeria-varuosad/iphone-13-varuosad/
mobishop.ee,Estonia,iphone 13,aftermarket-incell,38.81,EUR,31.81,YES,https://mobishop.ee/kategooria/varuosad/apple-varuosad/iphone-13-seeria-varuosad/iphone-13-varuosad/
mobishop.ee,Estonia,iphone 13,aftermarket-incell,40.73,EUR,33.39,YES,https://mobishop.ee/kategooria/varuosad/apple-varuosad/iphone-13-seeria-varuosad/iphone-13-varuosad/
mobishop.ee,Estonia,iphone 13,aftermarket-incell,35.3,EUR,28.93,YES,https://mobishop.ee/kategooria/varuosad/apple-varuosad/iphone-13-seeria-varuosad/iphone-13-varuosad/
mobishop.ee,Estonia,iphone 13,aftermarket-incell,36.46,EUR,29.89,YES,https://mobishop.ee/kategooria/varuosad/apple-varuosad/iphone-13-seeria-varuosad/iphone-13-varuosad/
mobishop.ee,Estonia,iphone 13,aftermarket-oled,78.12,EUR,64.03,YES,https://mobishop.ee/kategooria/varuosad/apple-varuosad/iphone-13-seeria-varuosad/iphone-13-varuosad/
mobishop.ee,Estonia,iphone 13,aftermarket-hard-oled,52.56,EUR,43.08,YES,https://mobishop.ee/kategooria/varuosad/apple-varuosad/iphone-13-seeria-varuosad/iphone-13-varuosad/
mobishop.ee,Estonia,iphone 13,aftermarket-oled,59.83,EUR,49.04,YES,https://mobishop.ee/kategooria/varuosad/apple-varuosad/iphone-13-seeria-varuosad/iphone-13-varuosad/
mobishop.ee,Estonia,iphone 13,aftermarket-incell,40.18,EUR,32.93,YES,https://mobishop.ee/kategooria/varuosad/apple-varuosad/iphone-13-seeria-varuosad/iphone-13-varuosad/
mobishop.ee,Estonia,iphone 13,aftermarket-oled,69.44,EUR,56.92,YES,https://mobishop.ee/kategooria/varuosad/apple-varuosad/iphone-13-seeria-varuosad/iphone-13-varuosad/
mobpartstore.lv,Latvia,iPhone 14 Pro,aftermarket-oled,146.9,EUR,121.4,no,https://www.mobpartstore.lv/apple-iphone-telefonu-displeji//154087-apple-iphone-14-pro-ekrans-120-hz-premium-oled.html
mobpartstore.lv,Latvia,iPhone 14 Pro Max,aftermarket-oled,143.3,EUR,118.43,no,https://www.mobpartstore.lv/apple-iphone-telefonu-displeji//147627-apple-iphone-14-pro-max-ekrans-120-hz-premium-oled.html
mobpartstore.lv,Latvia,iPhone 15,aftermarket-oled,129.1,EUR,106.69,no,https://www.mobpartstore.lv/apple-iphone-telefonu-displeji//154091-apple-iphone-15-ekrans-premium-oled.html
mobpartstore.lv,Latvia,iPhone 15,aftermarket-oled,129.1,EUR,106.69,no,https://www.mobpartstore.lv/apple-iphone-telefonu-displeji//154091-apple-iphone-15-ekrans-premium-oled.html
mobpartstore.lv,Latvia,iPhone 15 Plus,aftermarket-oled,129.1,EUR,106.69,no,https://www.mobpartstore.lv/apple-iphone-telefonu-displeji//144236-apple-iphone-15-plus-ekrans-premium-oled.html
mobpartstore.lv,Latvia,iPhone 15 Pro,aftermarket-oled,157.5,EUR,130.17,no,https://www.mobpartstore.lv/apple-iphone-telefonu-displeji//156477-apple-iphone-15-pro-ekrans-120-hz-premium-oled.html
mobpartstore.lv,Latvia,iPhone 15 Pro Max,aftermarket-oled,147.7,EUR,122.07,no,https://www.mobpartstore.lv/apple-iphone-telefonu-displeji//150223-apple-iphone-15-pro-max-ekrans-120-hz-premium-oled.html
mobpartstore.lv,Latvia,iPhone 16 Plus,aftermarket-oled,91.7,EUR,75.79,no,https://www.mobpartstore.lv/apple-iphone-telefonu-displeji//154093-apple-iphone-16-plus-ekrans-premium-oled.html
mobpartstore.lv,Latvia,iPhone X,aftermarket-oled,42.6,EUR,35.21,no,https://www.mobpartstore.lv/apple-iphone-telefonu-displeji//131957-apple-iphone-x-ekrans-premium-oled.html
mobpartstore.lv,Latvia,iphone 11,aftermarket-incell,39.3,EUR,32.48,no,https://www.mobpartstore.lv/17-apple-iphone-telefonu-displeji
mobpartstore.lv,Latvia,iphone 11,aftermarket-incell,44.2,EUR,36.53,no,https://www.mobpartstore.lv/17-apple-iphone-telefonu-displeji
mobpartstore.lv,Latvia,iphone 11 pro,aftermarket-oled,74.5,EUR,61.57,no,https://www.mobpartstore.lv/17-apple-iphone-telefonu-displeji
mobpartstore.lv,Latvia,iphone 11 pro,aftermarket-oled,83.7,EUR,69.17,no,https://www.mobpartstore.lv/17-apple-iphone-telefonu-displeji
mobpartstore.lv,Latvia,iphone 11 pro,aftermarket-incell,39.3,EUR,32.48,no,https://www.mobpartstore.lv/17-apple-iphone-telefonu-displeji
mobpartstore.lv,Latvia,iphone 11 pro,aftermarket-incell,44.2,EUR,36.53,no,https://www.mobpartstore.lv/17-apple-iphone-telefonu-displeji
mobpartstore.lv,Latvia,iphone 12,aftermarket-incell,41.5,EUR,34.3,no,https://www.mobpartstore.lv/17-apple-iphone-telefonu-displeji
mobpartstore.lv,Latvia,iphone 12,aftermarket-incell,46.6,EUR,38.51,no,https://www.mobpartstore.lv/17-apple-iphone-telefonu-displeji
mobpartstore.lv,Latvia,iphone 12 mini,aftermarket-oled,67.3,EUR,55.62,no,https://www.mobpartstore.lv/17-apple-iphone-telefonu-displeji
mobpartstore.lv,Latvia,iphone 12 mini,aftermarket-oled,75.6,EUR,62.48,no,https://www.mobpartstore.lv/17-apple-iphone-telefonu-displeji
mobpartstore.lv,Latvia,iphone 12 mini,aftermarket-incell,51.9,EUR,42.89,no,https://www.mobpartstore.lv/17-apple-iphone-telefonu-displeji
mobpartstore.lv,Latvia,iphone 12 mini,aftermarket-incell,58.3,EUR,48.18,no,https://www.mobpartstore.lv/17-apple-iphone-telefonu-displeji
mobpartstore.lv,Latvia,iphone 12 pro,aftermarket-oled,55.4,EUR,45.79,no,https://www.mobpartstore.lv/17-apple-iphone-telefonu-displeji
mobpartstore.lv,Latvia,iphone 12 pro,aftermarket-oled,62.3,EUR,51.49,no,https://www.mobpartstore.lv/17-apple-iphone-telefonu-displeji
mobpartstore.lv,Latvia,iphone 12 pro,aftermarket-oled,80.4,EUR,66.45,no,https://www.mobpartstore.lv/17-apple-iphone-telefonu-displeji
mobpartstore.lv,Latvia,iphone 12 pro,aftermarket-oled,90.3,EUR,74.63,no,https://www.mobpartstore.lv/17-apple-iphone-telefonu-displeji
mobpartstore.lv,Latvia,iphone 12 pro max,aftermarket-oled,74.9,EUR,61.9,no,https://www.mobpartstore.lv/17-apple-iphone-telefonu-displeji
mobpartstore.lv,Latvia,iphone 12 pro max,aftermarket-oled,84.2,EUR,69.59,no,https://www.mobpartstore.lv/17-apple-iphone-telefonu-displeji
mobpartstore.lv,Latvia,iphone 12 pro max,aftermarket-oled,89.9,EUR,74.3,no,https://www.mobpartstore.lv/17-apple-iphone-telefonu-displeji
mobpartstore.lv,Latvia,iphone 12 pro max,aftermarket-oled,101.0,EUR,83.47,no,https://www.mobpartstore.lv/17-apple-iphone-telefonu-displeji
mobpartstore.lv,Latvia,iphone 12 pro max,aftermarket-incell,53.3,EUR,44.05,no,https://www.mobpartstore.lv/17-apple-iphone-telefonu-displeji
mobpartstore.lv,Latvia,iphone 12 pro max,aftermarket-incell,59.9,EUR,49.5,no,https://www.mobpartstore.lv/17-apple-iphone-telefonu-displeji
mobpartstore.lv,Latvia,iphone 13,aftermarket-oled,73.4,EUR,60.66,no,https://www.mobpartstore.lv/17-apple-iphone-telefonu-displeji
mobpartstore.lv,Latvia,iphone 13,aftermarket-oled,82.5,EUR,68.18,no,https://www.mobpartstore.lv/17-apple-iphone-telefonu-displeji
mobpartstore.lv,Latvia,iphone 13,aftermarket-oled,59.9,EUR,49.5,no,https://www.mobpartstore.lv/17-apple-iphone-telefonu-displeji
mobpartstore.lv,Latvia,iphone 13,aftermarket-oled,67.3,EUR,55.62,no,https://www.mobpartstore.lv/17-apple-iphone-telefonu-displeji
mobpartstore.lv,Latvia,iphone 13,aftermarket-incell,44.9,EUR,37.11,no,https://www.mobpartstore.lv/17-apple-iphone-telefonu-displeji
mobpartstore.lv,Latvia,iphone 13,aftermarket-incell,50.5,EUR,41.74,no,https://www.mobpartstore.lv/17-apple-iphone-telefonu-displeji
mobpartstore.lv,Latvia,iphone 13 mini,aftermarket-oled,81.5,EUR,67.36,no,https://www.mobpartstore.lv/17-apple-iphone-telefonu-displeji
mobpartstore.lv,Latvia,iphone 13 mini,aftermarket-oled,91.6,EUR,75.7,no,https://www.mobpartstore.lv/17-apple-iphone-telefonu-displeji
mobpartstore.lv,Latvia,iphone 13 mini,aftermarket-incell,49.9,EUR,41.24,no,https://www.mobpartstore.lv/17-apple-iphone-telefonu-displeji
mobpartstore.lv,Latvia,iphone 13 mini,aftermarket-incell,56.1,EUR,46.36,no,https://www.mobpartstore.lv/17-apple-iphone-telefonu-displeji
mobpartstore.lv,Latvia,iphone 13 pro,aftermarket-oled,75.9,EUR,62.73,no,https://www.mobpartstore.lv/17-apple-iphone-telefonu-displeji
mobpartstore.lv,Latvia,iphone 13 pro,aftermarket-oled,85.3,EUR,70.5,no,https://www.mobpartstore.lv/17-apple-iphone-telefonu-displeji
mobpartstore.lv,Latvia,iphone 13 pro,aftermarket-incell,49.9,EUR,41.24,no,https://www.mobpartstore.lv/17-apple-iphone-telefonu-displeji
mobpartstore.lv,Latvia,iphone 13 pro,aftermarket-incell,56.1,EUR,46.36,no,https://www.mobpartstore.lv/17-apple-iphone-telefonu-displeji
mobpartstore.lv,Latvia,iphone 13 pro max,aftermarket-oled,83.7,EUR,69.17,no,https://www.mobpartstore.lv/17-apple-iphone-telefonu-displeji
mobpartstore.lv,Latvia,iphone 13 pro max,aftermarket-oled,94.0,EUR,77.69,no,https://www.mobpartstore.lv/17-apple-iphone-telefonu-displeji
mobpartstore.lv,Latvia,iphone 13 pro max,aftermarket-oled,87.2,EUR,72.07,no,https://www.mobpartstore.lv/17-apple-iphone-telefonu-displeji
mobpartstore.lv,Latvia,iphone 13 pro max,aftermarket-oled,98.0,EUR,80.99,no,https://www.mobpartstore.lv/17-apple-iphone-telefonu-displeji
mobpartstore.lv,Latvia,iphone 13 pro max,aftermarket-incell,52.2,EUR,43.14,no,https://www.mobpartstore.lv/17-apple-iphone-telefonu-displeji
mobpartstore.lv,Latvia,iphone 13 pro max,aftermarket-incell,58.7,EUR,48.51,no,https://www.mobpartstore.lv/17-apple-iphone-telefonu-displeji
mobpartstore.lv,Latvia,iphone 14,aftermarket-oled,64.2,EUR,53.06,no,https://www.mobpartstore.lv/17-apple-iphone-telefonu-displeji
mobpartstore.lv,Latvia,iphone 14,aftermarket-oled,72.19,EUR,59.66,no,https://www.mobpartstore.lv/17-apple-iphone-telefonu-displeji
mobpartstore.lv,Latvia,iphone 14,aftermarket-incell,49.1,EUR,40.58,no,https://www.mobpartstore.lv/17-apple-iphone-telefonu-displeji
mobpartstore.lv,Latvia,iphone 14,aftermarket-incell,55.2,EUR,45.62,no,https://www.mobpartstore.lv/17-apple-iphone-telefonu-displeji
mobpartstore.lv,Latvia,iphone 14 plus,aftermarket-oled,86.9,EUR,71.82,no,https://www.mobpartstore.lv/17-apple-iphone-telefonu-displeji
mobpartstore.lv,Latvia,iphone 14 plus,aftermarket-oled,97.6,EUR,80.66,no,https://www.mobpartstore.lv/17-apple-iphone-telefonu-displeji
mobpartstore.lv,Latvia,iphone 14 plus,aftermarket-oled,100.7,EUR,83.22,no,https://www.mobpartstore.lv/17-apple-iphone-telefonu-displeji
mobpartstore.lv,Latvia,iphone 14 plus,aftermarket-oled,113.1,EUR,93.47,no,https://www.mobpartstore.lv/17-apple-iphone-telefonu-displeji
mobpartstore.lv,Latvia,iphone 14 plus,aftermarket-incell,54.6,EUR,45.12,no,https://www.mobpartstore.lv/17-apple-iphone-telefonu-displeji
mobpartstore.lv,Latvia,iphone 14 plus,aftermarket-incell,61.3,EUR,50.66,no,https://www.mobpartstore.lv/17-apple-iphone-telefonu-displeji
mobpartstore.lv,Latvia,iphone 14 pro,aftermarket-oled,146.9,EUR,121.4,no,https://www.mobpartstore.lv/17-apple-iphone-telefonu-displeji
mobpartstore.lv,Latvia,iphone 14 pro,aftermarket-oled,165.0,EUR,136.36,no,https://www.mobpartstore.lv/17-apple-iphone-telefonu-displeji
mobpartstore.lv,Latvia,iphone 14 pro,aftermarket-incell,59.9,EUR,49.5,no,https://www.mobpartstore.lv/17-apple-iphone-telefonu-displeji
mobpartstore.lv,Latvia,iphone 14 pro,aftermarket-incell,67.3,EUR,55.62,no,https://www.mobpartstore.lv/17-apple-iphone-telefonu-displeji
mobpartstore.lv,Latvia,iphone 14 pro max,aftermarket-oled,143.3,EUR,118.43,no,https://www.mobpartstore.lv/17-apple-iphone-telefonu-displeji
mobpartstore.lv,Latvia,iphone 14 pro max,aftermarket-oled,161.0,EUR,133.06,no,https://www.mobpartstore.lv/17-apple-iphone-telefonu-displeji
mobpartstore.lv,Latvia,iphone 14 pro max,aftermarket-incell,65.3,EUR,53.97,no,https://www.mobpartstore.lv/17-apple-iphone-telefonu-displeji
mobpartstore.lv,Latvia,iphone 14 pro max,aftermarket-incell,73.4,EUR,60.66,no,https://www.mobpartstore.lv/17-apple-iphone-telefonu-displeji
mobpartstore.lv,Latvia,iphone 15,aftermarket-oled,129.1,EUR,106.69,no,https://www.mobpartstore.lv/17-apple-iphone-telefonu-displeji
mobpartstore.lv,Latvia,iphone 15,aftermarket-oled,145.0,EUR,119.83,no,https://www.mobpartstore.lv/17-apple-iphone-telefonu-displeji
mobpartstore.lv,Latvia,iphone 15,aftermarket-incell,52.5,EUR,43.39,no,https://www.mobpartstore.lv/17-apple-iphone-telefonu-displeji
mobpartstore.lv,Latvia,iphone 15,aftermarket-incell,59.0,EUR,48.76,no,https://www.mobpartstore.lv/17-apple-iphone-telefonu-displeji
mobpartstore.lv,Latvia,iphone 15 plus,aftermarket-oled,129.1,EUR,106.69,no,https://www.mobpartstore.lv/17-apple-iphone-telefonu-displeji
mobpartstore.lv,Latvia,iphone 15 plus,aftermarket-oled,145.0,EUR,119.83,no,https://www.mobpartstore.lv/17-apple-iphone-telefonu-displeji
mobpartstore.lv,Latvia,iphone 15 plus,aftermarket-incell,52.5,EUR,43.39,no,https://www.mobpartstore.lv/17-apple-iphone-telefonu-displeji
mobpartstore.lv,Latvia,iphone 15 plus,aftermarket-incell,59.0,EUR,48.76,no,https://www.mobpartstore.lv/17-apple-iphone-telefonu-displeji
mobpartstore.lv,Latvia,iphone 15 pro,aftermarket-oled,157.5,EUR,130.17,no,https://www.mobpartstore.lv/17-apple-iphone-telefonu-displeji
mobpartstore.lv,Latvia,iphone 15 pro,aftermarket-oled,177.0,EUR,146.28,no,https://www.mobpartstore.lv/17-apple-iphone-telefonu-displeji
mobpartstore.lv,Latvia,iphone 15 pro,aftermarket-incell,54.7,EUR,45.21,no,https://www.mobpartstore.lv/17-apple-iphone-telefonu-displeji
mobpartstore.lv,Latvia,iphone 15 pro,aftermarket-incell,61.5,EUR,50.83,no,https://www.mobpartstore.lv/17-apple-iphone-telefonu-displeji
mobpartstore.lv,Latvia,iphone 15 pro max,aftermarket-oled,147.7,EUR,122.07,no,https://www.mobpartstore.lv/17-apple-iphone-telefonu-displeji
mobpartstore.lv,Latvia,iphone 15 pro max,aftermarket-oled,166.0,EUR,137.19,no,https://www.mobpartstore.lv/17-apple-iphone-telefonu-displeji
mobpartstore.lv,Latvia,iphone 15 pro max,aftermarket-incell,65.9,EUR,54.46,no,https://www.mobpartstore.lv/17-apple-iphone-telefonu-displeji
mobpartstore.lv,Latvia,iphone 15 pro max,aftermarket-incell,74.0,EUR,61.16,no,https://www.mobpartstore.lv/17-apple-iphone-telefonu-displeji
mobpartstore.lv,Latvia,iphone 16,aftermarket-incell,69.4,EUR,57.36,no,https://www.mobpartstore.lv/17-apple-iphone-telefonu-displeji
mobpartstore.lv,Latvia,iphone 16,aftermarket-incell,78.0,EUR,64.46,no,https://www.mobpartstore.lv/17-apple-iphone-telefonu-displeji
mobpartstore.lv,Latvia,iphone 16 plus,aftermarket-oled,91.7,EUR,75.79,no,https://www.mobpartstore.lv/17-apple-iphone-telefonu-displeji
mobpartstore.lv,Latvia,iphone 16 plus,aftermarket-oled,103.0,EUR,85.12,no,https://www.mobpartstore.lv/17-apple-iphone-telefonu-displeji
mobpartstore.lv,Latvia,iphone 16 plus,aftermarket-incell,76.7,EUR,63.39,no,https://www.mobpartstore.lv/17-apple-iphone-telefonu-displeji
mobpartstore.lv,Latvia,iphone 16 plus,aftermarket-incell,86.2,EUR,71.24,no,https://www.mobpartstore.lv/17-apple-iphone-telefonu-displeji
mobpartstore.lv,Latvia,iphone 16 pro,aftermarket-incell,111.3,EUR,91.98,no,https://www.mobpartstore.lv/17-apple-iphone-telefonu-displeji
mobpartstore.lv,Latvia,iphone 16 pro,aftermarket-incell,125.0,EUR,103.31,no,https://www.mobpartstore.lv/17-apple-iphone-telefonu-displeji
mobpartstore.lv,Latvia,iphone 16 pro max,aftermarket-incell,111.3,EUR,91.98,no,https://www.mobpartstore.lv/17-apple-iphone-telefonu-displeji
mobpartstore.lv,Latvia,iphone 16 pro max,aftermarket-incell,125.0,EUR,103.31,no,https://www.mobpartstore.lv/17-apple-iphone-telefonu-displeji
mobpartstore.lv,Latvia,iphone 16e,aftermarket-incell,57.9,EUR,47.85,no,https://www.mobpartstore.lv/17-apple-iphone-telefonu-displeji
mobpartstore.lv,Latvia,iphone 16e,aftermarket-incell,65.0,EUR,53.72,no,https://www.mobpartstore.lv/17-apple-iphone-telefonu-displeji
mobpartstore.lv,Latvia,iphone x,aftermarket-oled,42.6,EUR,35.21,no,https://www.mobpartstore.lv/17-apple-iphone-telefonu-displeji
mobpartstore.lv,Latvia,iphone x,aftermarket-oled,47.9,EUR,39.59,no,https://www.mobpartstore.lv/17-apple-iphone-telefonu-displeji
mobpartstore.lv,Latvia,iphone x,aftermarket-incell,71.1,EUR,58.76,no,https://www.mobpartstore.lv/17-apple-iphone-telefonu-displeji
mobpartstore.lv,Latvia,iphone xs max,aftermarket-oled,75.7,EUR,62.56,no,https://www.mobpartstore.lv/17-apple-iphone-telefonu-displeji
mobpartstore.lv,Latvia,iphone xs max,aftermarket-oled,85.0,EUR,70.25,no,https://www.mobpartstore.lv/17-apple-iphone-telefonu-displeji
mobpartstore.lv,Latvia,iphone xs max,aftermarket-incell,63.3,EUR,52.31,no,https://www.mobpartstore.lv/17-apple-iphone-telefonu-displeji
modchip.gr,Greece,iPhone 11,aftermarket-incell,29.9,EUR,24.11,YES,https://modchip.gr/tilefonia/antallaktika-kiniton-iphone/antallaktika-iphone-11-pro-max/othoni-lcd-gia-iphone-11-in-cell-zy-ic-moveable/
modchip.gr,Greece,iPhone 11 Pro,aftermarket-incell,33.5,EUR,27.02,YES,https://modchip.gr/tilefonia/antallaktika-kiniton-iphone/antallaktika-iphone-11-pro-max/othoni-gia-iphone-11-pro-ultra-retina-hd-in-cell-lcd-zy-ic-movable/
modchip.gr,Greece,iPhone 12 Pro Max,aftermarket-incell,42.9,EUR,34.6,YES,https://modchip.gr/tilefonia/antallaktika-kiniton-iphone/antallaktika-iphone-12-pro-max/o8onh-lcd-gia-iphone-12-pro-max-jk-premium-in-cell-with-ic-replacement/
modchip.gr,Greece,iPhone 13,aftermarket-incell,39.9,EUR,32.18,YES,https://modchip.gr/tilefonia/antallaktika-kiniton-iphone/antallaktika-iphone-13-pro-max/othoni-iphone-13-ultra-retina-hd-in-cell-lcd-zy/
modchip.gr,Greece,iPhone XS Max,aftermarket-incell,29.9,EUR,24.11,YES,https://modchip.gr/tilefonia/antallaktika-kiniton-iphone/antallaktika-iphone-xs-max/othoni-gia-iphone-xs-max-lcd-zy-in-cell/
movil.gr,Greece,iPhone 13 Pro,aftermarket-lcd,160,EUR,129.03,YES,https://movil.gr/product/iphone-13-pro-premium-lcd-screen/
movil.gr,Greece,iPhone 13 Pro Max,aftermarket-lcd,280,EUR,225.81,YES,https://movil.gr/product/iphone-13-pro-max-premium-lcd-screen/
movil.gr,Greece,iPhone 14 Pro,aftermarket-lcd,340,EUR,274.19,YES,https://movil.gr/product/%ce%bf%ce%b8%cf%8c%ce%bd%ce%b7-iphone-14-pro-premium-lcd-screen-movil-gr/
movil.gr,Greece,iPhone 14 Pro Max,aftermarket-lcd,370,EUR,298.39,YES,https://movil.gr/product/iphone-14-pro-max-standard-lcd-screen/
net-one.gr,Greece,iPhone 11,aftermarket-lcd,23,EUR,18.55,no,https://www.net-one.gr/apple-iphone-11-hyperfox-high-resolution-lcd-1-xrono-eggyhsh--110192
net-one.gr,Greece,iPhone 11,aftermarket-incell,17,EUR,13.71,no,https://www.net-one.gr/apple-iphone-11-hyperfox-lcd-incell-touch-black-1-xrono-eggyhsh--109230
net-one.gr,Greece,iPhone 11,aftermarket-incell,15.5,EUR,12.5,no,https://www.net-one.gr/apple-iphone-11-jk-lcd-touch-black-incell-change-ic--108366
net-one.gr,Greece,iPhone 11,aftermarket-lcd,17,EUR,13.71,no,https://www.net-one.gr/apple-iphone-11-zy-ltps-lcd-touch-black-ic-transferable-109010
net-one.gr,Greece,iPhone 14 Plus,aftermarket-incell,16.5,EUR,13.31,no,https://www.net-one.gr/apple-iphone-14-plus-rj-incell-lcd-touch-black-oem-110249
nordviks.se,Denmark,iPhone 14 Pro Max,aftermarket-soft-oled,600.83,SEK,480.66,YES,https://www.nordviks.se/products/iphone-14-pro-max-display-soft-oled-repart-prime-120hz
nordviks.se,Denmark,iPhone 15 Pro Max,aftermarket-soft-oled,611.65,SEK,489.32,YES,https://www.nordviks.se/products/iphone-15-pro-max-display-soft-oled-repart-prime-120hz
nvs.gr,Greece,iPhone X,aftermarket-lcd,12.88,EUR,10.39,no,https://nvs.gr/product/othoni-lcd-gia-apple-iphone-x-zy-mayri-720p/
nvs.gr,Greece,iPhone XR,aftermarket-lcd,16.44,EUR,13.26,no,https://nvs.gr/product/othoni-lcd-gia-apple-iphone-xr-jk-ms-mayri/
nvs.gr,Greece,iPhone XR,aftermarket-lcd,13.22,EUR,10.66,no,https://nvs.gr/product/othoni-lcd-gia-apple-iphone-xr-zy-mayri-720p/
onstoreitalia.it,Italy,iPhone 14,aftermarket-lcd,34.42,EUR,28.21,no,https://onstoreitalia.it/products/copia-del-display-lcd-per-iphone-14-incell-premium-quality?_pos=1&_sid=39a43ba90&_ss=r
onstoreitalia.it,Italy,iPhone 14 Pro Max,aftermarket-lcd,67.64,EUR,55.44,no,https://onstoreitalia.it/products/display-lcd-per-iphone-14-pro-max-compatibile-premium-quality?_pos=6&_sid=39a43ba90&_ss=r
onstoreitalia.it,Italy,iPhone 15,aftermarket-lcd,37.84,EUR,31.02,no,https://onstoreitalia.it/products/display-lcd-per-iphone-15-compatibile-premium-quality?_pos=7&_sid=39a43ba90&_ss=r
onstoreitalia.it,Italy,iPhone 15 Plus,aftermarket-lcd,39.45,EUR,32.34,no,https://onstoreitalia.it/products/display-lcd-per-iphone-15-plus-compatibile-premium-quality?_pos=3&_sid=39a43ba90&_ss=r
onstoreitalia.it,Italy,iPhone 15 Pro Max,aftermarket-lcd,78.91,EUR,64.68,no,https://onstoreitalia.it/products/display-lcd-per-iphone-15-pro-max-compatibile-premium-quality?_pos=2&_sid=39a43ba90&_ss=r
onstoreitalia.it,Italy,iPhone XS,aftermarket-lcd,22.95,EUR,18.81,no,https://onstoreitalia.it/products/display-iphone-xs-compatibile?_pos=5&_sid=39a43ba90&_ss=r
onstoreitalia.it,Italy,iPhone XS,aftermarket-lcd,27,EUR,22.13,no,https://onstoreitalia.it/products/display-iphone-xs-oem?_pos=8&_sid=39a43ba90&_ss=r
onstoreitalia.it,Italy,iPhone XS Max,aftermarket-lcd,24.16,EUR,19.8,no,https://onstoreitalia.it/products/display-iphone-xs-max-compatibile?_pos=4&_sid=39a43ba90&_ss=r
outletaccessori.it,Italy,iPhone 11,aftermarket-oled,60,EUR,49.18,no,https://www.outletaccessori.it/display-sharp/4239-display-originale-sharp-apple-iphone-11-nero-8596311249105.html
outletaccessori.it,Italy,iPhone 11 Pro,aftermarket-oled,70,EUR,57.38,no,https://www.outletaccessori.it/display-sharp/4316-display-originale-sharp-apple-iphone-11-PRO-8596311235443.html
outletaccessori.it,Italy,iPhone 11 Pro Max,aftermarket-oled,70,EUR,57.38,no,https://www.outletaccessori.it/display-sharp/4317-display-originale-sharp-apple-iphone-11-PRO-MAX-8596311187940.html
outletaccessori.it,Italy,iPhone X,aftermarket-oled,60,EUR,49.18,no,https://www.outletaccessori.it/display-sharp/3941-display-originale-sharp-apple-iphone-x-nero-8596311188183.html
outletaccessori.it,Italy,iPhone XR,aftermarket-oled,60,EUR,49.18,no,https://www.outletaccessori.it/display-sharp/3995-display-originale-sharp-apple-iphone-xr-nero-7443539071067.html
outletaccessori.it,Italy,iPhone XS,aftermarket-oled,60,EUR,49.18,no,https://www.outletaccessori.it/display-sharp/3994-display-originale-sharp-apple-iphone-xs-nero-8596311188176.html
outletaccessori.it,Italy,iPhone XS Max,aftermarket-oled,60,EUR,49.18,no,https://www.outletaccessori.it/display-sharp/4234-display-originale-sharp-apple-iphone-xs-max-nero-8596311212468.html
partexpert.nl,Netherlands,iPhone 11,aftermarket-lcd,54.95,EUR,45.41,no,https://www.partexpert.nl/en/iphone-11-display-and-lcd6.html
partexpert.nl,Netherlands,iPhone 11,aftermarket-lcd,29.95,EUR,24.75,no,https://www.partexpert.nl/en/iphone-11-oem-display-and-lcd.html
partexpert.nl,Netherlands,iPhone 11 Pro,aftermarket-oled,49.95,EUR,41.28,no,https://www.partexpert.nl/en/iphone-11-pro-display-and-oled.html
partexpert.nl,Netherlands,iPhone 11 Pro,aftermarket-lcd,69.95,EUR,57.81,no,https://www.partexpert.nl/en/iphone-11-pro-display-and-lcd.html
partexpert.nl,Netherlands,iPhone 11 Pro Max,aftermarket-oled,279.95,EUR,231.36,no,https://www.partexpert.nl/en/iphone-11promax-display-and-oled.html
partexpert.nl,Netherlands,iPhone 14 Pro Max,aftermarket-lcd,69.95,EUR,57.81,no,https://www.partexpert.nl/en/iphone-14promax-display-and-lcd.html
partexpert.nl,Netherlands,iPhone XS Max,aftermarket-oled,49.95,EUR,41.28,no,https://www.partexpert.nl/en/iphone-xs-max-display-and-oled.html
parts4cells.com,Cyprus,iPhone 13,aftermarket-lcd,13,USD,13,no,https://parts4cells.com/brilliance-iphone-13-lcd-with-touch-black.html
partsfixit.com,USA,iphone 14 pro,aftermarket-oled,315.0,USD,315.0,no,https://www.partsfixit.com/apple-spare-parts/iphone-repair-parts
partsfixit.com,USA,iphone 15,aftermarket-lcd,128.0,USD,128.0,no,https://www.partsfixit.com/apple-spare-parts/iphone-repair-parts
partsfixit.com,USA,iphone 15 plus,aftermarket-lcd,136.0,USD,136.0,no,https://www.partsfixit.com/apple-spare-parts/iphone-repair-parts
partsfixit.com,USA,iphone 15 pro,aftermarket-lcd,312.0,USD,312.0,no,https://www.partsfixit.com/apple-spare-parts/iphone-repair-parts
partsfixit.com,USA,iphone 15 pro max,aftermarket-lcd,443.0,USD,443.0,no,https://www.partsfixit.com/apple-spare-parts/iphone-repair-parts
partsfixit.com,USA,iphone 16 plus,aftermarket-oled,256.0,USD,256.0,no,https://www.partsfixit.com/apple-spare-parts/iphone-repair-parts
partsfixit.com,USA,iphone 16 pro,aftermarket-oled,260.0,USD,260.0,no,https://www.partsfixit.com/apple-spare-parts/iphone-repair-parts
partsfixit.com,USA,iphone 16 pro max,aftermarket-oled,348.0,USD,348.0,no,https://www.partsfixit.com/apple-spare-parts/iphone-repair-parts
partsfixit.com,USA,iphone xr,aftermarket-lcd,9.66,USD,9.66,no,https://www.partsfixit.com/apple-spare-parts/iphone-repair-parts
phone-werk.de,Germany,iPhone X,aftermarket-oled,119.99,EUR,100.83,no,https://phone-werk.de/produkt/iphone-x-display-touchscreen-komplette-oled-black-2/
phonefix.fi,Finland,iPhone 14,aftermarket-soft-oled,74.9,EUR,59.68,no,https://phonefix.fi/product/1369/iphone-14-naytto-soft-oled
phonefix.fi,Finland,iPhone 15,aftermarket-incell,44.9,EUR,35.78,no,https://phonefix.fi/product/1580/iphone-15-naytto-in-cell-lcd
phonefix.fi,Finland,iPhone 15 Plus,aftermarket-soft-oled,69.9,EUR,55.7,no,https://phonefix.fi/product/1703/iphone-15-plus-naytto-soft-oled
phonefix.fi,Finland,iPhone 16e,aftermarket-soft-oled,69.9,EUR,55.7,no,https://phonefix.fi/product/1608/iphone-16e-naytto-soft-oled
phonefix.fi,Finland,iPhone 16e,aftermarket-incell,44.9,EUR,35.78,no,https://phonefix.fi/product/1607/iphone-16e-naytto-in-cell-lcd
phonepartsbg.com,Bulgaria,iPhone 11,aftermarket-lcd,30,BGN,25.0,YES,https://www.phonepartsbg.com/index.php?route=product/product&product_id=1542
phonepartsbg.com,Bulgaria,iPhone 11,aftermarket-lcd,38,BGN,31.67,YES,https://www.phonepartsbg.com/index.php?route=product/product&product_id=1490
phonepartsbg.com,Bulgaria,iPhone 11 Pro,aftermarket-lcd,45,BGN,37.5,YES,https://www.phonepartsbg.com/index.php?route=product/product&product_id=1491
phonepartsbg.com,Bulgaria,iPhone 11 Pro Max,aftermarket-lcd,48,BGN,40.0,YES,https://www.phonepartsbg.com/index.php?route=product/product&product_id=1492
phonepartsbg.com,Bulgaria,iPhone 14 Pro,aftermarket-soft-oled,195,BGN,162.5,YES,https://www.phonepartsbg.com/index.php?route=product/product&product_id=1872
phonepartsbg.com,Bulgaria,iPhone 16 Pro,aftermarket-lcd,626,BGN,521.67,YES,https://www.phonepartsbg.com/index.php?route=product/product&product_id=1870
phonepartsbg.com,Bulgaria,iPhone X,aftermarket-lcd,30,BGN,25.0,YES,https://www.phonepartsbg.com/index.php?route=product/product&product_id=1543
phonepartsbg.com,Bulgaria,iPhone XR,aftermarket-gx,35,BGN,29.17,YES,https://www.phonepartsbg.com/index.php?route=product/product&product_id=1768
phonepartsrus.com,Czechia,iPhone 13,aftermarket-oled,38,USD,31.4,no,https://phonepartsrus.com/products/iphone-13-premium-lcd-assembly-soft
phonepartsrus.com,Czechia,iPhone 14,aftermarket-incell,17,USD,14.05,no,https://phonepartsrus.com/products/iphone-14-lcd-premium-incell-cof-copy
phonepartsrus.com,Czechia,iPhone 14,aftermarket-hard-oled,36,USD,29.75,no,https://phonepartsrus.com/products/copy-of-iphone-14-lcd-premium-incell-cof
phonepartsrus.com,Czechia,iPhone 16,aftermarket-soft-oled,49,USD,40.5,no,https://phonepartsrus.com/products/iphone-16-plus-lcd-incell-cof-screen-copy-1
phonexpert78.com,Luxembourg,iPhone 11,aftermarket-lcd,26.9,EUR,26.9,no,https://www.phonexpert78.com/ecran-lcd-vitre-tactile-pour-iphone-11-c2x34764030
phonexpert78.com,Luxembourg,iPhone 12 / 12 Pro,aftermarket-lcd,29.9,EUR,29.9,no,https://www.phonexpert78.com/ecran-lcd-iphone12-c2x36450750
phonexpert78.com,Luxembourg,iPhone 13,aftermarket-lcd,33.9,EUR,33.9,no,https://www.phonexpert78.com/ecran-lcd-iphone13-c2x38880107
piecegsm.com,France,iPhone 13 Pro,aftermarket-soft-oled,60,EUR,50.0,no,https://piecegsm.com/iphone-13-pro/5110-ecran-complet-iphone-13-pro-120-hz-soft-oled-bolt.html
preciosadictos.com,Spain,iphone 11,aftermarket-incell,21.770000000000003,EUR,17.99,no,https://www.preciosadictos.com/pantalla-para-iphone-11-incell-p-23365.html
ptmobil.cz,Czechia,iPhone 11,aftermarket-lcd,519,CZK,428.93,YES,https://www.ptmobil.cz/17956-lcd-displej-apple-iphone-11-vcetne-dotykoveho-skla-cerny-tactical-true-color.html
reflexmagasin.com,France,iPhone 17 Pro,aftermarket-incell,75,EUR,62.5,no,https://reflexmagasin.com/products/ecran-iphone-17-pro-lcd-incell-120hz?variant=55227746713934
reparation-iphone.com,France,iPhone 14 Pro,aftermarket-lcd,69.9,EUR,58.25,no,https://www.reparation-iphone.com/accueil/2380-ecran-iphone-14-pro-complet-vitre-tactile-lcd-compatible.html
reparation-iphone.com,France,iPhone 14 Pro Max,aftermarket-lcd,69.9,EUR,58.25,no,https://www.reparation-iphone.com/accueil/2384-ecran-iphone-14-pro-max-complet-vitre-tactile-lcd-compatible.html
reparation-iphone.com,France,iPhone 14 Pro Max,aftermarket-oled,119.9,EUR,99.92,no,https://www.reparation-iphone.com/accueil/2383-ecran-iphone-14-pro-max-complet-vitre-tactile-lcd-retina-oled.html
repuestosfuentes.es,Spain,iphone 11,aftermarket-lcd,18.48,EUR,15.27,no,https://www.repuestosfuentes.es/5287-iphone-11
repuestosfuentes.es,Spain,iphone 11,aftermarket-lcd,5.45,EUR,4.5,no,https://www.repuestosfuentes.es/5287-iphone-11
repuestosfuentes.es,Spain,iphone 11,aftermarket-lcd,4.8,EUR,3.97,no,https://www.repuestosfuentes.es/5287-iphone-11
repuestostic.com,Spain,iphone 12,aftermarket-incell,18.95,EUR,15.66,no,https://www.repuestostic.com/es/repuestos-iphone-12-pro/19993-pantalla-completa-para-iphone-12-iphone-12-pro-calidad-incell.html
repuestostic.com,Spain,iphone 12,aftermarket-incell,26.5,EUR,21.9,no,https://www.repuestostic.com/es/repuestos-iphone-12-pro/22537-pantalla-iphone-12-12-pro-jk-incell.html
repuestostic.com,Spain,iphone 12,aftermarket-oled,180.0,EUR,148.76,no,https://www.repuestostic.com/es/repuestos-iphone-12/10002-reparacion-pantalla-completa-y-tapa-trasera-iphone-12.html
repuestostic.com,Spain,iphone 12,aftermarket-oled,210.0,EUR,173.55,no,https://www.repuestostic.com/es/repuestos-iphone-12/10011-reparacion-pantalla-completa-tapa-trasera-bateria-iphone-12.html
repuestostic.com,Spain,iphone 12 pro,aftermarket-oled,41.95,EUR,34.67,no,https://www.repuestostic.com/es/repuestos-iphone-12/9972-pantalla-completa-iphone-12-pro-oled-tactil-aaa.html
repuestostic.com,Spain,iphone 12 pro,aftermarket-oled,89.0,EUR,73.55,no,https://www.repuestostic.com/es/repuestos-iphone-12-pro/9990-reparacion-pantalla-completa-iphone-12-pro-aaa.html
riparafast.it,Italy,iPhone 12 / 12 Pro,aftermarket-gx,46.72,EUR,38.3,no,https://www.riparafast.it/apple/1127-display-lcd-touch-oled-per-apple-iphone-12-12-pro-schermo-vetro-gx-originale.html
riparafast.it,Italy,iPhone 15,aftermarket-incell,25.41,EUR,20.83,no,https://www.riparafast.it/display/1640-lcd-display-per-apple-iphone-15-incell-jk-originale-touch-screen-schermo-vetro.html
riparafast.it,Italy,iPhone 15 Plus,aftermarket-incell,46.72,EUR,38.3,no,https://www.riparafast.it/display/1715-lcd-display-jk-apple-iphone-15-plus-incell-schermo-vetro-touch-screen.html
riparafast.it,Italy,iPhone 15 Pro Max,aftermarket-incell,31.97,EUR,26.2,no,https://www.riparafast.it/display/1547-display-lcd-incell-per-apple-iphone-15-pro-max-a3106-jk-pari-originale-vetro.html
riparafast.it,Italy,iPhone 16,aftermarket-incell,20.49,EUR,16.8,no,https://www.riparafast.it/iphone-16/2334-lcd-schermo-apple-iphone-16-display-touch-screen-incell-compatibile.html
riparafast.it,Italy,iPhone 16 Plus,aftermarket-incell,21.31,EUR,17.47,no,https://www.riparafast.it/iphone-16-plus/2335-lcd-schermo-apple-iphone-16-plus-display-touch-screen-incell-compatibile.html
riparafast.it,Italy,iPhone 16 Pro,aftermarket-incell,28.69,EUR,23.52,no,https://www.riparafast.it/iphone-16-pro/2336-lcd-schermo-apple-iphone-16-pro-display-touch-screen-incell-compatibile.html
riparafast.it,Italy,iPhone 16 Pro Max,aftermarket-incell,32.79,EUR,26.88,no,https://www.riparafast.it/iphone-16-pro-max/2337-lcd-schermo-apple-iphone-16-pro-max-display-touch-screen-incell-compatibile.html
screenshelf.ie,Ireland,iPhone 12 / 12 Pro,aftermarket-lcd,23.95,EUR,19.47,no,https://screenshelf.ie/products/iphone-12-12-pro-lcd-screen?_pos=3&_sid=69f8f0b7a&_ss=r
screenshelf.ie,Ireland,iPhone 14 Pro Max,aftermarket-soft-oled,79.95,EUR,65.0,no,https://screenshelf.ie/products/iphone-14-pro-max-screen-replacement-diagnosable-soft-oled?_pos=5&_sid=69f8f0b7a&_ss=r
screenshelf.ie,Ireland,iPhone 15,aftermarket-soft-oled,63.95,EUR,51.99,no,https://screenshelf.ie/products/iphone-15-screen-replacement-soft-oled?_pos=6&_sid=69f8f0b7a&_ss=r
servisnidily.cz,Czechia,iPhone 11,aftermarket-incell,556,CZK,459.5,YES,https://www.servisnidily.cz/Servisni-dily/LCD-displej-iPhone-11-REPART-In-cell
setup.lt,Lithuania,iPhone 11 Pro,aftermarket-hard-oled,117.98,EUR,97.5,no,https://setup.lt/products/ekranas-iphone-11-pro-su-lietimui-jautriu-stikliuku-gx-hard-oled-juodas
signalocentras.lt,Lithuania,iPhone 11,aftermarket-incell,85,EUR,70.25,no,http://signalocentras.lt/telefonija/telefonu-ekranai-lcd/iphone-ipad/lcdtouch-screen-iphone-11-juodas-incell-removable-ic-25395
signalocentras.lt,Lithuania,iPhone 11,aftermarket-incell,119,EUR,98.35,no,http://signalocentras.lt/telefonija/telefonu-ekranai-lcd/iphone-ipad/lcdtouch-screen-iphone-11-juodas-black-incell-tft-zy-oem0101044-25448
signalocentras.lt,Lithuania,iPhone 11 Pro,aftermarket-incell,95,EUR,78.51,no,http://signalocentras.lt/telefonija/telefonu-ekranai-lcd/iphone-ipad/lcdtouch-screen-iphone-11-pro-juodas-black-incell-28251-25416
signalocentras.lt,Lithuania,iPhone 11 Pro Max,aftermarket-incell,295,EUR,243.8,no,http://signalocentras.lt/telefonija/telefonu-ekranai-lcd/iphone-ipad/lcdtouch-screen-iphone-11-pro-max-juodas-incell-hq--25403
signalocentras.lt,Lithuania,iPhone 11 Pro Max,aftermarket-oled,110,EUR,90.91,no,http://signalocentras.lt/telefonija/telefonu-ekranai-lcd/iphone-ipad/lcdtouch-screen-iphone-11-pro-max-juodas-black-oled-o--25392
signalocentras.lt,Lithuania,iphone 11,aftermarket-incell,85.0,EUR,70.25,no,https://signalocentras.lt/telefonija/telefonu-ekranai-lcd/iphone-ipad
signalocentras.lt,Lithuania,iphone 11,aftermarket-incell,68.0,EUR,56.2,no,https://signalocentras.lt/telefonija/telefonu-ekranai-lcd/iphone-ipad
signalocentras.lt,Lithuania,iphone 11 pro,aftermarket-incell,95.0,EUR,78.51,no,https://signalocentras.lt/telefonija/telefonu-ekranai-lcd/iphone-ipad
signalocentras.lt,Lithuania,iphone 11 pro,aftermarket-incell,76.0,EUR,62.81,no,https://signalocentras.lt/telefonija/telefonu-ekranai-lcd/iphone-ipad
signalocentras.lt,Lithuania,iphone 11 pro,aftermarket-oled,100.0,EUR,82.64,no,https://signalocentras.lt/telefonija/telefonu-ekranai-lcd/iphone-ipad
signalocentras.lt,Lithuania,iphone 11 pro,aftermarket-oled,80.0,EUR,66.12,no,https://signalocentras.lt/telefonija/telefonu-ekranai-lcd/iphone-ipad
signalocentras.lt,Lithuania,iphone 11 pro,aftermarket-oled,140.0,EUR,115.7,no,https://signalocentras.lt/telefonija/telefonu-ekranai-lcd/iphone-ipad
signalocentras.lt,Lithuania,iphone 11 pro,aftermarket-oled,112.0,EUR,92.56,no,https://signalocentras.lt/telefonija/telefonu-ekranai-lcd/iphone-ipad
signalocentras.lt,Lithuania,iphone 11 pro max,aftermarket-incell,100.0,EUR,82.64,no,https://signalocentras.lt/telefonija/telefonu-ekranai-lcd/iphone-ipad
signalocentras.lt,Lithuania,iphone 11 pro max,aftermarket-incell,80.0,EUR,66.12,no,https://signalocentras.lt/telefonija/telefonu-ekranai-lcd/iphone-ipad
signalocentras.lt,Lithuania,iphone 11 pro max,aftermarket-oled,110.0,EUR,90.91,no,https://signalocentras.lt/telefonija/telefonu-ekranai-lcd/iphone-ipad
signalocentras.lt,Lithuania,iphone 11 pro max,aftermarket-oled,88.0,EUR,72.73,no,https://signalocentras.lt/telefonija/telefonu-ekranai-lcd/iphone-ipad
signalocentras.lt,Lithuania,iphone 11 pro max,aftermarket-oled,125.0,EUR,103.31,no,https://signalocentras.lt/telefonija/telefonu-ekranai-lcd/iphone-ipad
signalocentras.lt,Lithuania,iphone 12,aftermarket-incell,125.0,EUR,103.31,no,https://signalocentras.lt/telefonija/telefonu-ekranai-lcd/iphone-ipad
signalocentras.lt,Lithuania,iphone 12,aftermarket-incell,100.0,EUR,82.64,no,https://signalocentras.lt/telefonija/telefonu-ekranai-lcd/iphone-ipad
signalocentras.lt,Lithuania,iphone 12 pro,aftermarket-oled,125.0,EUR,103.31,no,https://signalocentras.lt/telefonija/telefonu-ekranai-lcd/iphone-ipad
signalocentras.lt,Lithuania,iphone 12 pro,aftermarket-oled,100.0,EUR,82.64,no,https://signalocentras.lt/telefonija/telefonu-ekranai-lcd/iphone-ipad
signalocentras.lt,Lithuania,iphone 12 pro,aftermarket-oled,140.0,EUR,115.7,no,https://signalocentras.lt/telefonija/telefonu-ekranai-lcd/iphone-ipad
signalocentras.lt,Lithuania,iphone 12 pro,aftermarket-oled,112.0,EUR,92.56,no,https://signalocentras.lt/telefonija/telefonu-ekranai-lcd/iphone-ipad
signalocentras.lt,Lithuania,iphone 12 pro,aftermarket-oled,160.0,EUR,132.23,no,https://signalocentras.lt/telefonija/telefonu-ekranai-lcd/iphone-ipad
signalocentras.lt,Lithuania,iphone 12 pro,aftermarket-oled,128.0,EUR,105.79,no,https://signalocentras.lt/telefonija/telefonu-ekranai-lcd/iphone-ipad
smartech.ee,Estonia,iphone 16 pro max,aftermarket-soft-oled,144.0,EUR,118.03,no,https://www.smartech.ee/et/category/telefonid-nutikellad-tahvelarvutid-ja-e-lugerid/mobiiltelefonid-ja-tarvikud/lcd-ekraanid/
smartech.ee,Estonia,iphone 16 pro max,aftermarket-incell,72.15,EUR,59.14,no,https://www.smartech.ee/et/category/telefonid-nutikellad-tahvelarvutid-ja-e-lugerid/mobiiltelefonid-ja-tarvikud/lcd-ekraanid/
sparepart.dk,Denmark,iPhone 11,aftermarket-incell,169,DKK,135.2,no,https://sparepart.dk/iphone-11-reservedele-101948/iphone-11-skaerm-incell-lcd-jk-high-quality-p18774
sparepart.dk,Denmark,iPhone 12 / 12 Pro,aftermarket-incell,199,DKK,159.2,no,https://sparepart.dk/iphone-skaerme-102381/iphone-12-12-pro-skaerm-incell-lcd-jk-high-quality-p18120
sparepart.dk,Denmark,iPhone 13,aftermarket-incell,199,DKK,159.2,no,https://sparepart.dk/iphone-13-skaerme-102877/iphone-13-skaerm-incell-lcd-jk-high-quality-p19489
startdistribuzione.it,Italy,iPhone 11,aftermarket-incell,18.9,EUR,15.49,no,https://www.startdistribuzione.it/ricambi-telefonia/apple-ricerca-ad-albero/display-lcd-e-touch/iphone/ricambi-telefonia/apple-ricerca-ad-albero/display-lcd-e-touch/iphone/iphone-11-ltps-display-lcd-incell-apple-compatibile-con-alloggiamenti-e-metal-plate.1.11.3536.gp.12803.uw
startdistribuzione.it,Italy,iPhone 13 Pro Max,aftermarket-incell,26.001,EUR,21.31,no,https://www.startdistribuzione.it/ricambi-telefonia/apple-ricerca-ad-albero/display-lcd-e-touch/iphone/ricambi-telefonia/apple-ricerca-ad-albero/display-lcd-e-touch/iphone/iphone-13-pro-max-incell-display-lcd-apple-compatibile-con-alloggiamenti.1.11.3536.gp.12750.uw
startdistribuzione.it,Italy,iPhone 14 Plus,aftermarket-soft-oled,59,EUR,48.36,no,https://www.startdistribuzione.it/ricambi-telefonia/apple-ricerca-ad-albero/display-lcd-e-touch/iphone/ricambi-telefonia/apple-ricerca-ad-albero/display-lcd-e-touch/iphone/iphone-14-plus-mt-tech-soft-oled-display-lcd-apple-compatibile-con-alloggiamenti.1.11.3536.gp.12753.uw
startdistribuzione.it,Italy,iPhone 14 Pro,aftermarket-soft-oled,56,EUR,45.9,no,https://www.startdistribuzione.it/ricambi-telefonia/apple-ricerca-ad-albero/display-lcd-e-touch/iphone/ricambi-telefonia/apple-ricerca-ad-albero/display-lcd-e-touch/iphone/iphone-14-pro-soft-oled-display-lcd-apple-compatibile-con-alloggiamenti-120hz.1.11.3536.gp.12754.uw
startdistribuzione.it,Italy,iPhone 14 Pro Max,aftermarket-incell,28,EUR,22.95,no,https://www.startdistribuzione.it/ricambi-telefonia/apple-ricerca-ad-albero/display-lcd-e-touch/iphone/ricambi-telefonia/apple-ricerca-ad-albero/display-lcd-e-touch/iphone/iphone-14-pro-max-la-incell-display-lcd-apple-compatibile.1.11.3536.gp.12755.uw
startdistribuzione.it,Italy,iPhone 14 Pro Max,aftermarket-soft-oled,48,EUR,39.34,no,https://www.startdistribuzione.it/ricambi-telefonia/apple-ricerca-ad-albero/display-lcd-e-touch/iphone/ricambi-telefonia/apple-ricerca-ad-albero/display-lcd-e-touch/iphone/iphone-14-pro-max-soft-oled-display-lcd-apple-compatibile-con-alloggiamenti.1.11.3536.gp.12756.uw
therepairplus.com,UK,iphone 14 pro,aftermarket-oled,99.98,GBP,83.32,no,https://therepairplus.com/collections/iphone-screen-replacement
therepairplus.com,UK,iphone 14 pro max,aftermarket-oled,145.98,GBP,121.65,no,https://therepairplus.com/collections/iphone-screen-replacement
therepairplus.com,UK,iphone 15,aftermarket-lcd,24.98,GBP,20.82,no,https://therepairplus.com/collections/iphone-screen-replacement
therepairplus.com,UK,iphone 15 plus,aftermarket-lcd,25.98,GBP,21.65,no,https://therepairplus.com/collections/iphone-screen-replacement
therepairplus.com,UK,iphone 15 pro,aftermarket-lcd,29.98,GBP,24.98,no,https://therepairplus.com/collections/iphone-screen-replacement
therepairplus.com,UK,iphone 15 pro max,aftermarket-lcd,39.98,GBP,33.32,no,https://therepairplus.com/collections/iphone-screen-replacement
therepairplus.com,UK,iphone 16,aftermarket-oled,139.98,GBP,116.65,no,https://therepairplus.com/collections/iphone-screen-replacement
therepairplus.com,UK,iphone 16 plus,aftermarket-oled,145.98,GBP,121.65,no,https://therepairplus.com/collections/iphone-screen-replacement
therepairplus.com,UK,iphone 16 pro,aftermarket-oled,149.98,GBP,124.98,no,https://therepairplus.com/collections/iphone-screen-replacement
therepairplus.com,UK,iphone 16 pro,aftermarket-lcd,45.98,GBP,38.32,no,https://therepairplus.com/collections/iphone-screen-replacement
thescreensurgery.com,UK,iphone 11 pro max,aftermarket-soft-oled,41.95,GBP,34.96,no,https://thescreensurgery.com/collections/value-screens
thescreensurgery.com,UK,iphone 12 pro,aftermarket-soft-oled,47.95,GBP,39.96,no,https://thescreensurgery.com/collections/value-screens
thescreensurgery.com,UK,iphone 13 pro,aftermarket-soft-oled,53.95,GBP,44.96,no,https://thescreensurgery.com/collections/value-screens
thescreensurgery.com,UK,iphone 13 pro max,aftermarket-soft-oled,47.95,GBP,39.96,no,https://thescreensurgery.com/collections/value-screens
thescreensurgery.com,UK,iphone 14,aftermarket-soft-oled,47.95,GBP,39.96,no,https://thescreensurgery.com/collections/value-screens
thescreensurgery.com,UK,iphone 15 pro,aftermarket-soft-oled,53.95,GBP,44.96,no,https://thescreensurgery.com/collections/value-screens
thescreensurgery.com,UK,iphone 16,aftermarket-soft-oled,53.95,GBP,44.96,no,https://thescreensurgery.com/collections/value-screens
touchandscreen.de,Germany,iPhone X,aftermarket-oled,69.9,EUR,58.74,no,https://www.touchandscreen.de/OLED-Display-inkl-Touchscreen-passend-fuer-iPhone-X
utopya.com,France,iphone 15,aftermarket-soft-oled,32.5,EUR,27.08,no,https://www.utopya.com/apple/iphone/iphone-15.html
utopya.com,France,iphone 15,aftermarket-soft-oled,28.5,EUR,23.75,no,https://www.utopya.com/apple/iphone/iphone-15.html
utopya.com,France,iphone 15,aftermarket-hard-oled,14.1,EUR,11.75,no,https://www.utopya.com/apple/iphone/iphone-15.html
world-itech.com,France,iPhone 15 Plus,aftermarket-oled,379,EUR,315.83,no,https://www.world-itech.com/gb/iphone-15-plus/4071-iphone-15-plus-screen-original-oledapples-tools-included.html
world-itech.com,France,iPhone 15 Pro,aftermarket-oled,309.9,EUR,258.25,no,https://www.world-itech.com/gb/iphone-15-pro/4070-iphone-15-pro-screen-original-oledapples-tools-included.html
world-itech.com,France,iPhone 15 Pro Max,aftermarket-oled,379.9,EUR,316.58,no,https://www.world-itech.com/gb/iphone-15-pro-max/4069-iphone-15-pro-max-screen-original-oledapples-tools-included.html
xda.gr,Greece,iPhone 13,aftermarket-soft-oled,50.85,EUR,41.01,no,https://www.xda.gr/ανταλλακτικα-κινητων/apple/iphone-13-series/hq-oem-for-iphone-13-a2633-a2482-dd-soft-oled-οθόνη-touch-screen-digitizer-black/
xda.gr,Greece,iPhone 13 Pro,aftermarket-soft-oled,54.99,EUR,44.35,no,https://www.xda.gr/ανταλλακτικα-κινητων/apple/iphone-13-series/hq-oem-for-apple-iphone-13-pro-a2638-a2483-jk-soft-oled-lcd-οθόνη-touch-screen-digitizer-black/
xda.gr,Greece,iPhone 13 Pro,aftermarket-soft-oled,54.44,EUR,43.9,no,https://www.xda.gr/ανταλλακτικα-κινητων/apple/iphone-13-series/hq-oem-for-apple-iphone-13-pro-a2638-a2483-dd-soft-oled-lcd-οθόνη-touch-screen-digitizer-black/
xda.gr,Greece,iPhone 13 Pro Max,aftermarket-soft-oled,49.95,EUR,40.28,no,https://www.xda.gr/ανταλλακτικα-κινητων/apple/iphone-13-series/hq-oem-for-apple-iphone-13-pro-max-a2643-a2484-jk-soft-oled-lcd-οθόνη-touch-screen-digitizer-black/
xda.gr,Greece,iPhone 13 Pro Max,aftermarket-soft-oled,52.95,EUR,42.7,no,https://www.xda.gr/ανταλλακτικα-κινητων/apple/iphone-13-series/hq-oem-for-apple-iphone-13-pro-max-a2643-a2484-dd-soft-oled-lcd-οθόνη-touch-screen-digitizer-black/
yodoit.com,Croatia,iPhone 11,aftermarket-lcd,19.99,EUR,15.99,no,https://www.yodoit.com/products/for-iphone-11-screen-replacement-lcd-display-assembly
yodoit.com,Croatia,iPhone 12 Pro Max,aftermarket-lcd,49.99,EUR,39.99,no,https://www.yodoit.com/products/for-apple-iphone-12-pro-max-screen-replacement-lcd-display-assembly
yodoit.com,Croatia,iPhone 13,aftermarket-lcd,29.99,EUR,23.99,no,https://www.yodoit.com/products/iphone-13-screen-replacement-lcd-display-assembly
yodoit.com,Croatia,iPhone 14,aftermarket-lcd,99.99,EUR,79.99,no,https://www.yodoit.com/products/iphone-14-screen-replacement-lcd-cof-full-hd-display-assembly
yodoit.com,Croatia,iPhone X,aftermarket-lcd,19.99,EUR,15.99,no,https://www.yodoit.com/products/for-iphone-x-screen-replacement-lcd-display-assembly
yodoit.com,Croatia,iPhone XR,aftermarket-lcd,19.99,EUR,15.99,no,https://www.yodoit.com/products/for-iphone-xr-screen-replacement-lcd-display-assembly
yodoit.com,Croatia,iPhone XS,aftermarket-lcd,19.99,EUR,15.99,no,https://www.yodoit.com/products/for-iphone-xs-screen-replacement-lcd-display-assembly
yodoit.com,Croatia,iPhone XS Max,aftermarket-lcd,27.99,EUR,22.39,no,https://www.yodoit.com/products/for-iphone-xs-max-screen-replacement-lcd-display-assembly
