Site,Country,Model,RepairType,Price,Currency,ExclVAT,VATBasis,Login,URL,CheapestForModelAtShop
24hshop.fr,France,iPhone 11 Pro,original,75.98,EUR,63.32,stripped 20% VAT,no,https://24hshop.fr/ecran-sur-chassis-iphone-11-pro-a2160-soft-oled-apple-original-super-retina-58-pouces-vitre-smartphone-true-tone-complet-2774.html,YES
24hshop.fr,France,iPhone 11 Pro,original,75.98,EUR,63.32,stripped 20% VAT,no,https://24hshop.fr/vitre-tactile-multi-touch-soft-oled-iphone-11-pro-apple-a2215-original-touch-remplacement-ecran-verre-sur-chassis-complet-assemb-2785.html,no
24hshop.fr,France,iPhone 11 Pro Max,original,75.98,EUR,63.32,stripped 20% VAT,no,https://24hshop.fr/ecran-verre-multi-touch-soft-oled-apple-iphone-11-pro-max-a2218-original-smartphone-3d-touch-remplacement-kit-assemble-chassis-2840.html,YES
24hshop.fr,France,iPhone XS,original,55.98,EUR,46.65,stripped 20% VAT,no,https://24hshop.fr/ecran-tactile-iphone-xs-verre-multi-touch-soft-oled-apple-original-3d-touch-remplacement-hdr-qualite-vitre-oleophobe-sur-chassis-2666.html,YES
24hshop.fr,France,iPhone XS,original,55.98,EUR,46.65,stripped 20% VAT,no,https://24hshop.fr/iphone-xs-a2099-ecran-soft-oled-apple-original-super-retina-58-pouces-vitre-smartphone-assemblee-affichage-complet-true-tone-2728.html,no
24hshop.fr,France,iPhone XS,original,55.98,EUR,46.65,stripped 20% VAT,no,https://24hshop.fr/vitre-tactile-ecran-sur-chassis-complet-assemble-iphone-xs-verre-multi-touch-soft-oled-apple-original-3d-touch-kit-remplacement-2669.html,no
24hshop.fr,France,iPhone XS,original,55.98,EUR,46.65,stripped 20% VAT,no,https://24hshop.fr/vitre-tactile-multi-touch-soft-oled-iphone-xs-apple-a2098-original-touch-remplacement-ecran-verre-sur-chassis-complet-assemble-2710.html,no
24hshop.fr,France,iPhone XS,original,55.98,EUR,46.65,stripped 20% VAT,no,https://24hshop.fr/verre-tactile-iphone-xs-soft-oled-qualite-ecran-a2097-original-reparation-smartphone-affichage-true-tone-hd-super-retina-58-in-2688.html,no
24hshop.fr,France,iPhone XS Max,original,65.98,EUR,54.98,stripped 20% VAT,no,https://24hshop.fr/ecran-soft-oled-verre-multi-touch-apple-iphone-xs-max-a2104-original-smartphone-3d-touch-remplacement-hdr-oleophobe-2961.html,YES
24hshop.fr,France,iPhone XS Max,original,65.98,EUR,54.98,stripped 20% VAT,no,https://24hshop.fr/vitre-tactile-ecran-soft-oled-iphone-xs-max-a2103-apple-original-super-retina-65-pouces-smartphone-affichage-true-tone-2956.html,no
24hshop.fr,France,iphone 11,original,75.98,EUR,63.32,stripped 20% VAT,no,https://24hshop.fr/ecran-sur-chassis-iphone-11-pro-a2160-soft-oled-apple-original-super-retina-58-pouces-vitre-smartphone-true-tone-complet-2774.html,YES
24hshop.fr,France,iphone 11,original,75.98,EUR,63.32,stripped 20% VAT,no,https://24hshop.fr/soft-oled-apple-ecran-complet-iphone-11-pro-a2215-original-super-retina-58-pouces-vitre-smartphone-affichage-true-tone-kit-asse-2790.html,no
24hshop.fr,France,iphone xs,original,55.98,EUR,46.65,stripped 20% VAT,no,https://24hshop.fr/iphone-xs-a1920-ecran-soft-oled-apple-original-super-retina-58-pouces-vitre-smartphone-assemblee-affichage-complet-true-tone-2683.html,YES
24hshop.fr,France,iphone xs,original,65.98,EUR,54.98,stripped 20% VAT,no,https://24hshop.fr/ecran-soft-oled-apple-iphone-a1921-xs-max-original-super-retina-65-pouces-vitre-smartphone-affichage-true-tone-3d-hd-2894.html,no
ab-mobiteli.com,Croatia,iPhone 14 Plus,original,250,EUR,250,VAT basis UNKNOWN — shown as listed,no,https://ab-mobiteli.com/products/lcd-original-apple-iphone-14-plus,YES
ab-mobiteli.com,Croatia,iPhone 14 Pro,original,380,EUR,380,VAT basis UNKNOWN — shown as listed,no,https://ab-mobiteli.com/products/lcd-original-apple-iphone-14-pro-skidan,YES
ab-mobiteli.com,Croatia,iPhone X,refurb,120,EUR,120,VAT basis UNKNOWN — shown as listed,no,https://ab-mobiteli.com/products/apple-iphone-x-lcd-touch-repariran-original,YES
ab-mobiteli.com,Croatia,iPhone XR,pulled,110,EUR,110,VAT basis UNKNOWN — shown as listed,no,https://ab-mobiteli.com/products/apple-iphone-xr-lcd-touch-skinuti-original,YES
ab-mobiteli.com,Croatia,iphone 14 plus,original,250.0,EUR,250.0,VAT basis UNKNOWN — shown as listed,no,https://ab-mobiteli.com/products/lcd-original-apple-iphone-14-plus?_pos=8&_sid=33c5b9a4a&_ss=r,YES
ab-mobiteli.com,Croatia,iphone 14 pro,original,380.0,EUR,380.0,VAT basis UNKNOWN — shown as listed,no,https://ab-mobiteli.com/products/lcd-original-apple-iphone-14-pro-skidan?_pos=6&_sid=33c5b9a4a&_ss=r,YES
ab-mobiteli.com,Croatia,iphone x,refurb,120.0,EUR,120.0,VAT basis UNKNOWN — shown as listed,no,https://ab-mobiteli.com/products/apple-iphone-x-lcd-touch-repariran-original?_pos=9&_sid=33c5b9a4a&_ss=r,YES
ab-mobiteli.com,Croatia,iphone xr,pulled,110.0,EUR,110.0,VAT basis UNKNOWN — shown as listed,no,https://ab-mobiteli.com/products/apple-iphone-xr-lcd-touch-skinuti-original?_pos=19&_sid=33c5b9a4a&_ss=r,YES
amdetech.gr,Greece,iPhone 11 Pro Max,original,89.97,EUR,89.97,VAT basis UNKNOWN — shown as listed,no,https://www.amdetech.gr/apple-antallaktika/pulled-gnisio-antallaktiko-gia-iphone-11-pro-max-oled-display-and-touch-screen-digitizer-assembly-replacement-apple-grade-a/,YES
amdetech.gr,Greece,iPhone 12 Pro Max,original,159.97,EUR,159.97,VAT basis UNKNOWN — shown as listed,no,https://www.amdetech.gr/apple-antallaktika/iphone-antallaktika-el/pulled-gnisio-antallaktiko-gia-iphone-12-pro-max-oled-display-and-touch-screen-digitizer-assembly-replacement-apple-grade-a/,YES
amdetech.gr,Greece,iPhone 13 Pro Max,original,189.97,EUR,189.97,VAT basis UNKNOWN — shown as listed,no,https://www.amdetech.gr/apple-antallaktika/iphone-antallaktika-el/pulled-gnisio-antallaktiko-gia-iphone-13-pro-max-oled-display-and-touch-screen-digitizer-assembly-replacement-apple-grade-a/,YES
amdetech.gr,Greece,iPhone 14 Plus,pulled,159.97,EUR,159.97,VAT basis UNKNOWN — shown as listed,no,https://www.amdetech.gr/apple-antallaktika/iphone-antallaktika-el/pulled-gnisio-antallaktiko-gia-iphone-14-plus-oled-othoni-and-afis-touch-screen-digitizer-antallaktiko-kainoyrgio/,YES
amdetech.gr,Greece,iPhone 14 Pro Max,original,259.97,EUR,259.97,VAT basis UNKNOWN — shown as listed,no,https://www.amdetech.gr/apple-antallaktika/pulled-genuine-gnisia-iphone-14-pro-max-oled-othoni-lcd-and-afis-touch-screen-digitizer-antallaktiko-grade-a/,YES
amdetech.gr,Greece,iPhone 15,original,189.97,EUR,189.97,VAT basis UNKNOWN — shown as listed,no,https://www.amdetech.gr/apple-antallaktika/iphone-antallaktika-el/pulled-genuine-gnisia-iphone-15-oled-othoni-and-afis-touch-screen-digitizer-antallaktiko-a-grade-el/,YES
amdetech.gr,Greece,iPhone 16 Plus,original,164.49,EUR,164.49,VAT basis UNKNOWN — shown as listed,no,https://www.amdetech.gr/apple-antallaktika/iphone-antallaktika-el/pulled-genuine-gnisia-iphone-16-plus-oled-othoni-and-afis-touch-screen-digitizer-antallaktiko-d-grade/,YES
amdetech.gr,Greece,iphone 12 pro max,original,144.97,EUR,144.97,VAT basis UNKNOWN — shown as listed,no,https://www.amdetech.gr/apple-antallaktika/antallaktika-iphone/iphone-12-series-el/pulled-gnisio-antallaktiko-gia-iphone-12-pro-max-oled-display-and-touch-screen-digitizer-assembly-replacement-apple-grade-a-en-el/,YES
amdetech.gr,Greece,iphone 13 pro max,original,179.97,EUR,179.97,VAT basis UNKNOWN — shown as listed,no,https://www.amdetech.gr/apple-antallaktika/antallaktika-iphone/iphone-13-series-el/pulled-gnisio-antallaktiko-gia-iphone-13-pro-max-oled-display-and-touch-screen-digitizer-assembly-replacement-apple-grade-a-en-el/,YES
amdetech.gr,Greece,iphone 14 pro max,original,234.97,EUR,234.97,VAT basis UNKNOWN — shown as listed,no,https://www.amdetech.gr/apple-antallaktika/antallaktika-iphone/iphone-14-series-el/pulled-genuine-original-iphone-14-pro-max-oled-display-and-touch-screen-digitizer-assembly-replacement-grade-a-el/,YES
amdetech.gr,Greece,iphone 16 pro max,pulled,379.97,EUR,379.97,VAT basis UNKNOWN — shown as listed,no,https://www.amdetech.gr/apple-antallaktika/antallaktika-iphone/iphone-16-series/pulled-genuine-gnisia-iphone-16-pro-max-oled-othoni-and-afis-touch-screen-digitizer-antallaktiko-a-grade-en-el/,YES
androgeek.es,Spain,iphone 11,original,21.45,EUR,21.45,already ex-VAT,no,https://androgeek.es/pantallas/3531-pantalla-iphone-11-100-original-remanufacturada-lcddisplay-1201319031641.html,YES
appleparts.nl,Netherlands,iPhone 14 Plus,pulled,199,EUR,199,VAT basis UNKNOWN — shown as listed,no,https://appleparts.nl/products/iphone-14-plus-scherm-origineel-pulled?_pos=9&_sid=433506182&_ss=r,YES
appleparts.nl,Netherlands,iPhone 14 Plus,pulled,199,EUR,199,VAT basis UNKNOWN — shown as listed,no,https://appleparts.nl/products/iphone-14-plus-scherm-origineel-pulled?_pos=8&_sid=433506182&_ss=r,no
appleparts.nl,Netherlands,iPhone 14 Pro Max,pulled,239,EUR,239,VAT basis UNKNOWN — shown as listed,no,https://appleparts.nl/products/beeldscherm-iphone-14-pro-max-origineel-pulled?_pos=2&_sid=433506182&_ss=r,YES
appleparts.nl,Netherlands,iPhone 14 Pro Max,pulled,239,EUR,239,VAT basis UNKNOWN — shown as listed,no,https://appleparts.nl/products/beeldscherm-iphone-14-pro-max-origineel-pulled?_pos=3&_sid=433506182&_ss=r,no
appleparts.nl,Netherlands,iPhone 15,pulled,175,EUR,175,VAT basis UNKNOWN — shown as listed,no,https://appleparts.nl/products/beeldscherm-voor-iphone-15-origineel-pulled?_pos=3&_sid=433506182&_ss=r,YES
appleparts.nl,Netherlands,iPhone 15,pulled,175,EUR,175,VAT basis UNKNOWN — shown as listed,no,https://appleparts.nl/products/beeldscherm-voor-iphone-15-origineel-pulled?_pos=4&_sid=433506182&_ss=r,no
appleparts.nl,Netherlands,iPhone 15 Pro,pulled,319,EUR,319,VAT basis UNKNOWN — shown as listed,no,https://appleparts.nl/products/beeldscherm-scherm-voor-iphone-15-pro-origineel-pulled-a-grade-met-lichtsensor-flex?_pos=7&_sid=433506182&_ss=r,YES
appleparts.nl,Netherlands,iPhone 16,pulled,198,EUR,198,VAT basis UNKNOWN — shown as listed,no,https://appleparts.nl/products/beeldscherm-scherm-voor-iphone-16-origineel-pulled?_pos=6&_sid=433506182&_ss=r,YES
appleparts.nl,Netherlands,iPhone 16,pulled,198,EUR,198,VAT basis UNKNOWN — shown as listed,no,https://appleparts.nl/products/beeldscherm-scherm-voor-iphone-16-origineel-pulled?_pos=5&_sid=433506182&_ss=r,no
appleparts.nl,Netherlands,iPhone 16,original,349,EUR,349,VAT basis UNKNOWN — shown as listed,no,https://appleparts.nl/products/beeldscherm-scherm-voor-iphone-16-origineel-service-pack-661-44797?_pos=8&_sid=433506182&_ss=r,no
appleparts.nl,Netherlands,iPhone 16,original,349,EUR,349,VAT basis UNKNOWN — shown as listed,no,https://appleparts.nl/products/beeldscherm-scherm-voor-iphone-16-origineel-service-pack-661-44797?_pos=5&_sid=433506182&_ss=r,no
appleparts.nl,Netherlands,iphone 13,pulled,109.0,EUR,109.0,VAT basis UNKNOWN — shown as listed,no,https://appleparts.nl/products/beeldscherm-voor-iphone-15-origineel-pulled-a-grade-met-sensor-flex?_pos=3&_sid=7fc136858&_ss=r,YES
appleparts.nl,Netherlands,iphone 14 plus,pulled,199.0,EUR,199.0,VAT basis UNKNOWN — shown as listed,no,https://appleparts.nl/products/iphone-14-plus-scherm-origineel-pulled?_pos=7&_sid=7fc136858&_ss=r,YES
appleparts.nl,Netherlands,iphone 15,pulled,175.0,EUR,175.0,VAT basis UNKNOWN — shown as listed,no,https://appleparts.nl/products/beeldscherm-voor-iphone-15-origineel-pulled?_pos=1&_sid=7fc136858&_ss=r,YES
appleparts.nl,Netherlands,iphone 15 pro,pulled,319.0,EUR,319.0,VAT basis UNKNOWN — shown as listed,no,https://appleparts.nl/products/beeldscherm-scherm-voor-iphone-15-pro-origineel-pulled-a-grade-met-lichtsensor-flex?_pos=2&_sid=7fc136858&_ss=r,YES
appleparts.nl,Netherlands,iphone 16,pulled,198.0,EUR,198.0,VAT basis UNKNOWN — shown as listed,no,https://appleparts.nl/products/beeldscherm-scherm-voor-iphone-16-origineel-pulled?_pos=4&_sid=7fc136858&_ss=r,YES
appleparts.nl,Netherlands,iphone 16,original,349.0,EUR,349.0,VAT basis UNKNOWN — shown as listed,no,https://appleparts.nl/products/beeldscherm-scherm-voor-iphone-16-origineel-service-pack-661-44797?_pos=10&_sid=7fc136858&_ss=r,no
bukuwireless.com,USA,iphone 13 pro,original,288.9,USD,288.9,already ex-VAT,no,https://www.bukuwireless.com/iphone-13-pro-screen-oem-service-pack,YES
bukuwireless.com,USA,iphone 13 pro max,pulled,269.0,USD,269.0,already ex-VAT,no,https://www.bukuwireless.com/iphone-13-pro-max-screen-oem-pull-a-grade,YES
bukuwireless.com,USA,iphone 13 pro max,original,328.9,USD,328.9,already ex-VAT,no,https://www.bukuwireless.com/iphone-13-pro-max-screen-oem-service-pack,no
bukuwireless.com,USA,iphone 14 pro,pulled,259.0,USD,259.0,already ex-VAT,no,https://www.bukuwireless.com/iphone-14-pro-screen-oem-pull-a-grade,YES
bukuwireless.com,USA,iphone 14 pro max,pulled,279.0,USD,279.0,already ex-VAT,no,https://www.bukuwireless.com/iphone-14-pro-max-screen-oem-pull-a-grade,YES
bukuwireless.com,USA,iphone 14 pro max,original,348.9,USD,348.9,already ex-VAT,no,https://www.bukuwireless.com/iphone-14-pro-max-screen-oem-service-pack,no
bukuwireless.com,USA,iphone 15 pro,pulled,279.0,USD,279.0,already ex-VAT,no,https://www.bukuwireless.com/iphone-15-pro-screen-oem-pull-a-grade,YES
bukuwireless.com,USA,iphone 15 pro,original,329.9,USD,329.9,already ex-VAT,no,https://www.bukuwireless.com/iphone-15-pro-screen-oem-service-pack,no
bukuwireless.com,USA,iphone 15 pro max,pulled,309.0,USD,309.0,already ex-VAT,no,https://www.bukuwireless.com/iphone-15-pro-max-screen-oem-pull-a-grade,YES
bukuwireless.com,USA,iphone 15 pro max,original,369.9,USD,369.9,already ex-VAT,no,https://www.bukuwireless.com/iphone-15-pro-max-screen-oem-service-pack,no
capitalmovil.com.mx,Mexico,iphone 11,original,220.0,MXN,220.0,VAT basis UNKNOWN — shown as listed,no,https://www.capitalmovil.com.mx/collections/pantallas,YES
capitalmovil.com.mx,Mexico,iphone 11,original,220.0,MXN,220.0,VAT basis UNKNOWN — shown as listed,no,https://www.capitalmovil.com.mx/products/pantalla-iphone-11-incell-para-cambio-de-ic?_pos=4&_sid=06963837b&_ss=r,no
capitalmovil.com.mx,Mexico,iphone 11,original,220.0,MXN,220.0,VAT basis UNKNOWN — shown as listed,no,https://www.capitalmovil.com.mx/products/pantalla-iphone-11-incell-para-cambio-de-ic?_pos=14&_sid=65af8c026&_ss=r,no
cdx.de,Germany,iphone 11,original,3.95,EUR,3.32,stripped 19% VAT,YES,https://www.cdx.de/store/IPHONE-ERSATZTEILE,YES
cdx.de,Germany,iphone 11 pro max,original,36.0,EUR,30.25,stripped 19% VAT,YES,https://www.cdx.de/store/IPHONE-ERSATZTEILE,YES
cdx.de,Germany,iphone 12,original,15.0,EUR,12.61,stripped 19% VAT,YES,https://www.cdx.de/store/IPHONE-ERSATZTEILE,YES
cdx.de,Germany,iphone 12 mini,original,269.0,EUR,226.05,stripped 19% VAT,YES,https://www.cdx.de/store/products/IPHONE-REPARATUR/IPHONE-DISPLAY-REPARATUR/iPhone-12-mini-Display-Reparatur-Black-Original-Apple.html,YES
cdx.de,Germany,iphone 12 pro,original,339.0,EUR,284.87,stripped 19% VAT,YES,https://www.cdx.de/store/products/IPHONE-REPARATUR/IPHONE-DISPLAY-REPARATUR/iPhone-12-12-Pro-Display-Reparatur-Black-Original-Apple.html,YES
cdx.de,Germany,iphone 15,original,145.0,EUR,121.85,stripped 19% VAT,YES,https://www.cdx.de/store/IPHONE-ERSATZTEILE,YES
cdx.de,Germany,iphone 15,original,145.0,EUR,121.85,stripped 19% VAT,YES,https://www.cdx.de/store/products/IPHONE-ERSATZTEILE/IPHONE-15-DISPLAYS/iPhone-15-Display-Original-Erstausruester-1.html,no
cdx.de,Germany,iphone 16 plus,original,70.0,EUR,58.82,stripped 19% VAT,YES,https://www.cdx.de/store/IPHONE-ERSATZTEILE,YES
cdx.de,Germany,iphone 16 pro,original,60.0,EUR,50.42,stripped 19% VAT,YES,https://www.cdx.de/store/IPHONE-ERSATZTEILE,YES
celo.ro,Romania,iphone 11 pro,refurb,249.0,RON,249.0,VAT basis UNKNOWN — shown as listed,YES,https://www.celo.ro/display-iphone/display-original-refurbished-pentru-iphone-11-pro.html,YES
celo.ro,Romania,iphone 12,refurb,119.0,RON,119.0,VAT basis UNKNOWN — shown as listed,YES,https://www.celo.ro/display-iphone/display-original-folosit-pentru-iphone-8-se-2-2020-se-3-2022.html,YES
celo.ro,Romania,iphone 12,refurb,119.0,RON,119.0,VAT basis UNKNOWN — shown as listed,YES,https://www.celo.ro/display-iphone/display-original-folosit-pentru-iphone-8-se-2-2020-se-3-2022-2193.html,no
celo.ro,Romania,iphone 12,refurb,149.0,RON,149.0,VAT basis UNKNOWN — shown as listed,YES,https://www.celo.ro/display-iphone/display-original-refurbished-pentru-iphone-11.html,no
celo.ro,Romania,iphone 12,refurb,169.0,RON,169.0,VAT basis UNKNOWN — shown as listed,YES,https://www.celo.ro/display-iphone/display-original-folosit-pentru-iphone-xr.html,no
celo.ro,Romania,iphone 12,refurb,209.0,RON,209.0,VAT basis UNKNOWN — shown as listed,YES,https://www.celo.ro/display-iphone/display-original-folosit-pentru-iphone-xs.html,no
celo.ro,Romania,iphone 12,refurb,239.0,RON,239.0,VAT basis UNKNOWN — shown as listed,YES,https://www.celo.ro/display-iphone/display-original-folosit-pentru-iphone-x.html,no
celo.ro,Romania,iphone 12,refurb,289.0,RON,289.0,VAT basis UNKNOWN — shown as listed,YES,https://www.celo.ro/display-iphone/display-original-refurbished-pentru-iphone-12-12-pro.html,no
celo.ro,Romania,iphone 14,refurb,399.0,RON,399.0,VAT basis UNKNOWN — shown as listed,YES,https://www.celo.ro/display-iphone/display-original-folosit-pentru-iphone-14.html,YES
ch-ios.ro,Romania,iphone 11,refurb,195.0,RON,195.0,already ex-VAT,YES,https://www.ch-ios.ro/display-cu-touchscreen-și-ramă-iphone-11-original-reconditionat.html,YES
ch-ios.ro,Romania,iphone 11,refurb,195.0,RON,195.0,already ex-VAT,YES,https://www.ch-ios.ro/componente-109/display-cu-touchscreen-și-ramă-iphone-11-original-reconditionat.html,no
ch-ios.ro,Romania,iphone 11 pro,refurb,380.0,RON,380.0,already ex-VAT,YES,https://www.ch-ios.ro/display-cu-touchscreen-și-ramă-iphone-11-pro-oled-original-reconditionat.html,YES
ch-ios.ro,Romania,iphone 11 pro max,refurb,392.0,RON,392.0,already ex-VAT,YES,https://www.ch-ios.ro/display-cu-touchscreen-și-ramă-iphone-11-pro-max-oled-original-reconditionat.html,YES
ch-ios.ro,Romania,iphone 12 mini,refurb,425.0,RON,425.0,already ex-VAT,YES,https://www.ch-ios.ro/display-uri-si-touchscreen-iphone/display-cu-touchscreen-și-ramă-iphone-12-mini-oled-original-reconditionat.html,YES
ch-ios.ro,Romania,iphone 12 mini,refurb,425.0,RON,425.0,already ex-VAT,YES,https://www.ch-ios.ro/display-cu-touchscreen-și-ramă-iphone-12-mini-oled-original-reconditionat.html,no
ch-ios.ro,Romania,iphone 12 pro,refurb,383.0,RON,383.0,already ex-VAT,YES,https://www.ch-ios.ro/display-cu-touchscreen-și-ramă-iphone-12-12-pro-oled-original-reconditionat.html,YES
ch-ios.ro,Romania,iphone 12 pro max,refurb,685.0,RON,685.0,already ex-VAT,YES,https://www.ch-ios.ro/display-uri-si-touchscreen-iphone/display-cu-touchscreen-și-ramă-iphone-12-pro-max-oled-original-reconditionat.html,YES
ch-ios.ro,Romania,iphone 12 pro max,refurb,685.0,RON,685.0,already ex-VAT,YES,https://www.ch-ios.ro/display-cu-touchscreen-și-ramă-iphone-12-pro-max-oled-original-reconditionat.html,no
ch-ios.ro,Romania,iphone 13,refurb,417.0,RON,417.0,already ex-VAT,YES,https://www.ch-ios.ro/display-cu-touchscreen-și-ramă-iphone-13-oled-original-reconditionat.html,YES
ch-ios.ro,Romania,iphone 13,refurb,417.0,RON,417.0,already ex-VAT,YES,https://www.ch-ios.ro/display-uri-si-touchscreen-iphone/display-cu-touchscreen-și-ramă-iphone-13-oled-original-reconditionat.html,no
ch-ios.ro,Romania,iphone 13 mini,refurb,679.0,RON,679.0,already ex-VAT,YES,https://www.ch-ios.ro/display-uri-si-touchscreen-iphone/display-cu-touchscreen-și-ramă-iphone-13-mini-original-reconditionat.html,YES
ch-ios.ro,Romania,iphone 13 mini,refurb,679.0,RON,679.0,already ex-VAT,YES,https://www.ch-ios.ro/display-cu-touchscreen-și-ramă-iphone-13-mini-original-reconditionat.html,no
ch-ios.ro,Romania,iphone 13 pro,refurb,570.0,RON,570.0,already ex-VAT,YES,https://www.ch-ios.ro/display-cu-touchscreen-și-ramă-iphone-13-pro-oled-original-reconditionat.html,YES
ch-ios.ro,Romania,iphone 13 pro,refurb,570.0,RON,570.0,already ex-VAT,YES,https://www.ch-ios.ro/display-uri-si-touchscreen-iphone/display-cu-touchscreen-și-ramă-iphone-13-pro-oled-original-reconditionat.html,no
ch-ios.ro,Romania,iphone 13 pro max,refurb,720.0,RON,720.0,already ex-VAT,YES,https://www.ch-ios.ro/display-cu-touchscreen-și-ramă-iphone-13-pro-max-oled-original-reconditionat.html,YES
ch-ios.ro,Romania,iphone 13 pro max,refurb,720.0,RON,720.0,already ex-VAT,YES,https://www.ch-ios.ro/display-uri-si-touchscreen-iphone/display-cu-touchscreen-și-ramă-iphone-13-pro-max-oled-original-reconditionat.html,no
ch-ios.ro,Romania,iphone 14,refurb,465.0,RON,465.0,already ex-VAT,YES,https://www.ch-ios.ro/display-uri-si-touchscreen-iphone/display-cu-touchscreen-și-ramă-iphone-14-soft-oled-1069.html,YES
ch-ios.ro,Romania,iphone 14 plus,refurb,691.0,RON,691.0,already ex-VAT,YES,https://www.ch-ios.ro/display-uri-si-touchscreen-iphone/display-cu-touchscreen-și-ramă-iphone-14-plus-1466.html,YES
ch-ios.ro,Romania,iphone 14 pro,refurb,800.0,RON,800.0,already ex-VAT,YES,https://www.ch-ios.ro/display-uri-si-touchscreen-iphone/display-cu-touchscreen-și-ramă-iphone-14-pro-aftermarket-soft-oled-1464.html,YES
ch-ios.ro,Romania,iphone 14 pro max,refurb,1216.0,RON,1216.0,already ex-VAT,YES,https://www.ch-ios.ro/display-uri-si-touchscreen-iphone/display-cu-touchscreen-și-ramă-iphone-14-pro-max-aftermarket-soft-oled-1468.html,YES
ch-ios.ro,Romania,iphone 15,refurb,841.0,RON,841.0,already ex-VAT,YES,https://www.ch-ios.ro/display-uri-si-touchscreen-iphone/display-cu-touchscreen-și-ramă-iphone-15-1617.html,YES
ch-ios.ro,Romania,iphone 15 plus,refurb,877.0,RON,877.0,already ex-VAT,YES,https://www.ch-ios.ro/display-uri-si-touchscreen-iphone/display-cu-touchscreen-și-ramă-iphone-15-plus.html,YES
ch-ios.ro,Romania,iphone 15 plus,refurb,877.0,RON,877.0,already ex-VAT,YES,https://www.ch-ios.ro/display-cu-touchscreen-și-ramă-iphone-15-plus.html,no
ch-ios.ro,Romania,iphone 15 pro,refurb,1185.0,RON,1185.0,already ex-VAT,YES,https://www.ch-ios.ro/display-uri-si-touchscreen-iphone/display-cu-touchscreen-și-ramă-iphone-15-pro.html,YES
ch-ios.ro,Romania,iphone 15 pro,refurb,1185.0,RON,1185.0,already ex-VAT,YES,https://www.ch-ios.ro/display-cu-touchscreen-și-ramă-iphone-15-pro.html,no
ch-ios.ro,Romania,iphone 15 pro max,refurb,1260.0,RON,1260.0,already ex-VAT,YES,https://www.ch-ios.ro/display-cu-touchscreen-și-ramă-iphone-15-pro-max.html,YES
ch-ios.ro,Romania,iphone 15 pro max,refurb,1260.0,RON,1260.0,already ex-VAT,YES,https://www.ch-ios.ro/componente-109/display-cu-touchscreen-și-ramă-iphone-15-pro-max.html,no
ch-ios.ro,Romania,iphone 15 pro max,refurb,1260.0,RON,1260.0,already ex-VAT,YES,https://www.ch-ios.ro/display-uri-si-touchscreen-iphone/display-cu-touchscreen-și-ramă-iphone-15-pro-max.html,no
ch-ios.ro,Romania,iphone 16,refurb,950.0,RON,950.0,already ex-VAT,YES,https://www.ch-ios.ro/display-uri-si-touchscreen-iphone/display-cu-touchscreen-și-ramă-iphone-16-original-reconditionat.html,YES
ch-ios.ro,Romania,iphone 16,refurb,950.0,RON,950.0,already ex-VAT,YES,https://www.ch-ios.ro/display-cu-touchscreen-și-ramă-iphone-16-original-reconditionat.html,no
ch-ios.ro,Romania,iphone 16,refurb,950.0,RON,950.0,already ex-VAT,YES,https://www.ch-ios.ro/componente-109/display-cu-touchscreen-și-ramă-iphone-16-original-reconditionat.html,no
ch-ios.ro,Romania,iphone 16 plus,refurb,950.0,RON,950.0,already ex-VAT,YES,https://www.ch-ios.ro/display-cu-touchscreen-și-ramă-iphone-16-plus-original-reconditionat.html,YES
ch-ios.ro,Romania,iphone 16 plus,refurb,950.0,RON,950.0,already ex-VAT,YES,https://www.ch-ios.ro/componente-109/display-cu-touchscreen-și-ramă-iphone-16-plus-original-reconditionat.html,no
ch-ios.ro,Romania,iphone 16 plus,refurb,950.0,RON,950.0,already ex-VAT,YES,https://www.ch-ios.ro/display-uri-si-touchscreen-iphone/display-cu-touchscreen-și-ramă-iphone-16-plus-original-reconditionat.html,no
ch-ios.ro,Romania,iphone 16 pro,refurb,1220.0,RON,1220.0,already ex-VAT,YES,https://www.ch-ios.ro/display-cu-touchscreen-și-ramă-iphone-16-pro.html,YES
ch-ios.ro,Romania,iphone 16 pro,refurb,1220.0,RON,1220.0,already ex-VAT,YES,https://www.ch-ios.ro/componente-109/display-cu-touchscreen-și-ramă-iphone-16-pro.html,no
ch-ios.ro,Romania,iphone 16 pro,refurb,1220.0,RON,1220.0,already ex-VAT,YES,https://www.ch-ios.ro/display-uri-si-touchscreen-iphone/display-cu-touchscreen-și-ramă-iphone-16-pro.html,no
ch-ios.ro,Romania,iphone 16 pro max,refurb,1435.0,RON,1435.0,already ex-VAT,YES,https://www.ch-ios.ro/display-cu-touchscreen-și-ramă-iphone-16-pro-max-original-reconditionat.html,YES
ch-ios.ro,Romania,iphone 16 pro max,refurb,1435.0,RON,1435.0,already ex-VAT,YES,https://www.ch-ios.ro/componente-109/display-cu-touchscreen-și-ramă-iphone-16-pro-max-original-reconditionat.html,no
ch-ios.ro,Romania,iphone 16 pro max,refurb,1435.0,RON,1435.0,already ex-VAT,YES,https://www.ch-ios.ro/display-uri-si-touchscreen-iphone/display-cu-touchscreen-și-ramă-iphone-16-pro-max-original-reconditionat.html,no
ch-ios.ro,Romania,iphone x,refurb,265.0,RON,265.0,already ex-VAT,YES,https://www.ch-ios.ro/display-cu-touchscreen-și-ramă-iphone-x-oled-original-reconditionat.html,YES
ch-ios.ro,Romania,iphone xr,refurb,195.0,RON,195.0,already ex-VAT,YES,https://www.ch-ios.ro/display-cu-touchscreen-și-ramă-iphone-xr-original-reconditionat.html,YES
ch-ios.ro,Romania,iphone xs,refurb,265.0,RON,265.0,already ex-VAT,YES,https://www.ch-ios.ro/display-cu-touchscreen-și-ramă-iphone-xs-oled-original-reconditionat.html,YES
ch-ios.ro,Romania,iphone xs max,refurb,370.0,RON,370.0,already ex-VAT,YES,https://www.ch-ios.ro/display-cu-touchscreen-și-ramă-iphone-xs-max-oled-original-reconditionat.html,YES
da-pieces.com,France,iphone xs max,original,61.99,EUR,61.99,VAT basis UNKNOWN — shown as listed,no,https://da-pieces.com/products/ecran-iphone-xs-max-soft-oled?_pos=22&_sid=1ffba179f&_ss=r,YES
doctor-smartphone.com,Italy,iphone 11,original,139.0,EUR,139.0,VAT basis UNKNOWN — shown as listed,no,https://www.doctor-smartphone.com/vendita-accessori-ricambi/,YES
doctor-smartphone.com,Italy,iphone xs max,original,199.0,EUR,199.0,VAT basis UNKNOWN — shown as listed,no,https://www.doctor-smartphone.com/vendita-accessori-ricambi/,YES
dutchrepair.nl,Netherlands,iPhone 11,original,45.99,EUR,45.99,already ex-VAT,no,https://www.dutchrepair.nl/products/kopie-van-iphone-11-scherm-a-kwaliteit-gratis-tempered-glass-screen-protector-gereedschap-framesticker-scherm-touchscreen-hoge-kwaliteit,YES
dutchrepair.nl,Netherlands,iPhone 11,original,45.99,EUR,45.99,already ex-VAT,no,https://www.dutchrepair.nl/products/kopie-van-iphone-11-scherm-a-kwaliteit-gratis-tempered-glass-screen-protector-gereedschap-framesticker-scherm-touchscreen-hoge-kwaliteit?variant=47847537017164,no
dutchrepair.nl,Netherlands,iphone 11,original,45.99,EUR,45.99,already ex-VAT,no,https://www.dutchrepair.nl/products/kopie-van-iphone-11-scherm-a-kwaliteit-gratis-tempered-glass-screen-protector-gereedschap-framesticker-scherm-touchscreen-hoge-kwaliteit?_pos=20&_sid=fa3ea38a9&_ss=r,YES
el-telgsm.pl,Poland,iPhone 11,original,234.989901,PLN,191.05,stripped 23% VAT,no,https://el-telgsm.pl/wyswietlacze-iphone/24403-wyswietlacz-lcd-iphone-11-6-1-service-pack-czarny.html,YES
el-telgsm.pl,Poland,iPhone 12 / 12 Pro,original,338.999931,PLN,275.61,stripped 23% VAT,no,https://el-telgsm.pl/wyswietlacze-iphone/34449-wyswietlacz-lcd-iphone-12---12-pro-6-1-service-pack-czarny.html,YES
el-telgsm.pl,Poland,iphone 12 pro,original,338.999931,PLN,275.61,stripped 23% VAT,no,https://el-telgsm.pl/wyswietlacze-iphone/34449-wyswietlacz-lcd-iphone-12---12-pro-6-1-service-pack-czarny.html,YES
emobilshop.sk,SK,iphone 11,original,39.9,,39.9,VAT basis UNKNOWN — shown as listed,no,https://www.emobilshop.sk/kategoria/nahradne-diely/,YES
engaro.sk,Slovakia,iphone 13,original,129.0,,129.0,VAT basis UNKNOWN — shown as listed,no,https://www.engaro.sk/p/apple-iphone-13-displej-dotykove-sklo-ram-incell,YES
fixdelar.se,Sweden,iphone xs,original,139.0,SEK,139.0,VAT basis UNKNOWN — shown as listed,no,https://fixdelar.se/,YES
fixerab2b.eu,Estonia,iphone 12,glass-changed,36.16,EUR,36.16,VAT basis UNKNOWN — shown as listed,no,https://fixerab2b.eu/,YES
fixerab2b.eu,Estonia,iphone 12,glass-changed,44.84,EUR,44.84,VAT basis UNKNOWN — shown as listed,no,https://fixerab2b.eu/,no
fixerab2b.eu,Estonia,iphone 13,glass-changed,13.0,EUR,13.0,VAT basis UNKNOWN — shown as listed,no,https://fixerab2b.eu/,YES
fixerab2b.eu,Estonia,iphone 13,glass-changed,42.97,EUR,42.97,VAT basis UNKNOWN — shown as listed,no,https://fixerab2b.eu/,no
fixerab2b.eu,Estonia,iphone 13 pro,glass-changed,61.7,EUR,61.7,VAT basis UNKNOWN — shown as listed,no,https://fixerab2b.eu/,YES
fixerab2b.eu,Estonia,iphone 13 pro,glass-changed,76.51,EUR,76.51,VAT basis UNKNOWN — shown as listed,no,https://fixerab2b.eu/,no
fixerab2b.eu,Estonia,iphone 14,glass-changed,14.0,EUR,14.0,VAT basis UNKNOWN — shown as listed,no,https://fixerab2b.eu/,YES
fixerab2b.eu,Estonia,iphone 14,glass-changed,46.45,EUR,46.45,VAT basis UNKNOWN — shown as listed,no,https://fixerab2b.eu/,no
fixerab2b.eu,Estonia,iphone 15,glass-changed,15.0,EUR,15.0,VAT basis UNKNOWN — shown as listed,no,https://fixerab2b.eu/,YES
fixerab2b.eu,Estonia,iphone 15,glass-changed,80.84,EUR,80.84,VAT basis UNKNOWN — shown as listed,no,https://fixerab2b.eu/,no
fixerab2b.eu,Estonia,iphone 15 plus,glass-changed,89.07,EUR,89.07,VAT basis UNKNOWN — shown as listed,no,https://fixerab2b.eu/,YES
fixerab2b.eu,Estonia,iphone 15 plus,glass-changed,110.45,EUR,110.45,VAT basis UNKNOWN — shown as listed,no,https://fixerab2b.eu/,no
fixerab2b.eu,Estonia,iphone 15 pro,glass-changed,143.36,EUR,143.36,VAT basis UNKNOWN — shown as listed,no,https://fixerab2b.eu/,YES
fixerab2b.eu,Estonia,iphone 15 pro,glass-changed,177.77,EUR,177.77,VAT basis UNKNOWN — shown as listed,no,https://fixerab2b.eu/,no
fixo.com.au,Australia,iphone 11,refurb,42.17,AUD,42.17,already ex-VAT,no,https://www.fixo.com.au/collections/iphone,YES
fixo.com.au,Australia,iphone 11 pro,refurb,98.31,EUR,98.31,already ex-VAT,no,/products/iphone-11-pro-lcd-screen-refurbished/products/iphone-11-pro-lcd-screen-refurbished?variant=35967548555423,YES
fixo.com.au,Australia,iphone 11 pro,refurb,98.4,AUD,98.4,already ex-VAT,no,https://www.fixo.com.au/collections/iphone,no
fixo.com.au,Australia,iphone 11 pro max,refurb,106.21,AUD,106.21,already ex-VAT,no,https://www.fixo.com.au/collections/iphone,YES
fixo.com.au,Australia,iphone x,refurb,74.94,AUD,74.94,already ex-VAT,no,https://www.fixo.com.au/collections/iphone,YES
fixo.com.au,Australia,iphone xr,refurb,43.7,AUD,43.7,already ex-VAT,no,https://www.fixo.com.au/collections/iphone,YES
fixo.com.au,Australia,iphone xs max,refurb,83.06,AUD,83.06,already ex-VAT,no,https://www.fixo.com.au/collections/iphone,YES
fixservis.sk,Slovakia,iphone 11,refurb,34.98,,34.98,no VAT (non-EU),no,https://www.fixservis.sk/nahradne-displeje-iphone/,YES
fmaparts.com.au,Australia,iphone 16 pro,refurb,316.95,AUD,316.95,already ex-VAT,no,https://www.fmaparts.com.au/refurbished-oled-touch-screen-digitizer-assembly-for-iphone-16-pro,YES
fmaparts.com.au,Australia,iphone 16 pro max,refurb,427.95,AUD,427.95,already ex-VAT,no,https://www.fmaparts.com.au/refurbished-oled-touch-screen-digitizer-assembly-for-iphone-16-pro-max,YES
fmaparts.com.au,Australia,iphone 16e,refurb,124.95,AUD,124.95,already ex-VAT,no,https://www.fmaparts.com.au/refurbished-oled-touch-screen-digitizer-assembly-for-iphone-16e-17e,YES
fonefunshop.com,UK,iphone 13,original,113.95,GBP,113.95,VAT basis UNKNOWN — shown as listed,no,https://www.fonefunshop.com/collections/iphone-screens,YES
fonix.at,Austria,iPhone 14 Pro,pulled,139.9,EUR,116.58,stripped 20% VAT,YES,https://fonix.at/products/lcd-display-fuer-iphone-14-pro-neu-pulled-ori-qualitaet?_pos=5&_sid=3e7624f42&_ss=r,YES
fonix.at,Austria,iPhone 15,refurb,149.9,EUR,124.92,stripped 20% VAT,YES,https://fonix.at/products/lcd-display-fuer-iphone-15-refurbished-ori-qualitaet?_pos=3&_sid=3e7624f42&_ss=r,YES
fonix.at,Austria,iPhone 15,pulled,154.9,EUR,129.08,stripped 20% VAT,YES,https://fonix.at/products/lcd-display-fuer-iphone-15-pulled-ori-qualitaet?_pos=1&_sid=3e7624f42&_ss=r,no
fonix.at,Austria,iPhone 15 Pro,pulled,255.9,EUR,213.25,stripped 20% VAT,YES,https://fonix.at/products/iphone-15-pro-lcd-display-original-pulled-premium?_pos=2&_sid=3e7624f42&_ss=r,YES
fonix.at,Austria,iPhone XS Max,refurb,44.9,EUR,37.42,stripped 20% VAT,YES,https://fonix.at/products/iphone-xs-max-lcd-display-refurbished-schwarz?_pos=4&_sid=3e7624f42&_ss=r,YES
fonix.at,Austria,iphone 11,pulled,34.9,EUR,29.08,stripped 20% VAT,YES,https://fonix.at/products/lcd-display-fuer-iphone-11-dtp-c3f-pulled-ori-schwarz?_pos=9&_sid=a208426e9&_ss=r,YES
fonix.at,Austria,iphone 13 pro max,original,299.9,EUR,249.92,stripped 20% VAT,YES,https://fonix.at/products/iphone-13-pro-max-display-inkl-sensorflex-service-pack?_pos=10&_sid=a208426e9&_ss=r,YES
fonix.at,Austria,iphone 14 pro,pulled,139.9,EUR,116.58,stripped 20% VAT,YES,https://fonix.at/products/lcd-display-fuer-iphone-14-pro-neu-pulled-ori-qualitaet?_pos=5&_sid=a208426e9&_ss=r,YES
fonix.at,Austria,iphone 15,refurb,149.9,EUR,124.92,stripped 20% VAT,YES,https://fonix.at/products/lcd-display-fuer-iphone-15-refurbished-ori-qualitaet?_pos=3&_sid=a208426e9&_ss=r,YES
fonix.at,Austria,iphone 15,pulled,154.9,EUR,129.08,stripped 20% VAT,YES,https://fonix.at/products/lcd-display-fuer-iphone-15-pulled-ori-qualitaet?_pos=1&_sid=a208426e9&_ss=r,no
fonix.at,Austria,iphone 15 pro,refurb,199.9,EUR,166.58,stripped 20% VAT,YES,https://fonix.at/products/iphone-15-pro-lcd-display-refurbished-original?variant=55586698199305,YES
fonix.at,Austria,iphone 15 pro,refurb,199.9,EUR,166.58,stripped 20% VAT,YES,https://fonix.at/products/iphone-15-pro-lcd-display-refurbished-original,no
fonix.at,Austria,iphone 15 pro,pulled,255.9,EUR,213.25,stripped 20% VAT,YES,https://fonix.at/products/iphone-15-pro-lcd-display-original-pulled-premium?variant=55586085568777,no
fonix.at,Austria,iphone 15 pro,pulled,255.9,EUR,213.25,stripped 20% VAT,YES,https://fonix.at/products/iphone-15-pro-lcd-display-original-pulled-premium,no
fonix.at,Austria,iphone 15 pro,pulled,255.9,EUR,213.25,stripped 20% VAT,YES,https://fonix.at/products/iphone-15-pro-lcd-display-original-pulled-premium?_pos=2&_sid=a208426e9&_ss=r,no
fonix.at,Austria,iphone 16 pro max,original,360.0,EUR,300.0,stripped 20% VAT,YES,https://fonix.at/products/iphone-16-pro-max-original-display-service-pack-100-apple-qualitat?_pos=6&_sid=a208426e9&_ss=r,YES
fonix.at,Austria,iphone xs,pulled,52.9,EUR,44.08,stripped 20% VAT,YES,https://fonix.at/products/lcd-display-fuer-iphone-xs-pulled-ori-schwarz?_pos=7&_sid=a208426e9&_ss=r,YES
fonix.at,Austria,iphone xs max,refurb,44.9,EUR,37.42,stripped 20% VAT,YES,https://fonix.at/products/iphone-xs-max-lcd-display-refurbished-schwarz?_pos=4&_sid=a208426e9&_ss=r,YES
fonix.at,Austria,iphone xs max,pulled,49.9,EUR,41.58,stripped 20% VAT,YES,https://fonix.at/products/iphone-xs-max-display-original-pulled-neu?_pos=8&_sid=a208426e9&_ss=r,no
fonparts.pl,Poland,iphone 16,glass-changed,16.22,PLN,16.22,already ex-VAT,no,https://fonparts.pl/pl/c/Wyswietlacze/59,YES
g-sp.se,Sweden,iphone 12 pro max,original,189.0,SEK,189.0,VAT basis UNKNOWN — shown as listed,YES,https://www.g-sp.se/privat/rv-battery-iphone-12-pro-max-3687mah-diagnostic-pass-original.html,YES
g-sp.se,Sweden,iphone 13,original,169.0,SEK,169.0,VAT basis UNKNOWN — shown as listed,YES,https://www.g-sp.se/privat/rv-battery-iphone-13-3227mah-diagnostic-pass-original.html,YES
g-sp.se,Sweden,iphone 13 mini,original,149.0,SEK,149.0,VAT basis UNKNOWN — shown as listed,YES,https://www.g-sp.se/privat/rv-battery-iphone-13-mini-2406mah-diagnostic-pass-original.html,YES
g-sp.se,Sweden,iphone 13 pro max,original,209.0,SEK,209.0,VAT basis UNKNOWN — shown as listed,YES,https://www.g-sp.se/privat/rv-battery-iphone-13-pro-max-4352mah-diagnostic-pass-original.html,YES
geekon.gr,Greece,iPhone 14 Pro Max,original,399,EUR,399,VAT basis UNKNOWN — shown as listed,no,https://www.geekon.gr/gnisia-othoni-me-michanismo-afis-lcd-with-touch-screen-gia-iphone-14-pro-max-mavro-service-pack-can-calibrate-on-ios18-1,YES
gsm-club.pl,Poland,iphone 13 mini,glass-changed,1.99,PLN,1.62,stripped 23% VAT,no,https://gsm-club.pl/,YES
gsm55.de,Germany,iphone 16 pro,original,379.0,EUR,379.0,VAT basis UNKNOWN — shown as listed,no,https://www.gsm55.de/ersatzteile-fuer-iphone.html,YES
gsmmobile.co.uk,UK,iphone 11 pro,original,13.0,GBP,13.0,VAT basis UNKNOWN — shown as listed,no,https://gsmmobile.co.uk/products/genuine-ncc-prime-lcd-for-iphone-11-pro-fhd-display,YES
gsmmobile.co.uk,UK,iphone 11 pro max,original,15.0,GBP,15.0,VAT basis UNKNOWN — shown as listed,no,https://gsmmobile.co.uk/products/genuine-ncc-prime-lcd-for-iphone-11-pro-max-fhd-display,YES
gsmmobile.co.uk,UK,iphone 12 pro,original,15.0,GBP,15.0,VAT basis UNKNOWN — shown as listed,no,https://gsmmobile.co.uk/products/genuine-ncc-prime-for-iphone-12-lcd-fhd-display,YES
gsmmobile.co.uk,UK,iphone 12 pro max,original,20.0,GBP,20.0,VAT basis UNKNOWN — shown as listed,no,https://gsmmobile.co.uk/products/genuine-ncc-prime-lcd-for-iphone-12-pro-max-fhd-display,YES
gsmmobile.co.uk,UK,iphone 13 pro,original,23.0,GBP,23.0,VAT basis UNKNOWN — shown as listed,no,https://gsmmobile.co.uk/products/genuine-ncc-prime-for-iphone-13-pro-lcd-fhd-display,YES
gsmmobile.co.uk,UK,iphone 14,original,18.0,GBP,18.0,VAT basis UNKNOWN — shown as listed,no,https://gsmmobile.co.uk/products/genuine-ncc-prime-for-iphone-14-lcd-fhd-display,YES
gsmmobile.co.uk,UK,iphone 14 plus,original,20.0,GBP,20.0,VAT basis UNKNOWN — shown as listed,no,https://gsmmobile.co.uk/products/genuine-ncc-prime-for-iphone-14-plus-lcd-fhd-display,YES
gsmmobile.co.uk,UK,iphone 15,original,22.0,GBP,22.0,VAT basis UNKNOWN — shown as listed,no,https://gsmmobile.co.uk/products/genuine-ncc-prime-for-iphone-15-lcd-fhd-display,YES
gsmmobile.co.uk,UK,iphone 15 plus,original,25.0,GBP,25.0,VAT basis UNKNOWN — shown as listed,no,https://gsmmobile.co.uk/products/genuine-ncc-prime-for-iphone-15-plus-lcd-fhd-display,YES
gsmmobile.co.uk,UK,iphone 15 pro,original,30.0,GBP,30.0,VAT basis UNKNOWN — shown as listed,no,https://gsmmobile.co.uk/products/genuine-ncc-prime-for-iphone-15-pro-lcd-fhd-display,YES
gsmmobile.co.uk,UK,iphone 16,original,45.0,GBP,45.0,VAT basis UNKNOWN — shown as listed,no,https://gsmmobile.co.uk/products/genuine-ncc-prime-for-iphone-16-lcd-fhd-display?variant=55431156433220,YES
gsmmobile.co.uk,UK,iphone 16 plus,original,50.0,GBP,50.0,VAT basis UNKNOWN — shown as listed,no,https://gsmmobile.co.uk/products/genuine-ncc-prime-for-iphone-16-plus-lcd-fhd-display?variant=55431159710020,YES
gsmmobile.co.uk,UK,iphone 16 pro,original,110.0,GBP,110.0,VAT basis UNKNOWN — shown as listed,no,https://gsmmobile.co.uk/products/genuine-ncc-prime-for-iphone-16-pro-lcd-fhd-display?variant=55431161741636,YES
gsmmobile.co.uk,UK,iphone 16 pro max,original,80.0,GBP,80.0,VAT basis UNKNOWN — shown as listed,no,https://gsmmobile.co.uk/products/genuine-ncc-prime-for-iphone-16-pro-max-lcd-fhd-display,YES
gsmmobile.co.uk,UK,iphone x,original,11.0,GBP,11.0,VAT basis UNKNOWN — shown as listed,no,https://gsmmobile.co.uk/products/genuine-ncc-prime-for-iphone-x-lcd-fhd-display?_pos=5&_sid=530e09488&_ss=r,YES
gsmmobile.co.uk,UK,iphone xr,original,11.0,GBP,11.0,VAT basis UNKNOWN — shown as listed,no,https://gsmmobile.co.uk/products/genuine-ncc-prime-for-iphone-xr-lcd-fhd-display,YES
gsmmobile.co.uk,UK,iphone xs max,original,14.0,GBP,14.0,VAT basis UNKNOWN — shown as listed,no,https://gsmmobile.co.uk/products/genuine-ncc-prime-lcd-for-iphone-xs-max-fhd-display,YES
gsmok.com,Poland,iphone 11,glass-changed,27.49,PLN,27.49,already ex-VAT,no,https://gsmok.com/en/lcd-iphone-c095,YES
gsmok.com,Poland,iphone 11,glass-changed,33.81,PLN,33.81,already ex-VAT,no,https://gsmok.com/en/lcd-iphone-c095,no
gsmok.com,Poland,iphone 11 pro,glass-changed,60.31,PLN,60.31,already ex-VAT,no,https://gsmok.com/en/lcd-iphone-c095,YES
gsmok.com,Poland,iphone 11 pro,glass-changed,74.18,PLN,74.18,already ex-VAT,no,https://gsmok.com/en/lcd-iphone-c095,no
gsmok.com,Poland,iphone 11 pro max,glass-changed,75.8,PLN,75.8,already ex-VAT,no,https://gsmok.com/en/lcd-iphone-c095,YES
gsmok.com,Poland,iphone 11 pro max,glass-changed,93.23,PLN,93.23,already ex-VAT,no,https://gsmok.com/en/lcd-iphone-c095,no
gsmok.com,Poland,iphone 12,glass-changed,61.43,PLN,61.43,already ex-VAT,no,https://gsmok.com/en/lcd-iphone-c095,YES
gsmok.com,Poland,iphone 12,glass-changed,75.56,PLN,75.56,already ex-VAT,no,https://gsmok.com/en/lcd-iphone-c095,no
gsmok.com,Poland,iphone 12 mini,glass-changed,67.63,PLN,67.63,already ex-VAT,no,https://gsmok.com/en/lcd-iphone-c095,YES
gsmok.com,Poland,iphone 12 mini,glass-changed,83.18,PLN,83.18,already ex-VAT,no,https://gsmok.com/en/lcd-iphone-c095,no
gsmok.com,Poland,iphone 13,original,51.05,PLN,51.05,already ex-VAT,no,https://gsmok.com/en/lcd-iphone-c095,YES
gsmok.com,Poland,iphone 13,original,62.79,PLN,62.79,already ex-VAT,no,https://gsmok.com/en/lcd-iphone-c095,no
gsmok.com,Poland,iphone 13,glass-changed,78.61,PLN,78.61,already ex-VAT,no,https://gsmok.com/en/lcd-iphone-c095,no
gsmok.com,Poland,iphone 13,glass-changed,96.7,PLN,96.7,already ex-VAT,no,https://gsmok.com/en/lcd-iphone-c095,no
gsmok.com,Poland,iphone 13 pro,glass-changed,95.12,PLN,95.12,already ex-VAT,no,https://gsmok.com/en/lcd-iphone-c095,YES
gsmok.com,Poland,iphone 13 pro,glass-changed,117.0,PLN,117.0,already ex-VAT,no,https://gsmok.com/en/lcd-iphone-c095,no
gsmok.com,Poland,iphone 13 pro max,glass-changed,118.48,PLN,118.48,already ex-VAT,no,https://gsmok.com/en/lcd-iphone-c095,YES
gsmok.com,Poland,iphone 13 pro max,glass-changed,145.73,PLN,145.73,already ex-VAT,no,https://gsmok.com/en/lcd-iphone-c095,no
gsmok.com,Poland,iphone 14,glass-changed,84.53,PLN,84.53,already ex-VAT,no,https://gsmok.com/en/lcd-iphone-c095,YES
gsmok.com,Poland,iphone 14,glass-changed,103.97,PLN,103.97,already ex-VAT,no,https://gsmok.com/en/lcd-iphone-c095,no
gsmok.com,Poland,iphone 14 plus,glass-changed,113.22,PLN,113.22,already ex-VAT,no,https://gsmok.com/en/lcd-iphone-c095,YES
gsmok.com,Poland,iphone 14 plus,glass-changed,131.66,PLN,131.66,already ex-VAT,no,https://gsmok.com/en/lcd-iphone-c095,no
gsmok.com,Poland,iphone 14 plus,glass-changed,139.26,PLN,139.26,already ex-VAT,no,https://gsmok.com/en/lcd-iphone-c095,no
gsmok.com,Poland,iphone 14 plus,glass-changed,161.94,PLN,161.94,already ex-VAT,no,https://gsmok.com/en/lcd-iphone-c095,no
gsmok.com,Poland,iphone 14 pro max,glass-changed,167.2,PLN,167.2,already ex-VAT,no,https://gsmok.com/en/lcd-iphone-c095,YES
gsmok.com,Poland,iphone 14 pro max,glass-changed,205.66,PLN,205.66,already ex-VAT,no,https://gsmok.com/en/lcd-iphone-c095,no
gsmok.com,Poland,iphone 15 plus,glass-changed,135.6,PLN,135.6,already ex-VAT,no,https://gsmok.com/en/lcd-iphone-c095,YES
gsmok.com,Poland,iphone 15 plus,glass-changed,166.79,PLN,166.79,already ex-VAT,no,https://gsmok.com/en/lcd-iphone-c095,no
gsmok.com,Poland,iphone 15 pro,glass-changed,229.07,PLN,229.07,already ex-VAT,no,https://gsmok.com/en/lcd-iphone-c095,YES
gsmok.com,Poland,iphone 15 pro,glass-changed,281.75,PLN,281.75,already ex-VAT,no,https://gsmok.com/en/lcd-iphone-c095,no
gsmok.com,Poland,iphone 15 pro max,glass-changed,260.65,PLN,260.65,already ex-VAT,no,https://gsmok.com/en/lcd-iphone-c095,YES
gsmok.com,Poland,iphone 15 pro max,glass-changed,320.6,PLN,320.6,already ex-VAT,no,https://gsmok.com/en/lcd-iphone-c095,no
gsmok.com,Poland,iphone 16,glass-changed,189.56,PLN,189.56,already ex-VAT,no,https://gsmok.com/en/lcd-iphone-c095,YES
gsmok.com,Poland,iphone 16,glass-changed,233.16,PLN,233.16,already ex-VAT,no,https://gsmok.com/en/lcd-iphone-c095,no
gsmok.com,Poland,iphone 16 plus,glass-changed,131.39,PLN,131.39,already ex-VAT,no,https://gsmok.com/en/lcd-iphone-c095,YES
gsmok.com,Poland,iphone 16 plus,glass-changed,161.61,PLN,161.61,already ex-VAT,no,https://gsmok.com/en/lcd-iphone-c095,no
gsmok.com,Poland,iphone 16 pro,glass-changed,193.52,PLN,193.52,already ex-VAT,no,https://gsmok.com/en/lcd-iphone-c095,YES
gsmok.com,Poland,iphone 16 pro,glass-changed,238.03,PLN,238.03,already ex-VAT,no,https://gsmok.com/en/lcd-iphone-c095,no
gsmok.pl,Poland,iphone 13 pro max,refurb,513.0,PLN,513.0,VAT basis UNKNOWN — shown as listed,no,https://gsmok.pl/wyswietlacze-iphone-apple-p18-c095,YES
gsmok.pl,Poland,iphone 14,refurb,366.01,PLN,366.01,VAT basis UNKNOWN — shown as listed,no,https://gsmok.pl/wyswietlacze-iphone-apple-p18-c095,YES
gsmok.pl,Poland,iphone 15 pro,refurb,991.86,PLN,991.86,VAT basis UNKNOWN — shown as listed,no,https://gsmok.pl/wyswietlacze-iphone-apple-p18-c095,YES
gsmok.pl,Poland,iphone 15 pro,refurb,1219.99,PLN,1219.99,VAT basis UNKNOWN — shown as listed,no,https://gsmok.pl/wyswietlacze-iphone-apple-p18-c095,no
gsmok.pl,Poland,iphone 15 pro max,refurb,1128.61,PLN,1128.61,VAT basis UNKNOWN — shown as listed,no,https://gsmok.pl/wyswietlacze-iphone-apple-p18-c095,YES
gsmok.pl,Poland,iphone 15 pro max,refurb,1388.19,PLN,1388.19,VAT basis UNKNOWN — shown as listed,no,https://gsmok.pl/wyswietlacze-iphone-apple-p18-c095,no
gsmok.pl,Poland,iphone 16,refurb,820.8,PLN,820.8,VAT basis UNKNOWN — shown as listed,no,https://gsmok.pl/wyswietlacze-iphone-apple-p18-c095,YES
gsmok.pl,Poland,iphone 16,refurb,1009.59,PLN,1009.59,VAT basis UNKNOWN — shown as listed,no,https://gsmok.pl/wyswietlacze-iphone-apple-p18-c095,no
gsmok.pl,Poland,iphone 16 plus,refurb,568.93,PLN,568.93,VAT basis UNKNOWN — shown as listed,no,https://gsmok.pl/wyswietlacze-iphone-apple-p18-c095,YES
gsmok.pl,Poland,iphone 16 plus,refurb,699.79,PLN,699.79,VAT basis UNKNOWN — shown as listed,no,https://gsmok.pl/wyswietlacze-iphone-apple-p18-c095,no
gsmok.pl,Poland,iphone 16 pro,refurb,837.96,PLN,837.96,VAT basis UNKNOWN — shown as listed,no,https://gsmok.pl/wyswietlacze-iphone-apple-p18-c095,YES
gsmok.pl,Poland,iphone 16 pro,refurb,1030.69,PLN,1030.69,VAT basis UNKNOWN — shown as listed,no,https://gsmok.pl/wyswietlacze-iphone-apple-p18-c095,no
handy-reparatur-shop.de,DE,iphone xs max,refurb,249.99,,249.99,VAT basis UNKNOWN — shown as listed,no,https://parts4repair.de/iphone-xs-max-display-refurbished,YES
handyschmiede.de,Germany,iPhone 15 Pro,pulled,806.53,EUR,806.53,already ex-VAT,no,https://handyschmiede.de/products/iphone-15-pro-pulled-displayeinheit-schwarz-programmierbar,YES
handyschmiede.de,Germany,iphone 12 pro max,original,471.84,EUR,471.84,already ex-VAT,no,https://handyschmiede.de/products/iphone-12-pro-max-displayeinheit-mit-sensorflex-service-pack-ios-18-konfiguration,YES
handyschmiede.de,Germany,iphone 13 pro,original,363.55,EUR,363.55,already ex-VAT,no,https://handyschmiede.de/products/iphone-13-pro-displayeinheit-mit-sensorflex-service-pack-ios-18-konfiguration,YES
handyschmiede.de,Germany,iphone 13 pro max,original,440.9,EUR,440.9,already ex-VAT,no,https://handyschmiede.de/products/iphone-13-pro-max-displayeinheit-mit-sensorflex-service-pack-ios-18-konfiguration,YES
handyschmiede.de,Germany,iphone 14,original,317.14,EUR,317.14,already ex-VAT,no,https://handyschmiede.de/products/iphone-14-displayeinheit-mit-sensorflex-service-pack-ios-18-konfiguration,YES
handyschmiede.de,Germany,iphone 14 pro,original,437.8,EUR,437.8,already ex-VAT,no,https://handyschmiede.de/products/iphone-14-pro-displayeinheit-mit-sensorflex-service-pack-ios-18-konfiguration,YES
handyschmiede.de,Germany,iphone 14 pro max,pulled,365.78,EUR,365.78,already ex-VAT,no,https://handyschmiede.de/products/oled-displayeinheit-pulled-mit-sensorflex-kompatibel-fur-iphone-14-pro-max,YES
handyschmiede.de,Germany,iphone 14 pro max,refurb,368.19,EUR,368.19,already ex-VAT,no,https://handyschmiede.de/products/iphone-14-pro-max-oled-refurbished-displayeinheit-schwarz,no
handyschmiede.de,Germany,iphone 14 pro max,pulled,425.43,EUR,425.43,already ex-VAT,no,https://handyschmiede.de/products/iphone-14-pro-max-oled-pulled-neu-displayeinheit-schwarz,no
handyschmiede.de,Germany,iphone 14 pro max,original,502.78,EUR,502.78,already ex-VAT,no,https://handyschmiede.de/products/iphone-14-pro-max-displayeinheit-mit-sensorflex-service-pack-ios-18-konfiguration,no
handyschmiede.de,Germany,iphone 15,original,371.28,EUR,371.28,already ex-VAT,no,https://handyschmiede.de/products/iphone-15-displayeinheit-mit-sensorflex-service-pack-ios-18-konfiguration,YES
handyschmiede.de,Germany,iphone 15,original,379.31,EUR,379.31,already ex-VAT,no,https://handyschmiede.de/products/iphone-15-displayeinheit-mit-sensorflex-service-pack-ios-18-konfiguration-used-message,no
handyschmiede.de,Germany,iphone 15 plus,original,425.43,EUR,425.43,already ex-VAT,no,https://handyschmiede.de/products/iphone-15-plus-displayeinheit-mit-sensorflex-service-pack-ios-18-konfiguration,YES
handyschmiede.de,Germany,iphone 15 pro,refurb,351.17,EUR,351.17,already ex-VAT,no,https://handyschmiede.de/products/iphone-15-pro-oled-refurbished-displayeinheit-schwarz,YES
handyschmiede.de,Germany,iphone 15 pro,pulled,355.81,EUR,355.81,already ex-VAT,no,https://handyschmiede.de/products/iphone-15-pro-oled-pulled-neu-displayeinheit-schwarz,no
handyschmiede.de,Germany,iphone 15 pro,original,409.06,EUR,409.06,already ex-VAT,no,https://handyschmiede.de/products/iphone-15-pro-displayeinheit-mit-sensorflex-service-pack-ios-18-konfiguration-used-message,no
handyschmiede.de,Germany,iphone 15 pro,original,440.9,EUR,440.9,already ex-VAT,no,https://handyschmiede.de/products/iphone-15-pro-displayeinheit-mit-sensorflex-service-pack-ios-18-konfiguration,no
handyschmiede.de,Germany,iphone 15 pro max,refurb,417.69,EUR,417.69,already ex-VAT,no,https://handyschmiede.de/products/iphone-15-pro-max-oled-refurbished-displayeinheit-schwarz,YES
handyschmiede.de,Germany,iphone 15 pro max,original,468.56,EUR,468.56,already ex-VAT,no,https://handyschmiede.de/products/iphone-15-pro-max-displayeinheit-mit-sensorflex-service-pack-ios-18-konfiguration-used-message,no
handyschmiede.de,Germany,iphone 15 pro max,pulled,493.49,EUR,493.49,already ex-VAT,no,https://handyschmiede.de/products/iphone-15-pro-max-oled-pulled-neu-displayeinheit-schwarz,no
handyschmiede.de,Germany,iphone 15 pro max,original,518.25,EUR,518.25,already ex-VAT,no,https://handyschmiede.de/products/iphone-15-pro-max-displayeinheit-mit-sensorflex-service-pack-ios-18-konfiguration,no
handyschmiede.de,Germany,iphone 16,original,462.55,EUR,462.55,already ex-VAT,no,https://handyschmiede.de/products/iphone-16-displayeinheit-mit-sensorflex-service-pack-ios-18-konfiguration,YES
handyschmiede.de,Germany,iphone 16 plus,refurb,310.89,EUR,310.89,already ex-VAT,no,https://handyschmiede.de/products/oled-refurbished-displayeinheit-kompatibel-fur-iphone-16-plus-schwarz,YES
handyschmiede.de,Germany,iphone 16 plus,original,549.19,EUR,549.19,already ex-VAT,no,https://handyschmiede.de/products/iphone-16-plus-displayeinheit-mit-sensorflex-service-pack-ios-18-konfiguration,no
handyschmiede.de,Germany,iphone 16 pro,refurb,340.64,EUR,340.64,already ex-VAT,no,https://handyschmiede.de/products/oled-refurbished-displayeinheit-kompatibel-fur-iphone-16-pro-schwarz,YES
handyschmiede.de,Germany,iphone 16 pro,pulled,385.2,EUR,385.2,already ex-VAT,no,https://handyschmiede.de/products/oled-pulled-displayeinheit-kompatibel-fur-iphone-16-pro-schwarz-programmierbar,no
handyschmiede.de,Germany,iphone 16 pro,original,405.0,EUR,405.0,already ex-VAT,no,https://handyschmiede.de/products/iphone-16-pro-display-und-schraubenkit-original-apple,no
handyschmiede.de,Germany,iphone 16 pro,original,461.13,EUR,461.13,already ex-VAT,no,https://handyschmiede.de/products/iphone-16-pro-displayeinheit-mit-sensorflex-service-pack-ios-18-konfiguration-genuine-message,no
handyschmiede.de,Germany,iphone 16 pro,original,461.13,EUR,461.13,already ex-VAT,no,https://handyschmiede.de/products/iphone-16-pro-displayeinheit-mit-sensorflex-service-pack-ios-18-konfiguration-used-message,no
handyschmiede.de,Germany,iphone 16 pro max,refurb,416.35,EUR,416.35,already ex-VAT,no,https://handyschmiede.de/products/oled-refurbished-displayeinheit-kompatibel-fur-iphone-16-pro-max-schwarz,YES
handyschmiede.de,Germany,iphone 16 pro max,pulled,474.51,EUR,474.51,already ex-VAT,no,https://handyschmiede.de/products/oled-pulled-displayeinheit-kompatibel-fur-iphone-16-pro-max-schwarz,no
handyschmiede.de,Germany,iphone 16 pro max,original,665.21,EUR,665.21,already ex-VAT,no,https://handyschmiede.de/products/iphone-16-pro-max-displayeinheit-mit-sensorflex-service-pack-ios-18-konfiguration,no
horepa.fr,France,iPhone 15,refurb,139.896001,EUR,116.58,stripped 20% VAT,no,https://horepa.fr/fr/ecran-iphone-15-oem-refurb.html,YES
horepa.fr,France,iphone 13,refurb,86.904001,EUR,72.42,stripped 20% VAT,no,https://horepa.fr/fr/ecran-iphone-13-oem-refurb.html,YES
horepa.fr,France,iphone 14,refurb,79.896001,EUR,66.58,stripped 20% VAT,no,https://horepa.fr/fr/ecran-iphone-14-oem-refurb.html,YES
hurtlcd.pl,Poland,iphone 11,original,355.0,PLN,355.0,already ex-VAT,no,https://hurtlcd.pl/pl/p/IPHONE-11-SERVICE-PACK-LCD-RAMKA-100-ORYGINAL-CZARNY/2951,YES
ifixshop.fr,France,iphone 11,refurb,44.9,EUR,44.9,VAT basis UNKNOWN — shown as listed,no,https://www.ifixshop.fr/,YES
ifixshop.fr,France,iphone 11,refurb,49.99,EUR,49.99,VAT basis UNKNOWN — shown as listed,no,https://www.ifixshop.fr/,no
ifixshop.fr,France,iphone 12,refurb,79.9,EUR,79.9,VAT basis UNKNOWN — shown as listed,no,https://www.ifixshop.fr/,YES
ilevante.com,Spain,iphone 12 pro max,original,37.9,EUR,37.9,VAT basis UNKNOWN — shown as listed,no,https://www.ilevante.com/pantalla-completa-para-iphone-12-pro-max-oled-como-original,YES
ilevante.com,Spain,iphone 14 pro max,original,81.95,EUR,81.95,VAT basis UNKNOWN — shown as listed,no,https://www.ilevante.com/pantalla-completa-para-iphone-14-pro-max-oled,YES
ilevante.fr,France,iphone 14 pro max,original,81.95,EUR,81.95,already ex-VAT,no,https://www.ilevante.fr/Ecran-complet-pour-iphone-14-pro-max-original-p-20633.html,YES
impextrom.com,Spain,iphone 15,original,20.28,EUR,20.28,already ex-VAT,no,https://www.impextrom.com/es/repuestos-iphone-15-a3090-f11232,YES
injuredgadgets.com,USA,iphone x,pulled,0.85,USD,0.85,already ex-VAT,no,https://www.injuredgadgets.com/apple/iphone/,YES
ioutlet.ee,Estonia,iphone 11 pro,refurb,12.36,EUR,12.36,already ex-VAT,YES,https://ioutlet.ee/shop/,YES
ioutlet.ee,Estonia,iphone 11 pro,refurb,249.0,EUR,249.0,already ex-VAT,YES,https://ioutlet.ee/shop/,no
ioutlet.ee,Estonia,iphone x,refurb,7.4,EUR,7.4,already ex-VAT,YES,https://ioutlet.ee/shop/,YES
ioutlet.ee,Estonia,iphone x,refurb,149.0,EUR,149.0,already ex-VAT,YES,https://ioutlet.ee/shop/,no
ioutlet.ee,Estonia,iphone xs,refurb,7.9,EUR,7.9,already ex-VAT,YES,https://ioutlet.ee/shop/,YES
ioutlet.ee,Estonia,iphone xs,refurb,159.0,EUR,159.0,already ex-VAT,YES,https://ioutlet.ee/shop/,no
ioutlet.ee,Estonia,iphone xs max,refurb,9.86,EUR,9.86,already ex-VAT,YES,https://ioutlet.ee/shop/,YES
ioutlet.ee,Estonia,iphone xs max,refurb,199.0,EUR,199.0,already ex-VAT,YES,https://ioutlet.ee/shop/,no
iparts-4u.co.uk,UK,iphone 11,refurb,35.99,GBP,35.99,already ex-VAT,YES,https://www.iparts-4u.co.uk/for-iphone-11-lcd-screen-assembly-refurbished-with-back-plate,YES
iparts-4u.co.uk,UK,iphone 11 pro,refurb,59.95,GBP,59.95,already ex-VAT,YES,https://www.iparts-4u.co.uk/for-iphone-11-pro-screen-assembly-oled-refubished,YES
iparts-4u.co.uk,UK,iphone 11 pro max,refurb,83.95,GBP,83.95,already ex-VAT,YES,https://www.iparts-4u.co.uk/for-iphone-11-pro-max-oled-screen-assembly-refurbished,YES
iparts-4u.co.uk,UK,iphone 12 mini,refurb,59.99,GBP,59.99,already ex-VAT,YES,https://www.iparts-4u.co.uk/for-iphone-12-mini-screen-assembly-oled-refurbished,YES
iparts-4u.co.uk,UK,iphone 12 pro,refurb,59.95,GBP,59.95,already ex-VAT,YES,https://www.iparts-4u.co.uk/for-iphone-12--12-pro-screen-assembly-refurbished,YES
iparts-4u.co.uk,UK,iphone 12 pro max,refurb,131.95,GBP,131.95,already ex-VAT,YES,https://www.iparts-4u.co.uk/for-iphone-12-pro-max-screen-assembly-oled-refurbished,YES
iparts-4u.co.uk,UK,iphone 13,refurb,71.99,GBP,71.99,already ex-VAT,YES,https://www.iparts-4u.co.uk/for-iphone-13-screen-assembly-oled-refurbished,YES
iparts-4u.co.uk,UK,iphone 13 mini,refurb,95.95,GBP,95.95,already ex-VAT,YES,https://www.iparts-4u.co.uk/for-iphone-13-mini-lcd-screen-assembly-refurbished,YES
iparts-4u.co.uk,UK,iphone 13 pro,refurb,107.99,GBP,107.99,already ex-VAT,YES,https://www.iparts-4u.co.uk/for-iphone-13-pro-oled-screen-assembly-refurbished,YES
iparts-4u.co.uk,UK,iphone 13 pro max,refurb,131.99,GBP,131.99,already ex-VAT,YES,https://www.iparts-4u.co.uk/for-iphone-13-pro-max-screen-assembly-refurbished,YES
iparts-4u.co.uk,UK,iphone 14,refurb,83.95,GBP,83.95,already ex-VAT,YES,https://www.iparts-4u.co.uk/for-iphone-14-screen-assembly-refurbished,YES
iparts-4u.co.uk,UK,iphone 14 plus,original,239.99,GBP,239.99,already ex-VAT,YES,https://www.iparts-4u.co.uk/genuine-iphone-14-plus-screen-assembly-original-service-pack-ll661-30390,YES
iparts-4u.co.uk,UK,iphone 14 pro,refurb,155.99,GBP,155.99,already ex-VAT,YES,https://www.iparts-4u.co.uk/for-iphone-14-pro-screen-assembly-refurbished,YES
iparts-4u.co.uk,UK,iphone 14 pro,original,239.99,GBP,239.99,already ex-VAT,YES,https://www.iparts-4u.co.uk/genuine-iphone-14-pro-screen-assembly-original-service-pack-ll661-29370,no
iparts-4u.co.uk,UK,iphone 15,original,275.95,GBP,275.95,already ex-VAT,YES,https://www.iparts-4u.co.uk/genuine-iphone-15-screen-assembly-original-service-pack-ll661-36706,YES
iparts-4u.co.uk,UK,iphone 15 pro,refurb,179.99,GBP,179.99,already ex-VAT,YES,https://www.iparts-4u.co.uk/for-iphone-15-pro-screen-assembly-refurbished,YES
iparts-4u.co.uk,UK,iphone 16,refurb,143.99,GBP,143.99,already ex-VAT,YES,https://www.iparts-4u.co.uk/for-iphone-16-screen-assembly-refurbished,YES
iparts-4u.co.uk,UK,iphone 16,refurb,167.99,GBP,167.99,already ex-VAT,YES,https://www.iparts-4u.co.uk/for-iphone-16-screen-assembly-with-paired-sensor-flex-refurbished,no
iparts-4u.co.uk,UK,iphone 16,original,275.95,GBP,275.95,already ex-VAT,YES,https://www.iparts-4u.co.uk/genuine-iphone-16-screen-assembly-original-service-pack-ll661-44797,no
iparts-4u.co.uk,UK,iphone 16 plus,refurb,155.99,GBP,155.99,already ex-VAT,YES,https://www.iparts-4u.co.uk/for-iphone-16-plus-screen-assembly-refurbished,YES
iparts-4u.co.uk,UK,iphone 16 plus,original,311.99,GBP,311.99,already ex-VAT,YES,https://www.iparts-4u.co.uk/genuine-iphone-16-plus-screen-assembly-original-service-pack-ll661-42843,no
iparts-4u.co.uk,UK,iphone 16 pro,refurb,239.99,GBP,239.99,already ex-VAT,YES,https://www.iparts-4u.co.uk/for-iphone-16-pro-screen-assembly-refurbished,YES
iparts-4u.co.uk,UK,iphone 16 pro max,refurb,359.95,GBP,359.95,already ex-VAT,YES,https://www.iparts-4u.co.uk/for-iphone-16-pro-max-screen-assembly-refurbished,YES
iparts-4u.co.uk,UK,iphone xs,refurb,47.95,GBP,47.95,already ex-VAT,YES,https://www.iparts-4u.co.uk/for-iphone-xs-screen-assembly-oled-black-refurbished,YES
ipfix.dk,Denmark,iPhone 15 Plus,original,1999,DKK,1599.2,stripped 25% VAT,YES,https://ipfix.dk/product/iphone-15_plus-skaerm-glas-oled-original-oled/,YES
ipfix.dk,Denmark,iPhone 15 Pro,original,1999,DKK,1599.2,stripped 25% VAT,YES,https://ipfix.dk/product/iphone-15skaerm-glas-oled-original-oled/,YES
ipfix.dk,Denmark,iPhone 16 Pro,original,2799,DKK,2239.2,stripped 25% VAT,YES,https://ipfix.dk/product/iphone-16-pro-skaerm-glas-oled-original-oled/,YES
ipfix.dk,Denmark,iPhone 16e,original,999,DKK,799.2,stripped 25% VAT,YES,https://ipfix.dk/product/iphone-16e-skaerm-glaoled-original-oled/,YES
ipfix.dk,Denmark,iPhone 17,original,2700,DKK,2160.0,stripped 25% VAT,YES,https://ipfix.dk/product/iphone-17-skaerm-glas-oled-original-oled/,YES
ipfix.dk,Denmark,iphone 16,original,2799.0,DKK,2239.2,stripped 25% VAT,YES,https://ipfix.dk/product/iphone-16-pro-skaerm-glas-oled-original-oled/,YES
iphoneweb.es,Spain,iphone 11 pro,refurb,374.79,EUR,374.79,already ex-VAT,no,https://iphoneweb.es/,YES
iphoneweb.es,Spain,iphone 11 pro max,refurb,423.15,EUR,423.15,already ex-VAT,no,https://iphoneweb.es/,YES
iphoneweb.es,Spain,iphone 12,original,12.99,EUR,12.99,already ex-VAT,no,https://iphoneweb.es/,YES
iphoneweb.es,Spain,iphone 12 mini,refurb,360.78,EUR,360.78,already ex-VAT,no,https://iphoneweb.es/,YES
iphoneweb.es,Spain,iphone 13,original,12.99,EUR,12.99,already ex-VAT,no,https://iphoneweb.es/,YES
iphoneweb.es,Spain,iphone 13 mini,refurb,424.83,EUR,424.83,already ex-VAT,no,https://iphoneweb.es/,YES
iphoneweb.es,Spain,iphone 13 pro max,refurb,599.84,EUR,599.84,already ex-VAT,no,https://iphoneweb.es/,YES
iphoneweb.es,Spain,iphone 13 pro max,refurb,650.27,EUR,650.27,already ex-VAT,no,https://iphoneweb.es/,no
iphoneweb.es,Spain,iphone 14 plus,refurb,580.0,EUR,580.0,already ex-VAT,no,https://iphoneweb.es/,YES
iphoneweb.es,Spain,iphone 14 pro max,refurb,1101.88,EUR,1101.88,already ex-VAT,no,https://iphoneweb.es/,YES
iphoneweb.es,Spain,iphone 15 pro max,refurb,940.75,EUR,940.75,already ex-VAT,no,https://iphoneweb.es/,YES
irephone.com,NO,iphone 11,original,1499.0,,1499.0,already ex-VAT,no,https://no.irephone.com/product-category/iphone/display-assembly/,YES
irephone.com,NO,iphone 11,original,1999.0,,1999.0,already ex-VAT,no,https://no.irephone.com/product-category/iphone/display-assembly/,no
iscreens.co.uk,UK,iphone 15,original,114.95,GBP,114.95,VAT basis UNKNOWN — shown as listed,no,https://iscreens.co.uk/products/iphone-15?variant=49215215698254,YES
iscreens.co.uk,UK,iphone 15 pro,original,149.95,GBP,149.95,VAT basis UNKNOWN — shown as listed,no,https://iscreens.co.uk/products/iphone-15-pro?variant=49225383543118,YES
isn-parts.com,Bulgaria,iPhone 12,original,70,EUR,70,VAT basis UNKNOWN — shown as listed,no,https://isn-parts.com/produkt/iphone-12-originalen-displei,YES
isn-parts.com,Bulgaria,iphone 11,original,33.99,BGN,33.99,VAT basis UNKNOWN — shown as listed,no,https://isn-parts.com/produkt/iphone-11-displei-originalen,YES
isn-parts.com,Bulgaria,iphone 11 pro,original,66.0,BGN,66.0,VAT basis UNKNOWN — shown as listed,no,https://isn-parts.com/produkt/iphone-11-pro-displei-originalen,YES
koopjeonderdelen.nl,Netherlands,iPhone 11,original,44.99,EUR,37.18,stripped 21% VAT,no,https://www.koopjeonderdelen.nl/products/iphone-11-origineel-scherm?_pos=1&_sid=fd131d3be&_ss=r,YES
koopjeonderdelen.nl,Netherlands,iPhone 11 Pro Max,original,89.99,EUR,74.37,stripped 21% VAT,no,https://www.koopjeonderdelen.nl/products/iphone-11-pro-max-origineel-scherm,YES
koopjeonderdelen.nl,Netherlands,iphone 11,original,44.99,EUR,37.18,stripped 21% VAT,no,https://www.koopjeonderdelen.nl/products/iphone-11-origineel-scherm?_pos=2&_sid=c37fdcb6f&_ss=r,YES
koopjeonderdelen.nl,Netherlands,iphone 11 pro,original,99.99,EUR,82.64,stripped 21% VAT,no,https://www.koopjeonderdelen.nl/products/iphone-11-pro-origineel-scherm?_pos=12&_sid=c37fdcb6f&_ss=r,YES
koopjeonderdelen.nl,Netherlands,iphone 12,refurb,89.99,EUR,74.37,stripped 21% VAT,no,https://www.koopjeonderdelen.nl/products/iphone-12-budget-incell-lcd-scherm?_pos=11&_sid=c37fdcb6f&_ss=r,YES
koopjeonderdelen.nl,Netherlands,iphone 14,pulled,114.99,EUR,95.03,stripped 21% VAT,no,https://www.koopjeonderdelen.nl/products/iphone-14-origineel-scherm?_pos=20&_sid=c37fdcb6f&_ss=r,YES
koopjeonderdelen.nl,Netherlands,iphone 15,pulled,294.99,EUR,243.79,stripped 21% VAT,no,https://www.koopjeonderdelen.nl/products/iphone-15-origineel-pulled-scherm-a-grade?_pos=13&_sid=c37fdcb6f&_ss=r,YES
laptop-service.gr,Greece,iphone 11,original,10.0,EUR,10.0,VAT basis UNKNOWN — shown as listed,no,https://www.laptop-service.gr/e-shop/%CE%B1%CE%BD%CF%84%CE%B1%CE%BB%CE%BB%CE%B1%CE%BA%CF%84%CE%B9%CE%BA%CE%AC-iphone,YES
laptop-service.gr,Greece,iphone 11,original,20.0,EUR,20.0,VAT basis UNKNOWN — shown as listed,no,https://www.laptop-service.gr/e-shop/%CE%B1%CE%BD%CF%84%CE%B1%CE%BB%CE%BB%CE%B1%CE%BA%CF%84%CE%B9%CE%BA%CE%AC-iphone,no
laptop-service.gr,Greece,iphone 11,original,30.0,EUR,30.0,VAT basis UNKNOWN — shown as listed,no,https://www.laptop-service.gr/e-shop/%CE%B1%CE%BD%CF%84%CE%B1%CE%BB%CE%BB%CE%B1%CE%BA%CF%84%CE%B9%CE%BA%CE%AC-iphone,no
laptop-service.gr,Greece,iphone 11,original,50.0,EUR,50.0,VAT basis UNKNOWN — shown as listed,no,https://www.laptop-service.gr/e-shop/%CE%B1%CE%BD%CF%84%CE%B1%CE%BB%CE%BB%CE%B1%CE%BA%CF%84%CE%B9%CE%BA%CE%AC-iphone,no
laptop-service.gr,Greece,iphone 11,original,60.0,EUR,60.0,VAT basis UNKNOWN — shown as listed,no,https://www.laptop-service.gr/e-shop/%CE%B1%CE%BD%CF%84%CE%B1%CE%BB%CE%BB%CE%B1%CE%BA%CF%84%CE%B9%CE%BA%CE%AC-iphone,no
laptop-service.gr,Greece,iphone xr,original,10.0,EUR,10.0,VAT basis UNKNOWN — shown as listed,no,https://www.laptop-service.gr/e-shop/%CE%B1%CE%BD%CF%84%CE%B1%CE%BB%CE%BB%CE%B1%CE%BA%CF%84%CE%B9%CE%BA%CE%AC-iphone,YES
laptop-service.gr,Greece,iphone xr,original,20.0,EUR,20.0,VAT basis UNKNOWN — shown as listed,no,https://www.laptop-service.gr/e-shop/%CE%B1%CE%BD%CF%84%CE%B1%CE%BB%CE%BB%CE%B1%CE%BA%CF%84%CE%B9%CE%BA%CE%AC-iphone,no
laptop-service.gr,Greece,iphone xr,original,80.0,EUR,80.0,VAT basis UNKNOWN — shown as listed,no,https://www.laptop-service.gr/e-shop/%CE%B1%CE%BD%CF%84%CE%B1%CE%BB%CE%BB%CE%B1%CE%BA%CF%84%CE%B9%CE%BA%CE%AC-iphone,no
m9parts.pl,Poland,iphone 11 pro,original,174.8,PLN,174.8,already ex-VAT,no,https://m9parts.pl/,YES
m9parts.pl,Poland,iphone 12,original,251.22,PLN,251.22,already ex-VAT,no,https://m9parts.pl/,YES
m9parts.pl,Poland,iphone 13 pro,original,251.22,PLN,251.22,already ex-VAT,no,https://m9parts.pl/,YES
magboss.pl,Poland,iphone 11,original,3.15,PLN,3.15,VAT basis UNKNOWN — shown as listed,no,https://magboss.pl/,YES
magboss.pl,Poland,iphone 11,original,88.0,PLN,88.0,VAT basis UNKNOWN — shown as listed,no,https://magboss.pl/,no
mdparts.com.au,Australia,iphone 15 pro max,refurb,253.0,AUD,253.0,already ex-VAT,no,https://mdparts.com.au/products/iphone-15-pro-max-refurbished-screen-assembly,YES
mdparts.com.au,Australia,iphone 15 pro max,refurb,328.9,AUD,328.9,already ex-VAT,no,https://mdparts.com.au/products/iphone-15-pro-max-refurbished-screen-assembly-blemished,no
mdparts.com.au,Australia,iphone 15 pro max,original,588.5,AUD,588.5,already ex-VAT,no,https://mdparts.com.au/products/iphone-15-pro-max-service-pack-screen-assembly,no
mecimart.se,SE,iphone 13 pro,original,199.0,,199.0,VAT basis UNKNOWN — shown as listed,no,https://mecimart.se/mobilreservdelar-lcd-skarm-mobil/,YES
media-ram.gr,Greece,iphone 15,original,99.0,EUR,99.0,VAT basis UNKNOWN — shown as listed,no,https://www.media-ram.gr/smartphone-tablet-parts-greece/apple/,YES
meintrendyhandy.de,Germany,iphone 12 pro,original,100.7,EUR,84.62,stripped 19% VAT,YES,https://www.meintrendyhandy.de/shop/iphone-12-pro-lcd-display-original-qualitat-270128p.html,YES
meintrendyhandy.de,Germany,iphone 14,original,127.5,EUR,107.14,stripped 19% VAT,YES,https://www.meintrendyhandy.de/shop/iphone-14-lcd-display-original-qualitat-306016p.html,YES
meintrendyhandy.de,Germany,iphone 14 plus,original,91.8,EUR,77.14,stripped 19% VAT,YES,https://www.meintrendyhandy.de/shop/iphone-14-plus-lcd-display-original-qualitat-306025p.html,YES
meintrendyhandy.de,Germany,iphone 14 pro,original,318.9,EUR,267.98,stripped 19% VAT,YES,https://www.meintrendyhandy.de/shop/iphone-14-pro-lcd-display-original-qualitat-306022p.html,YES
meintrendyhandy.de,Germany,iphone 14 pro max,original,147.2,EUR,123.7,stripped 19% VAT,YES,https://www.meintrendyhandy.de/shop/iphone-14-pro-max-lcd-display-original-qualitat-306023p.html,YES
meintrendyhandy.de,Germany,iphone 15,original,154.3,EUR,129.66,stripped 19% VAT,YES,https://www.meintrendyhandy.de/shop/iphone-15-lcd-display-original-qualitat-316532p.html,YES
meintrendyhandy.de,Germany,iphone 15 plus,original,210.4,EUR,176.81,stripped 19% VAT,YES,https://www.meintrendyhandy.de/shop/iphone-15-plus-lcd-display-original-qualitat-317837p.html,YES
meintrendyhandy.de,Germany,iphone 15 pro,original,304.9,EUR,256.22,stripped 19% VAT,YES,https://www.meintrendyhandy.de/shop/iphone-15-pro-lcd-display-original-qualitat-316520p.html,YES
meintrendyhandy.de,Germany,iphone 15 pro max,original,380.2,EUR,319.5,stripped 19% VAT,YES,https://www.meintrendyhandy.de/shop/iphone-15-pro-max-lcd-display-original-qualitat-316459p.html,YES
meintrendyhandy.de,Germany,iphone 16 pro,original,299.8,EUR,251.93,stripped 19% VAT,YES,https://www.meintrendyhandy.de/shop/iphone-16-pro-lcd-display-original-qualitat-344052p.html,YES
meintrendyhandy.de,Germany,iphone 16 pro max,original,433.8,EUR,364.54,stripped 19% VAT,YES,https://www.meintrendyhandy.de/shop/iphone-16-pro-max-lcd-display-original-qualitat-344273p.html,YES
meintrendyhandy.de,Germany,iphone x,original,31.8,EUR,26.72,stripped 19% VAT,YES,https://www.meintrendyhandy.de/shop/iphone-x-lcd-display-original-qualitat-237079p.html,YES
meintrendyhandy.de,Germany,iphone xr,original,63.7,EUR,53.53,stripped 19% VAT,YES,https://www.meintrendyhandy.de/shop/old-iphone-xr-lcd-display-original-qualitat-350148p.html,YES
mobifixbg.com,Bulgaria,iphone 11,original,23.75,BGN,23.75,VAT basis UNKNOWN — shown as listed,no,https://mobifixbg.com/product/displey-za-iphone-11-originalen-s-reciklirano-staklo,YES
mobifixbg.com,Bulgaria,iphone 11,original,51.13,BGN,51.13,VAT basis UNKNOWN — shown as listed,no,https://mobifixbg.com/product/displey-za-iphone-11-originalen,no
mobifixbg.com,Bulgaria,iphone xr,original,22.5,BGN,22.5,VAT basis UNKNOWN — shown as listed,no,https://mobifixbg.com/product/displey-za-iphone-xroriginalen-s-reciklirano-staklo,YES
mobiiliabi.ee,Estonia,iPhone 15 Pro Max,original,288.99,EUR,288.99,VAT basis UNKNOWN — shown as listed,YES,https://mobiiliabi.ee/toode/lcd-screen-for-iphone-15-pro-max-with-touch-screen-original-pairable-used-grade-a/,YES
mobilebitz.co.uk,UK,iphone 13,refurb,299.0,GBP,299.0,already ex-VAT,no,https://www.mobilebitz.co.uk/,YES
mobilebitz.co.uk,UK,iphone 13 mini,refurb,310.0,GBP,310.0,already ex-VAT,no,https://www.mobilebitz.co.uk/,YES
mobilebitz.co.uk,UK,iphone 13 pro,refurb,399.0,GBP,399.0,already ex-VAT,no,https://www.mobilebitz.co.uk/,YES
mobilebitz.co.uk,UK,iphone 13 pro max,refurb,329.0,GBP,329.0,already ex-VAT,no,https://www.mobilebitz.co.uk/,YES
mobilebitz.co.uk,UK,iphone 14 plus,refurb,465.0,GBP,465.0,already ex-VAT,no,https://www.mobilebitz.co.uk/,YES
mobilebitz.co.uk,UK,iphone 14 pro max,refurb,519.0,GBP,519.0,already ex-VAT,no,https://www.mobilebitz.co.uk/,YES
mobilemonsters.ee,Estonia,iphone 12,glass-changed,66.1,EUR,66.1,VAT basis UNKNOWN — shown as listed,YES,https://mobilemonsters.ee/iphone-ekraani-vahetus.html,YES
mobilemonsters.ee,Estonia,iphone 12 pro,glass-changed,66.1,EUR,66.1,VAT basis UNKNOWN — shown as listed,YES,https://mobilemonsters.ee/iphone-ekraani-vahetus.html,YES
mobilemonsters.ee,Estonia,iphone 13,glass-changed,63.2,EUR,63.2,VAT basis UNKNOWN — shown as listed,YES,https://mobilemonsters.ee/iphone-ekraani-vahetus.html,YES
mobilemonsters.ee,Estonia,iphone 13 pro max,glass-changed,91.0,EUR,91.0,VAT basis UNKNOWN — shown as listed,YES,https://mobilemonsters.ee/iphone-ekraani-vahetus.html,YES
mobilemonsters.ee,Estonia,iphone 14 pro,glass-changed,70.2,EUR,70.2,VAT basis UNKNOWN — shown as listed,YES,https://mobilemonsters.ee/iphone-ekraani-vahetus.html,YES
mobilemonsters.ee,Estonia,iphone 14 pro max,glass-changed,76.5,EUR,76.5,VAT basis UNKNOWN — shown as listed,YES,https://mobilemonsters.ee/iphone-ekraani-vahetus.html,YES
mobilemonsters.ee,Estonia,iphone 15 plus,glass-changed,94.9,EUR,94.9,VAT basis UNKNOWN — shown as listed,YES,https://mobilemonsters.ee/iphone-ekraani-vahetus.html,YES
mobilemonsters.ee,Estonia,iphone 15 pro max,glass-changed,89.9,EUR,89.9,VAT basis UNKNOWN — shown as listed,YES,https://mobilemonsters.ee/iphone-ekraani-vahetus.html,YES
mobilemonsters.ee,Estonia,iphone 16,glass-changed,93.5,EUR,93.5,VAT basis UNKNOWN — shown as listed,YES,https://mobilemonsters.ee/iphone-ekraani-vahetus.html,YES
mobilemonsters.ee,Estonia,iphone 16 plus,glass-changed,205.9,EUR,205.9,VAT basis UNKNOWN — shown as listed,YES,https://mobilemonsters.ee/iphone-ekraani-vahetus.html,YES
mobilemonsters.ee,Estonia,iphone 16 pro,glass-changed,121.4,EUR,121.4,VAT basis UNKNOWN — shown as listed,YES,https://mobilemonsters.ee/iphone-ekraani-vahetus.html,YES
mobilemonsters.ee,Estonia,iphone 16 pro max,glass-changed,121.3,EUR,121.3,VAT basis UNKNOWN — shown as listed,YES,https://mobilemonsters.ee/iphone-ekraani-vahetus.html,YES
mobileparts.ch,Switzerland,iphone 11,pulled,41.4,CHF,41.4,already ex-VAT,YES,https://www.mobileparts.ch/GOGX-PULL-fuer-iPhone-11-C11-F7C,YES
mobileparts.ch,Switzerland,iphone 14 pro,pulled,210.2,CHF,210.2,already ex-VAT,YES,https://www.mobileparts.ch/GOGX-PULL-mit-Sensorik-fuer-iPhone-14-Pro,YES
mobileparts.ch,Switzerland,iphone 15,pulled,145.0,CHF,145.0,already ex-VAT,YES,https://www.mobileparts.ch/GOGX-PULL-mit-Sensorik-fuer-iPhone-15,YES
mobileparts.ch,Switzerland,iphone 15,original,305.0,CHF,305.0,already ex-VAT,YES,https://www.mobileparts.ch/GOGX-PRIME-Service-Pack-fuer-iPhone-15,no
mobileparts.ch,Switzerland,iphone 15 pro max,original,392.0,CHF,392.0,already ex-VAT,YES,https://www.mobileparts.ch/GOGX-PRIME-Service-Pack-fuer-iPhone-15-Pro-Max,YES
mobileparts.ch,Switzerland,iphone 16,pulled,153.0,CHF,153.0,already ex-VAT,YES,https://www.mobileparts.ch/GOGX-PULL-mit-Sensorik-fuer-iPhone-16,YES
mobileparts.ch,Switzerland,iphone 16,original,305.0,CHF,305.0,already ex-VAT,YES,https://www.mobileparts.ch/GOGX-PRIME-Service-Pack-fuer-iPhone-16,no
mobileparts.ch,Switzerland,iphone 16 pro,original,344.0,CHF,344.0,already ex-VAT,YES,https://www.mobileparts.ch/GOGX-PRIME-Service-Pack-fuer-iPhone-16-Pro,YES
mobileparts.shop,Germany,iphone 16,original,51.0,EUR,51.0,VAT basis UNKNOWN — shown as listed,no,https://www.mobileparts.shop/en,YES
mobilesentrix.co.uk,UK,iphone 11,refurb,20.45,GBP,20.45,already ex-VAT,no,https://www.mobilesentrix.co.uk/replacement-parts/apple/iphone-parts/all-iphone-lcds,YES
mobilesentrix.co.uk,UK,iphone 11 pro,refurb,50.2,GBP,50.2,already ex-VAT,no,https://www.mobilesentrix.co.uk/replacement-parts/apple/iphone-parts/all-iphone-lcds,YES
mobilesentrix.co.uk,UK,iphone 11 pro max,refurb,59.14,GBP,59.14,already ex-VAT,no,https://www.mobilesentrix.co.uk/replacement-parts/apple/iphone-parts/all-iphone-lcds,YES
mobilesentrix.co.uk,UK,iphone 12,refurb,45.79,GBP,45.79,already ex-VAT,no,https://www.mobilesentrix.co.uk/replacement-parts/apple/iphone-parts/all-iphone-lcds,YES
mobilesentrix.co.uk,UK,iphone 12,original,192.45,GBP,192.45,already ex-VAT,no,https://www.mobilesentrix.co.uk/replacement-parts/apple/iphone-parts/all-iphone-lcds,no
mobilesentrix.co.uk,UK,iphone 12,original,225.52,GBP,225.52,already ex-VAT,no,https://www.mobilesentrix.co.uk/replacement-parts/apple/iphone-parts/all-iphone-lcds,no
mobilesentrix.co.uk,UK,iphone 12 mini,refurb,53.56,GBP,53.56,already ex-VAT,no,https://www.mobilesentrix.co.uk/replacement-parts/apple/iphone-parts/all-iphone-lcds,YES
mobilesentrix.co.uk,UK,iphone 12 mini,original,157.36,GBP,157.36,already ex-VAT,no,https://www.mobilesentrix.co.uk/replacement-parts/apple/iphone-parts/all-iphone-lcds,no
mobilesentrix.co.uk,UK,iphone 12 mini,original,184.7,GBP,184.7,already ex-VAT,no,https://www.mobilesentrix.co.uk/replacement-parts/apple/iphone-parts/all-iphone-lcds,no
mobilesentrix.co.uk,UK,iphone 12 pro,original,87.37,GBP,87.37,already ex-VAT,no,https://www.mobilesentrix.co.uk/replacement-parts/apple/iphone-parts/all-iphone-lcds,YES
mobilesentrix.co.uk,UK,iphone 12 pro,original,192.45,GBP,192.45,already ex-VAT,no,https://www.mobilesentrix.co.uk/replacement-parts/apple/iphone-parts/all-iphone-lcds,no
mobilesentrix.co.uk,UK,iphone 12 pro,original,225.52,GBP,225.52,already ex-VAT,no,https://www.mobilesentrix.co.uk/replacement-parts/apple/iphone-parts/all-iphone-lcds,no
mobilesentrix.co.uk,UK,iphone 12 pro max,refurb,106.41,GBP,106.41,already ex-VAT,no,https://www.mobilesentrix.co.uk/replacement-parts/apple/iphone-parts/all-iphone-lcds,YES
mobilesentrix.co.uk,UK,iphone 12 pro max,original,154.7,GBP,154.7,already ex-VAT,no,https://www.mobilesentrix.co.uk/replacement-parts/apple/iphone-parts/all-iphone-lcds,no
mobilesentrix.co.uk,UK,iphone 12 pro max,original,227.53,GBP,227.53,already ex-VAT,no,https://www.mobilesentrix.co.uk/replacement-parts/apple/iphone-parts/all-iphone-lcds,no
mobilesentrix.co.uk,UK,iphone 12 pro max,original,266.52,GBP,266.52,already ex-VAT,no,https://www.mobilesentrix.co.uk/replacement-parts/apple/iphone-parts/all-iphone-lcds,no
mobilesentrix.co.uk,UK,iphone 13,refurb,58.2,GBP,58.2,already ex-VAT,no,https://www.mobilesentrix.co.uk/replacement-parts/apple/iphone-parts/all-iphone-lcds,YES
mobilesentrix.co.uk,UK,iphone 13,original,119.41,GBP,119.41,already ex-VAT,no,https://www.mobilesentrix.co.uk/replacement-parts/apple/iphone-parts/all-iphone-lcds,no
mobilesentrix.co.uk,UK,iphone 13,original,192.45,GBP,192.45,already ex-VAT,no,https://www.mobilesentrix.co.uk/replacement-parts/apple/iphone-parts/all-iphone-lcds,no
mobilesentrix.co.uk,UK,iphone 13,original,225.52,GBP,225.52,already ex-VAT,no,https://www.mobilesentrix.co.uk/replacement-parts/apple/iphone-parts/all-iphone-lcds,no
mobilesentrix.co.uk,UK,iphone 13 mini,original,66.56,GBP,66.56,already ex-VAT,no,https://www.mobilesentrix.co.uk/replacement-parts/apple/iphone-parts/all-iphone-lcds,YES
mobilesentrix.co.uk,UK,iphone 13 mini,refurb,97.29,GBP,97.29,already ex-VAT,no,https://www.mobilesentrix.co.uk/replacement-parts/apple/iphone-parts/all-iphone-lcds,no
mobilesentrix.co.uk,UK,iphone 13 mini,original,157.36,GBP,157.36,already ex-VAT,no,https://www.mobilesentrix.co.uk/replacement-parts/apple/iphone-parts/all-iphone-lcds,no
mobilesentrix.co.uk,UK,iphone 13 mini,original,184.5,GBP,184.5,already ex-VAT,no,https://www.mobilesentrix.co.uk/replacement-parts/apple/iphone-parts/all-iphone-lcds,no
mobilesentrix.co.uk,UK,iphone 13 pro,refurb,73.77,GBP,73.77,already ex-VAT,no,https://www.mobilesentrix.co.uk/replacement-parts/apple/iphone-parts/all-iphone-lcds,YES
mobilesentrix.co.uk,UK,iphone 13 pro,original,173.75,GBP,173.75,already ex-VAT,no,https://www.mobilesentrix.co.uk/replacement-parts/apple/iphone-parts/all-iphone-lcds,no
mobilesentrix.co.uk,UK,iphone 13 pro,original,192.45,GBP,192.45,already ex-VAT,no,https://www.mobilesentrix.co.uk/replacement-parts/apple/iphone-parts/all-iphone-lcds,no
mobilesentrix.co.uk,UK,iphone 13 pro,original,225.52,GBP,225.52,already ex-VAT,no,https://www.mobilesentrix.co.uk/replacement-parts/apple/iphone-parts/all-iphone-lcds,no
mobilesentrix.co.uk,UK,iphone 13 pro max,refurb,92.42,GBP,92.42,already ex-VAT,no,https://www.mobilesentrix.co.uk/replacement-parts/apple/iphone-parts/all-iphone-lcds,YES
mobilesentrix.co.uk,UK,iphone 13 pro max,original,227.27,GBP,227.27,already ex-VAT,no,https://www.mobilesentrix.co.uk/replacement-parts/apple/iphone-parts/all-iphone-lcds,no
mobilesentrix.co.uk,UK,iphone 13 pro max,original,227.53,GBP,227.53,already ex-VAT,no,https://www.mobilesentrix.co.uk/replacement-parts/apple/iphone-parts/all-iphone-lcds,no
mobilesentrix.co.uk,UK,iphone 13 pro max,original,266.52,GBP,266.52,already ex-VAT,no,https://www.mobilesentrix.co.uk/replacement-parts/apple/iphone-parts/all-iphone-lcds,no
mobilesentrix.co.uk,UK,iphone 14,refurb,61.23,GBP,61.23,already ex-VAT,no,https://www.mobilesentrix.co.uk/replacement-parts/apple/iphone-parts/all-iphone-lcds,YES
mobilesentrix.co.uk,UK,iphone 14,original,192.45,GBP,192.45,already ex-VAT,no,https://www.mobilesentrix.co.uk/replacement-parts/apple/iphone-parts/all-iphone-lcds,no
mobilesentrix.co.uk,UK,iphone 14,original,225.52,GBP,225.52,already ex-VAT,no,https://www.mobilesentrix.co.uk/replacement-parts/apple/iphone-parts/all-iphone-lcds,no
mobilesentrix.co.uk,UK,iphone 14 plus,refurb,101.75,GBP,101.75,already ex-VAT,no,https://www.mobilesentrix.co.uk/replacement-parts/apple/iphone-parts/all-iphone-lcds,YES
mobilesentrix.co.uk,UK,iphone 14 plus,original,131.58,GBP,131.58,already ex-VAT,no,https://www.mobilesentrix.co.uk/replacement-parts/apple/iphone-parts/all-iphone-lcds,no
mobilesentrix.co.uk,UK,iphone 14 plus,original,227.53,GBP,227.53,already ex-VAT,no,https://www.mobilesentrix.co.uk/replacement-parts/apple/iphone-parts/all-iphone-lcds,no
mobilesentrix.co.uk,UK,iphone 14 plus,original,266.52,GBP,266.52,already ex-VAT,no,https://www.mobilesentrix.co.uk/replacement-parts/apple/iphone-parts/all-iphone-lcds,no
mobilesentrix.co.uk,UK,iphone 14 pro,refurb,111.08,GBP,111.08,already ex-VAT,no,https://www.mobilesentrix.co.uk/replacement-parts/apple/iphone-parts/all-iphone-lcds,YES
mobilesentrix.co.uk,UK,iphone 14 pro,original,203.39,GBP,203.39,already ex-VAT,no,https://www.mobilesentrix.co.uk/replacement-parts/apple/iphone-parts/all-iphone-lcds,no
mobilesentrix.co.uk,UK,iphone 14 pro,original,227.53,GBP,227.53,already ex-VAT,no,https://www.mobilesentrix.co.uk/replacement-parts/apple/iphone-parts/all-iphone-lcds,no
mobilesentrix.co.uk,UK,iphone 14 pro,original,266.81,GBP,266.81,already ex-VAT,no,https://www.mobilesentrix.co.uk/replacement-parts/apple/iphone-parts/all-iphone-lcds,no
mobilesentrix.co.uk,UK,iphone 14 pro max,refurb,138.3,GBP,138.3,already ex-VAT,no,https://www.mobilesentrix.co.uk/replacement-parts/apple/iphone-parts/all-iphone-lcds,YES
mobilesentrix.co.uk,UK,iphone 14 pro max,original,262.62,GBP,262.62,already ex-VAT,no,https://www.mobilesentrix.co.uk/replacement-parts/apple/iphone-parts/all-iphone-lcds,no
mobilesentrix.co.uk,UK,iphone 14 pro max,original,270.92,GBP,270.92,already ex-VAT,no,https://www.mobilesentrix.co.uk/replacement-parts/apple/iphone-parts/all-iphone-lcds,no
mobilesentrix.co.uk,UK,iphone 14 pro max,original,307.54,GBP,307.54,already ex-VAT,no,https://www.mobilesentrix.co.uk/replacement-parts/apple/iphone-parts/all-iphone-lcds,no
mobilesentrix.co.uk,UK,iphone 15,refurb,118.85,GBP,118.85,already ex-VAT,no,https://www.mobilesentrix.co.uk/replacement-parts/apple/iphone-parts/all-iphone-lcds,YES
mobilesentrix.co.uk,UK,iphone 15,original,192.45,GBP,192.45,already ex-VAT,no,https://www.mobilesentrix.co.uk/replacement-parts/apple/iphone-parts/all-iphone-lcds,no
mobilesentrix.co.uk,UK,iphone 15,original,217.62,GBP,217.62,already ex-VAT,no,https://www.mobilesentrix.co.uk/replacement-parts/apple/iphone-parts/all-iphone-lcds,no
mobilesentrix.co.uk,UK,iphone 15 plus,refurb,108.78,GBP,108.78,already ex-VAT,no,https://www.mobilesentrix.co.uk/replacement-parts/apple/iphone-parts/all-iphone-lcds,YES
mobilesentrix.co.uk,UK,iphone 15 plus,original,227.53,GBP,227.53,already ex-VAT,no,https://www.mobilesentrix.co.uk/replacement-parts/apple/iphone-parts/all-iphone-lcds,no
mobilesentrix.co.uk,UK,iphone 15 plus,original,256.77,GBP,256.77,already ex-VAT,no,https://www.mobilesentrix.co.uk/replacement-parts/apple/iphone-parts/all-iphone-lcds,no
mobilesentrix.co.uk,UK,iphone 15 pro,refurb,157.74,GBP,157.74,already ex-VAT,no,https://www.mobilesentrix.co.uk/replacement-parts/apple/iphone-parts/all-iphone-lcds,YES
mobilesentrix.co.uk,UK,iphone 15 pro,original,227.53,GBP,227.53,already ex-VAT,no,https://www.mobilesentrix.co.uk/replacement-parts/apple/iphone-parts/all-iphone-lcds,no
mobilesentrix.co.uk,UK,iphone 15 pro,original,237.54,GBP,237.54,already ex-VAT,no,https://www.mobilesentrix.co.uk/replacement-parts/apple/iphone-parts/all-iphone-lcds,no
mobilesentrix.co.uk,UK,iphone 15 pro,original,256.99,GBP,256.99,already ex-VAT,no,https://www.mobilesentrix.co.uk/replacement-parts/apple/iphone-parts/all-iphone-lcds,no
mobilesentrix.co.uk,UK,iphone 15 pro max,refurb,134.32,GBP,134.32,already ex-VAT,no,https://www.mobilesentrix.co.uk/replacement-parts/apple/iphone-parts/all-iphone-lcds,YES
mobilesentrix.co.uk,UK,iphone 15 pro max,original,199.36,GBP,199.36,already ex-VAT,no,https://www.mobilesentrix.co.uk/replacement-parts/apple/iphone-parts/all-iphone-lcds,no
mobilesentrix.co.uk,UK,iphone 15 pro max,original,262.62,GBP,262.62,already ex-VAT,no,https://www.mobilesentrix.co.uk/replacement-parts/apple/iphone-parts/all-iphone-lcds,no
mobilesentrix.co.uk,UK,iphone 15 pro max,original,296.56,GBP,296.56,already ex-VAT,no,https://www.mobilesentrix.co.uk/replacement-parts/apple/iphone-parts/all-iphone-lcds,no
mobilesentrix.co.uk,UK,iphone 16,refurb,132.84,GBP,132.84,already ex-VAT,no,https://www.mobilesentrix.co.uk/replacement-parts/apple/iphone-parts/all-iphone-lcds,YES
mobilesentrix.co.uk,UK,iphone 16,original,201.77,GBP,201.77,already ex-VAT,no,https://www.mobilesentrix.co.uk/replacement-parts/apple/iphone-parts/all-iphone-lcds,no
mobilesentrix.co.uk,UK,iphone 16,original,212.26,GBP,212.26,already ex-VAT,no,https://www.mobilesentrix.co.uk/replacement-parts/apple/iphone-parts/all-iphone-lcds,no
mobilesentrix.co.uk,UK,iphone 16 plus,refurb,104.86,GBP,104.86,already ex-VAT,no,https://www.mobilesentrix.co.uk/replacement-parts/apple/iphone-parts/all-iphone-lcds,YES
mobilesentrix.co.uk,UK,iphone 16 plus,original,238.53,GBP,238.53,already ex-VAT,no,https://www.mobilesentrix.co.uk/replacement-parts/apple/iphone-parts/all-iphone-lcds,no
mobilesentrix.co.uk,UK,iphone 16 plus,original,250.81,GBP,250.81,already ex-VAT,no,https://www.mobilesentrix.co.uk/replacement-parts/apple/iphone-parts/all-iphone-lcds,no
mobilesentrix.co.uk,UK,iphone 16 pro,refurb,203.42,GBP,203.42,already ex-VAT,no,https://www.mobilesentrix.co.uk/replacement-parts/apple/iphone-parts/all-iphone-lcds,YES
mobilesentrix.co.uk,UK,iphone 16 pro,original,238.53,GBP,238.53,already ex-VAT,no,https://www.mobilesentrix.co.uk/replacement-parts/apple/iphone-parts/all-iphone-lcds,no
mobilesentrix.co.uk,UK,iphone 16 pro,original,242.03,GBP,242.03,already ex-VAT,no,https://www.mobilesentrix.co.uk/replacement-parts/apple/iphone-parts/all-iphone-lcds,no
mobilesentrix.co.uk,UK,iphone 16 pro,original,250.81,GBP,250.81,already ex-VAT,no,https://www.mobilesentrix.co.uk/replacement-parts/apple/iphone-parts/all-iphone-lcds,no
mobilesentrix.co.uk,UK,iphone 16 pro max,refurb,224.55,GBP,224.55,already ex-VAT,no,https://www.mobilesentrix.co.uk/replacement-parts/apple/iphone-parts/all-iphone-lcds,YES
mobilesentrix.co.uk,UK,iphone 16 pro max,original,275.29,GBP,275.29,already ex-VAT,no,https://www.mobilesentrix.co.uk/replacement-parts/apple/iphone-parts/all-iphone-lcds,no
mobilesentrix.co.uk,UK,iphone 16 pro max,original,289.43,GBP,289.43,already ex-VAT,no,https://www.mobilesentrix.co.uk/replacement-parts/apple/iphone-parts/all-iphone-lcds,no
mobilesentrix.co.uk,UK,iphone 16e,original,97.77,GBP,97.77,already ex-VAT,no,https://www.mobilesentrix.co.uk/replacement-parts/apple/iphone-parts/all-iphone-lcds,YES
mobilesentrix.co.uk,UK,iphone x,refurb,38.8,GBP,38.8,already ex-VAT,no,https://www.mobilesentrix.co.uk/replacement-parts/apple/iphone-parts/all-iphone-lcds,YES
mobilesentrix.co.uk,UK,iphone xr,refurb,19.37,GBP,19.37,already ex-VAT,no,https://www.mobilesentrix.co.uk/replacement-parts/apple/iphone-parts/all-iphone-lcds,YES
mobilesentrix.co.uk,UK,iphone xs,refurb,38.83,GBP,38.83,already ex-VAT,no,https://www.mobilesentrix.co.uk/replacement-parts/apple/iphone-parts/all-iphone-lcds,YES
mobilesentrix.co.uk,UK,iphone xs max,refurb,71.91,GBP,71.91,already ex-VAT,no,https://www.mobilesentrix.co.uk/replacement-parts/apple/iphone-parts/all-iphone-lcds,YES
mobilesentrix.co.uk,UK,iphone xs max,original,75.33,GBP,75.33,already ex-VAT,no,https://www.mobilesentrix.co.uk/replacement-parts/apple/iphone-parts/all-iphone-lcds,no
mobilesentrix.eu,Germany,iphone 11,refurb,16.56,EUR,16.56,already ex-VAT,no,https://www.mobilesentrix.eu/replacement-parts/apple/iphone-parts/all-iphone-lcds,YES
mobilesentrix.eu,Germany,iphone 11 pro,refurb,41.79,EUR,41.79,already ex-VAT,no,https://www.mobilesentrix.eu/replacement-parts/apple/iphone-parts/all-iphone-lcds,YES
mobilesentrix.eu,Germany,iphone 11 pro max,refurb,53.63,EUR,53.63,already ex-VAT,no,https://www.mobilesentrix.eu/replacement-parts/apple/iphone-parts/all-iphone-lcds,YES
mobilesentrix.eu,Germany,iphone 12,refurb,37.75,EUR,37.75,already ex-VAT,no,https://www.mobilesentrix.eu/replacement-parts/apple/iphone-parts/all-iphone-lcds,YES
mobilesentrix.eu,Germany,iphone 12,original,218.77,EUR,218.77,already ex-VAT,no,https://www.mobilesentrix.eu/replacement-parts/apple/iphone-parts/all-iphone-lcds,no
mobilesentrix.eu,Germany,iphone 12,original,256.6,EUR,256.6,already ex-VAT,no,https://www.mobilesentrix.eu/replacement-parts/apple/iphone-parts/all-iphone-lcds,no
mobilesentrix.eu,Germany,iphone 12 mini,refurb,44.5,EUR,44.5,already ex-VAT,no,https://www.mobilesentrix.eu/replacement-parts/apple/iphone-parts/all-iphone-lcds,YES
mobilesentrix.eu,Germany,iphone 12 mini,original,178.88,EUR,178.88,already ex-VAT,no,https://www.mobilesentrix.eu/replacement-parts/apple/iphone-parts/all-iphone-lcds,no
mobilesentrix.eu,Germany,iphone 12 mini,original,209.93,EUR,209.93,already ex-VAT,no,https://www.mobilesentrix.eu/replacement-parts/apple/iphone-parts/all-iphone-lcds,no
mobilesentrix.eu,Germany,iphone 12 pro,original,218.77,EUR,218.77,already ex-VAT,no,https://www.mobilesentrix.eu/replacement-parts/apple/iphone-parts/all-iphone-lcds,YES
mobilesentrix.eu,Germany,iphone 12 pro,original,256.6,EUR,256.6,already ex-VAT,no,https://www.mobilesentrix.eu/replacement-parts/apple/iphone-parts/all-iphone-lcds,no
mobilesentrix.eu,Germany,iphone 12 pro max,refurb,87.51,EUR,87.51,already ex-VAT,no,https://www.mobilesentrix.eu/replacement-parts/apple/iphone-parts/all-iphone-lcds,YES
mobilesentrix.eu,Germany,iphone 12 pro max,original,258.65,EUR,258.65,already ex-VAT,no,https://www.mobilesentrix.eu/replacement-parts/apple/iphone-parts/all-iphone-lcds,no
mobilesentrix.eu,Germany,iphone 12 pro max,original,303.26,EUR,303.26,already ex-VAT,no,https://www.mobilesentrix.eu/replacement-parts/apple/iphone-parts/all-iphone-lcds,no
mobilesentrix.eu,Germany,iphone 13,refurb,43.27,EUR,43.27,already ex-VAT,no,https://www.mobilesentrix.eu/replacement-parts/apple/iphone-parts/all-iphone-lcds,YES
mobilesentrix.eu,Germany,iphone 13,original,218.77,EUR,218.77,already ex-VAT,no,https://www.mobilesentrix.eu/replacement-parts/apple/iphone-parts/all-iphone-lcds,no
mobilesentrix.eu,Germany,iphone 13,original,256.6,EUR,256.6,already ex-VAT,no,https://www.mobilesentrix.eu/replacement-parts/apple/iphone-parts/all-iphone-lcds,no
mobilesentrix.eu,Germany,iphone 13 mini,refurb,81.36,EUR,81.36,already ex-VAT,no,https://www.mobilesentrix.eu/replacement-parts/apple/iphone-parts/all-iphone-lcds,YES
mobilesentrix.eu,Germany,iphone 13 mini,original,178.88,EUR,178.88,already ex-VAT,no,https://www.mobilesentrix.eu/replacement-parts/apple/iphone-parts/all-iphone-lcds,no
mobilesentrix.eu,Germany,iphone 13 mini,original,209.93,EUR,209.93,already ex-VAT,no,https://www.mobilesentrix.eu/replacement-parts/apple/iphone-parts/all-iphone-lcds,no
mobilesentrix.eu,Germany,iphone 13 pro,refurb,62.9,EUR,62.9,already ex-VAT,no,https://www.mobilesentrix.eu/replacement-parts/apple/iphone-parts/all-iphone-lcds,YES
mobilesentrix.eu,Germany,iphone 13 pro,original,218.77,EUR,218.77,already ex-VAT,no,https://www.mobilesentrix.eu/replacement-parts/apple/iphone-parts/all-iphone-lcds,no
mobilesentrix.eu,Germany,iphone 13 pro,original,256.6,EUR,256.6,already ex-VAT,no,https://www.mobilesentrix.eu/replacement-parts/apple/iphone-parts/all-iphone-lcds,no
mobilesentrix.eu,Germany,iphone 13 pro max,refurb,77.42,EUR,77.42,already ex-VAT,no,https://www.mobilesentrix.eu/replacement-parts/apple/iphone-parts/all-iphone-lcds,YES
mobilesentrix.eu,Germany,iphone 13 pro max,original,258.65,EUR,258.65,already ex-VAT,no,https://www.mobilesentrix.eu/replacement-parts/apple/iphone-parts/all-iphone-lcds,no
mobilesentrix.eu,Germany,iphone 13 pro max,original,303.26,EUR,303.26,already ex-VAT,no,https://www.mobilesentrix.eu/replacement-parts/apple/iphone-parts/all-iphone-lcds,no
mobilesentrix.eu,Germany,iphone 14,refurb,47.14,EUR,47.14,already ex-VAT,no,https://www.mobilesentrix.eu/replacement-parts/apple/iphone-parts/all-iphone-lcds,YES
mobilesentrix.eu,Germany,iphone 14,original,218.77,EUR,218.77,already ex-VAT,no,https://www.mobilesentrix.eu/replacement-parts/apple/iphone-parts/all-iphone-lcds,no
mobilesentrix.eu,Germany,iphone 14,original,256.6,EUR,256.6,already ex-VAT,no,https://www.mobilesentrix.eu/replacement-parts/apple/iphone-parts/all-iphone-lcds,no
mobilesentrix.eu,Germany,iphone 14 plus,refurb,80.69,EUR,80.69,already ex-VAT,no,https://www.mobilesentrix.eu/replacement-parts/apple/iphone-parts/all-iphone-lcds,YES
mobilesentrix.eu,Germany,iphone 14 plus,original,258.65,EUR,258.65,already ex-VAT,no,https://www.mobilesentrix.eu/replacement-parts/apple/iphone-parts/all-iphone-lcds,no
mobilesentrix.eu,Germany,iphone 14 plus,original,303.26,EUR,303.26,already ex-VAT,no,https://www.mobilesentrix.eu/replacement-parts/apple/iphone-parts/all-iphone-lcds,no
mobilesentrix.eu,Germany,iphone 14 pro,refurb,91.01,EUR,91.01,already ex-VAT,no,https://www.mobilesentrix.eu/replacement-parts/apple/iphone-parts/all-iphone-lcds,YES
mobilesentrix.eu,Germany,iphone 14 pro,original,258.65,EUR,258.65,already ex-VAT,no,https://www.mobilesentrix.eu/replacement-parts/apple/iphone-parts/all-iphone-lcds,no
mobilesentrix.eu,Germany,iphone 14 pro,original,303.26,EUR,303.26,already ex-VAT,no,https://www.mobilesentrix.eu/replacement-parts/apple/iphone-parts/all-iphone-lcds,no
mobilesentrix.eu,Germany,iphone 14 pro max,refurb,107.66,EUR,107.66,already ex-VAT,no,https://www.mobilesentrix.eu/replacement-parts/apple/iphone-parts/all-iphone-lcds,YES
mobilesentrix.eu,Germany,iphone 14 pro max,pulled,177.99,EUR,177.99,already ex-VAT,no,https://www.mobilesentrix.eu/replacement-parts/apple/iphone-parts/all-iphone-lcds,no
mobilesentrix.eu,Germany,iphone 14 pro max,original,298.54,EUR,298.54,already ex-VAT,no,https://www.mobilesentrix.eu/replacement-parts/apple/iphone-parts/all-iphone-lcds,no
mobilesentrix.eu,Germany,iphone 14 pro max,original,349.93,EUR,349.93,already ex-VAT,no,https://www.mobilesentrix.eu/replacement-parts/apple/iphone-parts/all-iphone-lcds,no
mobilesentrix.eu,Germany,iphone 15,refurb,81.5,EUR,81.5,already ex-VAT,no,https://www.mobilesentrix.eu/replacement-parts/apple/iphone-parts/all-iphone-lcds,YES
mobilesentrix.eu,Germany,iphone 15,original,218.77,EUR,218.77,already ex-VAT,no,https://www.mobilesentrix.eu/replacement-parts/apple/iphone-parts/all-iphone-lcds,no
mobilesentrix.eu,Germany,iphone 15,original,247.14,EUR,247.14,already ex-VAT,no,https://www.mobilesentrix.eu/replacement-parts/apple/iphone-parts/all-iphone-lcds,no
mobilesentrix.eu,Germany,iphone 15 plus,refurb,90.78,EUR,90.78,already ex-VAT,no,https://www.mobilesentrix.eu/replacement-parts/apple/iphone-parts/all-iphone-lcds,YES
mobilesentrix.eu,Germany,iphone 15 plus,original,258.65,EUR,258.65,already ex-VAT,no,https://www.mobilesentrix.eu/replacement-parts/apple/iphone-parts/all-iphone-lcds,no
mobilesentrix.eu,Germany,iphone 15 plus,original,292.11,EUR,292.11,already ex-VAT,no,https://www.mobilesentrix.eu/replacement-parts/apple/iphone-parts/all-iphone-lcds,no
mobilesentrix.eu,Germany,iphone 15 pro,refurb,144.9,EUR,144.9,already ex-VAT,no,https://www.mobilesentrix.eu/replacement-parts/apple/iphone-parts/all-iphone-lcds,YES
mobilesentrix.eu,Germany,iphone 15 pro,original,258.65,EUR,258.65,already ex-VAT,no,https://www.mobilesentrix.eu/replacement-parts/apple/iphone-parts/all-iphone-lcds,no
mobilesentrix.eu,Germany,iphone 15 pro,original,292.11,EUR,292.11,already ex-VAT,no,https://www.mobilesentrix.eu/replacement-parts/apple/iphone-parts/all-iphone-lcds,no
mobilesentrix.eu,Germany,iphone 15 pro max,refurb,144.93,EUR,144.93,already ex-VAT,no,https://www.mobilesentrix.eu/replacement-parts/apple/iphone-parts/all-iphone-lcds,YES
mobilesentrix.eu,Germany,iphone 15 pro max,original,298.54,EUR,298.54,already ex-VAT,no,https://www.mobilesentrix.eu/replacement-parts/apple/iphone-parts/all-iphone-lcds,no
mobilesentrix.eu,Germany,iphone 15 pro max,original,337.08,EUR,337.08,already ex-VAT,no,https://www.mobilesentrix.eu/replacement-parts/apple/iphone-parts/all-iphone-lcds,no
mobilesentrix.eu,Germany,iphone 16,refurb,106.52,EUR,106.52,already ex-VAT,no,https://www.mobilesentrix.eu/replacement-parts/apple/iphone-parts/all-iphone-lcds,YES
mobilesentrix.eu,Germany,iphone 16,original,229.37,EUR,229.37,already ex-VAT,no,https://www.mobilesentrix.eu/replacement-parts/apple/iphone-parts/all-iphone-lcds,no
mobilesentrix.eu,Germany,iphone 16,original,241.19,EUR,241.19,already ex-VAT,no,https://www.mobilesentrix.eu/replacement-parts/apple/iphone-parts/all-iphone-lcds,no
mobilesentrix.eu,Germany,iphone 16 plus,refurb,82.85,EUR,82.85,already ex-VAT,no,https://www.mobilesentrix.eu/replacement-parts/apple/iphone-parts/all-iphone-lcds,YES
mobilesentrix.eu,Germany,iphone 16 plus,original,271.15,EUR,271.15,already ex-VAT,no,https://www.mobilesentrix.eu/replacement-parts/apple/iphone-parts/all-iphone-lcds,no
mobilesentrix.eu,Germany,iphone 16 plus,original,285.09,EUR,285.09,already ex-VAT,no,https://www.mobilesentrix.eu/replacement-parts/apple/iphone-parts/all-iphone-lcds,no
mobilesentrix.eu,Germany,iphone 16 pro,refurb,130.08,EUR,130.08,already ex-VAT,no,https://www.mobilesentrix.eu/replacement-parts/apple/iphone-parts/all-iphone-lcds,YES
mobilesentrix.eu,Germany,iphone 16 pro,original,251.6,EUR,251.6,already ex-VAT,no,https://www.mobilesentrix.eu/replacement-parts/apple/iphone-parts/all-iphone-lcds,no
mobilesentrix.eu,Germany,iphone 16 pro,original,271.15,EUR,271.15,already ex-VAT,no,https://www.mobilesentrix.eu/replacement-parts/apple/iphone-parts/all-iphone-lcds,no
mobilesentrix.eu,Germany,iphone 16 pro,original,285.09,EUR,285.09,already ex-VAT,no,https://www.mobilesentrix.eu/replacement-parts/apple/iphone-parts/all-iphone-lcds,no
mobilesentrix.eu,Germany,iphone 16 pro max,refurb,192.0,EUR,192.0,already ex-VAT,no,https://www.mobilesentrix.eu/replacement-parts/apple/iphone-parts/all-iphone-lcds,YES
mobilesentrix.eu,Germany,iphone 16 pro max,original,312.93,EUR,312.93,already ex-VAT,no,https://www.mobilesentrix.eu/replacement-parts/apple/iphone-parts/all-iphone-lcds,no
mobilesentrix.eu,Germany,iphone 16 pro max,original,328.99,EUR,328.99,already ex-VAT,no,https://www.mobilesentrix.eu/replacement-parts/apple/iphone-parts/all-iphone-lcds,no
mobilesentrix.eu,Germany,iphone 16e,original,110.19,EUR,110.19,already ex-VAT,no,https://www.mobilesentrix.eu/replacement-parts/apple/iphone-parts/all-iphone-lcds,YES
mobilesentrix.eu,Germany,iphone x,refurb,33.63,EUR,33.63,already ex-VAT,no,https://www.mobilesentrix.eu/replacement-parts/apple/iphone-parts/all-iphone-lcds,YES
mobilesentrix.eu,Germany,iphone xr,refurb,12.9,EUR,12.9,already ex-VAT,no,https://www.mobilesentrix.eu/replacement-parts/apple/iphone-parts/all-iphone-lcds,YES
mobilesentrix.eu,Germany,iphone xs,refurb,35.21,EUR,35.21,already ex-VAT,no,https://www.mobilesentrix.eu/replacement-parts/apple/iphone-parts/all-iphone-lcds,YES
mobilesentrix.eu,Germany,iphone xs,original,49.6,EUR,49.6,already ex-VAT,no,https://www.mobilesentrix.eu/replacement-parts/apple/iphone-parts/all-iphone-lcds,no
mobilesentrix.eu,Germany,iphone xs max,refurb,43.0,EUR,43.0,already ex-VAT,no,https://www.mobilesentrix.eu/replacement-parts/apple/iphone-parts/all-iphone-lcds,YES
mobilesentrix.eu,Germany,iphone xs max,original,59.0,EUR,59.0,already ex-VAT,no,https://www.mobilesentrix.eu/replacement-parts/apple/iphone-parts/all-iphone-lcds,no
mobilexperten.se,SE,iphone 11,refurb,129.0,SEK,129.0,VAT basis UNKNOWN — shown as listed,no,https://www.mobilexperten.se/produkt/iphone-11-64gb-svart-renoverad-flex/,YES
mobiservis.lt,Lithuania,iphone 11,refurb,33.4,EUR,33.4,VAT basis UNKNOWN — shown as listed,no,https://mobiservis.lt/mobiliuju-telefonu-dalys/lcd-ekranai-lieciamieji-ekranai,YES
mobishop.ee,Estonia,iPhone 16,original,288.75,EUR,288.75,already ex-VAT,YES,https://mobishop.ee/toode/display-original-apple-iphone-16-661-44797-varuosa/,YES
mobishop.ee,Estonia,iPhone 16 Pro Max,original,393.25,EUR,393.25,already ex-VAT,YES,https://mobishop.ee/toode/display-original-apple-iphone-16-pro-max-661-44955-varuosa/,YES
mobishop.ee,Estonia,iphone 12 pro,original,80.0,EUR,80.0,already ex-VAT,YES,https://mobishop.ee/toode/lcd-screen-for-iphone-12-12-pro-with-touch-screen-original-pairable-used-grade-a/,YES
mobishop.ee,Estonia,iphone 12 pro,original,90.0,EUR,90.0,already ex-VAT,YES,https://mobishop.ee/toode/lcd-screen-for-iphone-12-12-pro-with-touch-screen-original-pairable-service-pack/,no
mobishop.ee,Estonia,iphone 13,original,20.82,EUR,20.82,already ex-VAT,YES,https://mobishop.ee/kategooria/varuosad/apple-varuosad/iphone-13-seeria-varuosad/iphone-13-varuosad/,YES
mobishop.ee,Estonia,iphone 13,original,21.69,EUR,21.69,already ex-VAT,YES,https://mobishop.ee/kategooria/varuosad/apple-varuosad/iphone-13-seeria-varuosad/iphone-13-varuosad/,no
mobishop.ee,Estonia,iphone 13,original,22.26,EUR,22.26,already ex-VAT,YES,https://mobishop.ee/kategooria/varuosad/apple-varuosad/iphone-13-seeria-varuosad/iphone-13-varuosad/,no
mobishop.ee,Estonia,iphone 13,original,22.3,EUR,22.3,already ex-VAT,YES,https://mobishop.ee/kategooria/varuosad/apple-varuosad/iphone-13-seeria-varuosad/iphone-13-varuosad/,no
mobishop.ee,Estonia,iphone 13,original,23.54,EUR,23.54,already ex-VAT,YES,https://mobishop.ee/kategooria/varuosad/apple-varuosad/iphone-13-seeria-varuosad/iphone-13-varuosad/,no
mobishop.ee,Estonia,iphone 13,original,26.96,EUR,26.96,already ex-VAT,YES,https://mobishop.ee/kategooria/varuosad/apple-varuosad/iphone-13-seeria-varuosad/iphone-13-varuosad/,no
mobishop.ee,Estonia,iphone 13,original,45.88,EUR,45.88,already ex-VAT,YES,https://mobishop.ee/kategooria/varuosad/apple-varuosad/iphone-13-seeria-varuosad/iphone-13-varuosad/,no
mobishop.ee,Estonia,iphone 13,original,74.0,EUR,74.0,already ex-VAT,YES,https://mobishop.ee/toode/lcd-screen-for-iphone-13-with-touch-screen-original-used-grade-a/,no
mobishop.ee,Estonia,iphone 13,refurb,92.95,EUR,92.95,already ex-VAT,YES,https://mobishop.ee/kategooria/varuosad/apple-varuosad/iphone-13-seeria-varuosad/iphone-13-varuosad/,no
mobishop.ee,Estonia,iphone 13,original,97.0,EUR,97.0,already ex-VAT,YES,https://mobishop.ee/toode/lcd-screen-for-iphone-13-with-touch-screen-original-pairable-used-grade-a/,no
mobishop.ee,Estonia,iphone 13 pro,original,103.0,EUR,103.0,already ex-VAT,YES,https://mobishop.ee/toode/lcd-screen-for-iphone-13-pro-with-touch-screen-original-used-grade-a/,YES
mobishop.ee,Estonia,iphone 13 pro,original,114.0,EUR,114.0,already ex-VAT,YES,https://mobishop.ee/toode/lcd-screen-for-iphone-13-pro-with-touch-screen-original-pairable-used-grade-a/,no
mobishop.ee,Estonia,iphone 13 pro max,original,114.0,EUR,114.0,already ex-VAT,YES,https://mobishop.ee/toode/lcd-screen-for-iphone-13-pro-max-with-touch-screen-original-used-grade-b/,YES
mobishop.ee,Estonia,iphone 14 pro,original,114.0,EUR,114.0,already ex-VAT,YES,https://mobishop.ee/toode/lcd-screen-for-iphone-14-pro-with-touch-screen-original-used-grade-b/,YES
mobishop.ee,Estonia,iphone 14 pro,original,134.0,EUR,134.0,already ex-VAT,YES,https://mobishop.ee/toode/lcd-screen-for-iphone-14-pro-with-touch-screen-original-used-grade-a/,no
mobishop.ee,Estonia,iphone 14 pro,original,154.0,EUR,154.0,already ex-VAT,YES,https://mobishop.ee/toode/lcd-screen-for-iphone-14-pro-with-touch-screen-original-pairable-used-grade-a/,no
mobishop.ee,Estonia,iphone 14 pro max,original,179.0,EUR,179.0,already ex-VAT,YES,https://mobishop.ee/toode/lcd-screen-for-iphone-14-pro-max-with-touch-screen-original-pairable-used-grade-a/,YES
mobishop.ee,Estonia,iphone 15,original,120.0,EUR,120.0,already ex-VAT,YES,https://mobishop.ee/toode/lcd-screen-for-iphone-15-with-touch-screen-original-used-grade-a/,YES
mobishop.ee,Estonia,iphone 15 pro max,original,240.0,EUR,240.0,already ex-VAT,YES,https://mobishop.ee/toode/lcd-screen-for-iphone-15-pro-max-with-touch-screen-original-pairable-used-grade-a/,YES
mobishop.ee,Estonia,iphone 16 pro,original,160.0,EUR,160.0,already ex-VAT,YES,https://mobishop.ee/toode/lcd-screen-for-iphone-16-pro-with-touch-screen-original-pairable-used-grade-b/,YES
mobishop.ee,Estonia,iphone 16 pro,original,336.25,EUR,336.25,already ex-VAT,YES,https://mobishop.ee/toode/display-original-apple-iphone-16-pro-661-42726-varuosa/,no
mobishop.ee,Estonia,iphone 16 pro max,original,194.0,EUR,194.0,already ex-VAT,YES,https://mobishop.ee/toode/lcd-screen-for-iphone-16-pro-max-with-touch-screen-original-used-grade-b/,YES
mobitel.rs,Serbia,iphone 15 plus,glass-changed,1347.0,,1347.0,VAT basis UNKNOWN — shown as listed,YES,https://mobitel.rs/tempered-glass-zastitno-staklo-za-ekran-film-box-dust-free-za-iphone-15-plus-ms/,YES
mobyfix.hr,Croatia,iphone xr,original,118.0,EUR,118.0,VAT basis UNKNOWN — shown as listed,no,https://mobyfix.hr/proizvodi/rezervni-dijelovi/,YES
motivs.lv,Latvia,iphone 12,original,69.9,EUR,69.9,already ex-VAT,no,https://motivs.lv/en/lcd-screens-displays,YES
motivs.lv,Latvia,iphone 12,original,72.7,EUR,72.7,already ex-VAT,no,https://motivs.lv/en/lcd-screens-displays,no
motivs.lv,Latvia,iphone 13,original,71.3,EUR,71.3,already ex-VAT,no,https://motivs.lv/en/lcd-screens-displays,YES
motivs.lv,Latvia,iphone 13,original,78.2,EUR,78.2,already ex-VAT,no,https://motivs.lv/en/lcd-screens-displays,no
motivs.lv,Latvia,iphone 13 pro max,original,178.1,EUR,178.1,already ex-VAT,no,https://motivs.lv/en/lcd-screens-displays,YES
motivs.lv,Latvia,iphone 13 pro max,original,200.6,EUR,200.6,already ex-VAT,no,https://motivs.lv/en/lcd-screens-displays,no
motivs.lv,Latvia,iphone 16 pro,refurb,351.8,EUR,351.8,already ex-VAT,no,https://motivs.lv/en/lcd-screens-displays,YES
motivs.lv,Latvia,iphone 16 pro max,refurb,371.6,EUR,371.6,already ex-VAT,no,https://motivs.lv/en/lcd-screens-displays,YES
motivs.lv,Latvia,iphone 16 pro max,refurb,414.3,EUR,414.3,already ex-VAT,no,https://motivs.lv/en/lcd-screens-displays,no
motivs.lv,Latvia,iphone 16e,refurb,108.3,EUR,108.3,already ex-VAT,no,https://motivs.lv/en/lcd-screens-displays,YES
moxedostore.com,Italy,iphone 12,refurb,260.0,EUR,213.11,stripped 22% VAT,no,https://www.moxedostore.com/,YES
moxedostore.com,Italy,iphone 13,refurb,330.0,EUR,270.49,stripped 22% VAT,no,https://www.moxedostore.com/,YES
moxedostore.com,Italy,iphone 14,refurb,320.0,EUR,262.3,stripped 22% VAT,no,https://www.moxedostore.com/,YES
moxedostore.com,Italy,iphone 15,refurb,500.0,EUR,409.84,stripped 22% VAT,no,https://www.moxedostore.com/,YES
onlinemobileparts.com.au,Australia,iphone 15 pro,refurb,475.0,AUD,475.0,already ex-VAT,no,https://www.onlinemobileparts.com.au/iphone-15-pro-refurbished-oem-screen-replacements,YES
onlinemobileparts.com.au,Australia,iphone 15 pro max,refurb,512.0,AUD,512.0,already ex-VAT,no,https://www.onlinemobileparts.com.au/iphone-15-pro-max-refurbished-oem-screen-replacements,YES
onlinemobileparts.com.au,Australia,iphone x,refurb,118.0,AUD,118.0,already ex-VAT,no,https://www.onlinemobileparts.com.au/iphone-x-refurbished-oem-screen-replacements,YES
outletaccessori.it,Italy,iPhone 11,original,60,EUR,60,already ex-VAT,no,https://www.outletaccessori.it/display-sharp/4239-display-originale-sharp-apple-iphone-11-nero-8596311249105.html,YES
outletaccessori.it,Italy,iPhone 11 Pro,original,70,EUR,70,already ex-VAT,no,https://www.outletaccessori.it/display-sharp/4316-display-originale-sharp-apple-iphone-11-PRO-8596311235443.html,YES
outletaccessori.it,Italy,iPhone 11 Pro Max,original,70,EUR,70,already ex-VAT,no,https://www.outletaccessori.it/display-sharp/4317-display-originale-sharp-apple-iphone-11-PRO-MAX-8596311187940.html,YES
outletaccessori.it,Italy,iPhone X,original,60,EUR,60,already ex-VAT,no,https://www.outletaccessori.it/display-sharp/3941-display-originale-sharp-apple-iphone-x-nero-8596311188183.html,YES
outletaccessori.it,Italy,iPhone XR,original,60,EUR,60,already ex-VAT,no,https://www.outletaccessori.it/display-sharp/3995-display-originale-sharp-apple-iphone-xr-nero-7443539071067.html,YES
outletaccessori.it,Italy,iPhone XS,original,60,EUR,60,already ex-VAT,no,https://www.outletaccessori.it/display-sharp/3994-display-originale-sharp-apple-iphone-xs-nero-8596311188176.html,YES
parts-store.pl,Poland,iphone 12,original,247.0,PLN,200.81,stripped 23% VAT,no,https://parts-store.pl/pol_m_Wyswietlacze_Wyswietlacze-iPhone-524.html,YES
parts-store.pl,Poland,iphone 12 pro max,original,289.0,PLN,234.96,stripped 23% VAT,no,https://parts-store.pl/pol_m_Wyswietlacze_Wyswietlacze-iPhone-524.html,YES
parts-store.pl,Poland,iphone 13 pro,original,319.0,PLN,259.35,stripped 23% VAT,no,https://parts-store.pl/pol_m_Wyswietlacze_Wyswietlacze-iPhone-524.html,YES
parts4repair.de,Germany,iPhone XS Max,refurb,249.99,EUR,210.08,stripped 19% VAT,no,https://parts4repair.de/iphone-xs-max-display-refurbished,YES
partsfixit.com,USA,iphone 16,pulled,178.0,USD,178.0,VAT basis UNKNOWN — shown as listed,no,https://www.partsfixit.com/apple-spare-parts/iphone-repair-parts,YES
phoneassist.net,Italy,iphone 12 pro,original,94.39,EUR,94.39,VAT basis UNKNOWN — shown as listed,no,https://www.phoneassist.net/it/ricambi-display-lcd/display-lcd-oled-touch-screen-originale-zy-apple-iphone-12-12-pro-schermo-vetro__p2854.html,YES
phoneassist.net,Italy,iphone xs max,original,81.39,EUR,81.39,VAT basis UNKNOWN — shown as listed,no,https://www.phoneassist.net/it/ricambi-display-lcd/display-lcd-per-apple-iphone-xs-max-hard-oled-originale-gx__p925.html,YES
powerlaptop.ro,Romania,iphone 12 mini,original,18.0,RON,18.0,VAT basis UNKNOWN — shown as listed,YES,https://www.powerlaptop.ro/products/adeziv-display-pentru-iphone-12-mini-service-pack-set-2-buc.html,YES
powerlaptop.ro,Romania,iphone 12 pro,original,18.0,RON,18.0,VAT basis UNKNOWN — shown as listed,YES,https://www.powerlaptop.ro/products/copy-of-adeziv-display-pentru-iphone-12-pro-service-pack-set-2-buc.html,YES
powerlaptop.ro,Romania,iphone 12 pro max,original,18.0,RON,18.0,VAT basis UNKNOWN — shown as listed,YES,https://www.powerlaptop.ro/products/adeziv-display-pentru-iphone-12-pro-max-service-pack-set-2-buc.html,YES
powerlaptop.ro,Romania,iphone 13,original,18.0,RON,18.0,VAT basis UNKNOWN — shown as listed,YES,https://www.powerlaptop.ro/products/adeziv-display-pentru-iphone-13-service-pack-set-2-buc.html,YES
powerlaptop.ro,Romania,iphone 13 pro,original,18.0,RON,18.0,VAT basis UNKNOWN — shown as listed,YES,https://www.powerlaptop.ro/products/adeziv-display-pentru-iphone-13-pro-service-pack-set-2-buc.html,YES
powerlaptop.ro,Romania,iphone 13 pro max,original,18.0,RON,18.0,VAT basis UNKNOWN — shown as listed,YES,https://www.powerlaptop.ro/products/adeziv-display-pentru-iphone-13-pro-max-service-pack-set-2-buc.html,YES
powerlaptop.ro,Romania,iphone 14,original,23.0,RON,23.0,VAT basis UNKNOWN — shown as listed,YES,https://www.powerlaptop.ro/products/adeziv-display-pentru-iphone-14-service-pack-set-2-buc.html,YES
powerlaptop.ro,Romania,iphone 14 plus,original,23.0,RON,23.0,VAT basis UNKNOWN — shown as listed,YES,https://www.powerlaptop.ro/products/adeziv-display-pentru-iphone-14-plus-service-pack-set-2-buc.html,YES
powerlaptop.ro,Romania,iphone 14 pro,original,18.0,RON,18.0,VAT basis UNKNOWN — shown as listed,YES,https://www.powerlaptop.ro/products/adeziv-display-pentru-iphone-14-pro-service-pack-set-2-buc.html,YES
powerlaptop.ro,Romania,iphone 14 pro max,original,18.0,RON,18.0,VAT basis UNKNOWN — shown as listed,YES,https://www.powerlaptop.ro/products/adeziv-display-pentru-iphone-14-pro-max-service-pack-set-2-buc.html,YES
powerlaptop.ro,Romania,iphone 15,original,18.0,RON,18.0,VAT basis UNKNOWN — shown as listed,YES,https://www.powerlaptop.ro/products/adeziv-display-pentru-iphone-15-service-pack-set-2-buc.html,YES
powerlaptop.ro,Romania,iphone 15 plus,original,18.0,RON,18.0,VAT basis UNKNOWN — shown as listed,YES,https://www.powerlaptop.ro/products/adeziv-display-pentru-iphone-15-plus-service-pack-set-2-buc.html,YES
powerlaptop.ro,Romania,iphone 15 pro,original,18.0,RON,18.0,VAT basis UNKNOWN — shown as listed,YES,https://www.powerlaptop.ro/products/adeziv-display-pentru-iphone-12-mini-service-pack-set-2-buc.html,YES
powerlaptop.ro,Romania,iphone 15 pro max,original,18.0,RON,18.0,VAT basis UNKNOWN — shown as listed,YES,https://www.powerlaptop.ro/products/adeziv-display-pentru-iphone-15-pro-max-service-pack-set-2-buc.html,YES
powerlaptop.ro,Romania,iphone 16,original,18.0,RON,18.0,VAT basis UNKNOWN — shown as listed,YES,https://www.powerlaptop.ro/products/adeziv-display-pentru-iphone-16-service-pack-set-2-buc.html,YES
powerlaptop.ro,Romania,iphone 16 plus,original,18.0,RON,18.0,VAT basis UNKNOWN — shown as listed,YES,https://www.powerlaptop.ro/products/adeziv-display-pentru-iphone-16-plus-service-pack-set-2-buc.html,YES
powerlaptop.ro,Romania,iphone 16 pro,original,18.0,RON,18.0,VAT basis UNKNOWN — shown as listed,YES,https://www.powerlaptop.ro/products/adeziv-display-pentru-iphone-16-pro-service-pack-set-2-buc.html,YES
powerlaptop.ro,Romania,iphone 16 pro max,original,18.0,RON,18.0,VAT basis UNKNOWN — shown as listed,YES,https://www.powerlaptop.ro/products/adeziv-display-pentru-iphone-16-pro-max-service-pack-set-2-buc.html,YES
ptmobil.cz,Czechia,iphone 12 mini,original,47.0,CZK,47.0,VAT basis UNKNOWN — shown as listed,YES,https://www.ptmobil.cz/22227-lepici-paska-lcd-displeje-apple-iphone-12-mini-neoriginalni.html,YES
puhelinshop.fi,Finland,iphone 11,original,27.08,EUR,27.08,already ex-VAT,no,https://www.puhelinshop.fi/category/9/apple,YES
puhelinshop.fi,Finland,iphone 11,original,33.99,EUR,33.99,already ex-VAT,no,https://www.puhelinshop.fi/category/9/apple,no
puhelinshop.fi,Finland,iphone 11,original,35.99,EUR,35.99,already ex-VAT,no,https://www.puhelinshop.fi/category/9/apple,no
pulledparts.co.uk,UK,iphone 11 pro,refurb,60.0,GBP,60.0,already ex-VAT,no,https://pulledparts.co.uk/product-category/iphone-parts,YES
pulledparts.co.uk,UK,iphone 11 pro,refurb,60.0,GBP,60.0,already ex-VAT,no,https://pulledparts.co.uk/product/apple-iphone-11-pro-lcd-display-refurbished-original/,no
pulledparts.co.uk,UK,iphone x,refurb,50.0,GBP,50.0,already ex-VAT,no,https://pulledparts.co.uk/product-category/iphone-parts,YES
pulledparts.co.uk,UK,iphone x,refurb,50.0,GBP,50.0,already ex-VAT,no,https://pulledparts.co.uk/product/apple-iphone-x-lcd-display-refurbished-original/,no
pulledparts.co.uk,UK,iphone x,refurb,80.0,GBP,80.0,already ex-VAT,no,https://pulledparts.co.uk/product-category/iphone-parts,no
pulledparts.co.uk,UK,iphone xs,refurb,50.0,GBP,50.0,already ex-VAT,no,https://pulledparts.co.uk/product-category/iphone-parts,YES
pulledparts.co.uk,UK,iphone xs,refurb,50.0,GBP,50.0,already ex-VAT,no,https://pulledparts.co.uk/product/apple-iphone-xs-lcd-display-refurbished-original/,no
pulledparts.co.uk,UK,iphone xs,refurb,80.0,GBP,80.0,already ex-VAT,no,https://pulledparts.co.uk/product-category/iphone-parts,no
pulledparts.co.uk,UK,iphone xs max,refurb,55.0,GBP,55.0,already ex-VAT,no,https://pulledparts.co.uk/product-category/iphone-parts,YES
pulledparts.co.uk,UK,iphone xs max,refurb,55.0,GBP,55.0,already ex-VAT,no,https://pulledparts.co.uk/product/apple-iphone-xs-max-lcd-display-refurbished-original/,no
pulledparts.co.uk,UK,iphone xs max,refurb,90.0,GBP,90.0,already ex-VAT,no,https://pulledparts.co.uk/product-category/iphone-parts,no
recovery.lv,Latvia,iphone 11,original,30.0,EUR,30.0,VAT basis UNKNOWN — shown as listed,no,https://www.recovery.lv/lv/catalog/,YES
recovery.lv,Latvia,iphone 11,original,54.99,EUR,54.99,VAT basis UNKNOWN — shown as listed,no,https://www.recovery.lv/lv/catalog/,no
recovery.lv,Latvia,iphone 11 pro,original,31.5,EUR,31.5,VAT basis UNKNOWN — shown as listed,no,https://www.recovery.lv/lv/catalog/,YES
recovery.lv,Latvia,iphone 11 pro max,original,33.5,EUR,33.5,VAT basis UNKNOWN — shown as listed,no,https://www.recovery.lv/lv/catalog/,YES
recovery.lv,Latvia,iphone 12,original,32.5,EUR,32.5,VAT basis UNKNOWN — shown as listed,no,https://www.recovery.lv/lv/catalog/,YES
recovery.lv,Latvia,iphone 12,original,83.5,EUR,83.5,VAT basis UNKNOWN — shown as listed,no,https://www.recovery.lv/lv/catalog/,no
recovery.lv,Latvia,iphone 12,original,130.0,EUR,130.0,VAT basis UNKNOWN — shown as listed,no,https://www.recovery.lv/lv/catalog/,no
recovery.lv,Latvia,iphone 12 mini,original,12.0,EUR,12.0,VAT basis UNKNOWN — shown as listed,no,https://www.recovery.lv/lv/catalog/,YES
recovery.lv,Latvia,iphone 12 mini,original,22.0,EUR,22.0,VAT basis UNKNOWN — shown as listed,no,https://www.recovery.lv/lv/catalog/,no
recovery.lv,Latvia,iphone 12 mini,original,23.55,EUR,23.55,VAT basis UNKNOWN — shown as listed,no,https://www.recovery.lv/lv/catalog/,no
recovery.lv,Latvia,iphone 12 mini,original,129.0,EUR,129.0,VAT basis UNKNOWN — shown as listed,no,https://www.recovery.lv/lv/catalog/,no
recovery.lv,Latvia,iphone 12 pro,original,65.0,EUR,65.0,VAT basis UNKNOWN — shown as listed,no,https://www.recovery.lv/lv/catalog/,YES
recovery.lv,Latvia,iphone 12 pro,original,75.0,EUR,75.0,VAT basis UNKNOWN — shown as listed,no,https://www.recovery.lv/lv/catalog/,no
recovery.lv,Latvia,iphone 12 pro max,original,34.5,EUR,34.5,VAT basis UNKNOWN — shown as listed,no,https://www.recovery.lv/lv/catalog/,YES
recovery.lv,Latvia,iphone 12 pro max,original,75.99,EUR,75.99,VAT basis UNKNOWN — shown as listed,no,https://www.recovery.lv/lv/catalog/,no
recovery.lv,Latvia,iphone 13,original,34.5,EUR,34.5,VAT basis UNKNOWN — shown as listed,no,https://www.recovery.lv/lv/catalog/,YES
recovery.lv,Latvia,iphone 13,original,45.0,EUR,45.0,VAT basis UNKNOWN — shown as listed,no,https://www.recovery.lv/lv/catalog/,no
recovery.lv,Latvia,iphone 13,original,83.5,EUR,83.5,VAT basis UNKNOWN — shown as listed,no,https://www.recovery.lv/lv/catalog/,no
recovery.lv,Latvia,iphone 13 mini,original,28.5,EUR,28.5,VAT basis UNKNOWN — shown as listed,no,https://www.recovery.lv/lv/catalog/,YES
recovery.lv,Latvia,iphone 13 mini,original,75.0,EUR,75.0,VAT basis UNKNOWN — shown as listed,no,https://www.recovery.lv/lv/catalog/,no
recovery.lv,Latvia,iphone 13 mini,original,190.0,EUR,190.0,VAT basis UNKNOWN — shown as listed,no,https://www.recovery.lv/lv/catalog/,no
recovery.lv,Latvia,iphone 13 pro,original,34.5,EUR,34.5,VAT basis UNKNOWN — shown as listed,no,https://www.recovery.lv/lv/catalog/,YES
recovery.lv,Latvia,iphone 13 pro,original,83.5,EUR,83.5,VAT basis UNKNOWN — shown as listed,no,https://www.recovery.lv/lv/catalog/,no
recovery.lv,Latvia,iphone 13 pro max,original,34.5,EUR,34.5,VAT basis UNKNOWN — shown as listed,no,https://www.recovery.lv/lv/catalog/,YES
recovery.lv,Latvia,iphone 13 pro max,original,83.5,EUR,83.5,VAT basis UNKNOWN — shown as listed,no,https://www.recovery.lv/lv/catalog/,no
recovery.lv,Latvia,iphone 14,original,6.0,EUR,6.0,VAT basis UNKNOWN — shown as listed,no,https://www.recovery.lv/lv/catalog/,YES
recovery.lv,Latvia,iphone 14,original,34.5,EUR,34.5,VAT basis UNKNOWN — shown as listed,no,https://www.recovery.lv/lv/catalog/,no
recovery.lv,Latvia,iphone 14,original,65.0,EUR,65.0,VAT basis UNKNOWN — shown as listed,no,https://www.recovery.lv/lv/catalog/,no
recovery.lv,Latvia,iphone 14,original,83.5,EUR,83.5,VAT basis UNKNOWN — shown as listed,no,https://www.recovery.lv/lv/catalog/,no
recovery.lv,Latvia,iphone 14 plus,original,35.5,EUR,35.5,VAT basis UNKNOWN — shown as listed,no,https://www.recovery.lv/lv/catalog/,YES
recovery.lv,Latvia,iphone 14 plus,original,83.5,EUR,83.5,VAT basis UNKNOWN — shown as listed,no,https://www.recovery.lv/lv/catalog/,no
recovery.lv,Latvia,iphone 14 pro,original,7.0,EUR,7.0,VAT basis UNKNOWN — shown as listed,no,https://www.recovery.lv/lv/catalog/,YES
recovery.lv,Latvia,iphone 14 pro,original,36.5,EUR,36.5,VAT basis UNKNOWN — shown as listed,no,https://www.recovery.lv/lv/catalog/,no
recovery.lv,Latvia,iphone 14 pro,original,65.0,EUR,65.0,VAT basis UNKNOWN — shown as listed,no,https://www.recovery.lv/lv/catalog/,no
recovery.lv,Latvia,iphone 14 pro,original,83.5,EUR,83.5,VAT basis UNKNOWN — shown as listed,no,https://www.recovery.lv/lv/catalog/,no
recovery.lv,Latvia,iphone 14 pro,refurb,271.0,EUR,271.0,VAT basis UNKNOWN — shown as listed,no,https://www.recovery.lv/lv/catalog/,no
recovery.lv,Latvia,iphone 14 pro max,refurb,22.0,EUR,22.0,VAT basis UNKNOWN — shown as listed,no,https://www.recovery.lv/lv/catalog/,YES
recovery.lv,Latvia,iphone 14 pro max,original,38.5,EUR,38.5,VAT basis UNKNOWN — shown as listed,no,https://www.recovery.lv/lv/catalog/,no
recovery.lv,Latvia,iphone 14 pro max,original,83.5,EUR,83.5,VAT basis UNKNOWN — shown as listed,no,https://www.recovery.lv/lv/catalog/,no
recovery.lv,Latvia,iphone 14 pro max,refurb,352.0,EUR,352.0,VAT basis UNKNOWN — shown as listed,no,https://www.recovery.lv/lv/catalog/,no
recovery.lv,Latvia,iphone 15,original,38.5,EUR,38.5,VAT basis UNKNOWN — shown as listed,no,https://www.recovery.lv/lv/catalog/,YES
recovery.lv,Latvia,iphone 15,original,83.5,EUR,83.5,VAT basis UNKNOWN — shown as listed,no,https://www.recovery.lv/lv/catalog/,no
recovery.lv,Latvia,iphone 15 plus,original,43.5,EUR,43.5,VAT basis UNKNOWN — shown as listed,no,https://www.recovery.lv/lv/catalog/,YES
recovery.lv,Latvia,iphone 15 plus,original,83.5,EUR,83.5,VAT basis UNKNOWN — shown as listed,no,https://www.recovery.lv/lv/catalog/,no
recovery.lv,Latvia,iphone 15 pro,original,7.0,EUR,7.0,VAT basis UNKNOWN — shown as listed,no,https://www.recovery.lv/lv/catalog/,YES
recovery.lv,Latvia,iphone 15 pro,original,36.0,EUR,36.0,VAT basis UNKNOWN — shown as listed,no,https://www.recovery.lv/lv/catalog/,no
recovery.lv,Latvia,iphone 15 pro,original,75.99,EUR,75.99,VAT basis UNKNOWN — shown as listed,no,https://www.recovery.lv/lv/catalog/,no
recovery.lv,Latvia,iphone 15 pro,original,83.5,EUR,83.5,VAT basis UNKNOWN — shown as listed,no,https://www.recovery.lv/lv/catalog/,no
recovery.lv,Latvia,iphone 15 pro,refurb,295.0,EUR,295.0,VAT basis UNKNOWN — shown as listed,no,https://www.recovery.lv/lv/catalog/,no
recovery.lv,Latvia,iphone 15 pro,refurb,321.0,EUR,321.0,VAT basis UNKNOWN — shown as listed,no,https://www.recovery.lv/lv/catalog/,no
recovery.lv,Latvia,iphone 15 pro max,original,7.0,EUR,7.0,VAT basis UNKNOWN — shown as listed,no,https://www.recovery.lv/lv/catalog/,YES
recovery.lv,Latvia,iphone 15 pro max,original,43.5,EUR,43.5,VAT basis UNKNOWN — shown as listed,no,https://www.recovery.lv/lv/catalog/,no
recovery.lv,Latvia,iphone 15 pro max,original,83.5,EUR,83.5,VAT basis UNKNOWN — shown as listed,no,https://www.recovery.lv/lv/catalog/,no
recovery.lv,Latvia,iphone 15 pro max,original,290.0,EUR,290.0,VAT basis UNKNOWN — shown as listed,no,https://www.recovery.lv/lv/catalog/,no
recovery.lv,Latvia,iphone 16,original,44.5,EUR,44.5,VAT basis UNKNOWN — shown as listed,no,https://www.recovery.lv/lv/catalog/,YES
recovery.lv,Latvia,iphone 16,original,82.5,EUR,82.5,VAT basis UNKNOWN — shown as listed,no,https://www.recovery.lv/lv/catalog/,no
recovery.lv,Latvia,iphone 16 plus,original,52.5,EUR,52.5,VAT basis UNKNOWN — shown as listed,no,https://www.recovery.lv/lv/catalog/,YES
recovery.lv,Latvia,iphone 16 plus,original,53.99,EUR,53.99,VAT basis UNKNOWN — shown as listed,no,https://www.recovery.lv/lv/catalog/,no
recovery.lv,Latvia,iphone 16 plus,original,82.99,EUR,82.99,VAT basis UNKNOWN — shown as listed,no,https://www.recovery.lv/lv/catalog/,no
recovery.lv,Latvia,iphone 16 pro,original,7.0,EUR,7.0,VAT basis UNKNOWN — shown as listed,no,https://www.recovery.lv/lv/catalog/,YES
recovery.lv,Latvia,iphone 16 pro,original,50.0,EUR,50.0,VAT basis UNKNOWN — shown as listed,no,https://www.recovery.lv/lv/catalog/,no
recovery.lv,Latvia,iphone 16 pro,original,102.99,EUR,102.99,VAT basis UNKNOWN — shown as listed,no,https://www.recovery.lv/lv/catalog/,no
recovery.lv,Latvia,iphone 16 pro,original,133.0,EUR,133.0,VAT basis UNKNOWN — shown as listed,no,https://www.recovery.lv/lv/catalog/,no
recovery.lv,Latvia,iphone 16 pro,refurb,385.0,EUR,385.0,VAT basis UNKNOWN — shown as listed,no,https://www.recovery.lv/lv/catalog/,no
recovery.lv,Latvia,iphone 16 pro max,original,52.5,EUR,52.5,VAT basis UNKNOWN — shown as listed,no,https://www.recovery.lv/lv/catalog/,YES
recovery.lv,Latvia,iphone 16 pro max,refurb,70.0,EUR,70.0,VAT basis UNKNOWN — shown as listed,no,https://www.recovery.lv/lv/catalog/,no
recovery.lv,Latvia,iphone 16 pro max,original,102.99,EUR,102.99,VAT basis UNKNOWN — shown as listed,no,https://www.recovery.lv/lv/catalog/,no
recovery.lv,Latvia,iphone 16 pro max,refurb,385.0,EUR,385.0,VAT basis UNKNOWN — shown as listed,no,https://www.recovery.lv/lv/catalog/,no
recovery.lv,Latvia,iphone 16e,original,83.5,EUR,83.5,VAT basis UNKNOWN — shown as listed,no,https://www.recovery.lv/lv/catalog/,YES
recovery.lv,Latvia,iphone x,original,90.0,EUR,90.0,VAT basis UNKNOWN — shown as listed,no,https://www.recovery.lv/lv/catalog/,YES
recovery.lv,Latvia,iphone xr,original,12.0,EUR,12.0,VAT basis UNKNOWN — shown as listed,no,https://www.recovery.lv/lv/catalog/,YES
recovery.lv,Latvia,iphone xr,original,55.0,EUR,55.0,VAT basis UNKNOWN — shown as listed,no,https://www.recovery.lv/lv/catalog/,no
recovery.lv,Latvia,iphone xs,original,35.0,EUR,35.0,VAT basis UNKNOWN — shown as listed,no,https://www.recovery.lv/lv/catalog/,YES
recovery.lv,Latvia,iphone xs max,original,35.0,EUR,35.0,VAT basis UNKNOWN — shown as listed,no,https://www.recovery.lv/lv/catalog/,YES
reparation-iphone.com,France,iPhone 14 Pro Max,original,329.9,EUR,274.92,stripped 20% VAT,no,https://www.reparation-iphone.com/accueil/2381-ecran-apple-iphone-14-pro-max-complet-vitre-tactile-lcd-retina-original.html,YES
reparation-iphone.com,France,iPhone 15,original,209.9,EUR,174.92,stripped 20% VAT,no,https://www.reparation-iphone.com/accueil/2386-ecran-iphone-15-complet-vitre-tactile-lcd-retina-original.html,YES
reparatur-werk.com,Germany,iphone 14 plus,original,129.0,EUR,108.4,stripped 19% VAT,no,https://www.reparatur-werk.com/p/apple-iphone-14-plus-original-display-reparaturset,YES
reparatur-werk.com,Germany,iphone 14 pro,original,24.9,EUR,20.92,stripped 19% VAT,no,https://www.reparatur-werk.com/p/iphone-14-pro-original-ladebuchse-dock-connector-set,YES
repuestostic.com,Spain,iphone 12,original,2.9,EUR,2.9,VAT basis UNKNOWN — shown as listed,no,https://www.repuestostic.com/es/repuestos-iphone-12/22314-set-tornillos-inferiores-iphone-12-pentagonal-pentalobe-original-apple-plata.html,YES
repuestostic.com,Spain,iphone 12,original,99.0,EUR,99.0,VAT basis UNKNOWN — shown as listed,no,https://www.repuestostic.com/es/repuestos-iphone-12-pro/11435-pantalla-original-iphone-12-12-pro.html,no
repuestostic.com,Spain,iphone 12,original,350.0,EUR,350.0,VAT basis UNKNOWN — shown as listed,no,https://www.repuestostic.com/es/repuestos-iphone-12/22355-cambio-pantalla-iphone-12-original-apple-oficial.html,no
repuestostic.com,Spain,iphone 12 pro,original,119.0,EUR,119.0,VAT basis UNKNOWN — shown as listed,no,https://www.repuestostic.com/es/repuestos-iphone-12-pro/11436-reparacion-cambio-pantalla-original-iphone-12-12-pro.html,YES
riparata.it,Italy,iphone 14,original,11.95,EUR,11.95,VAT basis UNKNOWN — shown as listed,no,https://www.riparata.it/store-online/ricambi-b2b,YES
riparata.it,Italy,iphone 14,original,12.95,EUR,12.95,VAT basis UNKNOWN — shown as listed,no,https://www.riparata.it/store-online/ricambi-b2b,no
riparata.it,Italy,iphone 14,original,15.95,EUR,15.95,VAT basis UNKNOWN — shown as listed,no,https://www.riparata.it/store-online/ricambi-b2b,no
riparata.it,Italy,iphone 15,original,9.56,EUR,9.56,VAT basis UNKNOWN — shown as listed,no,https://www.riparata.it/store-online/ricambi-b2b,YES
riparata.it,Italy,iphone 15,original,14.95,EUR,14.95,VAT basis UNKNOWN — shown as listed,no,https://www.riparata.it/store-online/ricambi-b2b,no
riparata.it,Italy,iphone 16,original,12.95,EUR,12.95,VAT basis UNKNOWN — shown as listed,no,https://www.riparata.it/store-online/ricambi-b2b,YES
riparata.it,Italy,iphone 16,original,13.56,EUR,13.56,VAT basis UNKNOWN — shown as listed,no,https://www.riparata.it/store-online/ricambi-b2b,no
riparata.it,Italy,iphone 16,original,14.95,EUR,14.95,VAT basis UNKNOWN — shown as listed,no,https://www.riparata.it/store-online/ricambi-b2b,no
riparata.it,Italy,iphone 16,original,21.95,EUR,21.95,VAT basis UNKNOWN — shown as listed,no,https://www.riparata.it/store-online/ricambi-b2b,no
screenshelf.ie,Ireland,iPhone X,refurb,49.99,EUR,40.64,stripped 23% VAT,no,https://screenshelf.ie/products/iphone-x-lcd-screen-replacement-refurbished?_pos=8&_sid=69f8f0b7a&_ss=r,YES
secondgoelectro.nl,Netherlands,iphone 11,original,33.02,EUR,33.02,VAT basis UNKNOWN — shown as listed,no,https://www.secondgoelectro.nl/apple/onderdelen/,YES
secondgoelectro.nl,Netherlands,iphone 11,original,39.95,EUR,39.95,VAT basis UNKNOWN — shown as listed,no,https://www.secondgoelectro.nl/apple/onderdelen/,no
secondgoelectro.nl,Netherlands,iphone 12,original,16.49,EUR,16.49,VAT basis UNKNOWN — shown as listed,no,https://www.secondgoelectro.nl/apple/onderdelen/,YES
secondgoelectro.nl,Netherlands,iphone 12,original,19.95,EUR,19.95,VAT basis UNKNOWN — shown as listed,no,https://www.secondgoelectro.nl/apple/onderdelen/,no
secondgoelectro.nl,Netherlands,iphone 12,original,33.06,EUR,33.06,VAT basis UNKNOWN — shown as listed,no,https://www.secondgoelectro.nl/apple/onderdelen/,no
secondgoelectro.nl,Netherlands,iphone 12,original,40.0,EUR,40.0,VAT basis UNKNOWN — shown as listed,no,https://www.secondgoelectro.nl/apple/onderdelen/,no
secondgoelectro.nl,Netherlands,iphone 12,original,45.45,EUR,45.45,VAT basis UNKNOWN — shown as listed,no,https://www.secondgoelectro.nl/apple/onderdelen/,no
secondgoelectro.nl,Netherlands,iphone 12,original,55.0,EUR,55.0,VAT basis UNKNOWN — shown as listed,no,https://www.secondgoelectro.nl/apple/onderdelen/,no
secondgoelectro.nl,Netherlands,iphone x,original,61.94,EUR,61.94,VAT basis UNKNOWN — shown as listed,no,https://www.secondgoelectro.nl/apple/onderdelen/,YES
secondgoelectro.nl,Netherlands,iphone x,original,74.95,EUR,74.95,VAT basis UNKNOWN — shown as listed,no,https://www.secondgoelectro.nl/apple/onderdelen/,no
secondgoelectro.nl,Netherlands,iphone xr,original,24.75,EUR,24.75,VAT basis UNKNOWN — shown as listed,no,https://www.secondgoelectro.nl/apple/onderdelen/,YES
secondgoelectro.nl,Netherlands,iphone xr,original,29.95,EUR,29.95,VAT basis UNKNOWN — shown as listed,no,https://www.secondgoelectro.nl/apple/onderdelen/,no
servisnediely.sk,Slovakia,iphone 11,original,46.84,EUR,46.84,VAT basis UNKNOWN — shown as listed,no,https://www.servisnediely.sk/Servisne-diely/LCD-displej-a-dotykove-sklo-iPhone-11-originalny,YES
servisnediely.sk,Slovakia,iphone 13 pro,original,59.77,EUR,59.77,VAT basis UNKNOWN — shown as listed,no,https://www.servisnediely.sk/Servisne-diely/Originalna-bateria-pre-iPhone-13-Pro-Service-Pack,YES
servisnidily.cz,Czechia,iPhone 13,pulled,2066,CZK,2066,VAT basis UNKNOWN — shown as listed,YES,https://www.servisnidily.cz/Servisni-dily/iPhone-13-LCD-displej-dotykove-sklo-originalni-PULL-diagnostic,YES
signalocentras.lt,Lithuania,iPhone 11,original,95,EUR,95,VAT basis UNKNOWN — shown as listed,no,http://signalocentras.lt/telefonija/telefonu-ekranai-lcd/iphone-ipad/lcdtouch-screen-iphone-11-juodas-black-service-pack--25391,YES
signalocentras.lt,Lithuania,iPhone 11,refurb,95,EUR,95,VAT basis UNKNOWN — shown as listed,no,http://signalocentras.lt/telefonija/telefonu-ekranai-lcd/iphone-ipad/lcdtouch-screen-iphone-11-o-25352,no
signalocentras.lt,Lithuania,iPhone 12 / 12 Pro,original,160,EUR,160,VAT basis UNKNOWN — shown as listed,no,http://signalocentras.lt/telefonija/telefonu-ekranai-lcd/iphone-ipad/lcdtouch-screen-iphone-12-juodas-black-service-pack-oem100596-25407,YES
signalocentras.lt,Lithuania,iphone 11,refurb,76.0,EUR,76.0,VAT basis UNKNOWN — shown as listed,no,https://signalocentras.lt/telefonija/telefonu-ekranai-lcd/iphone-ipad,YES
signalocentras.lt,Lithuania,iphone 11,refurb,95.0,EUR,95.0,VAT basis UNKNOWN — shown as listed,no,https://signalocentras.lt/telefonija/telefonu-ekranai-lcd/iphone-ipad,no
signalocentras.lt,Lithuania,iphone 11,original,249.0,EUR,249.0,VAT basis UNKNOWN — shown as listed,no,http://signalocentras.lt/telefonija/telefonu-ekranai-lcd/iphone-ipad/lcdtouch-screen-iphone-11-juodas-black-service-pack--25391,no
signalocentras.lt,Lithuania,iphone 12,original,128.0,EUR,128.0,VAT basis UNKNOWN — shown as listed,no,https://signalocentras.lt/telefonija/telefonu-ekranai-lcd/iphone-ipad,YES
signalocentras.lt,Lithuania,iphone 12,original,160.0,EUR,160.0,VAT basis UNKNOWN — shown as listed,no,https://signalocentras.lt/telefonija/telefonu-ekranai-lcd/iphone-ipad,no
signalocentras.lt,Lithuania,iphone 12 pro,original,160.0,EUR,160.0,VAT basis UNKNOWN — shown as listed,no,http://signalocentras.lt/telefonija/telefonu-ekranai-lcd/iphone-ipad/lcdtouch-screen-iphone-12-juodas-black-service-pack-oem100596-25407,YES
sirenwireless.com,USA,iphone 12 mini,refurb,71.17,USD,71.17,VAT basis UNKNOWN — shown as listed,YES,https://sirenwireless.com/oled-and-digitizer-assembly-for-iphone-12-mini-refurbished,YES
sirenwireless.com,USA,iphone 12 pro,refurb,60.84,USD,60.84,VAT basis UNKNOWN — shown as listed,YES,https://sirenwireless.com/oled-and-digitizer-assembly-for-iphone-12-iphone-12-pro-refurbished,YES
sirenwireless.com,USA,iphone 12 pro max,refurb,141.11,USD,141.11,VAT basis UNKNOWN — shown as listed,YES,https://sirenwireless.com/oled-and-digitizer-assembly-for-iphone-12-pro-max-refurbished,YES
sirenwireless.com,USA,iphone 13,refurb,69.98,USD,69.98,VAT basis UNKNOWN — shown as listed,YES,https://sirenwireless.com/oled-and-digitizer-assembly-for-iphone-13-refurbished,YES
sirenwireless.com,USA,iphone 13 pro,refurb,98.01,USD,98.01,VAT basis UNKNOWN — shown as listed,YES,https://sirenwireless.com/oled-and-digitizer-assembly-for-iphone-13-pro-refurbished,YES
sirenwireless.com,USA,iphone 13 pro max,refurb,122.8,USD,122.8,VAT basis UNKNOWN — shown as listed,YES,https://sirenwireless.com/oled-and-digitizer-assembly-for-iphone-13-pro-max-refurbished,YES
sirenwireless.com,USA,iphone 14,refurb,76.92,USD,76.92,VAT basis UNKNOWN — shown as listed,YES,https://sirenwireless.com/oled-and-digitizer-assembly-for-iphone-14-refurbished,YES
sirenwireless.com,USA,iphone 14 plus,refurb,134.95,USD,134.95,VAT basis UNKNOWN — shown as listed,YES,https://sirenwireless.com/oled-and-digitizer-assembly-for-iphone-14-plus-refurbished,YES
sirenwireless.com,USA,iphone 14 pro,refurb,147.58,USD,147.58,VAT basis UNKNOWN — shown as listed,YES,https://sirenwireless.com/oled-and-digitizer-assembly-for-iphone-14-pro-refurbished,YES
sirenwireless.com,USA,iphone 14 pro max,refurb,179.89,USD,179.89,VAT basis UNKNOWN — shown as listed,YES,https://sirenwireless.com/oled-and-digitizer-assembly-for-iphone-14-pro-max-refurbished,YES
sirenwireless.com,USA,iphone 15,refurb,157.91,USD,157.91,VAT basis UNKNOWN — shown as listed,YES,https://sirenwireless.com/oled-and-digitizer-assembly-for-iphone-15-refurbished,YES
sirenwireless.com,USA,iphone 15 plus,refurb,139.91,USD,139.91,VAT basis UNKNOWN — shown as listed,YES,https://sirenwireless.com/oled-and-digitizer-assembly-for-iphone-15-plus-refurbished,YES
sirenwireless.com,USA,iphone 15 pro,refurb,195.98,USD,195.98,VAT basis UNKNOWN — shown as listed,YES,https://sirenwireless.com/oled-and-digitizer-assembly-for-iphone-15-pro-refurbished,YES
sirenwireless.com,USA,iphone 15 pro max,refurb,214.56,USD,214.56,VAT basis UNKNOWN — shown as listed,YES,https://sirenwireless.com/oled-and-digitizer-assembly-for-iphone-15-pro-max-refurbished,YES
skiles.lt,Lithuania,iphone 13,original,9.99,EUR,9.99,VAT basis UNKNOWN — shown as listed,no,https://skiles.lt/kategorija/kitos-dalys-visos/,YES
skiles.lt,Lithuania,iphone x,original,2.0,EUR,2.0,VAT basis UNKNOWN — shown as listed,no,https://skiles.lt/kategorija/kitos-dalys-visos/,YES
skiles.lt,Lithuania,iphone x,original,9.49,EUR,9.49,VAT basis UNKNOWN — shown as listed,no,https://skiles.lt/kategorija/kitos-dalys-visos/,no
skiles.lt,Lithuania,iphone xr,original,6.99,EUR,6.99,VAT basis UNKNOWN — shown as listed,no,https://skiles.lt/kategorija/kitos-dalys-visos/,YES
skiles.lt,Lithuania,iphone xs,original,6.99,EUR,6.99,VAT basis UNKNOWN — shown as listed,no,https://skiles.lt/kategorija/kitos-dalys-visos/,YES
skiles.lt,Lithuania,iphone xs max,original,6.99,EUR,6.99,VAT basis UNKNOWN — shown as listed,no,https://skiles.lt/kategorija/kitos-dalys-visos/,YES
smartstores.sk,Slovakia,iphone 15,original,24.9,,24.9,already ex-VAT,no,https://www.smartstores.sk/,YES
smartstores.sk,Slovakia,iphone xr,original,39.9,EUR,39.9,already ex-VAT,no,https://www.smartstores.sk/apple-iphone-xr-lcd-displej-dotykova-plocha-ram-original/,YES
smeugsm.ro,Romania,iphone x,original,250.0,RON,250.0,VAT basis UNKNOWN — shown as listed,YES,https://smeugsm.ro/produs/display-iphone-x-original-inlocuire-profesionala/,YES
starphoneparts.com,UK,iphone 11,original,33.0,GBP,33.0,VAT basis UNKNOWN — shown as listed,no,https://starphoneparts.com/product/genuine-iphone-11-service-pack-lcd-assembly/,YES
starphoneparts.com,UK,iphone 11 pro,original,72.0,GBP,72.0,VAT basis UNKNOWN — shown as listed,no,https://starphoneparts.com/product/genuine-iphone-11-pro-service-pack-lcd-assembly/,YES
starphoneparts.com,UK,iphone 11 pro max,original,82.0,GBP,82.0,VAT basis UNKNOWN — shown as listed,no,https://starphoneparts.com/product/genuine-iphone-11-pro-max-service-pack-lcd-assembly/,YES
starphoneparts.com,UK,iphone 13,original,86.0,GBP,86.0,VAT basis UNKNOWN — shown as listed,no,https://starphoneparts.com/product/genuine-iphone-13-service-pack-lcd-assembly/,YES
starphoneparts.com,UK,iphone 13 mini,original,117.0,GBP,117.0,VAT basis UNKNOWN — shown as listed,no,https://starphoneparts.com/product/genuine-iphone-13-mini-service-pack-lcd-assembly/,YES
starphoneparts.com,UK,iphone 14,original,107.0,GBP,107.0,VAT basis UNKNOWN — shown as listed,no,https://starphoneparts.com/product/genuine-iphone-14-service-pack-lcd-assembly/,YES
starphoneparts.com,UK,iphone 14 plus,original,122.0,GBP,122.0,VAT basis UNKNOWN — shown as listed,no,https://starphoneparts.com/product/genuine-iphone-14-plus-service-pack-lcd-assembly/,YES
starphoneparts.com,UK,iphone 14 pro max,original,295.0,GBP,295.0,VAT basis UNKNOWN — shown as listed,no,https://starphoneparts.com/product/genuine-iphone-14-pro-max-service-pack-lcd-assembly/,YES
starphoneparts.com,UK,iphone 15 plus,original,236.0,GBP,236.0,VAT basis UNKNOWN — shown as listed,no,https://starphoneparts.com/product/genuine-iphone-15-plus-service-pack-lcd-assembly/,YES
starphoneparts.com,UK,iphone 15 pro max,original,300.0,GBP,300.0,VAT basis UNKNOWN — shown as listed,no,https://starphoneparts.com/product/genuine-iphone-15-pro-max-service-pack-lcd-assembly/,YES
suojakalvotukku.fi,Finland,iphone 14 pro max,original,9.95,EUR,9.95,VAT basis UNKNOWN — shown as listed,no,https://www.suojakalvotukku.fi/searchproduct/20480/iphone+screen,YES
teevo.com,China,iphone 13,pulled,94.12,USD,94.12,already ex-VAT,no,https://www.teevo.com/products/1563138,YES
teevo.com,China,iphone 13 pro,pulled,224.43,USD,224.43,already ex-VAT,no,https://www.teevo.com/products/1496299,YES
teevo.com,China,iphone 13 pro max,pulled,296.83,USD,296.83,already ex-VAT,no,https://www.teevo.com/products/1498003,YES
teevo.com,China,iphone 14,pulled,298.91,USD,298.91,already ex-VAT,no,https://www.teevo.com/products/1560647,YES
teevo.com,China,iphone 14 pro,refurb,57.29,USD,57.29,already ex-VAT,no,https://www.teevo.com/products/1558623,YES
teevo.com,China,iphone 14 pro,pulled,305.88,USD,305.88,already ex-VAT,no,https://www.teevo.com/products/1501395,no
teevo.com,China,iphone 14 pro max,refurb,63.62,USD,63.62,already ex-VAT,no,https://www.teevo.com/products/1554804,YES
teevo.com,China,iphone 15,pulled,271.49,USD,271.49,already ex-VAT,no,https://www.teevo.com/products/1557263,YES
teevo.com,China,iphone 15 plus,pulled,313.12,USD,313.12,already ex-VAT,no,https://www.teevo.com/products/1557264,YES
teevo.com,China,iphone 15 pro max,original,352.94,USD,352.94,already ex-VAT,no,https://www.teevo.com/products/1557266,YES
teevo.com,China,iphone 16 pro,refurb,60.0,USD,60.0,already ex-VAT,no,https://www.teevo.com/products/1562686,YES
teevo.com,China,iphone 16 pro max,original,356.56,USD,356.56,already ex-VAT,no,https://www.teevo.com/products/1560649,YES
teevo.com,China,iphone xr,refurb,16.86,USD,16.86,already ex-VAT,no,https://www.teevo.com/products/1474273?_pos=8&_sid=e42fb8b4b&_ss=r,YES
teevo.com,China,iphone xs max,pulled,57.92,USD,57.92,already ex-VAT,no,https://www.teevo.com/products/1553542,YES
teknikhouse.se,Sweden,iphone 11,original,690.0,SEK,690.0,VAT basis UNKNOWN — shown as listed,no,https://teknikhouse.se/mobilreservdelar/apple/iphone-11/,YES
teknikhouse.se,Sweden,iphone 11,original,1290.0,SEK,1290.0,VAT basis UNKNOWN — shown as listed,no,https://teknikhouse.se/mobilreservdelar/apple/iphone-11/,no
teknikhouse.se,Sweden,iphone 11,original,1390.0,SEK,1390.0,VAT basis UNKNOWN — shown as listed,no,https://teknikhouse.se/mobilreservdelar/apple/iphone-11/,no
teknikhouse.se,Sweden,iphone 11,original,1490.0,SEK,1490.0,VAT basis UNKNOWN — shown as listed,no,https://teknikhouse.se/mobilreservdelar/apple/iphone-11/,no
teknikhouse.se,Sweden,iphone 11,original,1790.0,SEK,1790.0,VAT basis UNKNOWN — shown as listed,no,https://teknikhouse.se/mobilreservdelar/apple/iphone-11/,no
telesource.nl,Netherlands,iphone 12,pulled,29.9,EUR,29.9,VAT basis UNKNOWN — shown as listed,no,https://telesource.nl/,YES
telesource.nl,Netherlands,iphone 12,pulled,47.9,EUR,47.9,VAT basis UNKNOWN — shown as listed,no,https://telesource.nl/,no
telesource.nl,Netherlands,iphone 12 mini,pulled,24.9,EUR,24.9,VAT basis UNKNOWN — shown as listed,no,https://telesource.nl/,YES
telesource.nl,Netherlands,iphone 12 mini,pulled,53.9,EUR,53.9,VAT basis UNKNOWN — shown as listed,no,https://telesource.nl/,no
telesource.nl,Netherlands,iphone 12 pro,pulled,27.9,EUR,27.9,VAT basis UNKNOWN — shown as listed,no,https://telesource.nl/,YES
telesource.nl,Netherlands,iphone 12 pro,pulled,49.9,EUR,49.9,VAT basis UNKNOWN — shown as listed,no,https://telesource.nl/,no
thescreensurgery.com,UK,iphone 11,original,14.95,GBP,14.95,already ex-VAT,no,https://thescreensurgery.com/collections/value-screens,YES
thescreensurgery.com,UK,iphone 11 pro,original,20.95,GBP,20.95,already ex-VAT,no,https://thescreensurgery.com/collections/value-screens,YES
thescreensurgery.com,UK,iphone 11 pro max,original,21.95,GBP,21.95,already ex-VAT,no,https://thescreensurgery.com/collections/value-screens,YES
thescreensurgery.com,UK,iphone 15,original,26.95,GBP,26.95,already ex-VAT,no,https://thescreensurgery.com/collections/value-screens,YES
thescreensurgery.com,UK,iphone x,original,17.95,GBP,17.95,already ex-VAT,no,https://thescreensurgery.com/collections/value-screens,YES
thescreensurgery.com,UK,iphone xr,original,14.95,GBP,14.95,already ex-VAT,no,https://thescreensurgery.com/collections/value-screens,YES
thescreensurgery.com,UK,iphone xs,original,17.95,GBP,17.95,already ex-VAT,no,https://thescreensurgery.com/collections/value-screens,YES
thescreensurgery.com,UK,iphone xs max,original,19.95,GBP,19.95,already ex-VAT,no,https://thescreensurgery.com/collections/value-screens,YES
touchandscreen.de,Germany,iPhone 11,refurb,30.95,EUR,26.01,stripped 19% VAT,YES,https://www.touchandscreen.de/Display-refurbished-inkl-Touchscreen-schwarz-black-passend-fuer-iPhone-11,YES
unlockr.ca,Canada,iphone 11,refurb,42.99,CAD,42.99,VAT basis UNKNOWN — shown as listed,no,https://unlockr.ca/products/iphone-11-lcd-screen-and-digitizer?variant=40787375685806,YES
unlockr.ca,Canada,iphone xr,refurb,41.99,CAD,41.99,VAT basis UNKNOWN — shown as listed,no,https://unlockr.ca/products/iphone-xr-lcd-screen-and-digitizer?variant=40787361956014,YES
utopya.com,France,iphone 15,pulled,9.95,EUR,9.95,already ex-VAT,no,https://www.utopya.com/apple/iphone/iphone-15.html,YES
utopya.com,France,iphone 15,pulled,12.95,EUR,12.95,already ex-VAT,no,https://www.utopya.com/apple/iphone/iphone-15.html,no
utopya.com,France,iphone 15,pulled,36.0,EUR,36.0,already ex-VAT,no,https://www.utopya.com/apple/iphone/iphone-15.html,no
utopya.com,France,iphone 15,pulled,41.0,EUR,41.0,already ex-VAT,no,https://www.utopya.com/apple/iphone/iphone-15.html,no
utopya.com,France,iphone 15,pulled,42.9,EUR,42.9,already ex-VAT,no,https://www.utopya.com/apple/iphone/iphone-15.html,no
utopya.com,France,iphone 15,original,45.78,EUR,45.78,already ex-VAT,no,https://www.utopya.com/apple/iphone/iphone-15.html,no
utopya.com,France,iphone 15,original,46.9,EUR,46.9,already ex-VAT,no,https://www.utopya.com/apple/iphone/iphone-15.html,no
utopya.com,France,iphone 15,original,70.0,EUR,70.0,already ex-VAT,no,https://www.utopya.com/apple/iphone/iphone-15.html,no
utopya.it,Italy,iphone 16 plus,pulled,7.95,EUR,7.95,already ex-VAT,no,https://www.utopya.it/,YES
utopya.it,Italy,iphone 16 pro,pulled,12.95,EUR,12.95,already ex-VAT,no,https://www.utopya.it/,YES
witrigs.com,China,iphone 12 pro max,original,135.0,USD,135.0,already ex-VAT,no,https://witrigs.com/en-fi/products/oem-screen-replacement-for-apple-iphone-12-pro-max?_pos=11&_sid=13c59c92d&_ss=r,YES
witrigs.com,China,iphone 14,original,109.0,USD,109.0,already ex-VAT,no,https://witrigs.com/en-fi/products/oem-screen-replacement-for-iphone-14?_pos=6&_sid=13c59c92d&_ss=r,YES
witrigs.com,China,iphone 15,original,169.0,USD,169.0,already ex-VAT,no,https://witrigs.com/en-fi/products/original-screen-replacement-for-iphone-15?_pos=5&_sid=13c59c92d&_ss=r,YES
witrigs.com,China,iphone 15 plus,original,169.0,USD,169.0,already ex-VAT,no,https://witrigs.com/en-fi/products/original-screen-replacement-for-iphone-15-plus?_pos=21&_sid=13c59c92d&_ss=r,YES
witrigs.com,China,iphone 15 pro max,original,278.0,USD,278.0,already ex-VAT,no,https://witrigs.com/en-fi/products/oem-screen-replacement-for-iphone-15-pro-max?variant=47013060215038,YES
world-itech.com,France,iPhone 11,refurb,69.9,EUR,58.25,stripped 20% VAT,no,https://www.world-itech.com/gb/iphone-11/1904-iphone-11-screen-refurbished-originapples-tools-included.html,YES
world-itech.com,France,iPhone 15,original,249.9,EUR,208.25,stripped 20% VAT,no,https://www.world-itech.com/gb/iphone-15/4222-iphone-15-screen-officialapplee-service-pack-free-tools.html,YES
world-itech.com,France,iPhone 15 Plus,original,379,EUR,315.83,stripped 20% VAT,no,https://www.world-itech.com/gb/iphone-15-plus/4071-iphone-15-plus-screen-original-oledapples-tools-included.html,YES
world-itech.com,France,iPhone 15 Plus,original,399.9,EUR,333.25,stripped 20% VAT,no,https://www.world-itech.com/gb/iphone-15-plus/4223-iphone-15-plus-screen-officialapplee-service-pack-free-tools.html,no
world-itech.com,France,iPhone 15 Pro,original,309.9,EUR,258.25,stripped 20% VAT,no,https://www.world-itech.com/gb/iphone-15-pro/4070-iphone-15-pro-screen-original-oledapples-tools-included.html,YES
world-itech.com,France,iPhone 15 Pro,original,359.9,EUR,299.92,stripped 20% VAT,no,https://www.world-itech.com/gb/iphone-15-pro/4224-iphone-15-pro-screen-official-apple-service-pack-free-tools.html,no
world-itech.com,France,iPhone 15 Pro Max,original,379.9,EUR,316.58,stripped 20% VAT,no,https://www.world-itech.com/gb/iphone-15-pro-max/4069-iphone-15-pro-max-screen-original-oledapples-tools-included.html,YES
world-itech.com,France,iPhone 15 Pro Max,original,399.9,EUR,333.25,stripped 20% VAT,no,https://www.world-itech.com/gb/iphone-15-pro-max/4225-iphone-15-pro-max-screen-officialapplee-service-pack-free-tools.html,no
world-itech.com,France,iphone 11 pro,original,129.9,EUR,108.25,stripped 20% VAT,no,https://www.world-itech.com/gb/iphone-11-pro/4200-iphone-11-pro-screen-officialapplee-service-pack-free-tools.html,YES
world-itech.com,France,iphone 11 pro max,original,149.9,EUR,124.92,stripped 20% VAT,no,https://www.world-itech.com/gb/iphone-11-pro-max/4206-iphone-11-pro-max-screen-officialapplee-service-pack-tools-included.html,YES
world-itech.com,France,iphone 15,original,219.0,EUR,182.5,stripped 20% VAT,no,https://www.world-itech.com/gb/iphone-15/3896-iphone-15-screen-original-oledapples-tools-included.html,YES
yolo.ee,Estonia,iphone 16,glass-changed,195.0,EUR,195.0,VAT basis UNKNOWN — shown as listed,no,https://tartu.yolo.ee/,YES
