Site,Country,Type,Model,Category,List,Login,Price,Currency,URL
a-parts.com.pl,Poland,shop,iPhone 13 Pro,aftermarket-incell,aftermarket,no,128.26,PLN,"https://www.a-parts.com.pl/produkty/wyswietlacz-lcd-ekran-dotykowy-do-iphone-13-pro,3,32499,43472"
24hshop.fr,France,shop,iPhone XS Max,aftermarket-incell,aftermarket,no,39.5,EUR,https://24hshop.fr/super-retina-65-pouces-apple-iphone-xs-max-in-cell-vitre-premium-smartphone-affichage-true-tone-changer-ecran-lcd-lg-hdr-oleoph-2510.html
4repair.pl,Poland,shop,iPhone 16,aftermarket-soft-oled,aftermarket,no,682.49,PLN,https://4repair.pl/zamiennik-apl-wyswietlacz-soft-oled-apple-iphone-16-run-diagnostic-original-size-bez-komunikatu-p-2969.html
24hshop.fr,France,shop,iPhone XS,original,A,no,55.98,EUR,https://24hshop.fr/ecran-tactile-iphone-xs-verre-multi-touch-soft-oled-apple-original-3d-touch-remplacement-hdr-qualite-vitre-oleophobe-sur-chassis-2666.html
24hshop.fr,France,shop,iPhone XS Max,original,A,no,65.98,EUR,https://24hshop.fr/vitre-tactile-ecran-soft-oled-iphone-xs-max-a2103-apple-original-super-retina-65-pouces-smartphone-affichage-true-tone-2956.html
24hshop.fr,France,shop,iPhone XS Max,original,A,no,65.98,EUR,https://24hshop.fr/ecran-soft-oled-verre-multi-touch-apple-iphone-xs-max-a2104-original-smartphone-3d-touch-remplacement-hdr-oleophobe-2961.html
4repair.pl,Poland,shop,iPhone 14 Pro,aftermarket-soft-oled,aftermarket,no,640.49,PLN,https://4repair.pl/zamiennik-apl-wyswietlacz-soft-oled-apple-iphone-14-pro-run-diagnostic-original-size-bez-komunikatu-p-2972.html
24hshop.fr,France,shop,iPhone 11,aftermarket-incell,aftermarket,no,29.5,EUR,https://24hshop.fr/verre-multi-touch-incell-iphone-11-a2111-apple-lcd-premium-smartphone-touch-remplacement-ecran-cristaux-liquides-itrucolor-2416.html
a-parts.com.pl,Poland,shop,iPhone 13 Pro,aftermarket-oled,aftermarket,no,282.53,PLN,"https://www.a-parts.com.pl/produkty/wyswietlacz-lcd-ekran-dotykowy-dd-iphone-13-pro,3,32499,43364"
a-parts.com.pl,Poland,shop,iPhone 13 Pro Max,aftermarket-incell,aftermarket,no,125.71,PLN,"https://www.a-parts.com.pl/produkty/wyswietlacz-lcd-ekran-dotykowy-iphone-13-pro-inc,3,32499,40866"
24hshop.fr,France,shop,iPhone XS,original,A,no,55.98,EUR,https://24hshop.fr/iphone-xs-a2099-ecran-soft-oled-apple-original-super-retina-58-pouces-vitre-smartphone-assemblee-affichage-complet-true-tone-2728.html
a-parts.com.pl,Poland,shop,iPhone 13 Pro Max,aftermarket-oled,aftermarket,no,272.32,PLN,"https://www.a-parts.com.pl/produkty/wyswietlacz-lcd-ekran-dotykowy-iphone-13-pro,3,32499,40879"
a-parts.com.pl,Poland,shop,iPhone 14 Pro,aftermarket-incell,aftermarket,no,137.18,PLN,"https://www.a-parts.com.pl/produkty/wyswietlacz-lcd-ekran-dotykowy-do-iphone-14-pro,3,32499,43465"
4repair.pl,Poland,shop,iPhone 14 Plus,aftermarket-soft-oled,aftermarket,no,490.35,PLN,https://4repair.pl/zamiennik-ncc-wyswietlacz-soft-oled-apple-iphone-14-plus-p-1790.html
a-parts.com.pl,Poland,shop,iPhone 14 Pro,aftermarket-incell,aftermarket,no,119.33,PLN,"https://www.a-parts.com.pl/produkty/wyswietlacz-lcd-ekran-dotykowy-iphone-14-pro-inc,3,32499,40869"
dargilita.lt,Lithuania,shop,iphone 13,aftermarket-incell,aftermarket,no,44.9,EUR,https://dargilita.lt/apple-iphone-telefonu-ekranai//131928-apple-iphone-13-ekranas-premium-incell.html
appleparts.nl,Netherlands,shop,iPhone 14 Pro Max,pulled,A,no,239,EUR,https://appleparts.nl/products/beeldscherm-iphone-14-pro-max-origineel-pulled?_pos=2&_sid=433506182&_ss=r
appleparts.nl,Netherlands,shop,iPhone 15,pulled,A,no,175,EUR,https://appleparts.nl/products/beeldscherm-voor-iphone-15-origineel-pulled?_pos=3&_sid=433506182&_ss=r
appleparts.nl,Netherlands,shop,iPhone 15 Pro,pulled,A,no,319,EUR,https://appleparts.nl/products/beeldscherm-scherm-voor-iphone-15-pro-origineel-pulled-a-grade-met-lichtsensor-flex?_pos=7&_sid=433506182&_ss=r
appleparts.nl,Netherlands,shop,iPhone 14 Plus,pulled,A,no,199,EUR,https://appleparts.nl/products/iphone-14-plus-scherm-origineel-pulled?_pos=9&_sid=433506182&_ss=r
appleparts.nl,Netherlands,shop,iPhone 16 Pro Max,aftermarket-soft-oled,aftermarket,no,99.95,EUR,https://appleparts.nl/products/premium-soft-oled-120hz-scherm-voor-iphone-16-pro-max?_pos=10&_sid=433506182&_ss=r
dutchrepair.nl,Netherlands,shop,iPhone 11 Pro,aftermarket-hard-oled,aftermarket,no,59.98,EUR,https://www.dutchrepair.nl/products/iphone-11-pro-display-hard-oled-scherm
dutchrepair.nl,Netherlands,shop,iPhone X,aftermarket-oled,aftermarket,no,46.9,EUR,https://www.dutchrepair.nl/products/iphone-x-oled-display-a-grade
componentidigitali.com,Italy,shop,iPhone XR,aftermarket-incell,aftermarket,no,11.6,EUR,https://www.componentidigitali.com/it/componenti-digitali-home-page/ricambi-per-cellulari-tablet/ricambi-per-apple-iphone/iphone-xr/display-lcd-per-iphone-xr-incell-zy-a-si-hd-.1.39.627.gp.29926.uw
digitalteck.it,Italy,shop,iPhone 11,aftermarket-hard-oled,aftermarket,no,25,EUR,https://www.digitalteck.it/iphone-11/1195-display-lcd-per-apple-iphone-11-hard-oled-nuovo-con-frame-0630808813177.html
dutchrepair.nl,Netherlands,shop,iPhone 11,unknown,aftermarket,no,30,EUR,https://www.dutchrepair.nl/products/iphone-11-orgineel-display-a-kwaliteit
dutchrepair.nl,Netherlands,shop,iPhone 11 Pro Max,aftermarket-oled,aftermarket,no,74.99,EUR,https://www.dutchrepair.nl/products/kopie-van-iphone-11-pro-max-scherm-compleet-reparatie-set-met-screenprotector
dutchrepair.nl,Netherlands,shop,iPhone 11 Pro Max,unknown,aftermarket,no,39.99,EUR,https://www.dutchrepair.nl/products/kopie-van-iphone-xs-max-scherm-compleet-reparatie-set-met-screenprotector
componentidigitali.com,Italy,shop,iPhone X,aftermarket-incell,aftermarket,no,14.15,EUR,https://www.componentidigitali.com/it/componenti-digitali-home-page/ricambi-per-cellulari-tablet/ricambi-per-apple-iphone/iphone-x/display-lcd-per-iphone-x-incell-zy-ltps-cog-.1.39.581.gp.15293.uw
appleparts.nl,Netherlands,shop,iPhone 16,original,A,no,349,EUR,https://appleparts.nl/products/beeldscherm-scherm-voor-iphone-16-origineel-service-pack-661-44797?_pos=8&_sid=433506182&_ss=r
brotech.it,Italy,shop,iPhone 11,aftermarket-incell,aftermarket,no,13.66,EUR,https://brotech.it/2367-display-iphone-11-incell-zy.html
componentidigitali.com,Italy,shop,iPhone X,aftermarket-incell,aftermarket,no,11.05,EUR,https://www.componentidigitali.com/it/componenti-digitali-home-page/ricambi-per-cellulari-tablet/ricambi-per-apple-iphone/iphone-x/display-lcd-per-iphone-x-incell-zy-a-si-hd-.1.39.581.gp.33018.uw
reparacaomobile.pt,Portugal,shop,iphone x,unknown,aftermarket,no,15.9,EUR,https://www.reparacaomobile.pt/pt/componentes-variados/componentes-telem%C3%B3veis/displays-e-lcds/displays-apple
componentidigitali.com,Italy,shop,iPhone XS,aftermarket-incell,aftermarket,no,11.05,EUR,https://www.componentidigitali.com/it/componenti-digitali-home-page/ricambi-per-cellulari-tablet/ricambi-per-apple-iphone/iphone-xs/display-lcd-per-iphone-xs-incell-zy-a-si-hd-.1.39.625.gp.33030.uw
abraa.com,Austria,shop,iPhone XS,aftermarket-gx,aftermarket,YES,160,USD,https://www.abraa.com/item/originalgx-oled-for-iphone-xs-lcd-display-touch-screen-digitizer-assembly-tested-no-dead-pixel-replacement-lcds-true-tone-727807
componentidigitali.com,Italy,shop,iPhone XS,aftermarket-incell,aftermarket,no,12.75,EUR,https://www.componentidigitali.com/it/componenti-digitali-home-page/ricambi-per-cellulari-tablet/ricambi-per-apple-iphone/iphone-xs/display-lcd-per-iphone-xs-incell-zy-ffhd-.1.39.625.gp.41120.uw
fonix.at,Austria,shop,iPhone 16,aftermarket-hard-oled,aftermarket,YES,39.9,EUR,https://fonix.at/products/iphone-16-display-hard-oled-ncc-premium-ersatzdisplay?variant=56804516790537
fonix.at,Austria,shop,iPhone 15 Pro,flex-replaced,B,YES,359.9,EUR,https://fonix.at/products/iphone-15-pro-display-inkl-hoererflex-service-pack?variant=55587264758025
fonix.at,Austria,shop,iPhone 15 Pro,pulled,A,YES,255.9,EUR,https://fonix.at/products/iphone-15-pro-lcd-display-original-pulled-premium?_pos=2&_sid=3e7624f42&_ss=r
fonix.at,Austria,shop,iPhone 14 Pro,pulled,A,YES,139.9,EUR,https://fonix.at/products/lcd-display-fuer-iphone-14-pro-neu-pulled-ori-qualitaet?_pos=5&_sid=3e7624f42&_ss=r
mobilestar.at,Austria,shop,iPhone 12 Pro Max,aftermarket-lcd,aftermarket,no,42.9,EUR,https://www.mobilestar.at/lcd-display-touchscreen-fuer-iphone-12-pro-max-schwarz-ic-removable-60hz.html
fonix.at,Austria,shop,iPhone 15,refurb,A,YES,149.9,EUR,https://fonix.at/products/lcd-display-fuer-iphone-15-refurbished-ori-qualitaet?_pos=3&_sid=3e7624f42&_ss=r
fonix.at,Austria,shop,iPhone XS Max,refurb,A,YES,44.9,EUR,https://fonix.at/products/iphone-xs-max-lcd-display-refurbished-schwarz?_pos=4&_sid=3e7624f42&_ss=r
mobilestar.at,Austria,shop,iPhone 12 / 12 Pro,aftermarket-soft-oled,aftermarket,no,79.9,EUR,https://www.mobilestar.at/lcd-display-soft-oled-touchscreen-fuer-iphone-12-12-pro-schwarz.html
mobilestar.at,Austria,shop,iPhone 13,aftermarket-oled,aftermarket,no,59.9,EUR,https://www.mobilestar.at/display-touchscreen-soft-oled-kompatibel-mit-apple-iphone-13-run-diagnostics-schwarz.html
mobilestar.at,Austria,shop,iPhone X,aftermarket-lcd,aftermarket,no,24.9,EUR,https://www.mobilestar.at/lcd-display-touchscreen-fuer-iphone-x-schwarz-in-cell.html
repairpartsusa.com,Austria,shop,iPhone XR,aftermarket-lcd,aftermarket,no,15.19,USD,https://repairpartsusa.com/products/iphone-xr-grade-a-black-screen-replacement
phonepartsbg.com,Bulgaria,shop,iPhone 11,aftermarket-lcd,aftermarket,YES,30,BGN,https://www.phonepartsbg.com/index.php?route=product/product&product_id=1542
repairpartsusa.com,Austria,shop,iPhone 14 Pro Max,aftermarket-soft-oled,aftermarket,no,79.99,USD,https://repairpartsusa.com/products/iphone-14-pro-max-premium-soft-oled-and-digitizer-glass-screen-replacement
repairpartsusa.com,Austria,shop,iPhone 13,aftermarket-incell,aftermarket,no,21.59,USD,https://repairpartsusa.com/products/iphone-13-grade-a-incell-lcd-and-digitizer-glass-screen-replacement-with-back-plate
onlinemobileparts.com.au,Australia,shop,iphone 15 pro max,aftermarket-soft-oled,aftermarket,no,164.0,AUD,https://www.onlinemobileparts.com.au/iphone-15-pro-max-soft-oled-screen-replacements
gsmparts.bg,Bulgaria,shop,iPhone 15 Pro Max,aftermarket-incell,aftermarket,no,25,EUR,https://www.gsmparts.bg/дисплей-тъч-скрийн-за-iphone-15-pro-max-gx-yk-incell-hd
isn-parts.com,Bulgaria,shop,iPhone 12,aftermarket-lcd,aftermarket,no,24.99,EUR,https://isn-parts.com/produkt/iphone-12-lcd-displei
gsmparts.bg,Bulgaria,shop,iPhone 15 Pro,aftermarket-incell,aftermarket,no,24,EUR,https://www.gsmparts.bg/дисплей-тъч-скрийн-за-iphone-15-pro-gx-yk-incell-hd
isn-parts.com,Bulgaria,shop,iPhone 13 Pro Max,aftermarket-oled,aftermarket,no,70,EUR,https://isn-parts.com/produkt/iphone-13-pro-max-oled-displei
cellphonepartscanada.com,Bulgaria,shop,iPhone 17,aftermarket-incell,aftermarket,no,109.99,CAD,/products/iphone-17-high-quality-incell-screen-120hz?variant=44049049190443
gsmparts.bg,Bulgaria,shop,iPhone 15,aftermarket-incell,aftermarket,no,22,EUR,https://www.gsmparts.bg/дисплей-тъч-скрийн-за-iphone-15-gx-yk-incell-hd
isn-parts.com,Bulgaria,shop,iPhone 13 Pro,aftermarket-oled,aftermarket,no,65,EUR,https://isn-parts.com/produkt/iphone-13-pro-oled-displei
gsmparts.bg,Bulgaria,shop,iPhone 11,aftermarket-incell,aftermarket,no,19,EUR,https://www.gsmparts.bg/дисплей-тъч-скрийн-за-iphone-11-jk-incell
isn-parts.com,Bulgaria,shop,iPhone 12,aftermarket-oled,aftermarket,no,44,EUR,https://isn-parts.com/produkt/iphone-12-oled-displei
phonepartsbg.com,Bulgaria,shop,iPhone 14 Pro,aftermarket-soft-oled,aftermarket,YES,195,BGN,https://www.phonepartsbg.com/index.php?route=product/product&product_id=1872
repairpartsusa.com,Austria,shop,iPhone 11,aftermarket-incell,aftermarket,no,17.59,USD,https://repairpartsusa.com/products/iphone-11-premium-screen
isn-parts.com,Bulgaria,shop,iPhone 11 Pro,aftermarket-lcd,aftermarket,no,21.99,EUR,https://isn-parts.com/produkt/iphone-11-pro-displei-lcd
isn-parts.com,Bulgaria,shop,iPhone 12,original,A,no,70,EUR,https://isn-parts.com/produkt/iphone-12-originalen-displei
phonepartsbg.com,Bulgaria,shop,iPhone XR,aftermarket-gx,aftermarket,YES,35,BGN,https://www.phonepartsbg.com/index.php?route=product/product&product_id=1768
isn-parts.com,Bulgaria,shop,iPhone 11,aftermarket-lcd,aftermarket,no,19.99,EUR,https://isn-parts.com/produkt/iphone-11-displei-lcd
mobifixbg.com,Bulgaria,shop,iPhone 15,aftermarket-oled,aftermarket,no,61.11,EUR,https://mobifixbg.com/product/displey-za-iphone-15g-2023-gx-oled
ab-mobiteli.com,Croatia,shop,iPhone X,refurb,A,no,120,EUR,https://ab-mobiteli.com/products/apple-iphone-x-lcd-touch-repariran-original
phonepartsbg.com,Bulgaria,shop,iPhone X,aftermarket-lcd,aftermarket,YES,30,BGN,https://www.phonepartsbg.com/index.php?route=product/product&product_id=1543
phonepartsbg.com,Bulgaria,shop,iPhone 11 Pro,aftermarket-lcd,aftermarket,YES,45,BGN,https://www.phonepartsbg.com/index.php?route=product/product&product_id=1491
ab-mobiteli.com,Croatia,shop,iPhone 14 Plus,original,A,no,250,EUR,https://ab-mobiteli.com/products/lcd-original-apple-iphone-14-plus
ab-mobiteli.com,Croatia,shop,iPhone 15 Pro,aftermarket-lcd,aftermarket,no,399,EUR,https://ab-mobiteli.com/products/lcd-touch-okvir-apple-iphone-15-pro
ab-mobiteli.com,Croatia,shop,iPhone 16 Pro Max,aftermarket-lcd,aftermarket,no,590,EUR,https://ab-mobiteli.com/products/lcd-touchscreen-orig-apple-iphone-16-pro-max
mobifixbg.com,Bulgaria,shop,iPhone XS,aftermarket-incell,aftermarket,no,17.45,EUR,https://mobifixbg.com/product/displey-za-iphone-xs-2018-jk-incell
mobifixbg.com,Bulgaria,shop,iPhone 11 Pro,aftermarket-incell,aftermarket,no,20,EUR,https://mobifixbg.com/product/displey-za-iphone-11g-pro-2019-jk-incell
alphamobile.eu,Bulgaria,shop,iPhone 16 Pro,aftermarket-incell,aftermarket,no,43,EUR,http://www.alphamobile.eu/iphone-16-pro-incell-display-jh-hdplus
alphamobile.eu,Bulgaria,shop,iPhone 16 Pro,aftermarket-gx,aftermarket,no,79,EUR,http://www.alphamobile.eu/iphone-16-pro-oled-display-gx
ab-mobiteli.com,Croatia,shop,iPhone XS,aftermarket-oled,aftermarket,no,120,EUR,https://ab-mobiteli.com/products/lcd-touch-apple-iphone-xs-oled-nov
yodoit.com,Croatia,shop,iPhone 11,aftermarket-lcd,aftermarket,no,19.99,EUR,https://www.yodoit.com/products/for-iphone-11-screen-replacement-lcd-display-assembly
alphamobile.eu,Bulgaria,shop,iPhone 16 Pro Max,aftermarket-gx,aftermarket,no,89,EUR,http://www.alphamobile.eu/iphone-16-pro-max-oled-display-gx
yodoit.com,Croatia,shop,iPhone XS,aftermarket-lcd,aftermarket,no,19.99,EUR,https://www.yodoit.com/products/for-iphone-xs-screen-replacement-lcd-display-assembly
alphamobile.eu,Bulgaria,shop,iPhone 16,aftermarket-incell,aftermarket,no,78,EUR,http://www.alphamobile.eu/iphone-16-lcd-display-zy-hd-plus
yodoit.com,Croatia,shop,iPhone X,aftermarket-lcd,aftermarket,no,19.99,EUR,https://www.yodoit.com/products/for-iphone-x-screen-replacement-lcd-display-assembly
yodoit.com,Croatia,shop,iPhone XR,aftermarket-lcd,aftermarket,no,19.99,EUR,https://www.yodoit.com/products/for-iphone-xr-screen-replacement-lcd-display-assembly
alphamobile.eu,Bulgaria,shop,iPhone 16 Pro Max,aftermarket-incell,aftermarket,no,44,EUR,http://www.alphamobile.eu/iphone-16-pro-max-incell-display-jh-hdplus
alphamobile.eu,Bulgaria,shop,iPhone 16 Pro,aftermarket-incell,aftermarket,no,152.88,EUR,http://www.alphamobile.eu/iphone-16-pro-lcd-display-zy-hd-plus
dargilita.lt,Lithuania,shop,iphone 12 pro max,aftermarket-incell,aftermarket,no,53.3,EUR,https://dargilita.lt/apple-iphone-telefonu-ekranai//131921-apple-iphone-12-pro-max-ekranas-premium-incell.html
yodoit.com,Croatia,shop,iPhone XS Max,aftermarket-lcd,aftermarket,no,27.99,EUR,https://www.yodoit.com/products/for-iphone-xs-max-screen-replacement-lcd-display-assembly
iswap.cz,Czechia,shop,iPhone 12 Pro Max,aftermarket-oled,aftermarket,YES,1790,CZK,https://www.iswap.cz/iphone-12-pro-max/oled-displej-premium-iphone-12-pro-max/
phonepartsrus.com,Czechia,shop,iPhone 13,aftermarket-oled,aftermarket,no,38,USD,https://phonepartsrus.com/products/iphone-13-premium-lcd-assembly-soft
cellparts.cz,Czechia,shop,iPhone 13,aftermarket-tft,aftermarket,YES,749,CZK,https://www.cellparts.cz/apple-iphone-13-lcd-displej-dotyk-tft/
iswap.cz,Czechia,shop,iPhone 17 Pro,aftermarket-lcd,aftermarket,YES,1890,CZK,https://www.iswap.cz/iphone-17pro/lcd-displej-basic-iphone-17-pro/
phonepartsrus.com,Czechia,shop,iPhone 11,fog,B,no,23,USD,https://phonepartsrus.com/products/copy-of-iphone-11-lcd-fog
lemes.cz,Czechia,shop,iPhone 16 Pro,aftermarket-tft,aftermarket,YES,1459,CZK,https://www.lemes.cz/apple-iphone-16-pro-displej-dotykova-plocha-cerna-tft/
phonepartsrus.com,Czechia,shop,iPhone 14,aftermarket-incell,aftermarket,no,17,USD,https://phonepartsrus.com/products/iphone-14-lcd-premium-incell-cof-copy
ptmobil.cz,Czechia,shop,iPhone 11,aftermarket-lcd,aftermarket,YES,519,CZK,https://www.ptmobil.cz/17956-lcd-displej-apple-iphone-11-vcetne-dotykoveho-skla-cerny-tactical-true-color.html
servisnidily.cz,Czechia,shop,iPhone 11,aftermarket-incell,aftermarket,YES,556,CZK,https://www.servisnidily.cz/Servisni-dily/LCD-displej-iPhone-11-REPART-In-cell
mobilnidily.cz,Czechia,shop,iPhone 13,aftermarket-soft-oled,aftermarket,YES,1689,CZK,https://www.mobilnidily.cz/lcd-displej-pro-apple-iphone-13--soft-oled/
phonepartsrus.com,Czechia,shop,iPhone 14 Pro Max,unknown,aftermarket,no,36.5,USD,https://phonepartsrus.com/products/iphone-14-pro-max-screen-replacement-incell-plus-80-hz-copy
phonepartsrus.com,Czechia,shop,iPhone 15,unknown,aftermarket,no,50,USD,https://phonepartsrus.com/products/iphone-15-screen-replacement-soft
ieasyservice.fi,Finland,shop,iPhone X,aftermarket-incell,aftermarket,no,29.9,EUR,https://www.ieasyservice.fi/product/177/iphone-premium-incell-lcd-naytto?variation_id=227
vsekmobilu.cz,Czechia,shop,iPhone 12 / 12 Pro,unknown,aftermarket,YES,516,CZK,https://www.vsekmobilu.cz/nahradni-dily-apple/displej-pro-apple-iphone-12-12-pro-s-dotykovou-obrazovkou-cerny--zy-hd/
phonepartsrus.com,Czechia,shop,iPhone 16,aftermarket-soft-oled,aftermarket,no,49,USD,https://phonepartsrus.com/products/iphone-16-plus-lcd-incell-cof-screen-copy-1
ieasyservice.fi,Finland,shop,iPhone XS,aftermarket-incell,aftermarket,no,29.99,EUR,https://www.ieasyservice.fi/product/177/iphone-premium-incell-lcd-naytto?variation_id=228
ieasyservice.fi,Finland,shop,iPhone XS Max,aftermarket-incell,aftermarket,no,24.9,EUR,https://www.ieasyservice.fi/product/177/iphone-premium-incell-lcd-naytto?variation_id=248
ieasyservice.fi,Finland,shop,iPhone 11 Pro,aftermarket-incell,aftermarket,no,29.9,EUR,https://www.ieasyservice.fi/product/177/iphone-premium-incell-lcd-naytto?variation_id=247
ieasyservice.fi,Finland,shop,iPhone 11 Pro Max,aftermarket-incell,aftermarket,no,29.9,EUR,https://www.ieasyservice.fi/product/177/iphone-premium-incell-lcd-naytto?variation_id=230
bokmanev.com,Denmark,shop,iPhone X,aftermarket-oled,aftermarket,no,59.99,EUR,https://www.bokmanev.com/products/bokman-for-iphone-x-black-oled-screen-replacement-parts-display-assembly?_pos=2&_sid=71bd2e7ea&_ss=r
bokmanev.com,Denmark,shop,iPhone X,aftermarket-lcd,aftermarket,no,19.99,EUR,https://www.bokmanev.com/products/bokman-for-iphone-x-lcd-black-screen-replacement-parts-display-assembly-front-panel?_pos=5&_sid=71bd2e7ea&_ss=r
sparepart.dk,Denmark,shop,iPhone 11,aftermarket-incell,aftermarket,YES,169,DKK,https://sparepart.dk/iphone-11-reservedele-101948/iphone-11-skaerm-incell-lcd-jk-high-quality-p18774
bokmanev.com,Denmark,shop,iPhone 12/12 Pro,aftermarket-lcd,aftermarket,no,29.99,EUR,https://www.bokmanev.com/products/bokman-for-iphone-12-12-pro-black-lcd-screen-replacement-parts-display-assembly-front-panel?_pos=21&_sid=71bd2e7ea&_ss=r
mobiiliabi.ee,Estonia,shop,iPhone 12 mini,aftermarket-incell,aftermarket,YES,52.99,EUR,https://mobiiliabi.ee/toode/lcd-screen-for-iphone-12-mini-with-touch-screen-incell-self-diagnosable/
ipfix.dk,Denmark,shop,iPhone 16 Pro,original,A,YES,2799,DKK,https://ipfix.dk/product/iphone-16-pro-skaerm-glas-oled-original-oled/
bokmanev.com,Denmark,shop,iPhone 11,aftermarket-lcd,aftermarket,no,19.99,EUR,https://www.bokmanev.com/products/bokman-for-iphone-11-black-lcd-screen-replacement-parts-display-assembly-front-panel?_pos=4&_sid=71bd2e7ea&_ss=r
sparepart.dk,Denmark,shop,iPhone 12 / 12 Pro,aftermarket-incell,aftermarket,YES,199,DKK,https://sparepart.dk/iphone-skaerme-102381/iphone-12-12-pro-skaerm-incell-lcd-jk-high-quality-p18120
sparepart.dk,Denmark,shop,iPhone 13,aftermarket-incell,aftermarket,YES,199,DKK,https://sparepart.dk/iphone-13-skaerme-102877/iphone-13-skaerm-incell-lcd-jk-high-quality-p19489
ipfix.dk,Denmark,shop,iPhone 16e,original,A,YES,999,DKK,https://ipfix.dk/product/iphone-16e-skaerm-glaoled-original-oled/
mobiiliabi.ee,Estonia,shop,iPhone 15 Pro Max,original,A,YES,288.99,EUR,https://mobiiliabi.ee/toode/lcd-screen-for-iphone-15-pro-max-with-touch-screen-original-pairable-used-grade-a/
ipfix.dk,Denmark,shop,iPhone 15 Plus,original,A,YES,1999,DKK,https://ipfix.dk/product/iphone-15_plus-skaerm-glas-oled-original-oled/
mobiiliabi.ee,Estonia,shop,iPhone 14,aftermarket-incell,aftermarket,YES,41.99,EUR,https://mobiiliabi.ee/toode/lcd-screen-for-iphone-14-with-touch-screen-incell-self-diagnosable/
ipfix.dk,Denmark,shop,iPhone 15 Pro,original,A,YES,1999,DKK,https://ipfix.dk/product/iphone-15skaerm-glas-oled-original-oled/
serviphone.net,Spain,shop,iphone 11,aftermarket-incell,aftermarket,no,20.26,EUR,https://mobilex.es/es/1740-pantalla-iphone-11-placa-metalica-preinstalada-incell-standard-3401126445060.html
phonefix.fi,Finland,shop,iPhone 14,aftermarket-soft-oled,aftermarket,no,74.9,EUR,https://phonefix.fi/product/1369/iphone-14-naytto-soft-oled
phonefix.fi,Finland,shop,iPhone 16e,aftermarket-soft-oled,aftermarket,no,69.9,EUR,https://phonefix.fi/product/1608/iphone-16e-naytto-soft-oled
phonefix.fi,Finland,shop,iPhone 15 Plus,aftermarket-soft-oled,aftermarket,no,69.9,EUR,https://phonefix.fi/product/1703/iphone-15-plus-naytto-soft-oled
phonefix.fi,Finland,shop,iPhone 16e,aftermarket-incell,aftermarket,no,44.9,EUR,https://phonefix.fi/product/1607/iphone-16e-naytto-in-cell-lcd
da-pieces.com,France,shop,iPhone XS,aftermarket-oled,aftermarket,no,29.9,EUR,https://da-pieces.com/products/ecran-iphone-xs-oled?_pos=3&_sid=c78f624bf&_ss=r
ipfix.dk,Denmark,shop,iPhone 17,original,A,YES,2700,DKK,https://ipfix.dk/product/iphone-17-skaerm-glas-oled-original-oled/
da-pieces.com,France,shop,iPhone 16 Plus,unknown,aftermarket,no,59.9,EUR,https://da-pieces.com/products/ecran-iphone-16-plus?_pos=7&_sid=c78f624bf&_ss=r
ilevante.fr,France,shop,iPhone 11,unknown,aftermarket,no,26.5,EUR,https://www.ilevante.fr/Ecran-complet-pour-iphone-11-p-20385.html
da-pieces.com,France,shop,iPhone XS Max,aftermarket-oled,aftermarket,no,27.19,EUR,https://da-pieces.com/products/ecran-iphone-xs-max-oled?_pos=1&_sid=c78f624bf&_ss=r
da-pieces.com,France,shop,iPhone 15,unknown,aftermarket,no,31.9,EUR,https://da-pieces.com/products/ecran-iphone-15-rj-full-hd?_pos=10&_sid=c78f624bf&_ss=r
ilevante.fr,France,shop,iPhone 12,aftermarket-oled,aftermarket,no,30.9,EUR,https://www.ilevante.fr/Ecran-complet-pour-iphone-12-oled-p-20534.html
da-pieces.com,France,shop,iPhone 11 Pro Max,aftermarket-hard-oled,aftermarket,no,67.95,EUR,https://da-pieces.com/products/ecran-iphone-11-pro-max-gx-hard-oled?_pos=4&_sid=c78f624bf&_ss=r
24hshop.fr,France,shop,iPhone XS,original,A,no,55.98,EUR,https://24hshop.fr/vitre-tactile-ecran-sur-chassis-complet-assemble-iphone-xs-verre-multi-touch-soft-oled-apple-original-3d-touch-kit-remplacement-2669.html
ilevante.fr,France,shop,iPhone 11,unknown,aftermarket,no,15.53,EUR,https://www.ilevante.fr/Ecran-pour-iphone-11-compatible-p-20579.html
ilevante.fr,France,shop,iPhone 13,aftermarket-oled,aftermarket,no,36.9,EUR,https://www.ilevante.fr/Ecran-complet-pour-iphone-13-oled-p-20583.html
ilevante.fr,France,shop,iPhone 13 Pro,unknown,aftermarket,no,22.99,EUR,https://www.ilevante.fr/Ecran-complet-pour-iphone-13-pro-p-20553.html
ilevante.fr,France,shop,iPhone 15 Pro,aftermarket-oled,aftermarket,no,47.9,EUR,https://www.ilevante.fr/Ecran-complet-oled-pour-iphone-15-pro-p-21536.html
da-pieces.com,France,shop,iPhone 11 Pro,aftermarket-incell,aftermarket,no,15.49,EUR,https://da-pieces.com/products/ecran-iphone-11-pro-incell-st-1?_pos=8&_sid=c78f624bf&_ss=r
horepa.fr,France,shop,iPhone 13,aftermarket-soft-oled,aftermarket,no,58.896001,EUR,https://horepa.fr/fr/ecran-iphone-13-soft-oled.html
24hshop.fr,France,shop,iPhone XS,original,A,no,55.98,EUR,https://24hshop.fr/vitre-tactile-multi-touch-soft-oled-iphone-xs-apple-a2098-original-touch-remplacement-ecran-verre-sur-chassis-complet-assemble-2710.html
horepa.fr,France,shop,iPhone 15,aftermarket-soft-oled,aftermarket,no,69.900001,EUR,https://horepa.fr/fr/ecran-iphone-15-soft-oled.html
24hshop.fr,France,shop,iPhone XS,aftermarket-incell,aftermarket,no,29.5,EUR,https://24hshop.fr/ecran-lcd-sur-chassis-verre-multi-touch-incell-apple-iphone-xs-premium-smartphone-3d-touch-remplacement-cristaux-liquides-hdr-2474.html
horepa.fr,France,shop,iPhone 15,aftermarket-incell,aftermarket,no,29.916001,EUR,https://horepa.fr/fr/ecran-iphone-15-incell-standard.html
horepa.fr,France,shop,iPhone 14,aftermarket-soft-oled,aftermarket,no,49.896001,EUR,https://horepa.fr/fr/ecran-iphone-14-soft-oled.html
24hshop.fr,France,shop,iPhone XR,aftermarket-incell,aftermarket,no,68.98,EUR,https://24hshop.fr/lcd-iphone-xr-a1984-ecran-incell-apple-premium-super-retina-61-pouces-vitre-smartphone-affichage-true-tone-cristaux-liquides-2381.html
piecegsm.com,France,shop,iPhone 14 Plus,unknown,aftermarket,no,35,EUR,https://piecegsm.com/accueil/3700-ecran-complet-pour-iphone-14-plus-jk.html
horepa.fr,France,shop,iPhone 15,aftermarket-incell,aftermarket,no,32.904001,EUR,https://horepa.fr/fr/ecran-iphone-15-incell.html
horepa.fr,France,shop,iPhone 15,refurb,A,no,139.896001,EUR,https://horepa.fr/fr/ecran-iphone-15-oem-refurb.html
piecegsm.com,France,shop,iPhone 15 Pro,unknown,aftermarket,no,50,EUR,https://piecegsm.com/iphone-15-pro/3702-ecran-complet-de-iphone-15-pro-jk.html
piecegsm.com,France,shop,iPhone 13 Pro,aftermarket-soft-oled,aftermarket,no,60,EUR,https://piecegsm.com/iphone-13-pro/5110-ecran-complet-iphone-13-pro-120-hz-soft-oled-bolt.html
reflexmagasin.com,France,shop,iPhone 17 Pro,aftermarket-incell,aftermarket,no,75,EUR,https://reflexmagasin.com/products/ecran-iphone-17-pro-lcd-incell-120hz?variant=55227746713934
piecegsm.com,France,shop,iPhone 15,unknown,aftermarket,no,35,EUR,https://piecegsm.com/accueil/3701-ecran-complet-iphone-15-jk.html
piecegsm.com,France,shop,iPhone 14,unknown,aftermarket,no,30,EUR,https://piecegsm.com/accueil/3697-ecran-complet-pour-iphone-14-jk.html
lcd-phone.com,France,shop,iPhone XR,unknown,aftermarket,YES,14,EUR,https://lcd-phone.com/en/-repair-parts/11739-ecran-iphone-xr-in-cell-jk-8771621675435.html
piecegsm.com,France,shop,iPhone 12,unknown,aftermarket,no,25,EUR,https://piecegsm.com/iphone-12/3544-ecran-pour-iphone-12-12-pro-jk-qualite-hd.html
horepa.fr,France,shop,iphone 14,refurb,A,no,79.896001,EUR,https://horepa.fr/fr/ecran-iphone-14-oem-refurb.html
piecegsm.com,France,shop,iPhone 13,unknown,aftermarket,no,30,EUR,https://piecegsm.com/iphone-13/3545-ecran-pour-iphone-13-jk-qualite-hd.html
gjirafa50.com,Kosovo,shop,iphone 15 pro max,unknown,aftermarket,no,9.5,,https://gjirafa50.com/mbrojtes-ekrani-eye-care-protector-per-iphone-15-pro-max-xham-i-temperuar-9h-reduktim-i-drites-blu-transparent
reparation-iphone.com,France,shop,iPhone 14 Pro Max,aftermarket-lcd,aftermarket,no,69.9,EUR,https://www.reparation-iphone.com/accueil/2384-ecran-iphone-14-pro-max-complet-vitre-tactile-lcd-compatible.html
parts4phone.com,France,shop,iPhone X,unknown,aftermarket,YES,69.95,CHF,https://parts4phone.com/fr/x-a1901/2032-iphone-x-a1901-ecran-noir.html
lcd-phone.com,France,shop,iPhone 13,unknown,aftermarket,YES,19,EUR,https://lcd-phone.com/en/-repair-parts/15211-screen-iphone-13-ltps-jk-support-ic-change-fhd1080p-8771621675510.html
handyschmiede.de,Germany,shop,iPhone 15,aftermarket-soft-oled,aftermarket,no,62.64,EUR,https://handyschmiede.de/products/lcd-touch-fur-a3090-apple-iphone-15-soft-oled-black?_pos=2&_sid=5ef32a854&_ss=r
handyschmiede.de,Germany,shop,iPhone 14 Pro Max,aftermarket-soft-oled,aftermarket,no,101.51,EUR,https://handyschmiede.de/products/lcd-touch-fur-a2894-apple-iphone-14-pro-max-soft-oled-black?_pos=5&_sid=5ef32a854&_ss=r
reparation-iphone.com,France,shop,iPhone 14 Pro Max,aftermarket-oled,aftermarket,no,119.9,EUR,https://www.reparation-iphone.com/accueil/2383-ecran-iphone-14-pro-max-complet-vitre-tactile-lcd-retina-oled.html
reparation-iphone.com,France,shop,iPhone 14 Pro Max,original,A,no,329.9,EUR,https://www.reparation-iphone.com/accueil/2381-ecran-apple-iphone-14-pro-max-complet-vitre-tactile-lcd-retina-original.html
handyschmiede.de,Germany,shop,iPhone 12 / 12 Pro,aftermarket-soft-oled,aftermarket,no,56.59,EUR,https://handyschmiede.de/products/lcd-touch-fur-a2403-a2407-apple-iphone-12-12-pro-soft-oled-black?_pos=4&_sid=5ef32a854&_ss=r
parts4repair.de,Germany,shop,iPhone XS Max,refurb,A,no,249.99,EUR,https://parts4repair.de/iphone-xs-max-display-refurbished
handyschmiede.de,Germany,shop,iPhone 14 Plus,aftermarket-soft-oled,aftermarket,no,69,EUR,https://handyschmiede.de/products/lcd-touch-fur-a2886-apple-iphone-14-plus-soft-oled-black?_pos=8&_sid=5ef32a854&_ss=r
handyschmiede.de,Germany,shop,iPhone 14 Pro,aftermarket-soft-oled,aftermarket,no,166.88,EUR,https://handyschmiede.de/products/lcd-touch-jcid-fur-a2890-apple-iphone-14-pro-soft-oled-black?_pos=9&_sid=5ef32a854&_ss=r
phf-shop.com,Germany,shop,iPhone X,fog,B,no,27.25,EUR,https://phf-shop.com/apple/iphone-x/ersatzteile/3654/oled-display-einheit-fuer-iphone-x-originalqualitaet-fog-neu
phf-shop.com,Germany,shop,iPhone XS,fog,B,no,23.68,EUR,https://phf-shop.com/apple/iphone-xs/ersatzteile/4257/oled-display-einheit-fuer-iphone-xs-originalqualitaet-fog-black-neu
parts4repair.de,Germany,shop,iPhone XS,unknown,aftermarket,no,109.99,EUR,https://parts4repair.de/iphone-xs-display
iphoneersatzteileshop.de,Germany,shop,iPhone 16 Pro Max,aftermarket-oled,aftermarket,no,139.9,EUR,https://www.iphoneersatzteileshop.de/iPhone-16-Pro-Max-OLED-Display-Reparaturset
compuparts.ie,Ireland,shop,iPhone 13,aftermarket-hard-oled,aftermarket,no,69.95,EUR,https://compuparts.ie/product/iphone-13-lcd-display-screen-touch-digitizer-hard-oled/
handyschmiede.de,Germany,shop,iPhone 13 Pro,aftermarket-soft-oled,aftermarket,no,87.68,EUR,https://handyschmiede.de/products/lcd-touch-jcid-fur-a2638-apple-iphone-13-pro-soft-oled-black?_pos=6&_sid=5ef32a854&_ss=r
touchandscreen.de,Germany,shop,iPhone 11,refurb,A,YES,30.95,EUR,https://www.touchandscreen.de/Display-refurbished-inkl-Touchscreen-schwarz-black-passend-fuer-iPhone-11
world-itech.com,France,shop,iPhone 15 Plus,original,A,no,379,EUR,https://www.world-itech.com/gb/iphone-15-plus/4071-iphone-15-plus-screen-original-oledapples-tools-included.html
world-itech.com,France,shop,iPhone 11,refurb,A,no,69.9,EUR,https://www.world-itech.com/gb/iphone-11/1904-iphone-11-screen-refurbished-originapples-tools-included.html
amdetech.gr,Greece,shop,iPhone 14 Plus,pulled,A,no,159.97,EUR,https://www.amdetech.gr/apple-antallaktika/iphone-antallaktika-el/pulled-gnisio-antallaktiko-gia-iphone-14-plus-oled-othoni-and-afis-touch-screen-digitizer-antallaktiko-kainoyrgio/
touchandscreen.de,Germany,shop,iPhone X,aftermarket-oled,aftermarket,YES,69.9,EUR,https://www.touchandscreen.de/OLED-Display-inkl-Touchscreen-passend-fuer-iPhone-X
world-itech.com,France,shop,iPhone 15,original,A,no,249.9,EUR,https://www.world-itech.com/gb/iphone-15/4222-iphone-15-screen-officialapplee-service-pack-free-tools.html
phone-werk.de,Germany,shop,iPhone X,aftermarket-oled,aftermarket,no,119.99,EUR,https://phone-werk.de/produkt/iphone-x-display-touchscreen-komplette-oled-black-2/
world-itech.com,France,shop,iPhone 15 Plus,original,A,no,399.9,EUR,https://www.world-itech.com/gb/iphone-15-plus/4223-iphone-15-plus-screen-officialapplee-service-pack-free-tools.html
amdetech.gr,Greece,shop,iPhone 12 Pro Max,original,A,no,159.97,EUR,https://www.amdetech.gr/apple-antallaktika/iphone-antallaktika-el/pulled-gnisio-antallaktiko-gia-iphone-12-pro-max-oled-display-and-touch-screen-digitizer-assembly-replacement-apple-grade-a/
amdetech.gr,Greece,shop,iPhone 14 Pro Max,original,A,no,259.97,EUR,https://www.amdetech.gr/apple-antallaktika/pulled-genuine-gnisia-iphone-14-pro-max-oled-othoni-lcd-and-afis-touch-screen-digitizer-antallaktiko-grade-a/
amdetech.gr,Greece,shop,iPhone 16 Plus,original,A,no,164.49,EUR,https://www.amdetech.gr/apple-antallaktika/iphone-antallaktika-el/pulled-genuine-gnisia-iphone-16-plus-oled-othoni-and-afis-touch-screen-digitizer-antallaktiko-d-grade/
compuparts.ie,Ireland,shop,iPhone 13,aftermarket-incell,aftermarket,no,59.95,EUR,https://compuparts.ie/product/iphone-13-lcd-display-screen-touch-digitizer-incell-phd/
world-itech.com,France,shop,iPhone 15 Pro Max,original,A,no,379.9,EUR,https://www.world-itech.com/gb/iphone-15-pro-max/4069-iphone-15-pro-max-screen-original-oledapples-tools-included.html
amdetech.gr,Greece,shop,iPhone 11 Pro Max,original,A,no,89.97,EUR,https://www.amdetech.gr/apple-antallaktika/pulled-gnisio-antallaktiko-gia-iphone-11-pro-max-oled-display-and-touch-screen-digitizer-assembly-replacement-apple-grade-a/
world-itech.com,France,shop,iPhone 15 Pro,original,A,no,359.9,EUR,https://www.world-itech.com/gb/iphone-15-pro/4224-iphone-15-pro-screen-official-apple-service-pack-free-tools.html
world-itech.com,France,shop,iPhone 15 Pro,original,A,no,309.9,EUR,https://www.world-itech.com/gb/iphone-15-pro/4070-iphone-15-pro-screen-original-oledapples-tools-included.html
telefonubaterijos.lt,Lithuania,shop,iphone 11,unknown,aftermarket,no,65.99,EUR,https://www.telefonubaterijos.lt/578-iphone-11-ekranai
movil.gr,Greece,shop,iPhone 14 Pro,aftermarket-lcd,aftermarket,YES,340,EUR,https://movil.gr/product/%ce%bf%ce%b8%cf%8c%ce%bd%ce%b7-iphone-14-pro-premium-lcd-screen-movil-gr/
modchip.gr,Greece,shop,iPhone XS Max,aftermarket-incell,aftermarket,YES,29.9,EUR,https://modchip.gr/tilefonia/antallaktika-kiniton-iphone/antallaktika-iphone-xs-max/othoni-gia-iphone-xs-max-lcd-zy-in-cell/
telefonubaterijos.lt,Lithuania,shop,iphone 15,unknown,aftermarket,no,54.99,EUR,https://www.telefonubaterijos.lt/1030-iphone-15-ekranai
nvs.gr,Greece,shop,iPhone XR,aftermarket-lcd,aftermarket,no,13.22,EUR,https://nvs.gr/product/othoni-lcd-gia-apple-iphone-xr-zy-mayri-720p/
xda.gr,Greece,shop,iPhone 13 Pro,aftermarket-soft-oled,aftermarket,no,54.99,EUR,https://www.xda.gr/ανταλλακτικα-κινητων/apple/iphone-13-series/hq-oem-for-apple-iphone-13-pro-a2638-a2483-jk-soft-oled-lcd-οθόνη-touch-screen-digitizer-black/
nvs.gr,Greece,shop,iPhone XR,aftermarket-lcd,aftermarket,no,16.44,EUR,https://nvs.gr/product/othoni-lcd-gia-apple-iphone-xr-jk-ms-mayri/
movil.gr,Greece,shop,iPhone 13 Pro,aftermarket-lcd,aftermarket,YES,160,EUR,https://movil.gr/product/iphone-13-pro-premium-lcd-screen/
xda.gr,Greece,shop,iPhone 13 Pro Max,aftermarket-soft-oled,aftermarket,no,49.95,EUR,https://www.xda.gr/ανταλλακτικα-κινητων/apple/iphone-13-series/hq-oem-for-apple-iphone-13-pro-max-a2643-a2484-jk-soft-oled-lcd-οθόνη-touch-screen-digitizer-black/
gsmteam.gr,Greece,shop,iPhone 17,aftermarket-hard-oled,aftermarket,YES,99.9936,EUR,https://gsmteam.gr/othones/othones-iphone/οθόνες-iphone-17/oem-othonh-hard-oled-dd-kai-digitizer-othonh-kai-mhxanismos-afhs-gia-iphone-17-black-detail.html
modchip.gr,Greece,shop,iPhone 11,aftermarket-incell,aftermarket,YES,29.9,EUR,https://modchip.gr/tilefonia/antallaktika-kiniton-iphone/antallaktika-iphone-11-pro-max/othoni-lcd-gia-iphone-11-in-cell-zy-ic-moveable/
xda.gr,Greece,shop,iPhone 13,aftermarket-soft-oled,aftermarket,no,50.85,EUR,https://www.xda.gr/ανταλλακτικα-κινητων/apple/iphone-13-series/hq-oem-for-iphone-13-a2633-a2482-dd-soft-oled-οθόνη-touch-screen-digitizer-black/
modchip.gr,Greece,shop,iPhone 11 Pro,aftermarket-incell,aftermarket,YES,33.5,EUR,https://modchip.gr/tilefonia/antallaktika-kiniton-iphone/antallaktika-iphone-11-pro-max/othoni-gia-iphone-11-pro-ultra-retina-hd-in-cell-lcd-zy-ic-movable/
movil.gr,Greece,shop,iPhone 14 Pro Max,aftermarket-lcd,aftermarket,YES,370,EUR,https://movil.gr/product/iphone-14-pro-max-standard-lcd-screen/
nvs.gr,Greece,shop,iPhone X,aftermarket-lcd,aftermarket,no,12.88,EUR,https://nvs.gr/product/othoni-lcd-gia-apple-iphone-x-zy-mayri-720p/
movil.gr,Greece,shop,iPhone 13 Pro Max,aftermarket-lcd,aftermarket,YES,280,EUR,https://movil.gr/product/iphone-13-pro-max-premium-lcd-screen/
net-one.gr,Greece,shop,iPhone 14 Plus,aftermarket-incell,aftermarket,no,16.5,EUR,https://www.net-one.gr/apple-iphone-14-plus-rj-incell-lcd-touch-black-oem-110249
telefonubaterijos.lt,Lithuania,shop,iphone 12,unknown,aftermarket,no,94.99,EUR,https://www.telefonubaterijos.lt/911-iphone-12-12-pro-ekranai
net-one.gr,Greece,shop,iPhone 11,aftermarket-lcd,aftermarket,no,17,EUR,https://www.net-one.gr/apple-iphone-11-zy-ltps-lcd-touch-black-ic-transferable-109010
androgeek.es,Spain,shop,iphone 11 pro max,unknown,aftermarket,no,114.0,EUR,https://androgeek.es/
net-one.gr,Greece,shop,iPhone 11,aftermarket-incell,aftermarket,no,15.5,EUR,https://www.net-one.gr/apple-iphone-11-jk-lcd-touch-black-incell-change-ic--108366
androgeek.es,Spain,shop,iphone 16e,aftermarket-soft-oled,aftermarket,no,38.0,EUR,https://androgeek.es/
akmobilestore.com,Ireland,shop,iPhone 14 Pro Max,aftermarket-soft-oled,aftermarket,YES,70,EUR,https://akmobilestore.com/shop/ncc-soft-oled-iphone-14-pro-max-screen/
akmobilestore.com,Ireland,shop,iPhone 13 Pro,aftermarket-soft-oled,aftermarket,YES,60,EUR,https://akmobilestore.com/shop/ncc-soft-oled-iphone-13-pro-screen/
akmobilestore.com,Ireland,shop,iPhone 15 Pro Max,aftermarket-soft-oled,aftermarket,YES,75,EUR,https://akmobilestore.com/shop/ncc-soft-oled-iphone-15-pro-max-screen/
akmobilestore.com,Ireland,shop,iPhone 14 Pro,aftermarket-soft-oled,aftermarket,YES,75,EUR,https://akmobilestore.com/shop/ncc-soft-oled-iphone-14-pro-screen/
akmobilestore.com,Ireland,shop,iPhone 13 Pro Max,aftermarket-soft-oled,aftermarket,YES,65,EUR,https://akmobilestore.com/shop/ncc-soft-oled-iphone-13-pro-max-screen/
compuparts.ie,Ireland,shop,iPhone 12,aftermarket-lcd,aftermarket,no,39.95,EUR,https://compuparts.ie/product/iphone-12-lcd-display-screen-touch-digitizer/
akmobilestore.com,Ireland,shop,iPhone 14,aftermarket-soft-oled,aftermarket,YES,60,EUR,https://akmobilestore.com/shop/ncc-soft-oled-iphone-14-screen/
androgeek.es,Spain,shop,iphone 16 pro max,aftermarket-incell,aftermarket,no,41.0,EUR,https://androgeek.es/
androgeek.es,Spain,shop,iphone 16 pro,aftermarket-lcd,aftermarket,no,55.3,EUR,https://androgeek.es/
akmobilestore.com,Ireland,shop,iPhone 15 Pro,aftermarket-soft-oled,aftermarket,YES,70,EUR,https://akmobilestore.com/shop/ncc-soft-oled-iphone-15-pro-screen/
serviphone.net,Spain,shop,iphone 11,unknown,aftermarket,no,9.25,EUR,https://mobilex.es/es/5485-tag-on-flex-iphone-11-qianli-3401126481235.html
compuparts.ie,Ireland,shop,iPhone 11,aftermarket-incell,aftermarket,no,23.95,EUR,https://compuparts.ie/product/iphone-11-lcd-display-screen-touch-digitizer-oem-black/
compuparts.ie,Ireland,shop,iPhone 14,aftermarket-lcd,aftermarket,no,94.95,EUR,https://compuparts.ie/product/iphone-14-lcd-display-screen-touch-digitizer/
firsthelptech.ie,Ireland,shop,iPhone 14 Pro Max,aftermarket-lcd,aftermarket,no,52.99,EUR,https://firsthelptech.ie/products/for-apple-iphone-14-pro-max-lcd-screen-replacement-jh-fhd-black?_pos=9&_sid=47d9912fa&_ss=r
androgeek.es,Spain,shop,iphone 14 plus,aftermarket-incell,aftermarket,no,24.7,EUR,https://androgeek.es/
firsthelptech.ie,Ireland,shop,iPhone 11,aftermarket-lcd,aftermarket,no,24.99,EUR,https://firsthelptech.ie/products/apple-iphone-11-lcd-screen-replacement-black?_pos=11&_sid=47d9912fa&_ss=r
androgeek.es,Spain,shop,iphone xs max,aftermarket-soft-oled,aftermarket,no,31.35,EUR,https://androgeek.es/
androgeek.es,Spain,shop,iphone 16 pro,aftermarket-incell,aftermarket,no,31.0,EUR,https://androgeek.es/
gsm.quadra-net.pl,Poland,shop,iphone 11,unknown,aftermarket,no,77.14,PLN,"https://gsm.quadra-net.pl/apple,136,0.html"
gsm.quadra-net.pl,Poland,shop,iphone 11,unknown,aftermarket,no,94.88,PLN,"https://gsm.quadra-net.pl/apple,136,0.html"
gsm.quadra-net.pl,Poland,shop,iphone 11,unknown,aftermarket,no,76.19,PLN,"https://gsm.quadra-net.pl/apple,136,0.html"
mobilebitz.co.uk,UK,shop,iphone 13,refurb,A,no,299.0,GBP,https://www.mobilebitz.co.uk/
italiatech.it,Italy,shop,iPhone X,aftermarket-incell,aftermarket,no,16.2,EUR,https://www.italiatech.it/display-lcd-zy-fhd-incell-per-apple-iphone-x-touch-screen-vetro-schermo-frame.1.1.957.gp.93277.uw
mobilebitz.co.uk,UK,shop,iphone 13 mini,refurb,A,no,310.0,GBP,https://www.mobilebitz.co.uk/
mobilebitz.co.uk,UK,shop,iphone 13 pro,refurb,A,no,399.0,GBP,https://www.mobilebitz.co.uk/
gsm.quadra-net.pl,Poland,shop,iphone 11,unknown,aftermarket,no,11.0,PLN,"https://gsm.quadra-net.pl/apple,136,0.html"
mobilebitz.co.uk,UK,shop,iphone 14 pro max,refurb,A,no,519.0,GBP,https://www.mobilebitz.co.uk/
mobilebitz.co.uk,UK,shop,iphone 14 plus,refurb,A,no,465.0,GBP,https://www.mobilebitz.co.uk/
telefonubaterijos.lt,Lithuania,shop,iphone 15 pro max,unknown,aftermarket,no,94.99,EUR,https://www.telefonubaterijos.lt/1033-iphone-15-pro-max-ekranai
screenshelf.ie,Ireland,shop,iPhone 14,unknown,aftermarket,no,29.95,EUR,https://screenshelf.ie/products/iphone-14-replacement-screen?_pos=2&_sid=69f8f0b7a&_ss=r
telefonubaterijos.lt,Lithuania,shop,iphone xs max,unknown,aftermarket,no,4.99,EUR,https://www.telefonubaterijos.lt/iphone-dalys/2218-iphone-xs-max-ekrano-lipdukas-tarpine.html
screenshelf.ie,Ireland,shop,iPhone 15,unknown,aftermarket,no,36.95,EUR,https://screenshelf.ie/products/iphone-15-screen-replacement?_pos=4&_sid=69f8f0b7a&_ss=r
italiatech.it,Italy,shop,iPhone 12 Pro Max,aftermarket-incell,aftermarket,no,20.6,EUR,https://www.italiatech.it/display-lcd-zy-fhd-incell-cof-per-apple-iphone-12-pro-max-touch-screen-vetro-schermo-frame-nero-ic-intercambiabile-.1.1.957.gp.94217.uw
screenshelf.ie,Ireland,shop,iPhone 12 / 12 Pro,aftermarket-lcd,aftermarket,no,23.95,EUR,https://screenshelf.ie/products/iphone-12-12-pro-lcd-screen?_pos=3&_sid=69f8f0b7a&_ss=r
screenshelf.ie,Ireland,shop,iPhone X,refurb,A,no,49.99,EUR,https://screenshelf.ie/products/iphone-x-lcd-screen-replacement-refurbished?_pos=8&_sid=69f8f0b7a&_ss=r
ishine.ie,Ireland,shop,iPhone 16 Pro,aftermarket-soft-oled,aftermarket,no,70,EUR,https://techwave.ie/product/soft-oled-screen-for-iphone-16-pro-display-and-touch-screen-digitizer-assembly/
ishine.ie,Ireland,shop,iPhone 16e,aftermarket-soft-oled,aftermarket,no,49,EUR,https://techwave.ie/product/soft-oled-iphone-16e-display-and-touch-screen-digitizer-assembly-2/
screenshelf.ie,Ireland,shop,iPhone 14 Pro Max,aftermarket-soft-oled,aftermarket,no,79.95,EUR,https://screenshelf.ie/products/iphone-14-pro-max-screen-replacement-diagnosable-soft-oled?_pos=5&_sid=69f8f0b7a&_ss=r
screenshelf.ie,Ireland,shop,iPhone 11,unknown,aftermarket,no,22.95,EUR,https://screenshelf.ie/products/iphone-11-lcd?_pos=1&_sid=69f8f0b7a&_ss=r
ishine.ie,Ireland,shop,iPhone 15,aftermarket-soft-oled,aftermarket,no,49,EUR,https://techwave.ie/product/soft-oled-iphone-15-display-and-touch-screen-digitizer-assembly-2/
ishine.ie,Ireland,shop,iPhone 16e,aftermarket-soft-oled,aftermarket,no,49,EUR,https://techwave.ie/product/soft-oled-iphone-16e-display-and-touch-screen-digitizer-assembly/
screenshelf.ie,Ireland,shop,iPhone 15,aftermarket-soft-oled,aftermarket,no,63.95,EUR,https://screenshelf.ie/products/iphone-15-screen-replacement-soft-oled?_pos=6&_sid=69f8f0b7a&_ss=r
screenshelf.ie,Ireland,shop,iPhone 13,unknown,aftermarket,no,26.95,EUR,https://screenshelf.ie/products/iphone-13-lcd-screen-replacement?_pos=7&_sid=69f8f0b7a&_ss=r
onstoreitalia.it,Italy,shop,iPhone 14,aftermarket-lcd,aftermarket,no,34.42,EUR,https://onstoreitalia.it/products/copia-del-display-lcd-per-iphone-14-incell-premium-quality?_pos=1&_sid=39a43ba90&_ss=r
ishine.ie,Ireland,shop,iPhone 14 Pro,aftermarket-soft-oled,aftermarket,no,55,EUR,https://techwave.ie/product/soft-oled-iphone-14-pro-display-and-touch-screen-digitizer-assembly-2/
telefonubaterijos.lt,Lithuania,shop,iphone xs,unknown,aftermarket,no,4.99,EUR,https://www.telefonubaterijos.lt/iphone-dalys/2217-iphone-xs-ekrano-lipdukas-tarpine.html
onstoreitalia.it,Italy,shop,iPhone 15 Pro Max,aftermarket-lcd,aftermarket,no,78.91,EUR,https://onstoreitalia.it/products/display-lcd-per-iphone-15-pro-max-compatibile-premium-quality?_pos=2&_sid=39a43ba90&_ss=r
onstoreitalia.it,Italy,shop,iPhone 15,aftermarket-lcd,aftermarket,no,37.84,EUR,https://onstoreitalia.it/products/display-lcd-per-iphone-15-compatibile-premium-quality?_pos=7&_sid=39a43ba90&_ss=r
outletaccessori.it,Italy,shop,iPhone XS,original,A,no,60,EUR,https://www.outletaccessori.it/display-sharp/3994-display-originale-sharp-apple-iphone-xs-nero-8596311188176.html
outletaccessori.it,Italy,shop,iPhone 11 Pro Max,original,A,no,70,EUR,https://www.outletaccessori.it/display-sharp/4317-display-originale-sharp-apple-iphone-11-PRO-MAX-8596311187940.html
startdistribuzione.it,Italy,shop,iPhone 14 Pro,aftermarket-soft-oled,aftermarket,no,56,EUR,https://www.startdistribuzione.it/ricambi-telefonia/apple-ricerca-ad-albero/display-lcd-e-touch/iphone/ricambi-telefonia/apple-ricerca-ad-albero/display-lcd-e-touch/iphone/iphone-14-pro-soft-oled-display-lcd-apple-compatibile-con-alloggiamenti-120hz.1.11.3536.gp.12754.uw
onstoreitalia.it,Italy,shop,iPhone XS,aftermarket-lcd,aftermarket,no,27,EUR,https://onstoreitalia.it/products/display-iphone-xs-oem?_pos=8&_sid=39a43ba90&_ss=r
onstoreitalia.it,Italy,shop,iPhone XS Max,aftermarket-lcd,aftermarket,no,24.16,EUR,https://onstoreitalia.it/products/display-iphone-xs-max-compatibile?_pos=4&_sid=39a43ba90&_ss=r
outletaccessori.it,Italy,shop,iPhone 11 Pro,original,A,no,70,EUR,https://www.outletaccessori.it/display-sharp/4316-display-originale-sharp-apple-iphone-11-PRO-8596311235443.html
outletaccessori.it,Italy,shop,iPhone X,original,A,no,60,EUR,https://www.outletaccessori.it/display-sharp/3941-display-originale-sharp-apple-iphone-x-nero-8596311188183.html
startdistribuzione.it,Italy,shop,iPhone 14 Plus,aftermarket-soft-oled,aftermarket,no,59,EUR,https://www.startdistribuzione.it/ricambi-telefonia/apple-ricerca-ad-albero/display-lcd-e-touch/iphone/ricambi-telefonia/apple-ricerca-ad-albero/display-lcd-e-touch/iphone/iphone-14-plus-mt-tech-soft-oled-display-lcd-apple-compatibile-con-alloggiamenti.1.11.3536.gp.12753.uw
outletaccessori.it,Italy,shop,iPhone XS Max,aftermarket-oled,aftermarket,no,60,EUR,https://www.outletaccessori.it/display-sharp/4234-display-originale-sharp-apple-iphone-xs-max-nero-8596311212468.html
mobpartstore.lv,Latvia,shop,iPhone 15,aftermarket-oled,aftermarket,no,129.1,EUR,https://www.mobpartstore.lv/apple-iphone-telefonu-displeji//154091-apple-iphone-15-ekrans-premium-oled.html
startdistribuzione.it,Italy,shop,iPhone 14 Pro Max,aftermarket-soft-oled,aftermarket,no,48,EUR,https://www.startdistribuzione.it/ricambi-telefonia/apple-ricerca-ad-albero/display-lcd-e-touch/iphone/ricambi-telefonia/apple-ricerca-ad-albero/display-lcd-e-touch/iphone/iphone-14-pro-max-soft-oled-display-lcd-apple-compatibile-con-alloggiamenti.1.11.3536.gp.12756.uw
outletaccessori.it,Italy,shop,iPhone XR,original,A,no,60,EUR,https://www.outletaccessori.it/display-sharp/3995-display-originale-sharp-apple-iphone-xr-nero-7443539071067.html
signalocentras.lt,Lithuania,shop,iphone 11,original,A,no,249.0,EUR,http://signalocentras.lt/telefonija/telefonu-ekranai-lcd/iphone-ipad/lcdtouch-screen-iphone-11-juodas-black-service-pack--25391
deltamobile.lv,Latvia,shop,iPhone 12 Pro Max,aftermarket-incell,aftermarket,no,27,EUR,https://deltamobile.lv/product/apple-iphone-12-pro-max-lcd-modulis-displejs/
riparafast.it,Italy,shop,iPhone 15 Plus,aftermarket-incell,aftermarket,no,46.72,EUR,https://www.riparafast.it/display/1715-lcd-display-jk-apple-iphone-15-plus-incell-schermo-vetro-touch-screen.html
riparafast.it,Italy,shop,iPhone 16 Plus,aftermarket-incell,aftermarket,no,21.31,EUR,https://www.riparafast.it/iphone-16-plus/2335-lcd-schermo-apple-iphone-16-plus-display-touch-screen-incell-compatibile.html
deltamobile.lv,Latvia,shop,iPhone 11 Pro,aftermarket-tft,aftermarket,no,24.9,EUR,https://deltamobile.lv/product/apple-iphone-11-pro-lcd-incell-tianma/
deltamobile.lv,Latvia,shop,iPhone 11,aftermarket-tft,aftermarket,no,19.9,EUR,https://deltamobile.lv/product/apple-iphone-11-lcd-modulis-tft/
mobpartstore.lv,Latvia,shop,iPhone 14 Pro,aftermarket-oled,aftermarket,no,146.9,EUR,https://www.mobpartstore.lv/apple-iphone-telefonu-displeji//154087-apple-iphone-14-pro-ekrans-120-hz-premium-oled.html
riparafast.it,Italy,shop,iPhone 15,aftermarket-incell,aftermarket,no,25.41,EUR,https://www.riparafast.it/display/1640-lcd-display-per-apple-iphone-15-incell-jk-originale-touch-screen-schermo-vetro.html
mobpartstore.lv,Latvia,shop,iPhone 15 Pro Max,aftermarket-oled,aftermarket,no,147.7,EUR,https://www.mobpartstore.lv/apple-iphone-telefonu-displeji//150223-apple-iphone-15-pro-max-ekrans-120-hz-premium-oled.html
riparafast.it,Italy,shop,iPhone 16 Pro Max,aftermarket-incell,aftermarket,no,32.79,EUR,https://www.riparafast.it/iphone-16-pro-max/2337-lcd-schermo-apple-iphone-16-pro-max-display-touch-screen-incell-compatibile.html
mobpartstore.lv,Latvia,shop,iPhone 16 Plus,aftermarket-oled,aftermarket,no,91.7,EUR,https://www.mobpartstore.lv/apple-iphone-telefonu-displeji//154093-apple-iphone-16-plus-ekrans-premium-oled.html
deltamobile.lv,Latvia,shop,iPhone 12 / 12 Pro,aftermarket-incell,aftermarket,no,22,EUR,https://deltamobile.lv/product/apple-iphone-12-12pro-lcd-tft-incell/
deltamobile.lv,Latvia,shop,iPhone 13 mini,aftermarket-incell,aftermarket,no,29,EUR,https://deltamobile.lv/product/applew-iphone-13-mini-lcd-incell-tft-black/
deltamobile.lv,Latvia,shop,iPhone 12 mini,aftermarket-incell,aftermarket,no,34,EUR,https://deltamobile.lv/product/apple-iphone-12-mini-lcd-ekrans-displejs/
mobpartstore.lv,Latvia,shop,iPhone 15 Plus,aftermarket-oled,aftermarket,no,129.1,EUR,https://www.mobpartstore.lv/apple-iphone-telefonu-displeji//144236-apple-iphone-15-plus-ekrans-premium-oled.html
mobpartstore.lv,Latvia,shop,iPhone 15 Pro,aftermarket-oled,aftermarket,no,157.5,EUR,https://www.mobpartstore.lv/apple-iphone-telefonu-displeji//156477-apple-iphone-15-pro-ekrans-120-hz-premium-oled.html
deltamobile.lv,Latvia,shop,iPhone 13,aftermarket-incell,aftermarket,no,29,EUR,https://deltamobile.lv/product/apple-iphone-13-lcd-tft-tianma/
dargilita.lt,Lithuania,shop,iPhone 16 Pro Max,aftermarket-incell,aftermarket,no,111.3,EUR,https://dargilita.lt/apple-iphone-telefonu-ekranai//158533-apple-iphone-16-pro-max-ekranas-premium-incell.html
koopjeonderdelen.nl,Netherlands,shop,iphone 13 pro max,aftermarket-hard-oled,aftermarket,no,174.99,EUR,https://www.koopjeonderdelen.nl/products/iphone-13-pro-max-hard-oled-scherm?_pos=5&_sid=c37fdcb6f&_ss=r
dargilita.lt,Lithuania,shop,iPhone 16 Plus,aftermarket-oled,aftermarket,no,88.6,EUR,https://dargilita.lt/apple-iphone-telefonu-ekranai//154093-apple-iphone-16-plus-ekranas-premium-oled.html
gjirafa50.com,Kosovo,shop,iPhone 15 Pro Max,aftermarket-lcd,aftermarket,no,76.5,EUR,https://gjirafa50.com/ekran-lcd-oem-zy-per-iphone-15-pro-max-me-digitizer-i-zi
dargilita.lt,Lithuania,shop,iPhone 14 Pro Max,aftermarket-oled,aftermarket,no,143.3,EUR,https://dargilita.lt/apple-iphone-telefonu-ekranai//147627-apple-iphone-14-pro-max-ekranas-120-hz-premium-oled.html
gjirafa50.com,Kosovo,shop,iPhone 14 Pro Max,aftermarket-lcd,aftermarket,no,69.5,EUR,https://gjirafa50.com/ekran-lcd-oem-zy-per-iphone-14-pro-max-me-digitizer-i-zi
dargilita.lt,Lithuania,shop,iPhone 16,aftermarket-incell,aftermarket,no,69.4,EUR,https://dargilita.lt/apple-iphone-telefonu-ekranai//150755-apple-iphone-16-ekranas-premium-incell.html
phonexpert78.com,Luxembourg,shop,iPhone 12 / 12 Pro,aftermarket-lcd,aftermarket,no,29.9,EUR,https://www.phonexpert78.com/ecran-lcd-iphone12-c2x36450750
gjirafa50.com,Kosovo,shop,iPhone XR,unknown,aftermarket,no,39.5,EUR,https://gjirafa50.com/ekran-zevendesues-per-iphone-xr-zy-ltps-touch-screen-i-zi
setup.lt,Lithuania,shop,iPhone 11 Pro,aftermarket-hard-oled,aftermarket,no,117.98,EUR,https://setup.lt/products/ekranas-iphone-11-pro-su-lietimui-jautriu-stikliuku-gx-hard-oled-juodas
gjirafa50.com,Kosovo,shop,iPhone 12 Pro,unknown,aftermarket,no,29.5,EUR,https://gjirafa50.com/ekran-zevendesues-per-iphone-12-12-pro-zy-hd-touch-screen-i-zi
setup.lt,Lithuania,shop,iPhone XR,unknown,aftermarket,no,150,EUR,https://setup.lt/products/ekranas-iphone-xr-juodas-org
telefonubaterijos.lt,Lithuania,shop,iPhone X,unknown,aftermarket,no,31.99,EUR,https://www.telefonubaterijos.lt/telefonu-ekranai/550-iphone-x-ekranas-premium.html
phonexpert78.com,Luxembourg,shop,iPhone 11,aftermarket-lcd,aftermarket,no,26.9,EUR,https://www.phonexpert78.com/ecran-lcd-vitre-tactile-pour-iphone-11-c2x34764030
signalocentras.lt,Lithuania,shop,iPhone 11,refurb,A,no,95,EUR,http://signalocentras.lt/telefonija/telefonu-ekranai-lcd/iphone-ipad/lcdtouch-screen-iphone-11-o-25352
signalocentras.lt,Lithuania,shop,iPhone 11,aftermarket-incell,aftermarket,no,85,EUR,http://signalocentras.lt/telefonija/telefonu-ekranai-lcd/iphone-ipad/lcdtouch-screen-iphone-11-juodas-incell-removable-ic-25395
koopjeonderdelen.nl,Netherlands,shop,iPhone 13,aftermarket-incell,aftermarket,no,24.99,EUR,https://www.koopjeonderdelen.nl/products/iphone-13-incell-lcd-scherm
signalocentras.lt,Lithuania,shop,iPhone 11,original,A,no,95,EUR,http://signalocentras.lt/telefonija/telefonu-ekranai-lcd/iphone-ipad/lcdtouch-screen-iphone-11-juodas-black-service-pack--25391
telesfera.lt,Lithuania,shop,iPhone 13,unknown,aftermarket,no,94,EUR,https://telesfera.lt/telefonu-ekranai-lcd/iphone/ekranas-iphone-13-originalus/
telesfera.lt,Lithuania,shop,iPhone 14 Plus,unknown,aftermarket,no,54,EUR,https://telesfera.lt/telefonu-ekranai-lcd/iphone/ekranas-iphone-14-plus-aukstos-kokybes/
telesfera.lt,Lithuania,shop,iPhone 12 Pro Max,unknown,aftermarket,no,144,EUR,https://telesfera.lt/telefonu-ekranai-lcd/ekranas-iphone-12-pro-max-originalus/
telesfera.lt,Lithuania,shop,iPhone 13,unknown,aftermarket,no,34,EUR,https://telesfera.lt/telefonu-ekranai-lcd/iphone/ekranas-iphone-13-aukstos-kokybes/
gsmdalys.lt,Lithuania,shop,iPhone 11,unknown,aftermarket,no,27.1,EUR,https://gsmdalys.lt/parduotuve/iphone-dalys/iphone-11/iphone-11-ekranas/
dutchrepair.nl,Netherlands,shop,iPhone X,aftermarket-oled,aftermarket,no,46.9,EUR,https://www.dutchrepair.nl/products/iphone-x-oled-display-a-grade?_pos=2&_sid=71efb8a83&_ss=r
mobizona.lt,Lithuania,shop,iPhone 11,unknown,aftermarket,no,26.33,EUR,https://mobizona.lt/iphone-11-skirtas-ekranas
dutchrepair.nl,Netherlands,shop,iPhone 11 Pro,aftermarket-hard-oled,aftermarket,no,59.98,EUR,https://www.dutchrepair.nl/products/iphone-11-pro-display-hard-oled-scherm?variant=39984857710672
telesfera.lt,Lithuania,shop,iPhone 14,unknown,aftermarket,no,45,EUR,https://telesfera.lt/telefonu-ekranai-lcd/iphone/ekranas-iphone-14-aukstos-kokybes/
signalocentras.lt,Lithuania,shop,iPhone 11 Pro,aftermarket-incell,aftermarket,no,95,EUR,http://signalocentras.lt/telefonija/telefonu-ekranai-lcd/iphone-ipad/lcdtouch-screen-iphone-11-pro-juodas-black-incell-28251-25416
mobilebitz.co.uk,UK,shop,iphone 16,unknown,aftermarket,no,19.99,GBP,https://www.mobilebitz.co.uk/
gsmdalys.lt,Lithuania,shop,iPhone 11 Pro,unknown,aftermarket,no,24.5,EUR,https://gsmdalys.lt/parduotuve/iphone-dalys/iphone-11-pro/iphone-11-pro-ekranas/
telesfera.lt,Lithuania,shop,iPhone 14,unknown,aftermarket,no,135,EUR,https://telesfera.lt/telefonu-ekranai-lcd/iphone/ekranas-iphone-14-originalus/
telesfera.lt,Lithuania,shop,iPhone 14 Plus,unknown,aftermarket,no,165,EUR,https://telesfera.lt/telefonu-ekranai-lcd/iphone/ekranas-iphone-14-plus-originalus/
mobilebitz.co.uk,UK,shop,iphone 14,unknown,aftermarket,no,19.99,GBP,https://www.mobilebitz.co.uk/
mobizona.lt,Lithuania,shop,iPhone 14,unknown,aftermarket,no,38.77,EUR,https://mobizona.lt/iphone-14-skirtas-ekranas
mobizona.lt,Lithuania,shop,iPhone 13,unknown,aftermarket,no,29.34,EUR,https://mobizona.lt/iphone-13-skirtas-ekranas
dutchrepair.nl,Netherlands,shop,iPhone 11,unknown,aftermarket,no,30,EUR,https://www.dutchrepair.nl/products/iphone-11-orgineel-display-a-kwaliteit?_pos=1&_sid=71efb8a83&_ss=r
mobilebitz.co.uk,UK,shop,iphone 15 pro max,unknown,aftermarket,no,15.0,GBP,https://www.mobilebitz.co.uk/
appleparts.nl,Netherlands,shop,iPhone 14 Pro Max,pulled,A,no,239,EUR,https://appleparts.nl/products/beeldscherm-iphone-14-pro-max-origineel-pulled?_pos=3&_sid=433506182&_ss=r
koopjeonderdelen.nl,Netherlands,shop,iphone 11 pro max,unknown,aftermarket,no,48.99,EUR,https://www.koopjeonderdelen.nl/products/iphone-11-pro-max-scherm-zonder-ic-chip
hallomobile.nl,Netherlands,shop,iPhone 11 Pro,aftermarket-incell,aftermarket,no,22.95,EUR,https://hallomobile.nl/product/waeyz-iphone-11-pro-serie-vervangend-lcd-scherm-incell-2/
appleparts.nl,Netherlands,shop,iPhone 14 Plus,pulled,A,no,199,EUR,https://appleparts.nl/products/iphone-14-plus-scherm-origineel-pulled?_pos=8&_sid=433506182&_ss=r
hallomobile.nl,Netherlands,shop,iPhone 12 Pro,aftermarket-incell,aftermarket,no,22.95,EUR,https://hallomobile.nl/product/waeyz-iphone-11-pro-serie-vervangend-lcd-scherm-incell/
appleparts.nl,Netherlands,shop,iPhone 16,pulled,A,no,198,EUR,https://appleparts.nl/products/beeldscherm-scherm-voor-iphone-16-origineel-pulled?_pos=6&_sid=433506182&_ss=r
hallomobile.nl,Netherlands,shop,iPhone 11,aftermarket-incell,aftermarket,no,22.95,EUR,https://hallomobile.nl/product/waeyz-iphone-11-serie-vervangend-lcd-scherm-incell/
hallomobile.nl,Netherlands,shop,iPhone 13 Pro Max,aftermarket-incell,aftermarket,no,66.9,EUR,https://hallomobile.nl/product/waeyz-iphone-13-pro-max-serie-vervangend-lcd-scherm-incell/
hallomobile.nl,Netherlands,shop,iPhone 12,aftermarket-incell,aftermarket,no,22.95,EUR,https://hallomobile.nl/product/waeyz-iphone-12-serie-vervangend-lcd-scherm-incell/
hallomobile.nl,Netherlands,shop,iPhone 13,aftermarket-incell,aftermarket,no,37.9,EUR,https://hallomobile.nl/product/waeyz-iphone-13-serie-vervangend-lcd-scherm-incell/
hallomobile.nl,Netherlands,shop,iPhone 13 Pro,aftermarket-incell,aftermarket,no,46.9,EUR,https://hallomobile.nl/product/waeyz-iphone-13-pro-serie-vervangend-lcd-scherm-incell/
partexpert.nl,Netherlands,shop,iPhone 11 Pro,aftermarket-lcd,aftermarket,no,69.95,EUR,https://www.partexpert.nl/en/iphone-11-pro-display-and-lcd.html
partexpert.nl,Netherlands,shop,iPhone 14 Pro Max,aftermarket-lcd,aftermarket,no,69.95,EUR,https://www.partexpert.nl/en/iphone-14promax-display-and-lcd.html
partexpert.nl,Netherlands,shop,iPhone 11 Pro,aftermarket-oled,aftermarket,no,49.95,EUR,https://www.partexpert.nl/en/iphone-11-pro-display-and-oled.html
partexpert.nl,Netherlands,shop,iPhone 11,aftermarket-lcd,aftermarket,no,54.95,EUR,https://www.partexpert.nl/en/iphone-11-display-and-lcd6.html
koopjeonderdelen.nl,Netherlands,shop,iPhone 12,aftermarket-incell,aftermarket,no,23.99,EUR,https://www.koopjeonderdelen.nl/products/iphone-12-incell-lcd-scherm
partexpert.nl,Netherlands,shop,iPhone 11 Pro Max,aftermarket-oled,aftermarket,no,279.95,EUR,https://www.partexpert.nl/en/iphone-11promax-display-and-oled.html
partexpert.nl,Netherlands,shop,iPhone 11,aftermarket-lcd,aftermarket,no,29.95,EUR,https://www.partexpert.nl/en/iphone-11-oem-display-and-lcd.html
hallomobile.nl,Netherlands,shop,iPhone 13 mini,aftermarket-incell,aftermarket,no,36.9,EUR,https://hallomobile.nl/product/waeyz-iphone-13-mini-serie-vervangend-lcd-scherm-incell/
partexpert.nl,Netherlands,shop,iPhone XS Max,aftermarket-oled,aftermarket,no,49.95,EUR,https://www.partexpert.nl/en/iphone-xs-max-display-and-oled.html
koopjeonderdelen.nl,Netherlands,shop,iphone xs,aftermarket-hard-oled,aftermarket,no,44.99,EUR,https://www.koopjeonderdelen.nl/products/iphone-xs-hard-oled-scherm?_pos=21&_sid=c37fdcb6f&_ss=r
icell4less.com,Norway,shop,iPhone 11 Pro,aftermarket-incell,aftermarket,no,130,USD,https://icell4less.com/collections/lcd/products/apple-iphone-11-pro-lcd-3d-touch-screen-digitizer-replacement-assembly-kit
icell4less.com,Norway,shop,iPhone 11,aftermarket-lcd,aftermarket,no,79,USD,https://icell4less.com/collections/lcd/products/apple-iphone-11-lcd-touch-screen-digitizer-replacement-assembly-kit-6-1-inch-i11-lcd
koopjeonderdelen.nl,Netherlands,shop,iPhone 13 Mini,aftermarket-incell,aftermarket,no,34.99,EUR,https://www.koopjeonderdelen.nl/products/iphone-13-mini-incell-lcd-scherm
koopjeonderdelen.nl,Netherlands,shop,iPhone 12 Pro Max,aftermarket-soft-oled,aftermarket,no,94.99,EUR,https://www.koopjeonderdelen.nl/products/iphone-12-pro-max-soft-oled-scherm
spares.no,Norway,shop,iPhone XR,unknown,aftermarket,YES,399,NOK,https://spares.no/en/products/iphone-xr-skjerm?_pos=2&_sid=751bdc968&_ss=r
spares.no,Norway,shop,iPhone 12,unknown,aftermarket,YES,449,NOK,https://spares.no/en/products/iphone-12-12-pro-incell-lcd-skjerm-skjerm-rj?_pos=4&_sid=751bdc968&_ss=r
koopjeonderdelen.nl,Netherlands,shop,iPhone 11 Pro Max,original,A,no,89.99,EUR,https://www.koopjeonderdelen.nl/products/iphone-11-pro-max-origineel-scherm
spares.no,Norway,shop,iPhone X,unknown,aftermarket,YES,399,NOK,https://spares.no/en/products/iphone-x-myk-oled-skjerm-skjerm-itrucolor?_pos=7&_sid=751bdc968&_ss=r
icell4less.com,Norway,shop,iPhone XS,aftermarket-tft,aftermarket,no,59,USD,https://icell4less.com/collections/lcd/products/apple-iphone-xs-5-8-inch-tft-lcd-touch-screen-replacements-with-assembly-tools-included
spares.no,Norway,shop,iPhone 11 Pro,unknown,aftermarket,YES,449,NOK,https://spares.no/en/products/iphone-11-pro-skjerm?_pos=5&_sid=751bdc968&_ss=r
spares.no,Norway,shop,iPhone 11 Pro Max,unknown,aftermarket,YES,449,NOK,https://spares.no/en/products/iphone-11-pro-max-myk-oled-skjerm-skjerm-itrucolor?_pos=8&_sid=751bdc968&_ss=r
fonefunshop.co.uk,UK,shop,iphone 15,unknown,aftermarket,no,37.95,GBP,https://www.fonefunshop.co.uk/
spares.no,Norway,shop,iPhone 12 mini,unknown,aftermarket,YES,449,NOK,https://spares.no/en/products/iphone-12-mini-lcd-skjerm-skjerm-itrucolor?_pos=3&_sid=751bdc968&_ss=r
spares.no,Norway,shop,iPhone 11,unknown,aftermarket,YES,449,NOK,https://spares.no/en/products/iphone-11?_pos=6&_sid=751bdc968&_ss=r
icell4less.com,Norway,shop,iPhone X,aftermarket-hard-oled,aftermarket,no,69,USD,https://icell4less.com/collections/lcd/products/apple-iphone-x-oled-touch-screen-digitizer-replacement-assembly-kit
gadgetfix.com,USA,shop,iphone 12 pro max,unknown,aftermarket,no,18.95,USD,https://www.gadgetfix.com/
gadgetfix.com,USA,shop,iphone 11,unknown,aftermarket,no,44.95,USD,https://www.gadgetfix.com/
mobilebitz.co.uk,UK,shop,iphone 13 pro max,unknown,aftermarket,no,19.99,GBP,https://www.mobilebitz.co.uk/
telesfera.lt,Lithuania,shop,iphone 15 pro max,unknown,aftermarket,no,315.0,EUR,https://telesfera.lt/telefonu-ekranai-lcd/iphone/ekranas-iphone-15-pro-max-originalus/
el-telgsm.pl,Poland,shop,iPhone 12 / 12 Pro,aftermarket-lcd,aftermarket,no,338.999931,PLN,https://el-telgsm.pl/wyswietlacze-iphone/22203-wyswietlacz-lcd-iphone-12---12-pro-6-1-czarny.html
fmaparts.com.au,Australia,shop,iphone 16e,aftermarket-oled,aftermarket,no,81.95,AUD,https://www.fmaparts.com.au/
fmaparts.com.au,Australia,shop,iphone 16e,aftermarket-lcd,aftermarket,no,38.95,AUD,https://www.fmaparts.com.au/
el-telgsm.pl,Poland,shop,iPhone 11 Pro Max,aftermarket-incell,aftermarket,no,199.989882,PLN,https://el-telgsm.pl/wyswietlacze-iphone/31912-wyswietlacz-lcd-iphone-11-pro-max-6-5-full-hd-incell-change-ic-jk-czarny.html
euromarserwis.pl,Poland,shop,iPhone 14,aftermarket-soft-oled,aftermarket,no,244.49,PLN,https://www.euromarserwis.pl/iphone-14/2364-wyswietlacz-lcd-ekran-iphone-14-soft-oled-dd-5903396318689.html
el-telgsm.pl,Poland,shop,iPhone 11,aftermarket-lcd,aftermarket,no,139.999953,PLN,https://el-telgsm.pl/wyswietlacze-iphone/25884-wyswietlacz-lcd-iphone-11-6-1-oncell-czarny.html
fmaparts.com.au,Australia,shop,iphone 16 pro max,aftermarket-oled,aftermarket,no,427.95,AUD,https://www.fmaparts.com.au/
fmaparts.com.au,Australia,shop,iphone 16e,aftermarket-oled,aftermarket,no,62.95,AUD,https://www.fmaparts.com.au/
fmaparts.com.au,Australia,shop,iphone 16 pro max,unknown,aftermarket,no,81.95,AUD,https://www.fmaparts.com.au/
el-telgsm.pl,Poland,shop,iPhone 12 / 12 Pro,original,A,no,338.999931,PLN,https://el-telgsm.pl/wyswietlacze-iphone/34449-wyswietlacz-lcd-iphone-12---12-pro-6-1-service-pack-czarny.html
el-telgsm.pl,Poland,shop,iPhone 12 mini,aftermarket-incell,aftermarket,no,159.989913,PLN,https://el-telgsm.pl/wyswietlacze-iphone/34452-wyswietlacz-lcd-iphone-12-mini-5-4-full-hd-incell-change-ic-jk-czarny.html
fmaparts.com.au,Australia,shop,iphone 16 pro,aftermarket-oled,aftermarket,no,316.95,AUD,https://www.fmaparts.com.au/
fmaparts.com.au,Australia,shop,iphone 16 pro max,aftermarket-oled,aftermarket,no,98.95,AUD,https://www.fmaparts.com.au/
fmaparts.com.au,Australia,shop,iphone 16 pro,aftermarket-oled,aftermarket,no,133.95,AUD,https://www.fmaparts.com.au/
fixo.com.au,Australia,shop,iphone 11 pro,refurb,A,no,98.4,AUD,https://www.fixo.com.au/collections/iphone
fmaparts.com.au,Australia,shop,iphone 16 pro,aftermarket-oled,aftermarket,no,98.95,AUD,https://www.fmaparts.com.au/
fixo.com.au,Australia,shop,iphone x,refurb,A,no,74.94,AUD,https://www.fixo.com.au/collections/iphone
fixo.com.au,Australia,shop,iphone xs max,refurb,A,no,83.06,AUD,https://www.fixo.com.au/collections/iphone
mobilyskalka.cz,CZ,shop,iphone 16,aftermarket-oled,aftermarket,YES,1486.0,CZK,https://mobilyskalka.cz/dotykova-deska-iphone-16-lcd-black-oled/
fixo.com.au,Australia,shop,iphone 11 pro max,unknown,aftermarket,no,4.37,AUD,https://www.fixo.com.au/collections/iphone
fixo.com.au,Australia,shop,iphone 11 pro,unknown,aftermarket,no,3.25,AUD,https://www.fixo.com.au/collections/iphone
goodtech.co.nz,New Zealand,shop,iphone 14 pro max,unknown,aftermarket,no,149.0,,https://www.goodtech.co.nz/collections/repairs
irepart.com,China,shop,iphone 16 pro,aftermarket-incell,aftermarket,no,31.66,USD,https://irepart.com/collections/lcd-screen
irepart.com,China,shop,iphone 14,aftermarket-incell,aftermarket,no,9.6,USD,https://irepart.com/collections/lcd-screen
goodtech.co.nz,New Zealand,shop,iphone 14,unknown,aftermarket,no,129.0,,https://www.goodtech.co.nz/collections/repairs
irepart.com,China,shop,iphone 16,aftermarket-incell,aftermarket,no,29.66,USD,https://irepart.com/collections/lcd-screen
goodtech.co.nz,New Zealand,shop,iphone 14 pro,unknown,aftermarket,no,139.0,,https://www.goodtech.co.nz/collections/repairs
irepart.com,China,shop,iphone 16 pro max,aftermarket-incell,aftermarket,no,32.0,USD,https://irepart.com/collections/oled-screen
fixo.com.au,Australia,shop,iphone 11 pro,unknown,aftermarket,no,49.64,AUD,https://www.fixo.com.au/collections/iphone
irepart.com,China,shop,iphone 15 pro max,aftermarket-incell,aftermarket,no,29.0,USD,https://irepart.com/collections/lcd-screen
goodtech.co.nz,New Zealand,shop,iphone 14 plus,unknown,aftermarket,no,139.0,,https://www.goodtech.co.nz/collections/repairs
mobishop.ee,Estonia,shop,iphone 13,original,A,YES,45.88,EUR,https://mobishop.ee/kategooria/varuosad/apple-varuosad/iphone-13-seeria-varuosad/iphone-13-varuosad/
fixo.com.au,Australia,shop,iphone 11,unknown,aftermarket,no,4.99,AUD,https://www.fixo.com.au/collections/iphone
mobishop.ee,Estonia,shop,iphone 13,aftermarket-incell,aftermarket,YES,50.16,EUR,https://mobishop.ee/kategooria/varuosad/apple-varuosad/iphone-13-seeria-varuosad/iphone-13-varuosad/
irepart.com,China,shop,iphone 15 plus,aftermarket-incell,aftermarket,no,28.0,USD,https://irepart.com/collections/lcd-screen
mobishop.ee,Estonia,shop,iphone 13,original,A,YES,22.3,EUR,https://mobishop.ee/kategooria/varuosad/apple-varuosad/iphone-13-seeria-varuosad/iphone-13-varuosad/
mobishop.ee,Estonia,shop,iphone 13,aftermarket-incell,aftermarket,YES,40.73,EUR,https://mobishop.ee/kategooria/varuosad/apple-varuosad/iphone-13-seeria-varuosad/iphone-13-varuosad/
mobishop.ee,Estonia,shop,iphone 13,refurb,A,YES,92.95,EUR,https://mobishop.ee/kategooria/varuosad/apple-varuosad/iphone-13-seeria-varuosad/iphone-13-varuosad/
mobishop.ee,Estonia,shop,iphone 13,unknown,aftermarket,YES,131.61,EUR,https://mobishop.ee/kategooria/varuosad/apple-varuosad/iphone-13-seeria-varuosad/iphone-13-varuosad/
mobishop.ee,Estonia,shop,iphone 13,unknown,aftermarket,YES,28.56,EUR,https://mobishop.ee/kategooria/varuosad/apple-varuosad/iphone-13-seeria-varuosad/iphone-13-varuosad/
mobishop.ee,Estonia,shop,iphone 13,unknown,aftermarket,YES,8.02,EUR,https://mobishop.ee/kategooria/varuosad/apple-varuosad/iphone-13-seeria-varuosad/iphone-13-varuosad/
mobishop.ee,Estonia,shop,iphone 13,original,A,YES,20.82,EUR,https://mobishop.ee/kategooria/varuosad/apple-varuosad/iphone-13-seeria-varuosad/iphone-13-varuosad/
mobishop.ee,Estonia,shop,iphone 13,unknown,aftermarket,YES,65.01,EUR,https://mobishop.ee/kategooria/varuosad/apple-varuosad/iphone-13-seeria-varuosad/iphone-13-varuosad/
mobishop.ee,Estonia,shop,iphone 13,original,A,YES,22.26,EUR,https://mobishop.ee/kategooria/varuosad/apple-varuosad/iphone-13-seeria-varuosad/iphone-13-varuosad/
mobishop.ee,Estonia,shop,iphone 13,unknown,aftermarket,YES,21.91,EUR,https://mobishop.ee/kategooria/varuosad/apple-varuosad/iphone-13-seeria-varuosad/iphone-13-varuosad/
mobishop.ee,Estonia,shop,iphone 13,aftermarket-incell,aftermarket,YES,35.3,EUR,https://mobishop.ee/kategooria/varuosad/apple-varuosad/iphone-13-seeria-varuosad/iphone-13-varuosad/
mobishop.ee,Estonia,shop,iphone 13,unknown,aftermarket,YES,36.16,EUR,https://mobishop.ee/kategooria/varuosad/apple-varuosad/iphone-13-seeria-varuosad/iphone-13-varuosad/
mobishop.ee,Estonia,shop,iphone 13,original,A,YES,26.96,EUR,https://mobishop.ee/kategooria/varuosad/apple-varuosad/iphone-13-seeria-varuosad/iphone-13-varuosad/
mobishop.ee,Estonia,shop,iphone 13,aftermarket-oled,aftermarket,YES,78.12,EUR,https://mobishop.ee/kategooria/varuosad/apple-varuosad/iphone-13-seeria-varuosad/iphone-13-varuosad/
mobishop.ee,Estonia,shop,iphone 15 pro max,unknown,aftermarket,YES,9.92,EUR,https://mobishop.ee/kategooria/varuosad/apple-varuosad/iphone-13-seeria-varuosad/iphone-13-varuosad/
mobishop.ee,Estonia,shop,iphone 13,aftermarket-hard-oled,aftermarket,YES,52.56,EUR,https://mobishop.ee/kategooria/varuosad/apple-varuosad/iphone-13-seeria-varuosad/iphone-13-varuosad/
mobishop.ee,Estonia,shop,iphone 13,original,A,YES,21.69,EUR,https://mobishop.ee/kategooria/varuosad/apple-varuosad/iphone-13-seeria-varuosad/iphone-13-varuosad/
mobishop.ee,Estonia,shop,iphone 13,unknown,aftermarket,YES,32.18,EUR,https://mobishop.ee/kategooria/varuosad/apple-varuosad/iphone-13-seeria-varuosad/iphone-13-varuosad/
mobishop.ee,Estonia,shop,iphone 13,aftermarket-oled,aftermarket,YES,59.83,EUR,https://mobishop.ee/kategooria/varuosad/apple-varuosad/iphone-13-seeria-varuosad/iphone-13-varuosad/
ioutlet.ee,Estonia,shop,iphone 11 pro,unknown,aftermarket,YES,2.5,EUR,https://ioutlet.ee/shop/
mobishop.ee,Estonia,shop,iphone 13,aftermarket-incell,aftermarket,YES,40.18,EUR,https://mobishop.ee/kategooria/varuosad/apple-varuosad/iphone-13-seeria-varuosad/iphone-13-varuosad/
ioutlet.ee,Estonia,shop,iphone xs,unknown,aftermarket,YES,2.5,EUR,https://ioutlet.ee/shop/
smartech.ee,Estonia,shop,iphone 15 pro,unknown,aftermarket,no,304.0,EUR,https://www.smartech.ee/et/category/telefonid-nutikellad-tahvelarvutid-ja-e-lugerid/mobiiltelefonid-ja-tarvikud/lcd-ekraanid/
smartech.ee,Estonia,shop,iphone 16 pro max,aftermarket-soft-oled,aftermarket,no,144.0,EUR,https://www.smartech.ee/et/category/telefonid-nutikellad-tahvelarvutid-ja-e-lugerid/mobiiltelefonid-ja-tarvikud/lcd-ekraanid/
ioutlet.ee,Estonia,shop,iphone xs max,unknown,aftermarket,YES,15.0,EUR,https://ioutlet.ee/shop/
ioutlet.ee,Estonia,shop,iphone 11 pro max,unknown,aftermarket,YES,2.5,EUR,https://ioutlet.ee/shop/
ioutlet.ee,Estonia,shop,iphone x,unknown,aftermarket,YES,4.9,EUR,https://ioutlet.ee/shop/
ioutlet.ee,Estonia,shop,iphone 11,unknown,aftermarket,YES,2.5,EUR,https://ioutlet.ee/shop/
ioutlet.ee,Estonia,shop,iphone x,unknown,aftermarket,YES,15.0,EUR,https://ioutlet.ee/shop/
ioutlet.ee,Estonia,shop,iphone 11 pro max,unknown,aftermarket,YES,15.0,EUR,https://ioutlet.ee/shop/
ioutlet.ee,Estonia,shop,iphone xs,unknown,aftermarket,YES,15.0,EUR,https://ioutlet.ee/shop/
ioutlet.ee,Estonia,shop,iphone 11,unknown,aftermarket,YES,89.0,EUR,https://ioutlet.ee/shop/
ioutlet.ee,Estonia,shop,iphone 11 pro,aftermarket-oled,aftermarket,YES,6.64,EUR,https://ioutlet.ee/shop/
ioutlet.ee,Estonia,shop,iphone x,aftermarket-soft-oled,aftermarket,YES,7.57,EUR,https://ioutlet.ee/shop/
mobishop.ee,Estonia,shop,iphone 13,unknown,aftermarket,YES,26.14,EUR,https://mobishop.ee/kategooria/varuosad/apple-varuosad/iphone-13-seeria-varuosad/iphone-13-varuosad/
ioutlet.ee,Estonia,shop,iphone 11 pro,aftermarket-oled,aftermarket,YES,109.0,EUR,https://ioutlet.ee/shop/
ioutlet.ee,Estonia,shop,iphone xs,aftermarket-oled,aftermarket,YES,99.0,EUR,https://ioutlet.ee/shop/
ioutlet.ee,Estonia,shop,iphone xs,aftermarket-oled,aftermarket,YES,6.03,EUR,https://ioutlet.ee/shop/
ioutlet.ee,Estonia,shop,iphone xs max,aftermarket-oled,aftermarket,YES,6.64,EUR,https://ioutlet.ee/shop/
hallomobile.nl,Netherlands,shop,iphone xr,aftermarket-incell,aftermarket,no,22.95,EUR,https://hallomobile.nl/product/waeyz-iphone-xr-serie-vervangend-lcd-scherm-incell/
ioutlet.ee,Estonia,shop,iphone 11 pro max,unknown,aftermarket,YES,7.4,EUR,https://ioutlet.ee/shop/
ioutlet.ee,Estonia,shop,iphone xs,refurb,A,YES,159.0,EUR,https://ioutlet.ee/shop/
ioutlet.ee,Estonia,shop,iphone xs,refurb,A,YES,7.9,EUR,https://ioutlet.ee/shop/
ioutlet.ee,Estonia,shop,iphone x,refurb,A,YES,149.0,EUR,https://ioutlet.ee/shop/
utopya.com,France,shop,iphone 15,unknown,aftermarket,no,47.1,EUR,https://www.utopya.com/apple/iphone/iphone-15.html
utopya.com,France,shop,iphone 15,aftermarket-soft-oled,aftermarket,no,28.5,EUR,https://www.utopya.com/apple/iphone/iphone-15.html
ioutlet.ee,Estonia,shop,iphone xs max,refurb,A,YES,199.0,EUR,https://ioutlet.ee/shop/
utopya.com,France,shop,iphone 15,original,A,no,70.0,EUR,https://www.utopya.com/apple/iphone/iphone-15.html
ioutlet.ee,Estonia,shop,iphone 11 pro,refurb,A,YES,249.0,EUR,https://ioutlet.ee/shop/
utopya.com,France,shop,iphone 15,aftermarket-soft-oled,aftermarket,no,32.5,EUR,https://www.utopya.com/apple/iphone/iphone-15.html
utopya.com,France,shop,iphone 15,pulled,A,no,12.95,EUR,https://www.utopya.com/apple/iphone/iphone-15.html
utopya.com,France,shop,iphone 15,unknown,aftermarket,no,27.1,EUR,https://www.utopya.com/apple/iphone/iphone-15.html
utopya.com,France,shop,iphone 15,aftermarket-hard-oled,aftermarket,no,14.1,EUR,https://www.utopya.com/apple/iphone/iphone-15.html
utopya.com,France,shop,iphone 15,unknown,aftermarket,no,6.4,EUR,https://www.utopya.com/apple/iphone/iphone-15.html
utopya.com,France,shop,iphone 15,unknown,aftermarket,no,12.0,EUR,https://www.utopya.com/apple/iphone/iphone-15.html
utopya.com,France,shop,iphone 15,unknown,aftermarket,no,6.5,EUR,https://www.utopya.com/apple/iphone/iphone-15.html
utopya.com,France,shop,iphone 15,pulled,A,no,42.9,EUR,https://www.utopya.com/apple/iphone/iphone-15.html
utopya.com,France,shop,iphone 15,unknown,aftermarket,no,6.1,EUR,https://www.utopya.com/apple/iphone/iphone-15.html
utopya.com,France,shop,iphone 15,pulled,A,no,9.95,EUR,https://www.utopya.com/apple/iphone/iphone-15.html
utopya.com,France,shop,iphone 15,unknown,aftermarket,no,12.2,EUR,https://www.utopya.com/apple/iphone/iphone-15.html
hallomobile.nl,Netherlands,shop,iphone 11,aftermarket-hard-oled,aftermarket,no,54.95,EUR,https://hallomobile.nl/product/waeyz-iphone-11-vervangend-lcd-scherm-incell/
utopya.com,France,shop,iphone 15,unknown,aftermarket,no,4.7,EUR,https://www.utopya.com/apple/iphone/iphone-15.html
utopya.com,France,shop,iphone 15,unknown,aftermarket,no,1.7,EUR,https://www.utopya.com/apple/iphone/iphone-15.html
utopya.com,France,shop,iphone 15,unknown,aftermarket,no,31.7,EUR,https://www.utopya.com/apple/iphone/iphone-15.html
utopya.com,France,shop,iphone 15,unknown,aftermarket,no,3.05,EUR,https://www.utopya.com/apple/iphone/iphone-15.html
utopya.com,France,shop,iphone 15,unknown,aftermarket,no,30.2,EUR,https://www.utopya.com/apple/iphone/iphone-15.html
utopya.com,France,shop,iphone 15,pulled,A,no,36.0,EUR,https://www.utopya.com/apple/iphone/iphone-15.html
deltamobile.lv,Latvia,shop,iphone 11 pro max,aftermarket-tft,aftermarket,no,24.0,EUR,https://deltamobile.lv/category/lcd-un-skarienjutigie-paneli-apple-iphone/
utopya.com,France,shop,iphone 15,unknown,aftermarket,no,1.45,EUR,https://www.utopya.com/apple/iphone/iphone-15.html
utopya.com,France,shop,iphone 15,unknown,aftermarket,no,0.5,EUR,https://www.utopya.com/apple/iphone/iphone-15.html
deltamobile.lv,Latvia,shop,iphone 13,aftermarket-incell,aftermarket,no,29.0,EUR,https://deltamobile.lv/category/lcd-un-skarienjutigie-paneli-apple-iphone/
deltamobile.lv,Latvia,shop,iphone 11 pro,aftermarket-tft,aftermarket,no,22.0,EUR,https://deltamobile.lv/category/lcd-un-skarienjutigie-paneli-apple-iphone/
utopya.com,France,shop,iphone 15,unknown,aftermarket,no,0.9,EUR,https://www.utopya.com/apple/iphone/iphone-15.html
deltamobile.lv,Latvia,shop,iphone 14 plus,aftermarket-incell,aftermarket,no,53.0,EUR,https://deltamobile.lv/category/lcd-un-skarienjutigie-paneli-apple-iphone/
deltamobile.lv,Latvia,shop,iphone x,aftermarket-tft,aftermarket,no,17.0,EUR,https://deltamobile.lv/category/lcd-un-skarienjutigie-paneli-apple-iphone/
deltamobile.lv,Latvia,shop,iphone 12 mini,aftermarket-incell,aftermarket,no,34.0,EUR,https://deltamobile.lv/category/lcd-un-skarienjutigie-paneli-apple-iphone/
deltamobile.lv,Latvia,shop,iphone 13 mini,aftermarket-incell,aftermarket,no,29.0,EUR,https://deltamobile.lv/category/lcd-un-skarienjutigie-paneli-apple-iphone/
deltamobile.lv,Latvia,shop,iphone xs,aftermarket-tft,aftermarket,no,16.0,EUR,https://deltamobile.lv/category/lcd-un-skarienjutigie-paneli-apple-iphone/
deltamobile.lv,Latvia,shop,iphone 14,aftermarket-incell,aftermarket,no,49.0,EUR,https://deltamobile.lv/category/lcd-un-skarienjutigie-paneli-apple-iphone/
deltamobile.lv,Latvia,shop,iphone 13 pro max,aftermarket-incell,aftermarket,no,29.9,EUR,https://deltamobile.lv/category/lcd-un-skarienjutigie-paneli-apple-iphone/
mobilemonsters.lv,Latvia,shop,iphone 16e,aftermarket-oled,aftermarket,no,80.0,EUR,https://www.mobilemonsters.lv/displeji-iphone.html
mobilemonsters.lv,Latvia,shop,iphone 16 pro max,unknown,aftermarket,no,78.3,EUR,https://www.mobilemonsters.lv/displeji-iphone.html
mobilemonsters.lv,Latvia,shop,iphone 16 pro max,unknown,aftermarket,no,408.0,EUR,https://www.mobilemonsters.lv/displeji-iphone.html
mobilemonsters.lv,Latvia,shop,iphone 16 pro,unknown,aftermarket,no,315.0,EUR,https://www.mobilemonsters.lv/displeji-iphone.html
mobilemonsters.lv,Latvia,shop,iphone 16 pro,unknown,aftermarket,no,107.6,EUR,https://www.mobilemonsters.lv/displeji-iphone.html
mobilemonsters.lv,Latvia,shop,iphone 16,unknown,aftermarket,no,214.3,EUR,https://www.mobilemonsters.lv/displeji-iphone.html
mobilemonsters.lv,Latvia,shop,iphone 16 pro,unknown,aftermarket,no,78.4,EUR,https://www.mobilemonsters.lv/displeji-iphone.html
mobilemonsters.lv,Latvia,shop,iphone 16 plus,unknown,aftermarket,no,193.7,EUR,https://www.mobilemonsters.lv/displeji-iphone.html
mobilemonsters.lv,Latvia,shop,iphone 16,aftermarket-oled,aftermarket,no,128.4,EUR,https://www.mobilemonsters.lv/displeji-iphone.html
mobilemonsters.lv,Latvia,shop,iphone 15 pro max,unknown,aftermarket,no,57.6,EUR,https://www.mobilemonsters.lv/displeji-iphone.html
mobilemonsters.lv,Latvia,shop,iphone 15 pro max,unknown,aftermarket,no,57.8,EUR,https://www.mobilemonsters.lv/displeji-iphone.html
mobpartstore.lv,Latvia,shop,iphone 16e,aftermarket-incell,aftermarket,no,65.0,EUR,https://www.mobpartstore.lv/17-apple-iphone-telefonu-displeji
mobpartstore.lv,Latvia,shop,iphone 16 pro max,aftermarket-incell,aftermarket,no,111.3,EUR,https://www.mobpartstore.lv/17-apple-iphone-telefonu-displeji
mobpartstore.lv,Latvia,shop,iphone 16 pro,aftermarket-incell,aftermarket,no,125.0,EUR,https://www.mobpartstore.lv/17-apple-iphone-telefonu-displeji
mobilemonsters.lv,Latvia,shop,iphone 15 pro max,unknown,aftermarket,no,61.0,EUR,https://www.mobilemonsters.lv/displeji-iphone.html
mobilemonsters.lv,Latvia,shop,iphone 16,unknown,aftermarket,no,63.1,EUR,https://www.mobilemonsters.lv/displeji-iphone.html
mobilemonsters.lv,Latvia,shop,iphone 15 pro max,unknown,aftermarket,no,46.9,EUR,https://www.mobilemonsters.lv/displeji-iphone.html
mobilemonsters.lv,Latvia,shop,iphone 15 pro max,unknown,aftermarket,no,345.0,EUR,https://www.mobilemonsters.lv/displeji-iphone.html
mobpartstore.lv,Latvia,shop,iphone 16 pro max,aftermarket-incell,aftermarket,no,125.0,EUR,https://www.mobpartstore.lv/17-apple-iphone-telefonu-displeji
mobpartstore.lv,Latvia,shop,iphone 14 pro,aftermarket-oled,aftermarket,no,165.0,EUR,https://www.mobpartstore.lv/17-apple-iphone-telefonu-displeji
mobpartstore.lv,Latvia,shop,iphone 16,aftermarket-incell,aftermarket,no,69.4,EUR,https://www.mobpartstore.lv/17-apple-iphone-telefonu-displeji
mobpartstore.lv,Latvia,shop,iphone 16 plus,aftermarket-incell,aftermarket,no,86.2,EUR,https://www.mobpartstore.lv/17-apple-iphone-telefonu-displeji
mobpartstore.lv,Latvia,shop,iphone 14 pro,aftermarket-oled,aftermarket,no,146.9,EUR,https://www.mobpartstore.lv/17-apple-iphone-telefonu-displeji
mobpartstore.lv,Latvia,shop,iphone 16,aftermarket-incell,aftermarket,no,78.0,EUR,https://www.mobpartstore.lv/17-apple-iphone-telefonu-displeji
mobpartstore.lv,Latvia,shop,iphone 16 plus,aftermarket-oled,aftermarket,no,91.7,EUR,https://www.mobpartstore.lv/17-apple-iphone-telefonu-displeji
mobpartstore.lv,Latvia,shop,iphone 15 pro max,aftermarket-incell,aftermarket,no,74.0,EUR,https://www.mobpartstore.lv/17-apple-iphone-telefonu-displeji
mobpartstore.lv,Latvia,shop,iphone 14 pro max,aftermarket-oled,aftermarket,no,161.0,EUR,https://www.mobpartstore.lv/17-apple-iphone-telefonu-displeji
mobpartstore.lv,Latvia,shop,iphone 15 pro,aftermarket-oled,aftermarket,no,157.5,EUR,https://www.mobpartstore.lv/17-apple-iphone-telefonu-displeji
mobpartstore.lv,Latvia,shop,iphone 15 pro max,aftermarket-incell,aftermarket,no,65.9,EUR,https://www.mobpartstore.lv/17-apple-iphone-telefonu-displeji
mobpartstore.lv,Latvia,shop,iphone 15 pro max,aftermarket-oled,aftermarket,no,166.0,EUR,https://www.mobpartstore.lv/17-apple-iphone-telefonu-displeji
mobpartstore.lv,Latvia,shop,iphone 15 pro,aftermarket-incell,aftermarket,no,54.7,EUR,https://www.mobpartstore.lv/17-apple-iphone-telefonu-displeji
mobpartstore.lv,Latvia,shop,iphone 15,aftermarket-oled,aftermarket,no,129.1,EUR,https://www.mobpartstore.lv/17-apple-iphone-telefonu-displeji
mobpartstore.lv,Latvia,shop,iphone 15 plus,aftermarket-oled,aftermarket,no,129.1,EUR,https://www.mobpartstore.lv/17-apple-iphone-telefonu-displeji
mobpartstore.lv,Latvia,shop,iphone 15 plus,aftermarket-oled,aftermarket,no,145.0,EUR,https://www.mobpartstore.lv/17-apple-iphone-telefonu-displeji
mobpartstore.lv,Latvia,shop,iphone 15,aftermarket-oled,aftermarket,no,145.0,EUR,https://www.mobpartstore.lv/17-apple-iphone-telefonu-displeji
mobpartstore.lv,Latvia,shop,iphone x,aftermarket-oled,aftermarket,no,42.6,EUR,https://www.mobpartstore.lv/17-apple-iphone-telefonu-displeji
mobpartstore.lv,Latvia,shop,iphone 15,aftermarket-incell,aftermarket,no,52.5,EUR,https://www.mobpartstore.lv/17-apple-iphone-telefonu-displeji
mobpartstore.lv,Latvia,shop,iphone 12 pro,aftermarket-oled,aftermarket,no,90.3,EUR,https://www.mobpartstore.lv/17-apple-iphone-telefonu-displeji
mobpartstore.lv,Latvia,shop,iphone 13,aftermarket-oled,aftermarket,no,73.4,EUR,https://www.mobpartstore.lv/17-apple-iphone-telefonu-displeji
mobpartstore.lv,Latvia,shop,iphone 12 mini,aftermarket-oled,aftermarket,no,75.6,EUR,https://www.mobpartstore.lv/17-apple-iphone-telefonu-displeji
mobpartstore.lv,Latvia,shop,iphone 13,aftermarket-oled,aftermarket,no,59.9,EUR,https://www.mobpartstore.lv/17-apple-iphone-telefonu-displeji
mobpartstore.lv,Latvia,shop,iphone 12 pro,aftermarket-oled,aftermarket,no,55.4,EUR,https://www.mobpartstore.lv/17-apple-iphone-telefonu-displeji
mobpartstore.lv,Latvia,shop,iphone 12 pro,aftermarket-oled,aftermarket,no,80.4,EUR,https://www.mobpartstore.lv/17-apple-iphone-telefonu-displeji
mobpartstore.lv,Latvia,shop,iphone 13,aftermarket-oled,aftermarket,no,67.3,EUR,https://www.mobpartstore.lv/17-apple-iphone-telefonu-displeji
mobpartstore.lv,Latvia,shop,iphone 12 pro max,aftermarket-oled,aftermarket,no,74.9,EUR,https://www.mobpartstore.lv/17-apple-iphone-telefonu-displeji
mobpartstore.lv,Latvia,shop,iphone 13 mini,aftermarket-oled,aftermarket,no,91.6,EUR,https://www.mobpartstore.lv/17-apple-iphone-telefonu-displeji
mobpartstore.lv,Latvia,shop,iphone 13 pro max,aftermarket-oled,aftermarket,no,98.0,EUR,https://www.mobpartstore.lv/17-apple-iphone-telefonu-displeji
mobpartstore.lv,Latvia,shop,iphone 13 mini,aftermarket-oled,aftermarket,no,81.5,EUR,https://www.mobpartstore.lv/17-apple-iphone-telefonu-displeji
mobpartstore.lv,Latvia,shop,iphone 13 pro max,aftermarket-oled,aftermarket,no,83.7,EUR,https://www.mobpartstore.lv/17-apple-iphone-telefonu-displeji
mobpartstore.lv,Latvia,shop,iphone 12 pro max,aftermarket-oled,aftermarket,no,89.9,EUR,https://www.mobpartstore.lv/17-apple-iphone-telefonu-displeji
mobpartstore.lv,Latvia,shop,iphone 13 pro max,aftermarket-oled,aftermarket,no,94.0,EUR,https://www.mobpartstore.lv/17-apple-iphone-telefonu-displeji
mobpartstore.lv,Latvia,shop,iphone 12 pro max,aftermarket-oled,aftermarket,no,84.2,EUR,https://www.mobpartstore.lv/17-apple-iphone-telefonu-displeji
mobpartstore.lv,Latvia,shop,iphone 14,aftermarket-oled,aftermarket,no,72.19,EUR,https://www.mobpartstore.lv/17-apple-iphone-telefonu-displeji
mobpartstore.lv,Latvia,shop,iphone 13 pro,aftermarket-oled,aftermarket,no,85.3,EUR,https://www.mobpartstore.lv/17-apple-iphone-telefonu-displeji
mobpartstore.lv,Latvia,shop,iphone 14,aftermarket-oled,aftermarket,no,64.2,EUR,https://www.mobpartstore.lv/17-apple-iphone-telefonu-displeji
partexpert.nl,Netherlands,shop,iphone 11,unknown,aftermarket,no,9.95,EUR,https://www.partexpert.nl/en/iphone-11-screenprotector-complete.html
mobpartstore.lv,Latvia,shop,iphone 14 plus,aftermarket-oled,aftermarket,no,113.1,EUR,https://www.mobpartstore.lv/17-apple-iphone-telefonu-displeji
mobpartstore.lv,Latvia,shop,iphone 12 pro max,aftermarket-incell,aftermarket,no,53.3,EUR,https://www.mobpartstore.lv/17-apple-iphone-telefonu-displeji
mobpartstore.lv,Latvia,shop,iphone 12 pro max,aftermarket-incell,aftermarket,no,59.9,EUR,https://www.mobpartstore.lv/17-apple-iphone-telefonu-displeji
mobpartstore.lv,Latvia,shop,iphone 13,aftermarket-incell,aftermarket,no,44.9,EUR,https://www.mobpartstore.lv/17-apple-iphone-telefonu-displeji
mobpartstore.lv,Latvia,shop,iphone 14 plus,aftermarket-oled,aftermarket,no,100.7,EUR,https://www.mobpartstore.lv/17-apple-iphone-telefonu-displeji
mobpartstore.lv,Latvia,shop,iphone 12,aftermarket-incell,aftermarket,no,41.5,EUR,https://www.mobpartstore.lv/17-apple-iphone-telefonu-displeji
mobpartstore.lv,Latvia,shop,iphone 12,aftermarket-incell,aftermarket,no,46.6,EUR,https://www.mobpartstore.lv/17-apple-iphone-telefonu-displeji
mobpartstore.lv,Latvia,shop,iphone 13 pro,aftermarket-incell,aftermarket,no,49.9,EUR,https://www.mobpartstore.lv/17-apple-iphone-telefonu-displeji
mobpartstore.lv,Latvia,shop,iphone 13 mini,aftermarket-incell,aftermarket,no,56.1,EUR,https://www.mobpartstore.lv/17-apple-iphone-telefonu-displeji
mobpartstore.lv,Latvia,shop,iphone 14 pro,aftermarket-incell,aftermarket,no,59.9,EUR,https://www.mobpartstore.lv/17-apple-iphone-telefonu-displeji
mobpartstore.lv,Latvia,shop,iphone 13 pro,aftermarket-incell,aftermarket,no,56.1,EUR,https://www.mobpartstore.lv/17-apple-iphone-telefonu-displeji
mobpartstore.lv,Latvia,shop,iphone 14 pro,aftermarket-incell,aftermarket,no,67.3,EUR,https://www.mobpartstore.lv/17-apple-iphone-telefonu-displeji
mobpartstore.lv,Latvia,shop,iphone 14 plus,aftermarket-incell,aftermarket,no,61.3,EUR,https://www.mobpartstore.lv/17-apple-iphone-telefonu-displeji
mobpartstore.lv,Latvia,shop,iphone 14 pro max,aftermarket-incell,aftermarket,no,73.4,EUR,https://www.mobpartstore.lv/17-apple-iphone-telefonu-displeji
mobpartstore.lv,Latvia,shop,iphone 14,aftermarket-incell,aftermarket,no,55.2,EUR,https://www.mobpartstore.lv/17-apple-iphone-telefonu-displeji
mobpartstore.lv,Latvia,shop,iphone 14,aftermarket-incell,aftermarket,no,49.1,EUR,https://www.mobpartstore.lv/17-apple-iphone-telefonu-displeji
mobpartstore.lv,Latvia,shop,iphone 14 pro max,aftermarket-incell,aftermarket,no,65.3,EUR,https://www.mobpartstore.lv/17-apple-iphone-telefonu-displeji
mobpartstore.lv,Latvia,shop,iphone 15 plus,aftermarket-incell,aftermarket,no,52.5,EUR,https://www.mobpartstore.lv/17-apple-iphone-telefonu-displeji
mobpartstore.lv,Latvia,shop,iphone 12 mini,aftermarket-incell,aftermarket,no,58.3,EUR,https://www.mobpartstore.lv/17-apple-iphone-telefonu-displeji
mobpartstore.lv,Latvia,shop,iphone 12 mini,aftermarket-incell,aftermarket,no,51.9,EUR,https://www.mobpartstore.lv/17-apple-iphone-telefonu-displeji
mobpartstore.lv,Latvia,shop,iphone 11 pro,aftermarket-incell,aftermarket,no,44.2,EUR,https://www.mobpartstore.lv/17-apple-iphone-telefonu-displeji
mobpartstore.lv,Latvia,shop,iphone 11 pro,aftermarket-incell,aftermarket,no,39.3,EUR,https://www.mobpartstore.lv/17-apple-iphone-telefonu-displeji
mobpartstore.lv,Latvia,shop,iphone 11 pro,aftermarket-oled,aftermarket,no,83.7,EUR,https://www.mobpartstore.lv/17-apple-iphone-telefonu-displeji
mobpartstore.lv,Latvia,shop,iphone 11,aftermarket-incell,aftermarket,no,39.3,EUR,https://www.mobpartstore.lv/17-apple-iphone-telefonu-displeji
mobpartstore.lv,Latvia,shop,iphone xs max,aftermarket-oled,aftermarket,no,75.7,EUR,https://www.mobpartstore.lv/17-apple-iphone-telefonu-displeji
mobpartstore.lv,Latvia,shop,iphone xs max,aftermarket-oled,aftermarket,no,85.0,EUR,https://www.mobpartstore.lv/17-apple-iphone-telefonu-displeji
mobpartstore.lv,Latvia,shop,iphone xs max,aftermarket-incell,aftermarket,no,63.3,EUR,https://www.mobpartstore.lv/17-apple-iphone-telefonu-displeji
dargilita.lt,Lithuania,shop,iphone 16 pro,aftermarket-incell,aftermarket,no,125.0,EUR,https://dargilita.lt/17-apple-iphone-telefonu-ekranai
dargilita.lt,Lithuania,shop,iphone 16 pro,aftermarket-incell,aftermarket,no,111.3,EUR,https://dargilita.lt/17-apple-iphone-telefonu-ekranai
mobpartstore.lv,Latvia,shop,iphone x,aftermarket-incell,aftermarket,no,71.1,EUR,https://www.mobpartstore.lv/17-apple-iphone-telefonu-displeji
dargilita.lt,Lithuania,shop,iphone 16 plus,aftermarket-oled,aftermarket,no,88.6,EUR,https://dargilita.lt/17-apple-iphone-telefonu-ekranai
dargilita.lt,Lithuania,shop,iphone 16 pro max,aftermarket-incell,aftermarket,no,125.0,EUR,https://dargilita.lt/17-apple-iphone-telefonu-ekranai
dargilita.lt,Lithuania,shop,iphone 16e,aftermarket-incell,aftermarket,no,57.9,EUR,https://dargilita.lt/17-apple-iphone-telefonu-ekranai
dargilita.lt,Lithuania,shop,iphone 16,aftermarket-incell,aftermarket,no,69.4,EUR,https://dargilita.lt/17-apple-iphone-telefonu-ekranai
dargilita.lt,Lithuania,shop,iphone 16 plus,aftermarket-incell,aftermarket,no,76.7,EUR,https://dargilita.lt/17-apple-iphone-telefonu-ekranai
dargilita.lt,Lithuania,shop,iphone 16 pro max,aftermarket-incell,aftermarket,no,111.3,EUR,https://dargilita.lt/17-apple-iphone-telefonu-ekranai
spares.no,Norway,shop,iphone x,unknown,aftermarket,YES,399.0,NOK,https://spares.no/en/products/iphone-x-myk-oled-skjerm-skjerm-itrucolor?_pos=7&_sid=6c4e86b72&_ss=r
dargilita.lt,Lithuania,shop,iphone 15 pro max,aftermarket-oled,aftermarket,no,166.0,EUR,https://dargilita.lt/17-apple-iphone-telefonu-ekranai
dargilita.lt,Lithuania,shop,iphone 14 pro max,aftermarket-oled,aftermarket,no,143.3,EUR,https://dargilita.lt/17-apple-iphone-telefonu-ekranai
dargilita.lt,Lithuania,shop,iphone 15 pro max,aftermarket-incell,aftermarket,no,65.9,EUR,https://dargilita.lt/17-apple-iphone-telefonu-ekranai
dargilita.lt,Lithuania,shop,iphone 15 pro,aftermarket-oled,aftermarket,no,177.0,EUR,https://dargilita.lt/17-apple-iphone-telefonu-ekranai
dargilita.lt,Lithuania,shop,iphone 15 pro,aftermarket-incell,aftermarket,no,54.7,EUR,https://dargilita.lt/17-apple-iphone-telefonu-ekranai
dargilita.lt,Lithuania,shop,iphone 15 plus,aftermarket-oled,aftermarket,no,129.1,EUR,https://dargilita.lt/17-apple-iphone-telefonu-ekranai
dargilita.lt,Lithuania,shop,iphone 15 pro,aftermarket-incell,aftermarket,no,61.5,EUR,https://dargilita.lt/17-apple-iphone-telefonu-ekranai
dargilita.lt,Lithuania,shop,iphone 15 plus,aftermarket-oled,aftermarket,no,145.0,EUR,https://dargilita.lt/17-apple-iphone-telefonu-ekranai
dargilita.lt,Lithuania,shop,iphone 15,aftermarket-oled,aftermarket,no,145.0,EUR,https://dargilita.lt/17-apple-iphone-telefonu-ekranai
dargilita.lt,Lithuania,shop,iphone 15,aftermarket-incell,aftermarket,no,52.5,EUR,https://dargilita.lt/17-apple-iphone-telefonu-ekranai
dargilita.lt,Lithuania,shop,iphone 15,aftermarket-incell,aftermarket,no,59.0,EUR,https://dargilita.lt/17-apple-iphone-telefonu-ekranai
dargilita.lt,Lithuania,shop,iphone 13,aftermarket-oled,aftermarket,no,74.7,EUR,https://dargilita.lt/17-apple-iphone-telefonu-ekranai
dargilita.lt,Lithuania,shop,iphone x,aftermarket-oled,aftermarket,no,42.6,EUR,https://dargilita.lt/17-apple-iphone-telefonu-ekranai
dargilita.lt,Lithuania,shop,iphone x,aftermarket-oled,aftermarket,no,47.9,EUR,https://dargilita.lt/17-apple-iphone-telefonu-ekranai
dargilita.lt,Lithuania,shop,iphone 12 pro,aftermarket-oled,aftermarket,no,55.4,EUR,https://dargilita.lt/17-apple-iphone-telefonu-ekranai
dargilita.lt,Lithuania,shop,iphone 12 pro,aftermarket-oled,aftermarket,no,80.4,EUR,https://dargilita.lt/17-apple-iphone-telefonu-ekranai
dargilita.lt,Lithuania,shop,iphone 12 pro,aftermarket-oled,aftermarket,no,62.3,EUR,https://dargilita.lt/17-apple-iphone-telefonu-ekranai
serviphone.net,Spain,shop,iphone 12 mini,unknown,aftermarket,no,9.25,EUR,https://mobilex.es/es/5490-tag-on-flex-iphone-12-mini-qianli-3401126481280.html
dargilita.lt,Lithuania,shop,iphone 12 pro max,aftermarket-oled,aftermarket,no,84.2,EUR,https://dargilita.lt/17-apple-iphone-telefonu-ekranai
dargilita.lt,Lithuania,shop,iphone 13 pro,aftermarket-oled,aftermarket,no,75.9,EUR,https://dargilita.lt/17-apple-iphone-telefonu-ekranai
dargilita.lt,Lithuania,shop,iphone 13,aftermarket-oled,aftermarket,no,67.3,EUR,https://dargilita.lt/17-apple-iphone-telefonu-ekranai
dargilita.lt,Lithuania,shop,iphone 13 mini,aftermarket-oled,aftermarket,no,81.5,EUR,https://dargilita.lt/17-apple-iphone-telefonu-ekranai
dargilita.lt,Lithuania,shop,iphone 13 mini,aftermarket-oled,aftermarket,no,91.6,EUR,https://dargilita.lt/17-apple-iphone-telefonu-ekranai
dargilita.lt,Lithuania,shop,iphone 13 pro max,aftermarket-oled,aftermarket,no,98.0,EUR,https://dargilita.lt/17-apple-iphone-telefonu-ekranai
dargilita.lt,Lithuania,shop,iphone 13 pro max,aftermarket-oled,aftermarket,no,94.0,EUR,https://dargilita.lt/17-apple-iphone-telefonu-ekranai
dargilita.lt,Lithuania,shop,iphone 13 pro max,aftermarket-oled,aftermarket,no,83.7,EUR,https://dargilita.lt/17-apple-iphone-telefonu-ekranai
dargilita.lt,Lithuania,shop,iphone 14,aftermarket-oled,aftermarket,no,72.19,EUR,https://dargilita.lt/17-apple-iphone-telefonu-ekranai
dargilita.lt,Lithuania,shop,iphone 14 plus,aftermarket-oled,aftermarket,no,79.3,EUR,https://dargilita.lt/17-apple-iphone-telefonu-ekranai
dargilita.lt,Lithuania,shop,iphone 14 plus,aftermarket-oled,aftermarket,no,89.1,EUR,https://dargilita.lt/17-apple-iphone-telefonu-ekranai
dargilita.lt,Lithuania,shop,iphone 14 plus,aftermarket-oled,aftermarket,no,97.6,EUR,https://dargilita.lt/17-apple-iphone-telefonu-ekranai
dargilita.lt,Lithuania,shop,iphone 14 plus,aftermarket-oled,aftermarket,no,86.9,EUR,https://dargilita.lt/17-apple-iphone-telefonu-ekranai
horepa.fr,France,shop,iphone 14,aftermarket-incell,aftermarket,no,34.896001,EUR,https://horepa.fr/fr/ecran-iphone-14-incell.html
dargilita.lt,Lithuania,shop,iphone 12 pro max,aftermarket-incell,aftermarket,no,53.3,EUR,https://dargilita.lt/17-apple-iphone-telefonu-ekranai
dargilita.lt,Lithuania,shop,iphone 12,aftermarket-incell,aftermarket,no,41.5,EUR,https://dargilita.lt/17-apple-iphone-telefonu-ekranai
dargilita.lt,Lithuania,shop,iphone 12 pro max,aftermarket-incell,aftermarket,no,59.9,EUR,https://dargilita.lt/17-apple-iphone-telefonu-ekranai
dargilita.lt,Lithuania,shop,iphone 13,aftermarket-incell,aftermarket,no,50.5,EUR,https://dargilita.lt/17-apple-iphone-telefonu-ekranai
dargilita.lt,Lithuania,shop,iphone 13 pro,aftermarket-incell,aftermarket,no,56.1,EUR,https://dargilita.lt/17-apple-iphone-telefonu-ekranai
mobilesupplies.nl,Netherlands,shop,iphone 12 pro,aftermarket-incell,aftermarket,no,31.99,EUR,https://www.mobilesupplies.nl/display-module-apple-iphone-12-12-pro.html
dargilita.lt,Lithuania,shop,iphone 13 pro max,aftermarket-incell,aftermarket,no,58.7,EUR,https://dargilita.lt/17-apple-iphone-telefonu-ekranai
dargilita.lt,Lithuania,shop,iphone 13 mini,aftermarket-incell,aftermarket,no,49.9,EUR,https://dargilita.lt/17-apple-iphone-telefonu-ekranai
dargilita.lt,Lithuania,shop,iphone 14 plus,aftermarket-incell,aftermarket,no,54.6,EUR,https://dargilita.lt/17-apple-iphone-telefonu-ekranai
dargilita.lt,Lithuania,shop,iphone 13 mini,aftermarket-incell,aftermarket,no,56.1,EUR,https://dargilita.lt/17-apple-iphone-telefonu-ekranai
dargilita.lt,Lithuania,shop,iphone 14 pro max,aftermarket-incell,aftermarket,no,65.3,EUR,https://dargilita.lt/17-apple-iphone-telefonu-ekranai
dargilita.lt,Lithuania,shop,iphone 13 pro max,aftermarket-incell,aftermarket,no,52.2,EUR,https://dargilita.lt/17-apple-iphone-telefonu-ekranai
dargilita.lt,Lithuania,shop,iphone 14 plus,aftermarket-incell,aftermarket,no,61.3,EUR,https://dargilita.lt/17-apple-iphone-telefonu-ekranai
dargilita.lt,Lithuania,shop,iphone 15 plus,aftermarket-incell,aftermarket,no,59.0,EUR,https://dargilita.lt/17-apple-iphone-telefonu-ekranai
dargilita.lt,Lithuania,shop,iphone 14 pro max,aftermarket-incell,aftermarket,no,73.4,EUR,https://dargilita.lt/17-apple-iphone-telefonu-ekranai
dargilita.lt,Lithuania,shop,iphone 12 mini,aftermarket-incell,aftermarket,no,51.9,EUR,https://dargilita.lt/17-apple-iphone-telefonu-ekranai
dargilita.lt,Lithuania,shop,iphone 14,aftermarket-incell,aftermarket,no,49.1,EUR,https://dargilita.lt/17-apple-iphone-telefonu-ekranai
dargilita.lt,Lithuania,shop,iphone 15 plus,aftermarket-incell,aftermarket,no,52.5,EUR,https://dargilita.lt/17-apple-iphone-telefonu-ekranai
dargilita.lt,Lithuania,shop,iphone 11 pro,aftermarket-oled,aftermarket,no,83.7,EUR,https://dargilita.lt/17-apple-iphone-telefonu-ekranai
horepa.fr,France,shop,iphone 14,aftermarket-incell,aftermarket,no,24.900001,EUR,https://horepa.fr/fr/ecran-iphone-14-incell-standard.html
dargilita.lt,Lithuania,shop,iphone 11 pro,aftermarket-incell,aftermarket,no,39.3,EUR,https://dargilita.lt/17-apple-iphone-telefonu-ekranai
dargilita.lt,Lithuania,shop,iphone xs max,aftermarket-oled,aftermarket,no,85.0,EUR,https://dargilita.lt/17-apple-iphone-telefonu-ekranai
dargilita.lt,Lithuania,shop,iphone x,aftermarket-incell,aftermarket,no,36.8,EUR,https://dargilita.lt/17-apple-iphone-telefonu-ekranai
dargilita.lt,Lithuania,shop,iphone 11,aftermarket-incell,aftermarket,no,44.2,EUR,https://dargilita.lt/17-apple-iphone-telefonu-ekranai
gsmdalys.lt,Lithuania,shop,iphone 11,unknown,aftermarket,no,27.1,EUR,https://gsmdalys.lt/kategorija/iphone-ekranai/
dargilita.lt,Lithuania,shop,iphone xs max,aftermarket-oled,aftermarket,no,75.7,EUR,https://dargilita.lt/17-apple-iphone-telefonu-ekranai
gsmdalys.lt,Lithuania,shop,iphone 11 pro max,unknown,aftermarket,no,24.0,EUR,https://gsmdalys.lt/kategorija/iphone-ekranai/
gsmdalys.lt,Lithuania,shop,iphone 11,unknown,aftermarket,no,38.9,EUR,https://gsmdalys.lt/kategorija/iphone-ekranai/
gsmdalys.lt,Lithuania,shop,iphone 11 pro,unknown,aftermarket,no,70.0,EUR,https://gsmdalys.lt/kategorija/iphone-ekranai/
gsmdalys.lt,Lithuania,shop,iphone 12 pro,unknown,aftermarket,no,54.0,EUR,https://gsmdalys.lt/kategorija/iphone-ekranai/
gsmdalys.lt,Lithuania,shop,iphone 11 pro max,unknown,aftermarket,no,114.95,EUR,https://gsmdalys.lt/kategorija/iphone-ekranai/
gsmdalys.lt,Lithuania,shop,iphone 12 pro max,unknown,aftermarket,no,133.0,EUR,https://gsmdalys.lt/kategorija/iphone-ekranai/
gsmdalys.lt,Lithuania,shop,iphone 12 pro,unknown,aftermarket,no,71.0,EUR,https://gsmdalys.lt/kategorija/iphone-ekranai/
gsmdalys.lt,Lithuania,shop,iphone 13 pro,unknown,aftermarket,no,37.45,EUR,https://gsmdalys.lt/kategorija/iphone-ekranai/
gsmdalys.lt,Lithuania,shop,iphone 13 pro,unknown,aftermarket,no,89.45,EUR,https://gsmdalys.lt/kategorija/iphone-ekranai/
marsietis.lt,Lithuania,shop,iphone 14 pro,aftermarket-oled,aftermarket,no,50.66,EUR,https://marsietis.lt/ekranai-touch/ekranas-skirtas-iphone-14-pro-su-lietimui-jautriu-stikliuku-oled-removable-ic-1269167
marsietis.lt,Lithuania,shop,iphone 14 pro max,aftermarket-oled,aftermarket,no,58.25,EUR,https://marsietis.lt/ekranai-touch/ekranas-skirtas-iphone-14-pro-max-su-lietimui-jautriu-stikliuku-oled-removable-ic-1269166
gsmdalys.lt,Lithuania,shop,iphone 14,unknown,aftermarket,no,60.74,EUR,https://gsmdalys.lt/kategorija/iphone-ekranai/
marsietis.lt,Lithuania,shop,iphone 14 pro,aftermarket-oled,aftermarket,no,66.0,EUR,https://marsietis.lt/719-ekranai-touch/
marsietis.lt,Lithuania,shop,iphone 14 pro max,aftermarket-oled,aftermarket,no,25.0,EUR,https://marsietis.lt/719-ekranai-touch/
mobiservis.lt,Lithuania,shop,iphone 11,refurb,A,no,33.4,EUR,https://mobiservis.lt/mobiliuju-telefonu-dalys/lcd-ekranai-lieciamieji-ekranai
mobiservis.lt,Lithuania,shop,iphone 12 mini,aftermarket-incell,aftermarket,no,27.43,EUR,https://mobiservis.lt/mobiliuju-telefonu-dalys/lcd-ekranai-lieciamieji-ekranai
mobiservis.lt,Lithuania,shop,iphone 12 pro,aftermarket-hard-oled,aftermarket,no,44.1,EUR,https://mobiservis.lt/mobiliuju-telefonu-dalys/lcd-ekranai-lieciamieji-ekranai
mobiservis.lt,Lithuania,shop,iphone 12 pro max,aftermarket-incell,aftermarket,no,38.16,EUR,https://mobiservis.lt/mobiliuju-telefonu-dalys/lcd-ekranai-lieciamieji-ekranai
mobiservis.lt,Lithuania,shop,iphone 12 pro max,aftermarket-hard-oled,aftermarket,no,56.22,EUR,https://mobiservis.lt/mobiliuju-telefonu-dalys/lcd-ekranai-lieciamieji-ekranai
mobiservis.lt,Lithuania,shop,iphone 13 pro max,aftermarket-hard-oled,aftermarket,no,63.96,EUR,https://mobiservis.lt/mobiliuju-telefonu-dalys/lcd-ekranai-lieciamieji-ekranai
mobiservis.lt,Lithuania,shop,iphone 13 pro,aftermarket-hard-oled,aftermarket,no,56.12,EUR,https://mobiservis.lt/mobiliuju-telefonu-dalys/lcd-ekranai-lieciamieji-ekranai
mobiservis.lt,Lithuania,shop,iphone 15 pro,aftermarket-incell,aftermarket,no,29.76,EUR,https://mobiservis.lt/mobiliuju-telefonu-dalys/lcd-ekranai-lieciamieji-ekranai
mobiservis.lt,Lithuania,shop,iphone 13,aftermarket-hard-oled,aftermarket,no,46.12,EUR,https://mobiservis.lt/mobiliuju-telefonu-dalys/lcd-ekranai-lieciamieji-ekranai
mobiservis.lt,Lithuania,shop,iphone 14 pro max,aftermarket-incell,aftermarket,no,40.9,EUR,https://mobiservis.lt/mobiliuju-telefonu-dalys/lcd-ekranai-lieciamieji-ekranai
mobiservis.lt,Lithuania,shop,iphone xs max,aftermarket-incell,aftermarket,no,27.6,EUR,https://mobiservis.lt/mobiliuju-telefonu-dalys/lcd-ekranai-lieciamieji-ekranai
mobiservis.lt,Lithuania,shop,iphone xs max,aftermarket-hard-oled,aftermarket,no,37.69,EUR,https://mobiservis.lt/mobiliuju-telefonu-dalys/lcd-ekranai-lieciamieji-ekranai
mobiservis.lt,Lithuania,shop,iphone x,aftermarket-incell,aftermarket,no,21.71,EUR,https://mobiservis.lt/mobiliuju-telefonu-dalys/lcd-ekranai-lieciamieji-ekranai
setup.lt,Lithuania,shop,iphone xr,unknown,aftermarket,no,150.0,EUR,https://setup.lt/collections/iphone-1/lcd-iphone
signalocentras.lt,Lithuania,shop,iphone 12,original,A,no,160.0,EUR,https://signalocentras.lt/telefonija/telefonu-ekranai-lcd/iphone-ipad
mobiservis.lt,Lithuania,shop,iphone xs,aftermarket-incell,aftermarket,no,22.99,EUR,https://mobiservis.lt/mobiliuju-telefonu-dalys/lcd-ekranai-lieciamieji-ekranai
mobiservis.lt,Lithuania,shop,iphone xs max,aftermarket-incell,aftermarket,no,27.25,EUR,https://mobiservis.lt/mobiliuju-telefonu-dalys/lcd-ekranai-lieciamieji-ekranai
serviphone.net,Spain,shop,iphone 13,unknown,aftermarket,no,10.57,EUR,https://mobilex.es/es/5491-tag-on-flex-iphone-13-13-mini-qianli-3401126481297.html
signalocentras.lt,Lithuania,shop,iphone 11,aftermarket-incell,aftermarket,no,68.0,EUR,https://signalocentras.lt/telefonija/telefonu-ekranai-lcd/iphone-ipad
signalocentras.lt,Lithuania,shop,iphone 11 pro,aftermarket-incell,aftermarket,no,95.0,EUR,https://signalocentras.lt/telefonija/telefonu-ekranai-lcd/iphone-ipad
signalocentras.lt,Lithuania,shop,iphone 11 pro,aftermarket-oled,aftermarket,no,140.0,EUR,https://signalocentras.lt/telefonija/telefonu-ekranai-lcd/iphone-ipad
signalocentras.lt,Lithuania,shop,iphone 11 pro max,aftermarket-oled,aftermarket,no,88.0,EUR,https://signalocentras.lt/telefonija/telefonu-ekranai-lcd/iphone-ipad
signalocentras.lt,Lithuania,shop,iphone 11 pro max,aftermarket-oled,aftermarket,no,110.0,EUR,https://signalocentras.lt/telefonija/telefonu-ekranai-lcd/iphone-ipad
signalocentras.lt,Lithuania,shop,iphone 11 pro,aftermarket-incell,aftermarket,no,76.0,EUR,https://signalocentras.lt/telefonija/telefonu-ekranai-lcd/iphone-ipad
signalocentras.lt,Lithuania,shop,iphone 12,aftermarket-incell,aftermarket,no,125.0,EUR,https://signalocentras.lt/telefonija/telefonu-ekranai-lcd/iphone-ipad
signalocentras.lt,Lithuania,shop,iphone 11 pro max,aftermarket-incell,aftermarket,no,80.0,EUR,https://signalocentras.lt/telefonija/telefonu-ekranai-lcd/iphone-ipad
signalocentras.lt,Lithuania,shop,iphone 12,aftermarket-incell,aftermarket,no,100.0,EUR,https://signalocentras.lt/telefonija/telefonu-ekranai-lcd/iphone-ipad
signalocentras.lt,Lithuania,shop,iphone 12 pro,aftermarket-oled,aftermarket,no,128.0,EUR,https://signalocentras.lt/telefonija/telefonu-ekranai-lcd/iphone-ipad
signalocentras.lt,Lithuania,shop,iphone 12 pro,aftermarket-oled,aftermarket,no,112.0,EUR,https://signalocentras.lt/telefonija/telefonu-ekranai-lcd/iphone-ipad
signalocentras.lt,Lithuania,shop,iphone 11 pro,aftermarket-oled,aftermarket,no,112.0,EUR,https://signalocentras.lt/telefonija/telefonu-ekranai-lcd/iphone-ipad
signalocentras.lt,Lithuania,shop,iphone 11 pro max,aftermarket-oled,aftermarket,no,125.0,EUR,https://signalocentras.lt/telefonija/telefonu-ekranai-lcd/iphone-ipad
signalocentras.lt,Lithuania,shop,iphone 12 pro,aftermarket-oled,aftermarket,no,160.0,EUR,https://signalocentras.lt/telefonija/telefonu-ekranai-lcd/iphone-ipad
signalocentras.lt,Lithuania,shop,iphone 12 pro,aftermarket-oled,aftermarket,no,100.0,EUR,https://signalocentras.lt/telefonija/telefonu-ekranai-lcd/iphone-ipad
signalocentras.lt,Lithuania,shop,iphone 12 pro,aftermarket-oled,aftermarket,no,125.0,EUR,https://signalocentras.lt/telefonija/telefonu-ekranai-lcd/iphone-ipad
telefonubaterijos.lt,Lithuania,shop,iphone xs max,unknown,aftermarket,no,4.99,EUR,https://www.telefonubaterijos.lt/167-iphone-ekranai
telefonubaterijos.lt,Lithuania,shop,iphone xr,unknown,aftermarket,no,4.99,EUR,https://www.telefonubaterijos.lt/167-iphone-ekranai
telefonubaterijos.lt,Lithuania,shop,iphone 11 pro max,unknown,aftermarket,no,4.99,EUR,https://www.telefonubaterijos.lt/167-iphone-ekranai
telefonubaterijos.lt,Lithuania,shop,iphone x,unknown,aftermarket,no,4.99,EUR,https://www.telefonubaterijos.lt/167-iphone-ekranai
telefonubaterijos.lt,Lithuania,shop,iphone 12,unknown,aftermarket,no,4.99,EUR,https://www.telefonubaterijos.lt/167-iphone-ekranai
capitalmovil.com.mx,Mexico,shop,iphone 11,original,A,no,220.0,MXN,https://www.capitalmovil.com.mx/collections/pantallas
capitalmovil.com.mx,Mexico,shop,iphone x,unknown,aftermarket,no,210.0,MXN,https://www.capitalmovil.com.mx/collections/pantallas
gsmok.com,Poland,shop,iphone 11,glass-changed,A,no,27.49,PLN,https://gsmok.com/en/lcd-iphone-c095
gsmok.com,Poland,shop,iphone 11,fog,B,no,32.33,PLN,https://gsmok.com/en/lcd-iphone-c095
gsmok.com,Poland,shop,iphone 11,aftermarket-incell,aftermarket,no,22.64,PLN,https://gsmok.com/en/lcd-iphone-c095
gsmok.com,Poland,shop,iphone 11 pro,glass-changed,A,no,74.18,PLN,https://gsmok.com/en/lcd-iphone-c095
gsmok.com,Poland,shop,iphone 11,glass-changed,A,no,33.81,PLN,https://gsmok.com/en/lcd-iphone-c095
gsmok.com,Poland,shop,iphone 11 pro,glass-changed,A,no,60.31,PLN,https://gsmok.com/en/lcd-iphone-c095
gsmok.com,Poland,shop,iphone 11 pro,aftermarket-incell,aftermarket,no,25.14,PLN,https://gsmok.com/en/lcd-iphone-c095
gsmok.com,Poland,shop,iphone 11,aftermarket-incell,aftermarket,no,27.85,PLN,https://gsmok.com/en/lcd-iphone-c095
capitalmovil.com.mx,Mexico,shop,iphone xr,unknown,aftermarket,no,230.0,MXN,https://www.capitalmovil.com.mx/collections/pantallas
gsmok.com,Poland,shop,iphone 11 pro,aftermarket-incell,aftermarket,no,19.55,PLN,https://gsmok.com/en/lcd-iphone-c095
gsmok.com,Poland,shop,iphone 11 pro,aftermarket-incell,aftermarket,no,24.04,PLN,https://gsmok.com/en/lcd-iphone-c095
gsmok.com,Poland,shop,iphone 11 pro max,glass-changed,A,no,75.8,PLN,https://gsmok.com/en/lcd-iphone-c095
gsmok.com,Poland,shop,iphone 11 pro,aftermarket-incell,aftermarket,no,30.92,PLN,https://gsmok.com/en/lcd-iphone-c095
gsmok.com,Poland,shop,iphone 11 pro max,aftermarket-oled,aftermarket,no,48.52,PLN,https://gsmok.com/en/lcd-iphone-c095
gsmok.com,Poland,shop,iphone 11 pro max,aftermarket-oled,aftermarket,no,59.67,PLN,https://gsmok.com/en/lcd-iphone-c095
gsmok.com,Poland,shop,iphone 12,glass-changed,A,no,75.56,PLN,https://gsmok.com/en/lcd-iphone-c095
gsmok.com,Poland,shop,iphone 11 pro max,aftermarket-oled,aftermarket,no,37.12,PLN,https://gsmok.com/en/lcd-iphone-c095
gsmok.com,Poland,shop,iphone 11 pro,aftermarket-oled,aftermarket,no,45.4,PLN,https://gsmok.com/en/lcd-iphone-c095
gsmok.com,Poland,shop,iphone 12 pro,aftermarket-oled,aftermarket,no,49.1,PLN,https://gsmok.com/en/lcd-iphone-c095
gsmok.com,Poland,shop,iphone 12 pro,aftermarket-oled,aftermarket,no,45.64,PLN,https://gsmok.com/en/lcd-iphone-c095
gsmok.com,Poland,shop,iphone 12,aftermarket-incell,aftermarket,no,23.96,PLN,https://gsmok.com/en/lcd-iphone-c095
gsmok.com,Poland,shop,iphone 12 pro,aftermarket-oled,aftermarket,no,39.92,PLN,https://gsmok.com/en/lcd-iphone-c095
gsmok.com,Poland,shop,iphone 12 pro,aftermarket-oled,aftermarket,no,56.14,PLN,https://gsmok.com/en/lcd-iphone-c095
gsmok.com,Poland,shop,iphone 12 mini,glass-changed,A,no,67.63,PLN,https://gsmok.com/en/lcd-iphone-c095
gsmok.com,Poland,shop,iphone 12 mini,aftermarket-incell,aftermarket,no,27.49,PLN,https://gsmok.com/en/lcd-iphone-c095
gsmok.com,Poland,shop,iphone 12 mini,aftermarket-incell,aftermarket,no,33.81,PLN,https://gsmok.com/en/lcd-iphone-c095
gsmok.com,Poland,shop,iphone 12 pro max,fog,B,no,70.16,PLN,https://gsmok.com/en/lcd-iphone-c095
gsmok.com,Poland,shop,iphone 12 mini,glass-changed,A,no,83.18,PLN,https://gsmok.com/en/lcd-iphone-c095
gsmok.com,Poland,shop,iphone 11 pro,aftermarket-oled,aftermarket,no,56.61,PLN,https://gsmok.com/en/lcd-iphone-c095
gsmok.com,Poland,shop,iphone 12 mini,aftermarket-incell,aftermarket,no,45.89,PLN,https://gsmok.com/en/lcd-iphone-c095
gsmok.com,Poland,shop,iphone 12 pro,aftermarket-oled,aftermarket,no,50.26,PLN,https://gsmok.com/en/lcd-iphone-c095
gsmok.com,Poland,shop,iphone 12,glass-changed,A,no,61.43,PLN,https://gsmok.com/en/lcd-iphone-c095
gsmok.com,Poland,shop,iphone 11 pro,aftermarket-oled,aftermarket,no,69.63,PLN,https://gsmok.com/en/lcd-iphone-c095
gsmok.com,Poland,shop,iphone 12 pro max,aftermarket-incell,aftermarket,no,25.53,PLN,https://gsmok.com/en/lcd-iphone-c095
gsmok.com,Poland,shop,iphone 12 pro max,aftermarket-oled,aftermarket,no,63.9,PLN,https://gsmok.com/en/lcd-iphone-c095
gsmok.com,Poland,shop,iphone 12 pro max,aftermarket-oled,aftermarket,no,51.95,PLN,https://gsmok.com/en/lcd-iphone-c095
gsmok.com,Poland,shop,iphone 13,glass-changed,A,no,96.7,PLN,https://gsmok.com/en/lcd-iphone-c095
gsmok.com,Poland,shop,iphone 12 pro max,aftermarket-incell,aftermarket,no,31.41,PLN,https://gsmok.com/en/lcd-iphone-c095
gsmok.com,Poland,shop,iphone 13,glass-changed,A,no,78.61,PLN,https://gsmok.com/en/lcd-iphone-c095
gsmok.com,Poland,shop,iphone 13,original,A,no,51.05,PLN,https://gsmok.com/en/lcd-iphone-c095
gsmok.com,Poland,shop,iphone 12 pro max,aftermarket-incell,aftermarket,no,34.78,PLN,https://gsmok.com/en/lcd-iphone-c095
gsmok.com,Poland,shop,iphone 13,fog,B,no,86.65,PLN,https://gsmok.com/en/lcd-iphone-c095
gsmok.com,Poland,shop,iphone 13,aftermarket-oled,aftermarket,no,86.3,PLN,https://gsmok.com/en/lcd-iphone-c095
gsmok.com,Poland,shop,iphone 13 pro,aftermarket-incell,aftermarket,no,36.39,PLN,https://gsmok.com/en/lcd-iphone-c095
gsmok.com,Poland,shop,iphone 13,aftermarket-incell,aftermarket,no,33.81,PLN,https://gsmok.com/en/lcd-iphone-c095
gsmok.com,Poland,shop,iphone 13,aftermarket-oled,aftermarket,no,70.16,PLN,https://gsmok.com/en/lcd-iphone-c095
gsmok.com,Poland,shop,iphone 13 pro,aftermarket-incell,aftermarket,no,25.53,PLN,https://gsmok.com/en/lcd-iphone-c095
gsmok.com,Poland,shop,iphone 13 pro,glass-changed,A,no,95.12,PLN,https://gsmok.com/en/lcd-iphone-c095
gsmok.com,Poland,shop,iphone 13,original,A,no,62.79,PLN,https://gsmok.com/en/lcd-iphone-c095
gsmok.com,Poland,shop,iphone 13 pro max,glass-changed,A,no,145.73,PLN,https://gsmok.com/en/lcd-iphone-c095
gsmok.com,Poland,shop,iphone 13 pro,aftermarket-incell,aftermarket,no,44.76,PLN,https://gsmok.com/en/lcd-iphone-c095
gsmok.com,Poland,shop,iphone 13 pro max,aftermarket-incell,aftermarket,no,38.39,PLN,https://gsmok.com/en/lcd-iphone-c095
gsmok.com,Poland,shop,iphone 13 pro,aftermarket-incell,aftermarket,no,31.41,PLN,https://gsmok.com/en/lcd-iphone-c095
fmaparts.com.au,Australia,shop,iphone 16 pro max,refurb,A,no,427.95,AUD,https://www.fmaparts.com.au/refurbished-oled-touch-screen-digitizer-assembly-for-iphone-16-pro-max
gsmok.com,Poland,shop,iphone 13 pro max,aftermarket-oled,aftermarket,no,56.0,PLN,https://gsmok.com/en/lcd-iphone-c095
gsmok.com,Poland,shop,iphone 13 pro max,aftermarket-incell,aftermarket,no,36.23,PLN,https://gsmok.com/en/lcd-iphone-c095
gsmok.com,Poland,shop,iphone 13 pro,aftermarket-oled,aftermarket,no,72.72,PLN,https://gsmok.com/en/lcd-iphone-c095
gsmok.com,Poland,shop,iphone 13 pro max,aftermarket-oled,aftermarket,no,64.73,PLN,https://gsmok.com/en/lcd-iphone-c095
gsmok.com,Poland,shop,iphone 13 pro,aftermarket-oled,aftermarket,no,56.37,PLN,https://gsmok.com/en/lcd-iphone-c095
gsmok.com,Poland,shop,iphone 14,aftermarket-oled,aftermarket,no,43.65,PLN,https://gsmok.com/en/lcd-iphone-c095
gsmok.com,Poland,shop,iphone 14,fog,B,no,87.36,PLN,https://gsmok.com/en/lcd-iphone-c095
gsmok.com,Poland,shop,iphone 14 plus,glass-changed,A,no,131.66,PLN,https://gsmok.com/en/lcd-iphone-c095
gsmok.com,Poland,shop,iphone 13 pro,aftermarket-oled,aftermarket,no,62.5,PLN,https://gsmok.com/en/lcd-iphone-c095
gsmok.com,Poland,shop,iphone 14,aftermarket-oled,aftermarket,no,57.99,PLN,https://gsmok.com/en/lcd-iphone-c095
gsmok.com,Poland,shop,iphone 14,aftermarket-oled,aftermarket,no,62.0,PLN,https://gsmok.com/en/lcd-iphone-c095
gsmok.com,Poland,shop,iphone 14,fog,B,no,71.03,PLN,https://gsmok.com/en/lcd-iphone-c095
gsmok.com,Poland,shop,iphone 13 pro,aftermarket-lcd,aftermarket,no,76.88,PLN,https://gsmok.com/en/lcd-iphone-c095
gsmok.com,Poland,shop,iphone 14,aftermarket-oled,aftermarket,no,76.26,PLN,https://gsmok.com/en/lcd-iphone-c095
gsmok.com,Poland,shop,iphone 14,glass-changed,A,no,103.97,PLN,https://gsmok.com/en/lcd-iphone-c095
gsmok.com,Poland,shop,iphone 14,aftermarket-oled,aftermarket,no,47.15,PLN,https://gsmok.com/en/lcd-iphone-c095
gsmok.com,Poland,shop,iphone 14 plus,glass-changed,A,no,113.22,PLN,https://gsmok.com/en/lcd-iphone-c095
gsmok.com,Poland,shop,iphone 14 plus,aftermarket-incell,aftermarket,no,28.29,PLN,https://gsmok.com/en/lcd-iphone-c095
gsmok.com,Poland,shop,iphone 14 plus,glass-changed,A,no,139.26,PLN,https://gsmok.com/en/lcd-iphone-c095
gsmok.com,Poland,shop,iphone 14 plus,aftermarket-oled,aftermarket,no,67.35,PLN,https://gsmok.com/en/lcd-iphone-c095
gsmok.com,Poland,shop,iphone 14 pro,aftermarket-incell,aftermarket,no,33.98,PLN,https://gsmok.com/en/lcd-iphone-c095
gsmok.com,Poland,shop,iphone 14 plus,aftermarket-oled,aftermarket,no,47.31,PLN,https://gsmok.com/en/lcd-iphone-c095
gsmok.com,Poland,shop,iphone 14 plus,aftermarket-oled,aftermarket,no,82.84,PLN,https://gsmok.com/en/lcd-iphone-c095
gsmok.com,Poland,shop,iphone 14 plus,aftermarket-oled,aftermarket,no,58.2,PLN,https://gsmok.com/en/lcd-iphone-c095
gsmok.com,Poland,shop,iphone 14 plus,aftermarket-oled,aftermarket,no,47.75,PLN,https://gsmok.com/en/lcd-iphone-c095
gsmok.com,Poland,shop,iphone 14 pro,aftermarket-incell,aftermarket,no,41.8,PLN,https://gsmok.com/en/lcd-iphone-c095
gsmok.com,Poland,shop,iphone 14 pro max,glass-changed,A,no,205.66,PLN,https://gsmok.com/en/lcd-iphone-c095
gsmok.com,Poland,shop,iphone 14 pro max,aftermarket-oled,aftermarket,no,65.34,PLN,https://gsmok.com/en/lcd-iphone-c095
gsmok.com,Poland,shop,iphone 14 pro max,aftermarket-oled,aftermarket,no,58.2,PLN,https://gsmok.com/en/lcd-iphone-c095
gsmok.com,Poland,shop,iphone 14 pro max,aftermarket-incell,aftermarket,no,38.64,PLN,https://gsmok.com/en/lcd-iphone-c095
gsmok.com,Poland,shop,iphone 14 pro max,fog,B,no,331.8,PLN,https://gsmok.com/en/lcd-iphone-c095
gsmok.com,Poland,shop,iphone 14 pro max,aftermarket-incell,aftermarket,no,37.59,PLN,https://gsmok.com/en/lcd-iphone-c095
gsmok.com,Poland,shop,iphone 14 pro max,aftermarket-oled,aftermarket,no,51.65,PLN,https://gsmok.com/en/lcd-iphone-c095
gsmok.com,Poland,shop,iphone 14 pro,aftermarket-oled,aftermarket,no,47.31,PLN,https://gsmok.com/en/lcd-iphone-c095
gsmok.com,Poland,shop,iphone 14 pro,aftermarket-oled,aftermarket,no,63.53,PLN,https://gsmok.com/en/lcd-iphone-c095
gsmok.com,Poland,shop,iphone 14 pro,aftermarket-oled,aftermarket,no,58.2,PLN,https://gsmok.com/en/lcd-iphone-c095
gsmok.com,Poland,shop,iphone 14 pro,aftermarket-oled,aftermarket,no,51.65,PLN,https://gsmok.com/en/lcd-iphone-c095
gsmok.com,Poland,shop,iphone 14 pro max,aftermarket-oled,aftermarket,no,63.53,PLN,https://gsmok.com/en/lcd-iphone-c095
gsmok.com,Poland,shop,iphone 15,aftermarket-oled,aftermarket,no,107.39,PLN,https://gsmok.com/en/lcd-iphone-c095
gsmok.com,Poland,shop,iphone 15,aftermarket-oled,aftermarket,no,110.59,PLN,https://gsmok.com/en/lcd-iphone-c095
gsmok.com,Poland,shop,iphone 15,aftermarket-incell,aftermarket,no,25.53,PLN,https://gsmok.com/en/lcd-iphone-c095
gsmok.com,Poland,shop,iphone 15,aftermarket-oled,aftermarket,no,87.31,PLN,https://gsmok.com/en/lcd-iphone-c095
gsmok.com,Poland,shop,iphone 15 plus,aftermarket-oled,aftermarket,no,72.72,PLN,https://gsmok.com/en/lcd-iphone-c095
gsmok.com,Poland,shop,iphone 15 plus,aftermarket-incell,aftermarket,no,39.79,PLN,https://gsmok.com/en/lcd-iphone-c095
gsmok.com,Poland,shop,iphone 15,aftermarket-oled,aftermarket,no,136.03,PLN,https://gsmok.com/en/lcd-iphone-c095
gsmok.com,Poland,shop,iphone 15 pro,glass-changed,A,no,281.75,PLN,https://gsmok.com/en/lcd-iphone-c095
gsmok.com,Poland,shop,iphone 15 plus,aftermarket-oled,aftermarket,no,59.12,PLN,https://gsmok.com/en/lcd-iphone-c095
gsmok.com,Poland,shop,iphone 15 plus,glass-changed,A,no,166.79,PLN,https://gsmok.com/en/lcd-iphone-c095
gsmok.com,Poland,shop,iphone 15 pro max,aftermarket-incell,aftermarket,no,37.31,PLN,https://gsmok.com/en/lcd-iphone-c095
gsmok.com,Poland,shop,iphone 15 plus,glass-changed,A,no,135.6,PLN,https://gsmok.com/en/lcd-iphone-c095
gsmok.com,Poland,shop,iphone 15 pro max,glass-changed,A,no,320.6,PLN,https://gsmok.com/en/lcd-iphone-c095
gsmok.com,Poland,shop,iphone 15 pro max,glass-changed,A,no,260.65,PLN,https://gsmok.com/en/lcd-iphone-c095
gsmok.com,Poland,shop,iphone 15 pro,aftermarket-incell,aftermarket,no,33.49,PLN,https://gsmok.com/en/lcd-iphone-c095
gsmok.com,Poland,shop,iphone 15 pro max,aftermarket-incell,aftermarket,no,45.89,PLN,https://gsmok.com/en/lcd-iphone-c095
gsmok.com,Poland,shop,iphone 15 pro max,aftermarket-incell,aftermarket,no,43.25,PLN,https://gsmok.com/en/lcd-iphone-c095
gsmok.com,Poland,shop,iphone 15 pro max,aftermarket-lcd,aftermarket,no,40.27,PLN,https://gsmok.com/en/lcd-iphone-c095
gsmok.com,Poland,shop,iphone 15 pro max,aftermarket-incell,aftermarket,no,35.17,PLN,https://gsmok.com/en/lcd-iphone-c095
gsmok.com,Poland,shop,iphone 15 pro max,aftermarket-incell,aftermarket,no,38.64,PLN,https://gsmok.com/en/lcd-iphone-c095
gsmok.com,Poland,shop,iphone 15 pro max,aftermarket-incell,aftermarket,no,31.41,PLN,https://gsmok.com/en/lcd-iphone-c095
gsmok.com,Poland,shop,iphone 15 pro,aftermarket-oled,aftermarket,no,59.18,PLN,https://gsmok.com/en/lcd-iphone-c095
gsmok.com,Poland,shop,iphone 15 pro,aftermarket-oled,aftermarket,no,67.8,PLN,https://gsmok.com/en/lcd-iphone-c095
gsmok.com,Poland,shop,iphone 16,glass-changed,A,no,189.56,PLN,https://gsmok.com/en/lcd-iphone-c095
gsmok.com,Poland,shop,iphone 15 pro max,aftermarket-oled,aftermarket,no,52.55,PLN,https://gsmok.com/en/lcd-iphone-c095
gsmok.com,Poland,shop,iphone 16,aftermarket-incell,aftermarket,no,40.24,PLN,https://gsmok.com/en/lcd-iphone-c095
gsmok.com,Poland,shop,iphone 16,aftermarket-oled,aftermarket,no,59.12,PLN,https://gsmok.com/en/lcd-iphone-c095
gsmok.com,Poland,shop,iphone 16,glass-changed,A,no,233.16,PLN,https://gsmok.com/en/lcd-iphone-c095
gsmok.com,Poland,shop,iphone 16,aftermarket-oled,aftermarket,no,56.18,PLN,https://gsmok.com/en/lcd-iphone-c095
gsmok.com,Poland,shop,iphone 16,aftermarket-incell,aftermarket,no,38.88,PLN,https://gsmok.com/en/lcd-iphone-c095
gsmok.com,Poland,shop,iphone 16,aftermarket-incell,aftermarket,no,47.83,PLN,https://gsmok.com/en/lcd-iphone-c095
gsmok.com,Poland,shop,iphone 16 plus,aftermarket-incell,aftermarket,no,40.24,PLN,https://gsmok.com/en/lcd-iphone-c095
gsmok.com,Poland,shop,iphone 16,aftermarket-oled,aftermarket,no,55.12,PLN,https://gsmok.com/en/lcd-iphone-c095
gsmok.com,Poland,shop,iphone 16,aftermarket-oled,aftermarket,no,67.8,PLN,https://gsmok.com/en/lcd-iphone-c095
gsmok.com,Poland,shop,iphone 16 plus,aftermarket-incell,aftermarket,no,49.49,PLN,https://gsmok.com/en/lcd-iphone-c095
gsmok.com,Poland,shop,iphone 16 plus,glass-changed,A,no,161.61,PLN,https://gsmok.com/en/lcd-iphone-c095
gsmok.com,Poland,shop,iphone 16,aftermarket-oled,aftermarket,no,107.73,PLN,https://gsmok.com/en/lcd-iphone-c095
gsmok.com,Poland,shop,iphone 16 plus,aftermarket-oled,aftermarket,no,50.66,PLN,https://gsmok.com/en/lcd-iphone-c095
gsmok.com,Poland,shop,iphone 15 pro max,aftermarket-oled,aftermarket,no,119.33,PLN,https://gsmok.com/en/lcd-iphone-c095
gsmok.com,Poland,shop,iphone 16,aftermarket-oled,aftermarket,no,87.59,PLN,https://gsmok.com/en/lcd-iphone-c095
gsmok.com,Poland,shop,iphone 16,aftermarket-oled,aftermarket,no,72.72,PLN,https://gsmok.com/en/lcd-iphone-c095
gsmok.com,Poland,shop,iphone 16 plus,aftermarket-oled,aftermarket,no,78.64,PLN,https://gsmok.com/en/lcd-iphone-c095
componentesmovil.es,Spain,shop,iphone 12,unknown,aftermarket,no,163.35,EUR,https://www.componentesmovil.es/iphone/12/pantalla-completa-iphone-12
gsmok.com,Poland,shop,iphone 16 pro,glass-changed,A,no,193.52,PLN,https://gsmok.com/en/lcd-iphone-c095
gsmok.com,Poland,shop,iphone 16 pro,fog,B,no,242.88,PLN,https://gsmok.com/en/lcd-iphone-c095
gsmok.com,Poland,shop,iphone 16 plus,aftermarket-oled,aftermarket,no,63.93,PLN,https://gsmok.com/en/lcd-iphone-c095
impextrom.com,Spain,shop,iphone 15,unknown,aftermarket,no,76.11,EUR,https://www.impextrom.com/es/repuestos-iphone-15-a3090-f11232
componentesmovil.es,Spain,shop,iphone 12 pro max,unknown,aftermarket,no,200.0,EUR,https://www.componentesmovil.es/iphone/12/pantalla-completa-iphone-12
impextrom.com,Spain,shop,iphone 15,unknown,aftermarket,no,3.97,EUR,https://www.impextrom.com/es/repuestos-iphone-15-a3090-f11232
impextrom.com,Spain,shop,iphone 15,original,A,no,20.28,EUR,https://www.impextrom.com/es/repuestos-iphone-15-a3090-f11232
impextrom.com,Spain,shop,iphone 15,unknown,aftermarket,no,2.69,EUR,https://www.impextrom.com/es/repuestos-iphone-15-a3090-f11232
componentesmovil.es,Spain,shop,iphone 12,unknown,aftermarket,no,68.85,EUR,https://www.componentesmovil.es/iphone/12/pantalla-completa-iphone-12
spares.no,Norway,shop,iphone 11,unknown,aftermarket,YES,449.0,NOK,https://spares.no/en/products/iphone-11?_pos=6&_sid=6c4e86b72&_ss=r
impextrom.com,Spain,shop,iphone 15,unknown,aftermarket,no,2.47,EUR,https://www.impextrom.com/es/repuestos-iphone-15-a3090-f11232
impextrom.com,Spain,shop,iphone 15,unknown,aftermarket,no,3.91,EUR,https://www.impextrom.com/es/repuestos-iphone-15-a3090-f11232
impextrom.com,Spain,shop,iphone 15 plus,unknown,aftermarket,no,3.04,EUR,https://www.impextrom.com/es/repuestos-iphone-15-a3090-f11232
impextrom.com,Spain,shop,iphone 15,unknown,aftermarket,no,13.45,EUR,https://www.impextrom.com/es/repuestos-iphone-15-a3090-f11232
impextrom.com,Spain,shop,iphone 15,unknown,aftermarket,no,25.04,EUR,https://www.impextrom.com/es/repuestos-iphone-15-a3090-f11232
impextrom.com,Spain,shop,iphone 15,unknown,aftermarket,no,4.37,EUR,https://www.impextrom.com/es/repuestos-iphone-15-a3090-f11232
impextrom.com,Spain,shop,iphone 15,unknown,aftermarket,no,4.04,EUR,https://www.impextrom.com/es/repuestos-iphone-15-a3090-f11232
preciosadictos.com,Spain,shop,iphone 11,unknown,aftermarket,no,29.03,EUR,https://www.preciosadictos.com/pantalla-para-iphone-11-bf8-p-23394.html
preciosadictos.com,Spain,shop,iphone 12,unknown,aftermarket,no,1.57,EUR,https://www.preciosadictos.com/adhesivo-de-lente-para-iphone-11-iphone-12-p-25482.html
preciosadictos.com,Spain,shop,iphone 11,unknown,aftermarket,no,2.0,EUR,https://www.preciosadictos.com/adhesivo-de-placa-base-para-iphone-11-p-36198.html
preciosadictos.com,Spain,shop,iphone x,unknown,aftermarket,no,0.5,EUR,https://www.preciosadictos.com/adhesivo-del-nfc-para-iphone-x-xr-xs-xs-max-p-45015.html
preciosadictos.com,Spain,shop,iphone 11,unknown,aftermarket,no,1.57,EUR,https://www.preciosadictos.com/adhesivo-de-pantalla-para-iphone-11-p-20775.html
preciosadictos.com,Spain,shop,iphone 11,unknown,aftermarket,no,4.99,EUR,https://www.preciosadictos.com/antena-nfc-carga-inalambrica-para-iphone-11-p-42652.html
preciosadictos.com,Spain,shop,iphone 11,unknown,aftermarket,no,5.99,EUR,https://www.preciosadictos.com/backlight-de-pantalla-iphone-11-p-25690.html
preciosadictos.com,Spain,shop,iphone 11,unknown,aftermarket,no,2.42,EUR,https://www.preciosadictos.com/botones-laterales-para-iphone-11-amarillo-p-20771.html
preciosadictos.com,Spain,shop,iphone 11,unknown,aftermarket,no,3.2699999999999996,EUR,https://www.preciosadictos.com/botones-laterales-para-iphone-11-morado-p-20770.html
preciosadictos.com,Spain,shop,iphone 11,unknown,aftermarket,no,7.25,EUR,https://www.preciosadictos.com/auricular-interno-para-iphone-11-p-21039.html
preciosadictos.com,Spain,shop,iphone 11,unknown,aftermarket,no,11.24,EUR,https://www.preciosadictos.com/camara-trasera-para-iphone-11-p-20759.html
preciosadictos.com,Spain,shop,iphone 11,unknown,aftermarket,no,3.5,EUR,https://www.preciosadictos.com/botones-laterales-para-iphone-11-blanco-p-20773.html
preciosadictos.com,Spain,shop,iphone 11,unknown,aftermarket,no,1.8,EUR,https://www.preciosadictos.com/flex-bluetooth-para-iphone-11-p-42654.html
preciosadictos.com,Spain,shop,iphone 11,unknown,aftermarket,no,7.99,EUR,https://www.preciosadictos.com/flex-auricular-y-sensor-para-iphone-11-p-20761.html
preciosadictos.com,Spain,shop,iphone 11,unknown,aftermarket,no,4.83,EUR,https://www.preciosadictos.com/embellecedor-y-lente-para-iphone-11-amarillo-p-21036.html
preciosadictos.com,Spain,shop,iphone 11,unknown,aftermarket,no,6.2,EUR,https://www.preciosadictos.com/flex-auricular-para-iphone-11-p-49578.html
preciosadictos.com,Spain,shop,iphone 11,unknown,aftermarket,no,16.930000000000003,EUR,https://www.preciosadictos.com/cristal-frontal-con-digitalizador-para-iphone-11-p-21030.html
preciosadictos.com,Spain,shop,iphone 11,unknown,aftermarket,no,8.459999999999999,EUR,https://www.preciosadictos.com/camara-frontal-para-iphone-11-p-20758.html
preciosadictos.com,Spain,shop,iphone 11,unknown,aftermarket,no,3.6199999999999997,EUR,https://www.preciosadictos.com/marco-intermedio-de-placa-base-para-iphone-11-p-21789.html
preciosadictos.com,Spain,shop,iphone 11,unknown,aftermarket,no,22.98,EUR,https://www.preciosadictos.com/marco-chasis-para-iphone-11-blanco-p-20755.html
repuestosfuentes.es,Spain,shop,iphone 11,unknown,aftermarket,no,30.44,EUR,https://www.repuestosfuentes.es/5287-iphone-11
repuestosfuentes.es,Spain,shop,iphone 14 pro max,unknown,aftermarket,no,18.1,EUR,https://www.repuestosfuentes.es/5287-iphone-11
repuestosfuentes.es,Spain,shop,iphone 11,unknown,aftermarket,no,181.5,EUR,https://www.repuestosfuentes.es/5287-iphone-11
repuestosfuentes.es,Spain,shop,iphone 11,unknown,aftermarket,no,217.8,EUR,https://www.repuestosfuentes.es/5287-iphone-11
repuestosfuentes.es,Spain,shop,iphone 11,unknown,aftermarket,no,19.55,EUR,https://www.repuestosfuentes.es/5287-iphone-11
repuestosfuentes.es,Spain,shop,iphone 11,unknown,aftermarket,no,28.93,EUR,https://www.repuestosfuentes.es/5287-iphone-11
repuestosfuentes.es,Spain,shop,iphone 11,unknown,aftermarket,no,18.53,EUR,https://www.repuestosfuentes.es/5287-iphone-11
repuestosfuentes.es,Spain,shop,iphone 11,unknown,aftermarket,no,13.31,EUR,https://www.repuestosfuentes.es/5287-iphone-11
repuestosfuentes.es,Spain,shop,iphone 11,unknown,aftermarket,no,18.65,EUR,https://www.repuestosfuentes.es/5287-iphone-11
repuestosfuentes.es,Spain,shop,iphone 11 pro max,unknown,aftermarket,no,13.42,EUR,https://www.repuestosfuentes.es/5287-iphone-11
repuestosfuentes.es,Spain,shop,iphone 11,unknown,aftermarket,no,13.13,EUR,https://www.repuestosfuentes.es/5287-iphone-11
repuestosfuentes.es,Spain,shop,iphone 11,aftermarket-lcd,aftermarket,no,18.48,EUR,https://www.repuestosfuentes.es/5287-iphone-11
repuestosfuentes.es,Spain,shop,iphone 11,unknown,aftermarket,no,4.84,EUR,https://www.repuestosfuentes.es/5287-iphone-11
repuestosfuentes.es,Spain,shop,iphone 11,unknown,aftermarket,no,8.2,EUR,https://www.repuestosfuentes.es/5287-iphone-11
repuestosfuentes.es,Spain,shop,iphone 11,unknown,aftermarket,no,11.89,EUR,https://www.repuestosfuentes.es/5287-iphone-11
repuestosfuentes.es,Spain,shop,iphone 11,unknown,aftermarket,no,8.8,EUR,https://www.repuestosfuentes.es/5287-iphone-11
repuestosfuentes.es,Spain,shop,iphone 11,unknown,aftermarket,no,5.0,EUR,https://www.repuestosfuentes.es/5287-iphone-11
repuestosfuentes.es,Spain,shop,iphone 11,unknown,aftermarket,no,6.24,EUR,https://www.repuestosfuentes.es/5287-iphone-11
repuestosfuentes.es,Spain,shop,iphone 11,unknown,aftermarket,no,7.19,EUR,https://www.repuestosfuentes.es/5287-iphone-11
repuestosfuentes.es,Spain,shop,iphone 11,unknown,aftermarket,no,7.21,EUR,https://www.repuestosfuentes.es/5287-iphone-11
repuestosfuentes.es,Spain,shop,iphone 11,unknown,aftermarket,no,6.12,EUR,https://www.repuestosfuentes.es/5287-iphone-11
repuestosfuentes.es,Spain,shop,iphone 11,unknown,aftermarket,no,5.87,EUR,https://www.repuestosfuentes.es/5287-iphone-11
repuestosfuentes.es,Spain,shop,iphone 11,unknown,aftermarket,no,6.27,EUR,https://www.repuestosfuentes.es/5287-iphone-11
repuestosfuentes.es,Spain,shop,iphone 11,unknown,aftermarket,no,7.02,EUR,https://www.repuestosfuentes.es/5287-iphone-11
repuestosfuentes.es,Spain,shop,iphone 11,unknown,aftermarket,no,5.2,EUR,https://www.repuestosfuentes.es/5287-iphone-11
repuestosfuentes.es,Spain,shop,iphone 11,unknown,aftermarket,no,4.79,EUR,https://www.repuestosfuentes.es/5287-iphone-11
repuestosfuentes.es,Spain,shop,iphone 11,unknown,aftermarket,no,5.42,EUR,https://www.repuestosfuentes.es/5287-iphone-11
repuestosfuentes.es,Spain,shop,iphone 11,unknown,aftermarket,no,5.26,EUR,https://www.repuestosfuentes.es/5287-iphone-11
repuestosfuentes.es,Spain,shop,iphone 11,unknown,aftermarket,no,5.17,EUR,https://www.repuestosfuentes.es/5287-iphone-11
repuestosfuentes.es,Spain,shop,iphone 11,unknown,aftermarket,no,320.65,EUR,https://www.repuestosfuentes.es/5287-iphone-11
repuestosfuentes.es,Spain,shop,iphone 11,unknown,aftermarket,no,350.9,EUR,https://www.repuestosfuentes.es/5287-iphone-11
repuestosfuentes.es,Spain,shop,iphone 11,unknown,aftermarket,no,4.77,EUR,https://www.repuestosfuentes.es/5287-iphone-11
repuestosfuentes.es,Spain,shop,iphone 11,unknown,aftermarket,no,3.81,EUR,https://www.repuestosfuentes.es/5287-iphone-11
repuestosfuentes.es,Spain,shop,iphone 11,unknown,aftermarket,no,4.44,EUR,https://www.repuestosfuentes.es/5287-iphone-11
repuestosfuentes.es,Spain,shop,iphone 11,unknown,aftermarket,no,4.14,EUR,https://www.repuestosfuentes.es/5287-iphone-11
repuestosfuentes.es,Spain,shop,iphone 11,unknown,aftermarket,no,3.84,EUR,https://www.repuestosfuentes.es/5287-iphone-11
repuestosfuentes.es,Spain,shop,iphone 11,unknown,aftermarket,no,4.21,EUR,https://www.repuestosfuentes.es/5287-iphone-11
repuestosfuentes.es,Spain,shop,iphone 11,unknown,aftermarket,no,3.26,EUR,https://www.repuestosfuentes.es/5287-iphone-11
repuestosfuentes.es,Spain,shop,iphone 11,unknown,aftermarket,no,276.18,EUR,https://www.repuestosfuentes.es/5287-iphone-11
repuestosfuentes.es,Spain,shop,iphone 11,unknown,aftermarket,no,4.22,EUR,https://www.repuestosfuentes.es/5287-iphone-11
repuestosfuentes.es,Spain,shop,iphone 11,unknown,aftermarket,no,221.73,EUR,https://www.repuestosfuentes.es/5287-iphone-11
repuestosfuentes.es,Spain,shop,iphone 11,unknown,aftermarket,no,248.05,EUR,https://www.repuestosfuentes.es/5287-iphone-11
repuestosfuentes.es,Spain,shop,iphone 11,unknown,aftermarket,no,199.65,EUR,https://www.repuestosfuentes.es/5287-iphone-11
repuestosfuentes.es,Spain,shop,iphone 11,unknown,aftermarket,no,215.38,EUR,https://www.repuestosfuentes.es/5287-iphone-11
repuestosfuentes.es,Spain,shop,iphone 11,unknown,aftermarket,no,191.48,EUR,https://www.repuestosfuentes.es/5287-iphone-11
repuestosfuentes.es,Spain,shop,iphone 11,unknown,aftermarket,no,242.0,EUR,https://www.repuestosfuentes.es/5287-iphone-11
repuestosfuentes.es,Spain,shop,iphone 11,unknown,aftermarket,no,185.43,EUR,https://www.repuestosfuentes.es/5287-iphone-11
repuestosfuentes.es,Spain,shop,iphone 11,unknown,aftermarket,no,163.35,EUR,https://www.repuestosfuentes.es/5287-iphone-11
repuestosfuentes.es,Spain,shop,iphone 11,unknown,aftermarket,no,205.7,EUR,https://www.repuestosfuentes.es/5287-iphone-11
repuestosfuentes.es,Spain,shop,iphone 11,unknown,aftermarket,no,169.4,EUR,https://www.repuestosfuentes.es/5287-iphone-11
repuestosfuentes.es,Spain,shop,iphone 11,unknown,aftermarket,no,193.6,EUR,https://www.repuestosfuentes.es/5287-iphone-11
repuestosfuentes.es,Spain,shop,iphone 11,unknown,aftermarket,no,14.58,EUR,https://www.repuestosfuentes.es/5287-iphone-11
repuestosfuentes.es,Spain,shop,iphone 11,unknown,aftermarket,no,21.18,EUR,https://www.repuestosfuentes.es/5287-iphone-11
repuestosfuentes.es,Spain,shop,iphone 11,unknown,aftermarket,no,98.31,EUR,https://www.repuestosfuentes.es/5287-iphone-11
repuestosfuentes.es,Spain,shop,iphone 11,unknown,aftermarket,no,157.3,EUR,https://www.repuestosfuentes.es/5287-iphone-11
repuestosfuentes.es,Spain,shop,iphone 11,unknown,aftermarket,no,11.49,EUR,https://www.repuestosfuentes.es/5287-iphone-11
repuestosfuentes.es,Spain,shop,iphone 11,unknown,aftermarket,no,151.25,EUR,https://www.repuestosfuentes.es/5287-iphone-11
repuestosfuentes.es,Spain,shop,iphone 11,unknown,aftermarket,no,145.2,EUR,https://www.repuestosfuentes.es/5287-iphone-11
repuestosfuentes.es,Spain,shop,iphone 11,unknown,aftermarket,no,10.16,EUR,https://www.repuestosfuentes.es/5287-iphone-11
repuestosfuentes.es,Spain,shop,iphone 11 pro max,unknown,aftermarket,no,12.66,EUR,https://www.repuestosfuentes.es/5287-iphone-11
repuestosfuentes.es,Spain,shop,iphone 11,unknown,aftermarket,no,6.8,EUR,https://www.repuestosfuentes.es/5287-iphone-11
repuestostic.com,Spain,shop,iphone 12,aftermarket-incell,aftermarket,no,18.95,EUR,https://www.repuestostic.com/es/repuestos-iphone-12-pro/19993-pantalla-completa-para-iphone-12-iphone-12-pro-calidad-incell.html
repuestosfuentes.es,Spain,shop,iphone 11,unknown,aftermarket,no,7.98,EUR,https://www.repuestosfuentes.es/5287-iphone-11
repuestostic.com,Spain,shop,iphone 12,aftermarket-incell,aftermarket,no,26.5,EUR,https://www.repuestostic.com/es/repuestos-iphone-12-pro/22537-pantalla-iphone-12-12-pro-jk-incell.html
repuestostic.com,Spain,shop,iphone 12,unknown,aftermarket,no,57.0,EUR,https://www.repuestostic.com/es/repuestos-iphone-12/20299-reparacion-cambio-pantalla-completa-iphone-12-12-pro-calidad-incell.html
repuestostic.com,Spain,shop,iphone 12,original,A,no,99.0,EUR,https://www.repuestostic.com/es/repuestos-iphone-12-pro/11435-pantalla-original-iphone-12-12-pro.html
repuestosfuentes.es,Spain,shop,iphone 11,unknown,aftermarket,no,7.28,EUR,https://www.repuestosfuentes.es/5287-iphone-11
repuestostic.com,Spain,shop,iphone 12 pro,aftermarket-oled,aftermarket,no,89.0,EUR,https://www.repuestostic.com/es/repuestos-iphone-12-pro/9990-reparacion-pantalla-completa-iphone-12-pro-aaa.html
repuestostic.com,Spain,shop,iphone 12,unknown,aftermarket,no,4.9,EUR,https://www.repuestostic.com/es/repuestos-iphone-12/22615-chip-ic-power-alimentacion-343s0437-de-iphone-12-12-mini-12-pro-12-pro-max.html
repuestostic.com,Spain,shop,iphone 12,unknown,aftermarket,no,5.9,EUR,https://www.repuestostic.com/es/repuestos-iphone-12/20088-antena-wifi-iphone-12-12-pro.html
repuestostic.com,Spain,shop,iphone 12,unknown,aftermarket,no,5.95,EUR,https://www.repuestostic.com/es/repuestos-iphone-12/23483-modulo-5g-con-antena-iphone-1212-pro.html
repuestostic.com,Spain,shop,iphone 12,original,A,no,350.0,EUR,https://www.repuestostic.com/es/repuestos-iphone-12/22355-cambio-pantalla-iphone-12-original-apple-oficial.html
repuestostic.com,Spain,shop,iphone 12 pro,original,A,no,119.0,EUR,https://www.repuestostic.com/es/repuestos-iphone-12-pro/11436-reparacion-cambio-pantalla-original-iphone-12-12-pro.html
repuestostic.com,Spain,shop,iphone 12,unknown,aftermarket,no,2.0,EUR,https://www.repuestostic.com/es/repuestos-iphone-12/22580-adhesivo-pantalla-iphone-12.html
repuestostic.com,Spain,shop,iphone 12,unknown,aftermarket,no,150.0,EUR,https://www.repuestostic.com/es/repuestos-iphone-12/21923-reparacion-fallo-de-tactil-iphone-12-chip-ic-tactil-de-pantalla.html
repuestostic.com,Spain,shop,iphone 12,aftermarket-oled,aftermarket,no,180.0,EUR,https://www.repuestostic.com/es/repuestos-iphone-12/10002-reparacion-pantalla-completa-y-tapa-trasera-iphone-12.html
repuestostic.com,Spain,shop,iphone 12,unknown,aftermarket,no,130.0,EUR,https://www.repuestostic.com/es/repuestos-iphone-12/21886-reparacion-de-face-id-iphone-12.html
repuestostic.com,Spain,shop,iphone 12,unknown,aftermarket,no,60.0,EUR,https://www.repuestostic.com/es/repuestos-iphone-12/19557-reparacion-cambio-antena-wifi-iphone-12-12-pro.html
repuestostic.com,Spain,shop,iphone 12,unknown,aftermarket,no,65.0,EUR,https://www.repuestostic.com/es/repuestos-iphone-12/9975-pantalla-cristal-tactil-iphone-12.html
repuestostic.com,Spain,shop,iphone 12,unknown,aftermarket,no,5.35,EUR,https://www.repuestostic.com/es/repuestos-iphone-12/10050-flex-sensor-proximidad-iphone-12-12-pro.html
repuestostic.com,Spain,shop,iphone 12,unknown,aftermarket,no,8.9,EUR,https://www.repuestostic.com/es/repuestos-iphone-12-pro/10169-altavoz-auricular-iphone-12-pro.html
repuestostic.com,Spain,shop,iphone 12,unknown,aftermarket,no,50.0,EUR,https://www.repuestostic.com/es/repuestos-iphone-12-pro/10170-reparacion-cambio-altavoz-auricular-iphone-12-pro.html
repuestostic.com,Spain,shop,iphone 12,unknown,aftermarket,no,4.95,EUR,https://www.repuestostic.com/es/repuestos-iphone-12/9963-altavoz-tono-de-llamada-buzzer-para-iphone-12-12-pro.html
repuestostic.com,Spain,shop,iphone 12,unknown,aftermarket,no,45.0,EUR,https://www.repuestostic.com/es/repuestos-iphone-12-pro/10175-reparacion-cambio-vibrador-iphone-12-12-pro.html
repuestostic.com,Spain,shop,iphone 12,unknown,aftermarket,no,10.75,EUR,https://www.repuestostic.com/es/repuestos-iphone-12/9967-flex-altavoz-auricular-sensor-proximidad-iphone-12-12-pro.html
repuestostic.com,Spain,shop,iphone 12,unknown,aftermarket,no,37.0,EUR,https://www.repuestostic.com/es/repuestos-iphone-12/9992-reparacion-altavoz-buzzer-iphone-12-12-pro.html
repuestostic.com,Spain,shop,iphone 12,unknown,aftermarket,no,19.25,EUR,https://www.repuestostic.com/es/repuestos-iphone-12/9994-camara-trasera-iphone-12.html
repuestostic.com,Spain,shop,iphone 12,unknown,aftermarket,no,3.45,EUR,https://www.repuestostic.com/es/repuestos-iphone-12/22611-chip-ic-controlador-de-carga-iphone-12-12-mini-12-pro-12-pro-max-tristar-u2-1641a1.html
repuestostic.com,Spain,shop,iphone 12 pro max,unknown,aftermarket,no,2.75,EUR,https://www.repuestostic.com/es/repuestos-iphone-12-pro-max-reparar/20110-lente-camara-trasera-ultra-gran-angular-iphone-12-pro-max-12-pro-12-mini-12.html
repuestostic.com,Spain,shop,iphone 12 mini,unknown,aftermarket,no,3.9,EUR,https://www.repuestostic.com/es/repuestos-iphone-12/19990-lente-camara-trasera-solo-cristal-iphone-12-a2172-a2402-a2403-a2404-.html
repuestostic.com,Spain,shop,iphone 12,unknown,aftermarket,no,7.8,EUR,https://www.repuestostic.com/es/repuestos-iphone-12-pro/10129-conector-de-carga-iphone-12-pro-negro-grafito.html
repuestostic.com,Spain,shop,iphone 12,unknown,aftermarket,no,89.0,EUR,https://www.repuestostic.com/es/repuestos-iphone-12/9971-reparacion-tapa-trasera-iphone-12-cualquier-color.html
repuestostic.com,Spain,shop,iphone 12 pro,unknown,aftermarket,no,7.8,EUR,https://www.repuestostic.com/es/repuestos-iphone-12/21780-flex-de-carga-iphone-12-iphone-12-pro-color-purpura.html
repuestostic.com,Spain,shop,iphone 12,unknown,aftermarket,no,12.9,EUR,https://www.repuestostic.com/es/repuestos-iphone-12/9949-tapa-trasera-iphone-12-color-blanco.html
therepairplus.com,UK,shop,iphone 15,aftermarket-lcd,aftermarket,no,24.98,GBP,https://therepairplus.com/collections/iphone-screen-replacement
repuestostic.com,Spain,shop,iphone 12,unknown,aftermarket,no,120.0,EUR,https://www.repuestostic.com/es/repuestos-iphone-12/22388-cambio-chasis-iphone-12.html
repuestostic.com,Spain,shop,iphone 12,unknown,aftermarket,no,31.0,EUR,https://www.repuestostic.com/es/repuestos-iphone-12/9996-chasis-y-tapa-trasera-sin-componente-para-iphone-12-blanco.html
ilevante.com,Spain,shop,iphone 13,unknown,aftermarket,no,12.5,EUR,https://www.ilevante.com/repuestos-iphone-13
ilevante.com,Spain,shop,iphone 13,aftermarket-oled,aftermarket,no,36.9,EUR,https://www.ilevante.com/repuestos-iphone-13
therepairplus.com,UK,shop,iphone 16,aftermarket-oled,aftermarket,no,139.98,GBP,https://therepairplus.com/collections/iphone-screen-replacement
ilevante.com,Spain,shop,iphone 13,unknown,aftermarket,no,10.5,EUR,https://www.ilevante.com/repuestos-iphone-13
ilevante.com,Spain,shop,iphone 13,unknown,aftermarket,no,22.75,EUR,https://www.ilevante.com/repuestos-iphone-13
ilevante.com,Spain,shop,iphone x,unknown,aftermarket,no,2.75,EUR,https://www.ilevante.com/repuestos-iphone-13
ilevante.com,Spain,shop,iphone 13,unknown,aftermarket,no,27.99,EUR,https://www.ilevante.com/repuestos-iphone-13
ilevante.com,Spain,shop,iphone 13,unknown,aftermarket,no,16.0,EUR,https://www.ilevante.com/repuestos-iphone-13
ilevante.com,Spain,shop,iphone 13,unknown,aftermarket,no,68.49,EUR,https://www.ilevante.com/repuestos-iphone-13
ilevante.com,Spain,shop,iphone 13,unknown,aftermarket,no,6.5,EUR,https://www.ilevante.com/repuestos-iphone-13
therepairplus.com,UK,shop,iphone 16 plus,aftermarket-oled,aftermarket,no,145.98,GBP,https://therepairplus.com/collections/iphone-screen-replacement
therepairplus.com,UK,shop,iphone 14 pro max,aftermarket-oled,aftermarket,no,145.98,GBP,https://therepairplus.com/collections/iphone-screen-replacement
therepairplus.com,UK,shop,iphone 13 pro,unknown,aftermarket,no,59.98,GBP,https://therepairplus.com/collections/iphone-screen-replacement
therepairplus.com,UK,shop,iphone 15 pro max,unknown,aftermarket,no,49.98,GBP,https://therepairplus.com/collections/iphone-screen-replacement
therepairplus.com,UK,shop,iphone 15 pro max,aftermarket-lcd,aftermarket,no,39.98,GBP,https://therepairplus.com/collections/iphone-screen-replacement
therepairplus.com,UK,shop,iphone 15 plus,aftermarket-lcd,aftermarket,no,25.98,GBP,https://therepairplus.com/collections/iphone-screen-replacement
therepairplus.com,UK,shop,iphone 15 pro,aftermarket-lcd,aftermarket,no,29.98,GBP,https://therepairplus.com/collections/iphone-screen-replacement
therepairplus.com,UK,shop,iphone 16 pro,aftermarket-lcd,aftermarket,no,45.98,GBP,https://therepairplus.com/collections/iphone-screen-replacement
therepairplus.com,UK,shop,iphone 15 plus,unknown,aftermarket,no,34.98,GBP,https://therepairplus.com/collections/iphone-screen-replacement
thescreensurgery.com,UK,shop,iphone 12 pro,aftermarket-soft-oled,aftermarket,no,47.95,GBP,https://thescreensurgery.com/collections/value-screens
thescreensurgery.com,UK,shop,iphone xr,original,A,no,14.95,GBP,https://thescreensurgery.com/collections/value-screens
thescreensurgery.com,UK,shop,iphone 15,original,A,no,26.95,GBP,https://thescreensurgery.com/collections/value-screens
onlinemobileparts.com.au,Australia,shop,iphone 13 mini,unknown,aftermarket,no,8.0,AUD,https://www.onlinemobileparts.com.au/iphone-13-mini-clear-tempered-glass-screen-protectors
thescreensurgery.com,UK,shop,iphone 14,aftermarket-soft-oled,aftermarket,no,47.95,GBP,https://thescreensurgery.com/collections/value-screens
thescreensurgery.com,UK,shop,iphone 11,original,A,no,14.95,GBP,https://thescreensurgery.com/collections/value-screens
thescreensurgery.com,UK,shop,iphone 13 pro,aftermarket-soft-oled,aftermarket,no,53.95,GBP,https://thescreensurgery.com/collections/value-screens
thescreensurgery.com,UK,shop,iphone 11 pro max,aftermarket-soft-oled,aftermarket,no,41.95,GBP,https://thescreensurgery.com/collections/value-screens
thescreensurgery.com,UK,shop,iphone 16,aftermarket-soft-oled,aftermarket,no,53.95,GBP,https://thescreensurgery.com/collections/value-screens
thescreensurgery.com,UK,shop,iphone xs,original,A,no,17.95,GBP,https://thescreensurgery.com/collections/value-screens
thescreensurgery.com,UK,shop,iphone 11 pro,original,A,no,20.95,GBP,https://thescreensurgery.com/collections/value-screens
thescreensurgery.com,UK,shop,iphone x,original,A,no,17.95,GBP,https://thescreensurgery.com/collections/value-screens
goodtech.co.nz,New Zealand,shop,iphone 13 mini,unknown,aftermarket,no,99.0,,https://www.goodtech.co.nz/collections/repairs
goodtech.co.nz,New Zealand,shop,iphone 13,unknown,aftermarket,no,99.0,,https://www.goodtech.co.nz/collections/repairs
goodtech.co.nz,New Zealand,shop,iphone 12,unknown,aftermarket,no,99.0,,https://www.goodtech.co.nz/collections/repairs
goodtech.co.nz,New Zealand,shop,iphone 13 pro,unknown,aftermarket,no,109.0,,https://www.goodtech.co.nz/collections/repairs
goodtech.co.nz,New Zealand,shop,iphone 12 pro max,unknown,aftermarket,no,129.0,,https://www.goodtech.co.nz/collections/repairs
goodtech.co.nz,New Zealand,shop,iphone 12 pro,unknown,aftermarket,no,109.0,,https://www.goodtech.co.nz/collections/repairs
goodtech.co.nz,New Zealand,shop,iphone 11 pro max,unknown,aftermarket,no,129.0,,https://www.goodtech.co.nz/collections/repairs
repairpartsusa.com,USA,shop,iphone 16 pro,aftermarket-lcd,aftermarket,no,39.99,USD,https://repairpartsusa.com/collections/iphone-screens
repairpartsusa.com,USA,shop,iphone 16,unknown,aftermarket,no,119.49,USD,https://repairpartsusa.com/collections/iphone-screens
repairpartsusa.com,USA,shop,iphone 15 pro max,aftermarket-lcd,aftermarket,no,41.59,USD,https://repairpartsusa.com/collections/iphone-screens
repairpartsusa.com,USA,shop,iphone 16,aftermarket-lcd,aftermarket,no,34.99,USD,https://repairpartsusa.com/collections/iphone-screens
goodtech.co.nz,New Zealand,shop,iphone xr,unknown,aftermarket,no,99.0,,https://www.goodtech.co.nz/collections/repairs
repairpartsusa.com,USA,shop,iphone 16,aftermarket-soft-oled,aftermarket,no,75.59,USD,https://repairpartsusa.com/collections/iphone-screens
repairpartsusa.com,USA,shop,iphone 15 pro max,aftermarket-soft-oled,aftermarket,no,95.99,USD,https://repairpartsusa.com/collections/iphone-screens
repairpartsusa.com,USA,shop,iphone 16 pro,aftermarket-soft-oled,aftermarket,no,74.99,USD,https://repairpartsusa.com/collections/iphone-screens
goodtech.co.nz,New Zealand,shop,iphone 11 pro,unknown,aftermarket,no,109.0,,https://www.goodtech.co.nz/collections/repairs
repairpartsusa.com,USA,shop,iphone 15,aftermarket-lcd,aftermarket,no,23.99,USD,https://repairpartsusa.com/collections/iphone-screens
repairpartsusa.com,USA,shop,iphone 15,aftermarket-soft-oled,aftermarket,no,79.39,USD,https://repairpartsusa.com/collections/iphone-screens
repairpartsusa.com,USA,shop,iphone 15 pro,aftermarket-hard-oled,aftermarket,no,67.99,USD,https://repairpartsusa.com/collections/iphone-screens
repairpartsusa.com,USA,shop,iphone 15 pro,aftermarket-lcd,aftermarket,no,35.99,USD,https://repairpartsusa.com/collections/iphone-screens
repairpartsusa.com,USA,shop,iphone 15,aftermarket-hard-oled,aftermarket,no,61.19,USD,https://repairpartsusa.com/collections/iphone-screens
repairpartsusa.com,USA,shop,iphone 15 pro,aftermarket-soft-oled,aftermarket,no,95.99,USD,https://repairpartsusa.com/collections/iphone-screens
repairpartsusa.com,USA,shop,iphone 14 pro max,aftermarket-lcd,aftermarket,no,39.99,USD,https://repairpartsusa.com/collections/iphone-screens
repairpartsusa.com,USA,shop,iphone 14 pro max,aftermarket-hard-oled,aftermarket,no,87.99,USD,https://repairpartsusa.com/collections/iphone-screens
repairpartsusa.com,USA,shop,iphone 15,unknown,aftermarket,no,76.49,USD,https://repairpartsusa.com/collections/iphone-screens
repairpartsusa.com,USA,shop,iphone 16 plus,aftermarket-lcd,aftermarket,no,37.99,USD,https://repairpartsusa.com/collections/iphone-screens
pantallarota.es,Spain,shop,iphone xs,unknown,aftermarket,YES,139.0,EUR,https://pantallarota.es/product/pantalla-iphone-x-iphone-xs/
repairpartsusa.com,USA,shop,iphone 14 pro max,aftermarket-soft-oled,aftermarket,no,79.99,USD,https://repairpartsusa.com/collections/iphone-screens
repairpartsusa.com,USA,shop,iphone 14 plus,aftermarket-lcd,aftermarket,no,23.99,USD,https://repairpartsusa.com/collections/iphone-screens
repairpartsusa.com,USA,shop,iphone 14 pro,aftermarket-hard-oled,aftermarket,no,71.59,USD,https://repairpartsusa.com/collections/iphone-screens
repairpartsusa.com,USA,shop,iphone 13,aftermarket-soft-oled,aftermarket,no,45.99,USD,https://repairpartsusa.com/collections/iphone-screens
repairpartsusa.com,USA,shop,iphone 13 pro max,aftermarket-lcd,aftermarket,no,31.99,USD,https://repairpartsusa.com/collections/iphone-screens
repairpartsusa.com,USA,shop,iphone 13 pro max,aftermarket-hard-oled,aftermarket,no,39.59,USD,https://repairpartsusa.com/collections/iphone-screens
repairpartsusa.com,USA,shop,iphone 14,aftermarket-hard-oled,aftermarket,no,39.19,USD,https://repairpartsusa.com/collections/iphone-screens
repairpartsusa.com,USA,shop,iphone 13 pro,aftermarket-lcd,aftermarket,no,31.99,USD,https://repairpartsusa.com/collections/iphone-screens
repairpartsusa.com,USA,shop,iphone 13 mini,aftermarket-incell,aftermarket,no,31.99,USD,https://repairpartsusa.com/collections/iphone-screens
repairpartsusa.com,USA,shop,iphone 14,aftermarket-soft-oled,aftermarket,no,44.79,USD,https://repairpartsusa.com/collections/iphone-screens
repairpartsusa.com,USA,shop,iphone 13,unknown,aftermarket,no,49.49,USD,https://repairpartsusa.com/collections/iphone-screens
repairpartsusa.com,USA,shop,iphone 13,unknown,aftermarket,no,57.49,USD,https://repairpartsusa.com/collections/iphone-screens
repairpartsusa.com,USA,shop,iphone 12 pro max,aftermarket-incell,aftermarket,no,26.79,USD,https://repairpartsusa.com/collections/iphone-screens
repairpartsusa.com,USA,shop,iphone 13 pro,aftermarket-soft-oled,aftermarket,no,55.99,USD,https://repairpartsusa.com/collections/iphone-screens
repairpartsusa.com,USA,shop,iphone 12 pro max,aftermarket-hard-oled,aftermarket,no,46.39,USD,https://repairpartsusa.com/collections/iphone-screens
repairpartsusa.com,USA,shop,iphone 13 mini,aftermarket-hard-oled,aftermarket,no,47.99,USD,https://repairpartsusa.com/collections/iphone-screens
repairpartsusa.com,USA,shop,iphone 12 pro max,aftermarket-soft-oled,aftermarket,no,53.99,USD,https://repairpartsusa.com/collections/iphone-screens
repairpartsusa.com,USA,shop,iphone 11 pro max,aftermarket-lcd,aftermarket,no,20.39,USD,https://repairpartsusa.com/collections/iphone-screens
repairpartsusa.com,USA,shop,iphone 12 pro,aftermarket-soft-oled,aftermarket,no,47.99,USD,https://repairpartsusa.com/collections/iphone-screens
repairpartsusa.com,USA,shop,iphone 11 pro,aftermarket-lcd,aftermarket,no,19.99,USD,https://repairpartsusa.com/collections/iphone-screens
repairpartsusa.com,USA,shop,iphone 12 mini,aftermarket-hard-oled,aftermarket,no,43.99,USD,https://repairpartsusa.com/collections/iphone-screens
repairpartsusa.com,USA,shop,iphone 11 pro,aftermarket-hard-oled,aftermarket,no,38.39,USD,https://repairpartsusa.com/collections/iphone-screens
repairpartsusa.com,USA,shop,iphone xs max,aftermarket-lcd,aftermarket,no,19.99,USD,https://repairpartsusa.com/collections/iphone-screens
repairpartsusa.com,USA,shop,iphone xs max,aftermarket-soft-oled,aftermarket,no,47.19,USD,https://repairpartsusa.com/collections/iphone-screens
repairpartsusa.com,USA,shop,iphone xr,aftermarket-lcd,aftermarket,no,15.19,USD,https://repairpartsusa.com/collections/iphone-screens
ifixit.com,USA,shop,iphone 14 pro max,unknown,aftermarket,no,44.0,USD,https://www.ifixit.com/Parts/iPhone/Screens
repairpartsusa.com,USA,shop,iphone xr,aftermarket-lcd,aftermarket,no,17.99,USD,https://repairpartsusa.com/collections/iphone-screens
repairpartsusa.com,USA,shop,iphone x,aftermarket-lcd,aftermarket,no,14.79,USD,https://repairpartsusa.com/collections/iphone-screens
repairpartsusa.com,USA,shop,iphone x,aftermarket-soft-oled,aftermarket,no,42.39,USD,https://repairpartsusa.com/collections/iphone-screens
repairpartsusa.com,USA,shop,iphone 12 mini,aftermarket-incell,aftermarket,no,38.39,USD,https://repairpartsusa.com/collections/iphone-screens
repairpartsusa.com,USA,shop,iphone 13 pro max,aftermarket-soft-oled,aftermarket,no,46.39,USD,https://repairpartsusa.com/collections/iphone-screens
ifixit.com,USA,shop,iphone 13,unknown,aftermarket,no,80.0,USD,https://www.ifixit.com/Parts/iPhone/Screens
ifixit.com,USA,shop,iphone 15 pro max,unknown,aftermarket,no,33.0,USD,https://www.ifixit.com/Parts/iPhone/Screens
ifixit.com,USA,shop,iphone 15 pro,unknown,aftermarket,no,40.0,USD,https://www.ifixit.com/Parts/iPhone/Screens
ifixit.com,USA,shop,iphone 14 pro max,unknown,aftermarket,no,88.0,USD,https://www.ifixit.com/Parts/iPhone/Screens
ifixit.com,USA,shop,iphone 15 pro max,unknown,aftermarket,no,26.0,USD,https://www.ifixit.com/Parts/iPhone/Screens
ifixit.com,USA,shop,iphone 15,unknown,aftermarket,no,261.0,USD,https://www.ifixit.com/Parts/iPhone/Screens
doctor-smartphone.com,Italy,shop,iphone xs,aftermarket-oled,aftermarket,no,119.0,EUR,https://www.doctor-smartphone.com/vendita-accessori-ricambi/
ifixit.com,USA,shop,iphone 16 pro max,unknown,aftermarket,no,3.0,USD,https://www.ifixit.com/Parts/iPhone/Screens
ifixit.com,USA,shop,iphone 16 pro,unknown,aftermarket,no,129.99,USD,https://www.ifixit.com/Parts/iPhone/Screens
ifixit.com,USA,shop,iphone 16 pro max,unknown,aftermarket,no,34.0,USD,https://www.ifixit.com/Parts/iPhone/Screens
ifixit.com,USA,shop,iphone 13 pro max,unknown,aftermarket,no,27.0,USD,https://www.ifixit.com/Parts/iPhone/Screens
ifixit.com,USA,shop,iphone 16 pro,unknown,aftermarket,no,249.0,USD,https://www.ifixit.com/Parts/iPhone/Screens
ifixit.com,USA,shop,iphone 13 mini,unknown,aftermarket,no,33.0,USD,https://www.ifixit.com/Parts/iPhone/Screens
ifixit.com,USA,shop,iphone 12 mini,unknown,aftermarket,no,25.0,USD,https://www.ifixit.com/Parts/iPhone/Screens
ifixit.com,USA,shop,iphone 12 mini,unknown,aftermarket,no,44.0,USD,https://www.ifixit.com/Parts/iPhone/Screens
ifixit.com,USA,shop,iphone 15 plus,unknown,aftermarket,no,4.0,USD,https://www.ifixit.com/Parts/iPhone/Screens
mdparts.com.au,Australia,shop,iphone 15 pro max,aftermarket-incell,aftermarket,no,39.5,AUD,https://mdparts.com.au/products/iphone-15-pro-max-120hz-prime-incell-screen-assembly
ifixit.com,USA,shop,iphone 11 pro,unknown,aftermarket,no,59.0,USD,https://www.ifixit.com/Parts/iPhone/Screens
mdparts.com.au,Australia,shop,iphone 15 pro max,aftermarket-incell,aftermarket,no,40.7,AUD,https://mdparts.com.au/products/iphone-15-pro-max-colorx-incell-screen-assembly
mdparts.com.au,Australia,shop,iphone 15 pro max,aftermarket-soft-oled,aftermarket,no,58.01,AUD,https://mdparts.com.au/products/120hz-iphone-15-pro-max-soft-oled-aftermarket-assembly
mdparts.com.au,Australia,shop,iphone 15 pro max,aftermarket-soft-oled,aftermarket,no,95.48,AUD,https://mdparts.com.au/products/120hz-iphone-15-pro-max-soft-oledaftermarket-assembly-self-configuration
mdparts.com.au,Australia,shop,iphone 15 pro max,aftermarket-incell,aftermarket,no,38.87,AUD,https://mdparts.com.au/products/iphone-15-pro-max-jk-incell-screen-assembly
mdparts.com.au,Australia,shop,iphone 15 pro max,aftermarket-soft-oled,aftermarket,no,63.88,AUD,https://mdparts.com.au/products/120hz-iphone-15-pro-max-prime-soft-oled-screen-assembly
mdparts.com.au,Australia,shop,iphone 15 pro max,refurb,A,no,328.9,AUD,https://mdparts.com.au/products/iphone-15-pro-max-refurbished-screen-assembly-blemished
mdparts.com.au,Australia,shop,iphone 15 pro max,original,A,no,588.5,AUD,https://mdparts.com.au/products/iphone-15-pro-max-service-pack-screen-assembly
mobiiliabi.ee,Estonia,shop,iphone 12 pro max,aftermarket-oled,aftermarket,YES,75.99,EUR,https://mobiiliabi.ee/toode/lcd-screen-for-iphone-12-pro-max-with-touch-screen-premium-oled-self-diagnosable/
mobiiliabi.ee,Estonia,shop,iphone 12 mini,aftermarket-incell,aftermarket,YES,43.99,EUR,https://mobiiliabi.ee/toode/lcd-screen-for-iphone-12-mini-with-touch-screen-incell-removable-ic/
mobiiliabi.ee,Estonia,shop,iphone 12 pro,aftermarket-oled,aftermarket,YES,47.99,EUR,https://mobiiliabi.ee/toode/lcd-screen-for-iphone-12-12-pro-with-touch-screen-oled-removable-ic/
el-telgsm.pl,Poland,shop,iphone 15 pro,aftermarket-lcd,aftermarket,no,169.989936,PLN,https://el-telgsm.pl/wyswietlacze-iphone/34092-wyswietlacz-lcd-iphone-15-pro-6-1-zy-ltps-ic-transferable-czarny.html
mobiiliabi.ee,Estonia,shop,iphone 13,aftermarket-oled,aftermarket,YES,69.99,EUR,https://mobiiliabi.ee/toode/lcd-screen-for-iphone-13-with-touch-screen-premium-oled-self-diagnosable/
mobiiliabi.ee,Estonia,shop,iphone 13,aftermarket-oled,aftermarket,YES,60.99,EUR,https://mobiiliabi.ee/toode/lcd-screen-for-iphone-13-with-touch-screen-premium-oled-removable-ic/
mobiiliabi.ee,Estonia,shop,iphone 13 pro,aftermarket-incell,aftermarket,YES,39.99,EUR,https://mobiiliabi.ee/toode/lcd-screen-for-iphone-13-pro-with-touch-screen-incell-120hz-removable-ic/
mobiiliabi.ee,Estonia,shop,iphone 13 pro,aftermarket-oled,aftermarket,YES,66.99,EUR,https://mobiiliabi.ee/toode/lcd-screen-for-iphone-13-pro-with-touch-screen-premium-oled-removable-ic/
phonexperts.ng,Nigeria,shop,iphone 13,unknown,aftermarket,YES,2300.0,NGN,https://phonexperts.ng/product/2-pcs-rear-camera-glass-lens-metal-outside-protector-hoop-ring-for-iphone-13blue/
mobiiliabi.ee,Estonia,shop,iphone 14,aftermarket-oled,aftermarket,YES,68.99,EUR,https://mobiiliabi.ee/toode/lcd-screen-for-iphone-14-with-touch-screen-premium-oled-self-diagnosable/
mobiiliabi.ee,Estonia,shop,iphone 13 pro,aftermarket-oled,aftermarket,YES,56.99,EUR,https://mobiiliabi.ee/toode/lcd-screen-for-iphone-13-pro-with-touch-screen-oled-removable-ic/
mobiiliabi.ee,Estonia,shop,iphone 14,aftermarket-oled,aftermarket,YES,58.99,EUR,https://mobiiliabi.ee/toode/lcd-screen-for-iphone-14-with-touch-screen-premium-oled-removable-ic-2/
phonexperts.ng,Nigeria,shop,iphone 13,unknown,aftermarket,YES,2100.0,NGN,https://phonexperts.ng/product/rear-camera-iron-sheet-cover-for-iphone-13/
phonexperts.ng,Nigeria,shop,iphone 13,unknown,aftermarket,YES,2400.0,NGN,https://phonexperts.ng/product/inner-repair-accessories-part-set-for-iphone-13/
discountcell.com,USA,shop,iphone 12 pro,unknown,aftermarket,no,79.99,USD,https://www.discountcell.com/
goodtech.co.nz,New Zealand,shop,iphone x,unknown,aftermarket,no,99.0,,https://www.goodtech.co.nz/collections/repairs
discountcell.com,USA,shop,iphone 16,unknown,aftermarket,no,71.99,USD,https://www.discountcell.com/
doctor-smartphone.com,Italy,shop,iphone xr,aftermarket-lcd,aftermarket,no,109.0,EUR,https://www.doctor-smartphone.com/vendita-accessori-ricambi/
discountcell.com,USA,shop,iphone 15,unknown,aftermarket,no,34.95,USD,https://www.discountcell.com/
discountcell.com,USA,shop,iphone 15,unknown,aftermarket,no,53.99,USD,https://www.discountcell.com/
discountcell.com,USA,shop,iphone 14,unknown,aftermarket,no,71.99,USD,https://www.discountcell.com/
discountcell.com,USA,shop,iphone 14,unknown,aftermarket,no,29.95,USD,https://www.discountcell.com/
discountcell.com,USA,shop,iphone 16,unknown,aftermarket,no,35.99,USD,https://www.discountcell.com/
discountcell.com,USA,shop,iphone 14,unknown,aftermarket,no,79.99,USD,https://www.discountcell.com/
discountcell.com,USA,shop,iphone 16,unknown,aftermarket,no,39.99,USD,https://www.discountcell.com/
discountcell.com,USA,shop,iphone 15,unknown,aftermarket,no,79.99,USD,https://www.discountcell.com/
repairsuniverse.com,USA,shop,iphone xs max,unknown,aftermarket,no,18.69,USD,https://www.repairsuniverse.com/collections/iphone-replacement-parts
mecimart.se,SE,shop,iphone 14,aftermarket-incell,aftermarket,no,699.0,,https://mecimart.se/mobilreservdelar-lcd-skarm-mobil/
mecimart.se,SE,shop,iphone 14,aftermarket-gx,aftermarket,no,2845.0,,https://mecimart.se/mobilreservdelar-lcd-skarm-mobil/
malmoteknik.se,SE,shop,iphone 14 pro,unknown,aftermarket,no,349.0,,https://malmoteknik.se/315-reservdelar-lcd-batterier-mm
malmoteknik.se,SE,shop,iphone xs,unknown,aftermarket,no,210.0,,https://malmoteknik.se/315-reservdelar-lcd-batterier-mm
mecimart.se,SE,shop,iphone 12,unknown,aftermarket,no,209.0,,https://mecimart.se/mobilreservdelar-lcd-skarm-mobil/
mecimart.se,SE,shop,iphone 14,aftermarket-incell,aftermarket,no,1190.0,,https://mecimart.se/mobilreservdelar-lcd-skarm-mobil/
mecimart.se,SE,shop,iphone 11,unknown,aftermarket,no,120.0,,https://mecimart.se/mobilreservdelar-lcd-skarm-mobil/
mecimart.se,SE,shop,iphone 13 pro,original,A,no,199.0,,https://mecimart.se/mobilreservdelar-lcd-skarm-mobil/
malmoteknik.se,SE,shop,iphone 12 mini,unknown,aftermarket,no,249.0,,https://malmoteknik.se/315-reservdelar-lcd-batterier-mm
malmoteknik.se,SE,shop,iphone 11 pro,unknown,aftermarket,no,209.0,,https://malmoteknik.se/315-reservdelar-lcd-batterier-mm
malmoteknik.se,SE,shop,iphone 12 pro max,unknown,aftermarket,no,299.0,,https://malmoteknik.se/315-reservdelar-lcd-batterier-mm
mecimart.se,SE,shop,iphone 13 pro,unknown,aftermarket,no,229.0,,https://mecimart.se/mobilreservdelar-lcd-skarm-mobil/
malmoteknik.se,SE,shop,iphone 11,unknown,aftermarket,no,249.0,,https://malmoteknik.se/315-reservdelar-lcd-batterier-mm
malmoteknik.se,SE,shop,iphone 14,unknown,aftermarket,no,299.0,,https://malmoteknik.se/315-reservdelar-lcd-batterier-mm
malmoteknik.se,SE,shop,iphone 13 mini,unknown,aftermarket,no,299.0,,https://malmoteknik.se/315-reservdelar-lcd-batterier-mm
malmoteknik.se,SE,shop,iphone 12,unknown,aftermarket,no,249.0,,https://malmoteknik.se/315-reservdelar-lcd-batterier-mm
fonefunshop.com,UK,shop,iphone 16 pro,aftermarket-soft-oled,aftermarket,no,217.95,GBP,https://www.fonefunshop.com/collections/iphone-screens
24hshop.dk,DK,shop,iphone 13,aftermarket-lcd,aftermarket,no,169.0,,https://www.24hshop.dk/mobiltilbehor/reservedele/iphone
24hshop.dk,DK,shop,iphone 12 pro,aftermarket-lcd,aftermarket,no,149.0,,https://www.24hshop.dk/mobiltilbehor/reservedele/iphone
incover.dk,DK,shop,iphone 14,unknown,aftermarket,no,199.0,,https://www.incover.dk/shop/iphone-reservedele-5484s1.html
24hshop.dk,DK,shop,iphone 11 pro max,aftermarket-lcd,aftermarket,no,149.0,,https://www.24hshop.dk/mobiltilbehor/reservedele/iphone
24hshop.dk,DK,shop,iphone 14,unknown,aftermarket,no,19.0,,https://www.24hshop.dk/mobiltilbehor/reservedele/iphone
24hshop.dk,DK,shop,iphone 12 pro max,aftermarket-lcd,aftermarket,no,199.0,,https://www.24hshop.dk/mobiltilbehor/reservedele/iphone
24hshop.dk,DK,shop,iphone 12,unknown,aftermarket,no,309.0,,https://www.24hshop.dk/mobiltilbehor/reservedele/iphone
24hshop.dk,DK,shop,iphone 12 mini,unknown,aftermarket,no,19.0,,https://www.24hshop.dk/mobiltilbehor/reservedele/iphone
24hshop.dk,DK,shop,iphone 12,unknown,aftermarket,no,19.0,,https://www.24hshop.dk/mobiltilbehor/reservedele/iphone
24hshop.dk,DK,shop,iphone 13,unknown,aftermarket,no,19.0,,https://www.24hshop.dk/mobiltilbehor/reservedele/iphone
24hshop.dk,DK,shop,iphone 15 plus,unknown,aftermarket,no,349.0,,https://www.24hshop.dk/mobiltilbehor/reservedele/iphone
24hshop.dk,DK,shop,iphone 11 pro,unknown,aftermarket,no,19.0,,https://www.24hshop.dk/mobiltilbehor/reservedele/iphone
24hshop.dk,DK,shop,iphone 14,unknown,aftermarket,no,499.0,,https://www.24hshop.dk/mobiltilbehor/reservedele/iphone
24hshop.dk,DK,shop,iphone 11 pro,unknown,aftermarket,no,529.0,,https://www.24hshop.dk/mobiltilbehor/reservedele/iphone
24hshop.dk,DK,shop,iphone 15 pro max,unknown,aftermarket,no,229.0,,https://www.24hshop.dk/mobiltilbehor/reservedele/iphone
24hshop.dk,DK,shop,iphone xs,unknown,aftermarket,no,329.0,,https://www.24hshop.dk/mobiltilbehor/reservedele/iphone
24hshop.dk,DK,shop,iphone xr,unknown,aftermarket,no,209.0,,https://www.24hshop.dk/mobiltilbehor/reservedele/iphone
24hshop.dk,DK,shop,iphone 15,unknown,aftermarket,no,219.0,,https://www.24hshop.dk/mobiltilbehor/reservedele/iphone
24hshop.dk,DK,shop,iphone x,unknown,aftermarket,no,139.0,,https://www.24hshop.dk/mobiltilbehor/reservedele/iphone
24hshop.dk,DK,shop,iphone 15 plus,unknown,aftermarket,no,219.0,,https://www.24hshop.dk/mobiltilbehor/reservedele/iphone
24hshop.dk,DK,shop,iphone 13 mini,unknown,aftermarket,no,79.0,,https://www.24hshop.dk/mobiltilbehor/reservedele/iphone
24hshop.dk,DK,shop,iphone 11 pro,unknown,aftermarket,no,49.0,,https://www.24hshop.dk/mobiltilbehor/reservedele/iphone
24hshop.dk,DK,shop,iphone 14,unknown,aftermarket,no,219.0,,https://www.24hshop.dk/mobiltilbehor/reservedele/iphone
24hshop.dk,DK,shop,iphone 12 mini,unknown,aftermarket,no,49.0,,https://www.24hshop.dk/mobiltilbehor/reservedele/iphone
24hshop.dk,DK,shop,iphone xr,aftermarket-lcd,aftermarket,no,169.0,,https://www.24hshop.dk/mobiltilbehor/reservedele/iphone
24hshop.dk,DK,shop,iphone 12 mini,aftermarket-lcd,aftermarket,no,269.0,,https://www.24hshop.dk/mobiltilbehor/reservedele/iphone
24hshop.dk,DK,shop,iphone 15 pro,unknown,aftermarket,no,599.0,,https://www.24hshop.dk/mobiltilbehor/reservedele/iphone
24hshop.dk,DK,shop,iphone xs,aftermarket-lcd,aftermarket,no,169.0,,https://www.24hshop.dk/mobiltilbehor/reservedele/iphone
24hshop.dk,DK,shop,iphone xs,unknown,aftermarket,no,79.0,,https://www.24hshop.dk/mobiltilbehor/reservedele/iphone
24hshop.dk,DK,shop,iphone 12,unknown,aftermarket,no,149.0,,https://www.24hshop.dk/mobiltilbehor/reservedele/iphone
24hshop.dk,DK,shop,iphone 13 mini,aftermarket-lcd,aftermarket,no,249.0,,https://www.24hshop.dk/mobiltilbehor/reservedele/iphone
24hshop.dk,DK,shop,iphone xr,unknown,aftermarket,no,49.0,,https://www.24hshop.dk/mobiltilbehor/reservedele/iphone
24hshop.dk,DK,shop,iphone 11 pro,unknown,aftermarket,no,99.0,,https://www.24hshop.dk/mobiltilbehor/reservedele/iphone
24hshop.dk,DK,shop,iphone x,unknown,aftermarket,no,49.0,,https://www.24hshop.dk/mobiltilbehor/reservedele/iphone
24hshop.dk,DK,shop,iphone 11 pro max,unknown,aftermarket,no,79.0,,https://www.24hshop.dk/mobiltilbehor/reservedele/iphone
24hshop.dk,DK,shop,iphone x,aftermarket-lcd,aftermarket,no,169.0,,https://www.24hshop.dk/mobiltilbehor/reservedele/iphone
24hshop.dk,DK,shop,iphone x,unknown,aftermarket,no,799.0,,https://www.24hshop.dk/mobiltilbehor/reservedele/iphone
24hshop.dk,DK,shop,iphone x,unknown,aftermarket,no,99.0,,https://www.24hshop.dk/mobiltilbehor/reservedele/iphone
24hshop.dk,DK,shop,iphone 12,unknown,aftermarket,no,79.0,,https://www.24hshop.dk/mobiltilbehor/reservedele/iphone
24hshop.dk,DK,shop,iphone 11 pro,aftermarket-lcd,aftermarket,no,199.0,,https://www.24hshop.dk/mobiltilbehor/reservedele/iphone
24hshop.dk,DK,shop,iphone xs max,unknown,aftermarket,no,79.0,,https://www.24hshop.dk/mobiltilbehor/reservedele/iphone
fonefunshop.com,UK,shop,iphone 14 plus,aftermarket-soft-oled,aftermarket,no,99.95,GBP,https://www.fonefunshop.com/collections/iphone-screens
irephone.com,NO,shop,iphone xs,aftermarket-oled,aftermarket,no,1999.0,,https://no.irephone.com/product-category/iphone/display-assembly/
irephone.com,NO,shop,iphone x,aftermarket-incell,aftermarket,no,999.0,,https://no.irephone.com/product-category/iphone/display-assembly/
witrigs.com,China,shop,iphone 11 pro max,unknown,aftermarket,no,8.95,USD,https://www.witrigs.com/iphone-parts
gsmoutlet.pl,PL,shop,iphone 12 pro,unknown,aftermarket,no,12.99,,https://gsmoutlet.pl/pl/c/Apple-iPhone/
fixje.be,Belgium,shop,iphone 15,unknown,aftermarket,no,400.0,EUR,https://fixje.be
recycletroop.com,Sweden,shop,iphone 13 pro max,unknown,aftermarket,YES,50.0,SEK,https://recycletroop.com/product/iphone-13-pro-max-double-sided-screen-adhesive/
recycletroop.com,Sweden,shop,iphone 13,unknown,aftermarket,YES,50.0,SEK,https://recycletroop.com/product/iphone-13-double-sided-screen-adhesive/
mobilesentrix.eu,Germany,shop,iphone 16 pro max,original,A,no,328.99,EUR,https://www.mobilesentrix.eu/replacement-parts/apple/iphone-parts/all-iphone-lcds
mobilesentrix.eu,Germany,shop,iphone 16e,original,A,no,110.19,EUR,https://www.mobilesentrix.eu/replacement-parts/apple/iphone-parts/all-iphone-lcds
iphonescreenwholesale.com,China,shop,iphone x,unknown,aftermarket,YES,11.21,USD,https://iphonescreenwholesale.com/product/iphone-x-oled-screen/
mobilesentrix.eu,Germany,shop,iphone 16 pro max,refurb,A,no,192.0,EUR,https://www.mobilesentrix.eu/replacement-parts/apple/iphone-parts/all-iphone-lcds
mobilesentrix.eu,Germany,shop,iphone 16 pro max,unknown,aftermarket,no,59.88,EUR,https://www.mobilesentrix.eu/replacement-parts/apple/iphone-parts/all-iphone-lcds
doctor-smartphone.com,Italy,shop,iphone xs max,original,A,no,199.0,EUR,https://www.doctor-smartphone.com/vendita-accessori-ricambi/
mobilesentrix.eu,Germany,shop,iphone 16 pro,unknown,aftermarket,no,49.7,EUR,https://www.mobilesentrix.eu/replacement-parts/apple/iphone-parts/all-iphone-lcds
mobilesentrix.eu,Germany,shop,iphone 16 pro,unknown,aftermarket,no,43.7,EUR,https://www.mobilesentrix.eu/replacement-parts/apple/iphone-parts/all-iphone-lcds
mobilesentrix.eu,Germany,shop,iphone 16 pro,original,A,no,251.6,EUR,https://www.mobilesentrix.eu/replacement-parts/apple/iphone-parts/all-iphone-lcds
mobilesentrix.eu,Germany,shop,iphone 16 pro,aftermarket-incell,aftermarket,no,21.6,EUR,https://www.mobilesentrix.eu/replacement-parts/apple/iphone-parts/all-iphone-lcds
mobilesentrix.eu,Germany,shop,iphone 16 pro,original,A,no,285.09,EUR,https://www.mobilesentrix.eu/replacement-parts/apple/iphone-parts/all-iphone-lcds
mobilesentrix.eu,Germany,shop,iphone 16 pro,original,A,no,271.15,EUR,https://www.mobilesentrix.eu/replacement-parts/apple/iphone-parts/all-iphone-lcds
mobilesentrix.eu,Germany,shop,iphone 16 plus,aftermarket-lcd,aftermarket,no,56.8,EUR,https://www.mobilesentrix.eu/replacement-parts/apple/iphone-parts/all-iphone-lcds
mobilesentrix.eu,Germany,shop,iphone 16 plus,aftermarket-oled,aftermarket,no,24.71,EUR,https://www.mobilesentrix.eu/replacement-parts/apple/iphone-parts/all-iphone-lcds
mobilesentrix.eu,Germany,shop,iphone 16 plus,refurb,A,no,82.85,EUR,https://www.mobilesentrix.eu/replacement-parts/apple/iphone-parts/all-iphone-lcds
mobilesentrix.eu,Germany,shop,iphone 16 plus,original,A,no,285.09,EUR,https://www.mobilesentrix.eu/replacement-parts/apple/iphone-parts/all-iphone-lcds
mobilesentrix.eu,Germany,shop,iphone 16 plus,original,A,no,271.15,EUR,https://www.mobilesentrix.eu/replacement-parts/apple/iphone-parts/all-iphone-lcds
mobilesentrix.eu,Germany,shop,iphone 16,aftermarket-oled,aftermarket,no,26.07,EUR,https://www.mobilesentrix.eu/replacement-parts/apple/iphone-parts/all-iphone-lcds
mobilesentrix.eu,Germany,shop,iphone 16,original,A,no,229.37,EUR,https://www.mobilesentrix.eu/replacement-parts/apple/iphone-parts/all-iphone-lcds
mobilesentrix.eu,Germany,shop,iphone 15 pro max,unknown,aftermarket,no,49.5,EUR,https://www.mobilesentrix.eu/replacement-parts/apple/iphone-parts/all-iphone-lcds
mobilesentrix.eu,Germany,shop,iphone 16,aftermarket-oled,aftermarket,no,29.63,EUR,https://www.mobilesentrix.eu/replacement-parts/apple/iphone-parts/all-iphone-lcds
mobilesentrix.eu,Germany,shop,iphone 16,original,A,no,241.19,EUR,https://www.mobilesentrix.eu/replacement-parts/apple/iphone-parts/all-iphone-lcds
mobilesentrix.eu,Germany,shop,iphone 15 pro max,refurb,A,no,144.93,EUR,https://www.mobilesentrix.eu/replacement-parts/apple/iphone-parts/all-iphone-lcds
mobilesentrix.eu,Germany,shop,iphone 15 pro max,aftermarket-incell,aftermarket,no,16.84,EUR,https://www.mobilesentrix.eu/replacement-parts/apple/iphone-parts/all-iphone-lcds
mobilesentrix.eu,Germany,shop,iphone 15 pro,aftermarket-incell,aftermarket,no,15.59,EUR,https://www.mobilesentrix.eu/replacement-parts/apple/iphone-parts/all-iphone-lcds
mobilesentrix.eu,Germany,shop,iphone 15 pro max,unknown,aftermarket,no,23.81,EUR,https://www.mobilesentrix.eu/replacement-parts/apple/iphone-parts/all-iphone-lcds
mobilesentrix.eu,Germany,shop,iphone 15 pro,refurb,A,no,144.9,EUR,https://www.mobilesentrix.eu/replacement-parts/apple/iphone-parts/all-iphone-lcds
mobilesentrix.eu,Germany,shop,iphone 15 pro,original,A,no,258.65,EUR,https://www.mobilesentrix.eu/replacement-parts/apple/iphone-parts/all-iphone-lcds
mobilko.sk,SK,shop,iphone 16 pro,aftermarket-incell,aftermarket,no,109.0,,https://www.mobilko.sk/displej-na-iphone/
mobilesentrix.eu,Germany,shop,iphone 15 pro max,original,A,no,298.54,EUR,https://www.mobilesentrix.eu/replacement-parts/apple/iphone-parts/all-iphone-lcds
mobilesentrix.eu,Germany,shop,iphone 15 pro,unknown,aftermarket,no,29.66,EUR,https://www.mobilesentrix.eu/replacement-parts/apple/iphone-parts/all-iphone-lcds
mobilesentrix.eu,Germany,shop,iphone 15 plus,aftermarket-lcd,aftermarket,no,32.09,EUR,https://www.mobilesentrix.eu/replacement-parts/apple/iphone-parts/all-iphone-lcds
mobilesentrix.eu,Germany,shop,iphone 15 pro,aftermarket-oled,aftermarket,no,24.84,EUR,https://www.mobilesentrix.eu/replacement-parts/apple/iphone-parts/all-iphone-lcds
mobilesentrix.eu,Germany,shop,iphone 15 pro,original,A,no,292.11,EUR,https://www.mobilesentrix.eu/replacement-parts/apple/iphone-parts/all-iphone-lcds
mobilesentrix.eu,Germany,shop,iphone 15 plus,refurb,A,no,90.78,EUR,https://www.mobilesentrix.eu/replacement-parts/apple/iphone-parts/all-iphone-lcds
mobilesentrix.eu,Germany,shop,iphone 15 plus,aftermarket-incell,aftermarket,no,15.2,EUR,https://www.mobilesentrix.eu/replacement-parts/apple/iphone-parts/all-iphone-lcds
mobilesentrix.eu,Germany,shop,iphone 15 plus,original,A,no,292.11,EUR,https://www.mobilesentrix.eu/replacement-parts/apple/iphone-parts/all-iphone-lcds
mobilesentrix.eu,Germany,shop,iphone 15,aftermarket-incell,aftermarket,no,13.23,EUR,https://www.mobilesentrix.eu/replacement-parts/apple/iphone-parts/all-iphone-lcds
mobilesentrix.eu,Germany,shop,iphone 15,aftermarket-oled,aftermarket,no,29.66,EUR,https://www.mobilesentrix.eu/replacement-parts/apple/iphone-parts/all-iphone-lcds
mobilesentrix.eu,Germany,shop,iphone 14 pro max,pulled,A,no,177.99,EUR,https://www.mobilesentrix.eu/replacement-parts/apple/iphone-parts/all-iphone-lcds
mobilesentrix.eu,Germany,shop,iphone 14 pro max,unknown,aftermarket,no,24.1,EUR,https://www.mobilesentrix.eu/replacement-parts/apple/iphone-parts/all-iphone-lcds
mobilesentrix.eu,Germany,shop,iphone 14 pro max,aftermarket-incell,aftermarket,no,20.93,EUR,https://www.mobilesentrix.eu/replacement-parts/apple/iphone-parts/all-iphone-lcds
mobilesentrix.eu,Germany,shop,iphone 15,original,A,no,218.77,EUR,https://www.mobilesentrix.eu/replacement-parts/apple/iphone-parts/all-iphone-lcds
mobilesentrix.eu,Germany,shop,iphone 14 pro max,unknown,aftermarket,no,30.42,EUR,https://www.mobilesentrix.eu/replacement-parts/apple/iphone-parts/all-iphone-lcds
mobilesentrix.eu,Germany,shop,iphone 14 pro max,unknown,aftermarket,no,73.47,EUR,https://www.mobilesentrix.eu/replacement-parts/apple/iphone-parts/all-iphone-lcds
mobilesentrix.eu,Germany,shop,iphone 14 pro max,refurb,A,no,107.66,EUR,https://www.mobilesentrix.eu/replacement-parts/apple/iphone-parts/all-iphone-lcds
mobilesentrix.eu,Germany,shop,iphone 14 pro max,aftermarket-incell,aftermarket,no,24.83,EUR,https://www.mobilesentrix.eu/replacement-parts/apple/iphone-parts/all-iphone-lcds
mobilesentrix.eu,Germany,shop,iphone 14 pro,unknown,aftermarket,no,30.95,EUR,https://www.mobilesentrix.eu/replacement-parts/apple/iphone-parts/all-iphone-lcds
mobilesentrix.eu,Germany,shop,iphone 14 pro,refurb,A,no,91.01,EUR,https://www.mobilesentrix.eu/replacement-parts/apple/iphone-parts/all-iphone-lcds
mobilesentrix.eu,Germany,shop,iphone 14 pro,unknown,aftermarket,no,29.21,EUR,https://www.mobilesentrix.eu/replacement-parts/apple/iphone-parts/all-iphone-lcds
mobilesentrix.eu,Germany,shop,iphone 14 pro,original,A,no,258.65,EUR,https://www.mobilesentrix.eu/replacement-parts/apple/iphone-parts/all-iphone-lcds
mobilesentrix.eu,Germany,shop,iphone 14 pro max,original,A,no,298.54,EUR,https://www.mobilesentrix.eu/replacement-parts/apple/iphone-parts/all-iphone-lcds
mobilesentrix.eu,Germany,shop,iphone 14 pro,unknown,aftermarket,no,25.96,EUR,https://www.mobilesentrix.eu/replacement-parts/apple/iphone-parts/all-iphone-lcds
mobilesentrix.eu,Germany,shop,iphone 14 pro,aftermarket-oled,aftermarket,no,57.85,EUR,https://www.mobilesentrix.eu/replacement-parts/apple/iphone-parts/all-iphone-lcds
mobilesentrix.eu,Germany,shop,iphone 14 pro,original,A,no,303.26,EUR,https://www.mobilesentrix.eu/replacement-parts/apple/iphone-parts/all-iphone-lcds
mobilesentrix.eu,Germany,shop,iphone 14 plus,aftermarket-lcd,aftermarket,no,24.03,EUR,https://www.mobilesentrix.eu/replacement-parts/apple/iphone-parts/all-iphone-lcds
mobilesentrix.eu,Germany,shop,iphone 14 plus,original,A,no,258.65,EUR,https://www.mobilesentrix.eu/replacement-parts/apple/iphone-parts/all-iphone-lcds
mobilesentrix.eu,Germany,shop,iphone 14,aftermarket-lcd,aftermarket,no,22.11,EUR,https://www.mobilesentrix.eu/replacement-parts/apple/iphone-parts/all-iphone-lcds
mobilesentrix.eu,Germany,shop,iphone 14 plus,original,A,no,303.26,EUR,https://www.mobilesentrix.eu/replacement-parts/apple/iphone-parts/all-iphone-lcds
mobilesentrix.eu,Germany,shop,iphone 14,refurb,A,no,47.14,EUR,https://www.mobilesentrix.eu/replacement-parts/apple/iphone-parts/all-iphone-lcds
mobilesentrix.eu,Germany,shop,iphone 14,aftermarket-oled,aftermarket,no,28.89,EUR,https://www.mobilesentrix.eu/replacement-parts/apple/iphone-parts/all-iphone-lcds
mobilesentrix.eu,Germany,shop,iphone 13 pro max,aftermarket-incell,aftermarket,no,12.86,EUR,https://www.mobilesentrix.eu/replacement-parts/apple/iphone-parts/all-iphone-lcds
mobilesentrix.eu,Germany,shop,iphone 14,original,A,no,218.77,EUR,https://www.mobilesentrix.eu/replacement-parts/apple/iphone-parts/all-iphone-lcds
mobilesentrix.eu,Germany,shop,iphone 14,original,A,no,256.6,EUR,https://www.mobilesentrix.eu/replacement-parts/apple/iphone-parts/all-iphone-lcds
mobilesentrix.eu,Germany,shop,iphone 13 pro max,original,A,no,303.26,EUR,https://www.mobilesentrix.eu/replacement-parts/apple/iphone-parts/all-iphone-lcds
mobilesentrix.eu,Germany,shop,iphone 13 pro max,unknown,aftermarket,no,28.86,EUR,https://www.mobilesentrix.eu/replacement-parts/apple/iphone-parts/all-iphone-lcds
mobilesentrix.eu,Germany,shop,iphone 13 pro max,refurb,A,no,77.42,EUR,https://www.mobilesentrix.eu/replacement-parts/apple/iphone-parts/all-iphone-lcds
mobilesentrix.eu,Germany,shop,iphone 13 pro,aftermarket-oled,aftermarket,no,29.49,EUR,https://www.mobilesentrix.eu/replacement-parts/apple/iphone-parts/all-iphone-lcds
mobilesentrix.eu,Germany,shop,iphone 13 pro,unknown,aftermarket,no,33.32,EUR,https://www.mobilesentrix.eu/replacement-parts/apple/iphone-parts/all-iphone-lcds
mobilesentrix.eu,Germany,shop,iphone 13 pro,aftermarket-incell,aftermarket,no,14.01,EUR,https://www.mobilesentrix.eu/replacement-parts/apple/iphone-parts/all-iphone-lcds
mobilesentrix.eu,Germany,shop,iphone 13 pro,aftermarket-incell,aftermarket,no,14.49,EUR,https://www.mobilesentrix.eu/replacement-parts/apple/iphone-parts/all-iphone-lcds
mobilesentrix.eu,Germany,shop,iphone 13 pro max,original,A,no,258.65,EUR,https://www.mobilesentrix.eu/replacement-parts/apple/iphone-parts/all-iphone-lcds
irepart.com,China,shop,iphone 14,aftermarket-incell,aftermarket,no,9.6,USD,https://irepart.com/collections/screen
mobilesentrix.eu,Germany,shop,iphone 13,refurb,A,no,43.27,EUR,https://www.mobilesentrix.eu/replacement-parts/apple/iphone-parts/all-iphone-lcds
mobilesentrix.eu,Germany,shop,iphone 13 pro,original,A,no,256.6,EUR,https://www.mobilesentrix.eu/replacement-parts/apple/iphone-parts/all-iphone-lcds
mobilesentrix.eu,Germany,shop,iphone 13,aftermarket-incell,aftermarket,no,12.43,EUR,https://www.mobilesentrix.eu/replacement-parts/apple/iphone-parts/all-iphone-lcds
mobilesentrix.eu,Germany,shop,iphone 13,original,A,no,218.77,EUR,https://www.mobilesentrix.eu/replacement-parts/apple/iphone-parts/all-iphone-lcds
mobilesentrix.eu,Germany,shop,iphone 13 mini,refurb,A,no,81.36,EUR,https://www.mobilesentrix.eu/replacement-parts/apple/iphone-parts/all-iphone-lcds
mobilesentrix.eu,Germany,shop,iphone 13,original,A,no,256.6,EUR,https://www.mobilesentrix.eu/replacement-parts/apple/iphone-parts/all-iphone-lcds
mobilesentrix.eu,Germany,shop,iphone 12 pro max,aftermarket-incell,aftermarket,no,15.53,EUR,https://www.mobilesentrix.eu/replacement-parts/apple/iphone-parts/all-iphone-lcds
mobilesentrix.eu,Germany,shop,iphone 13 mini,original,A,no,209.93,EUR,https://www.mobilesentrix.eu/replacement-parts/apple/iphone-parts/all-iphone-lcds
mobilesentrix.eu,Germany,shop,iphone 13 mini,aftermarket-incell,aftermarket,no,15.68,EUR,https://www.mobilesentrix.eu/replacement-parts/apple/iphone-parts/all-iphone-lcds
mobilesentrix.eu,Germany,shop,iphone 13 mini,original,A,no,178.88,EUR,https://www.mobilesentrix.eu/replacement-parts/apple/iphone-parts/all-iphone-lcds
mobilesentrix.eu,Germany,shop,iphone 12 pro max,aftermarket-lcd,aftermarket,no,13.41,EUR,https://www.mobilesentrix.eu/replacement-parts/apple/iphone-parts/all-iphone-lcds
mobilesentrix.eu,Germany,shop,iphone 12 pro max,original,A,no,258.65,EUR,https://www.mobilesentrix.eu/replacement-parts/apple/iphone-parts/all-iphone-lcds
mobilesentrix.eu,Germany,shop,iphone 12 pro max,aftermarket-lcd,aftermarket,no,26.02,EUR,https://www.mobilesentrix.eu/replacement-parts/apple/iphone-parts/all-iphone-lcds
mobilesentrix.eu,Germany,shop,iphone 12 pro max,unknown,aftermarket,no,20.64,EUR,https://www.mobilesentrix.eu/replacement-parts/apple/iphone-parts/all-iphone-lcds
mobilesentrix.eu,Germany,shop,iphone 12 pro max,refurb,A,no,87.51,EUR,https://www.mobilesentrix.eu/replacement-parts/apple/iphone-parts/all-iphone-lcds
mobilesentrix.eu,Germany,shop,iphone 12 pro max,original,A,no,303.26,EUR,https://www.mobilesentrix.eu/replacement-parts/apple/iphone-parts/all-iphone-lcds
mobilesentrix.eu,Germany,shop,iphone 12 pro,aftermarket-lcd,aftermarket,no,20.06,EUR,https://www.mobilesentrix.eu/replacement-parts/apple/iphone-parts/all-iphone-lcds
mobilesentrix.eu,Germany,shop,iphone 12,aftermarket-lcd,aftermarket,no,20.06,EUR,https://www.mobilesentrix.eu/replacement-parts/apple/iphone-parts/all-iphone-lcds
irepart.com,China,shop,iphone 14,aftermarket-incell,aftermarket,no,9.6,USD,https://irepart.com/products/iphone-14-lcd-screen-replacement-standard-incell?_pos=17&_sid=b2cfff5fe&_ss=r
mobilesentrix.eu,Germany,shop,iphone 12 pro,original,A,no,256.6,EUR,https://www.mobilesentrix.eu/replacement-parts/apple/iphone-parts/all-iphone-lcds
mobilesentrix.eu,Germany,shop,iphone 12,unknown,aftermarket,no,28.02,EUR,https://www.mobilesentrix.eu/replacement-parts/apple/iphone-parts/all-iphone-lcds
mobilesentrix.eu,Germany,shop,iphone 12 mini,original,A,no,178.88,EUR,https://www.mobilesentrix.eu/replacement-parts/apple/iphone-parts/all-iphone-lcds
mobilesentrix.eu,Germany,shop,iphone 11 pro max,refurb,A,no,53.63,EUR,https://www.mobilesentrix.eu/replacement-parts/apple/iphone-parts/all-iphone-lcds
mobilesentrix.eu,Germany,shop,iphone 12 mini,aftermarket-incell,aftermarket,no,18.94,EUR,https://www.mobilesentrix.eu/replacement-parts/apple/iphone-parts/all-iphone-lcds
mobilesentrix.eu,Germany,shop,iphone 11 pro max,aftermarket-incell,aftermarket,no,11.12,EUR,https://www.mobilesentrix.eu/replacement-parts/apple/iphone-parts/all-iphone-lcds
mobilesentrix.eu,Germany,shop,iphone 12 mini,aftermarket-incell,aftermarket,no,11.95,EUR,https://www.mobilesentrix.eu/replacement-parts/apple/iphone-parts/all-iphone-lcds
mobilesentrix.eu,Germany,shop,iphone 11,aftermarket-incell,aftermarket,no,9.37,EUR,https://www.mobilesentrix.eu/replacement-parts/apple/iphone-parts/all-iphone-lcds
mobilesentrix.eu,Germany,shop,iphone 11,aftermarket-incell,aftermarket,no,10.41,EUR,https://www.mobilesentrix.eu/replacement-parts/apple/iphone-parts/all-iphone-lcds
mobilesentrix.eu,Germany,shop,iphone 11 pro max,unknown,aftermarket,no,24.41,EUR,https://www.mobilesentrix.eu/replacement-parts/apple/iphone-parts/all-iphone-lcds
mobilesentrix.eu,Germany,shop,iphone 12,original,A,no,218.77,EUR,https://www.mobilesentrix.eu/replacement-parts/apple/iphone-parts/all-iphone-lcds
mobilesentrix.eu,Germany,shop,iphone 12 mini,refurb,A,no,44.5,EUR,https://www.mobilesentrix.eu/replacement-parts/apple/iphone-parts/all-iphone-lcds
mobilesentrix.eu,Germany,shop,iphone 12 mini,original,A,no,209.93,EUR,https://www.mobilesentrix.eu/replacement-parts/apple/iphone-parts/all-iphone-lcds
mobilesentrix.eu,Germany,shop,iphone 11 pro,aftermarket-incell,aftermarket,no,10.85,EUR,https://www.mobilesentrix.eu/replacement-parts/apple/iphone-parts/all-iphone-lcds
mobilesentrix.eu,Germany,shop,iphone 11 pro,refurb,A,no,41.79,EUR,https://www.mobilesentrix.eu/replacement-parts/apple/iphone-parts/all-iphone-lcds
mobilesentrix.eu,Germany,shop,iphone 11,aftermarket-incell,aftermarket,no,11.38,EUR,https://www.mobilesentrix.eu/replacement-parts/apple/iphone-parts/all-iphone-lcds
mobilesentrix.eu,Germany,shop,iphone xs max,aftermarket-oled,aftermarket,no,23.05,EUR,https://www.mobilesentrix.eu/replacement-parts/apple/iphone-parts/all-iphone-lcds
mobilesentrix.eu,Germany,shop,iphone xs,refurb,A,no,35.21,EUR,https://www.mobilesentrix.eu/replacement-parts/apple/iphone-parts/all-iphone-lcds
mobilesentrix.eu,Germany,shop,iphone xr,aftermarket-incell,aftermarket,no,11.55,EUR,https://www.mobilesentrix.eu/replacement-parts/apple/iphone-parts/all-iphone-lcds
mobilesentrix.eu,Germany,shop,iphone xr,refurb,A,no,12.9,EUR,https://www.mobilesentrix.eu/replacement-parts/apple/iphone-parts/all-iphone-lcds
mobilesentrix.eu,Germany,shop,iphone x,refurb,A,no,33.63,EUR,https://www.mobilesentrix.eu/replacement-parts/apple/iphone-parts/all-iphone-lcds
mobilesentrix.eu,Germany,shop,iphone xs,aftermarket-incell,aftermarket,no,9.65,EUR,https://www.mobilesentrix.eu/replacement-parts/apple/iphone-parts/all-iphone-lcds
mobilesentrix.eu,Germany,shop,iphone xr,aftermarket-incell,aftermarket,no,7.99,EUR,https://www.mobilesentrix.eu/replacement-parts/apple/iphone-parts/all-iphone-lcds
mobilesentrix.eu,Germany,shop,iphone x,aftermarket-oled,aftermarket,no,24.73,EUR,https://www.mobilesentrix.eu/replacement-parts/apple/iphone-parts/all-iphone-lcds
mobilesentrix.eu,Germany,shop,iphone 11,refurb,A,no,16.56,EUR,https://www.mobilesentrix.eu/replacement-parts/apple/iphone-parts/all-iphone-lcds
partsfixit.com,USA,shop,iphone 14 plus,unknown,aftermarket,no,48.68,USD,https://www.partsfixit.com/apple-spare-parts/iphone-repair-parts
partsfixit.com,USA,shop,iphone x,unknown,aftermarket,no,9.38,USD,https://www.partsfixit.com/apple-spare-parts/iphone-repair-parts
partsfixit.com,USA,shop,iphone 14 pro max,unknown,aftermarket,no,166.0,USD,https://www.partsfixit.com/apple-spare-parts/iphone-repair-parts
partsfixit.com,USA,shop,iphone 13 mini,unknown,aftermarket,no,33.98,USD,https://www.partsfixit.com/apple-spare-parts/iphone-repair-parts
partsfixit.com,USA,shop,iphone 13 pro max,unknown,aftermarket,no,28.0,USD,https://www.partsfixit.com/apple-spare-parts/iphone-repair-parts
partsfixit.com,USA,shop,iphone 14 pro,aftermarket-oled,aftermarket,no,315.0,USD,https://www.partsfixit.com/apple-spare-parts/iphone-repair-parts
partsfixit.com,USA,shop,iphone 13 pro,unknown,aftermarket,no,108.0,USD,https://www.partsfixit.com/apple-spare-parts/iphone-repair-parts
fhrparts.com,France,shop,iphone 14,unknown,aftermarket,no,152.5,EUR,https://fhrparts.com/apple/iphone-reservdelar/iphone-14/screens.html
partsfixit.com,USA,shop,iphone 15 plus,aftermarket-lcd,aftermarket,no,136.0,USD,https://www.partsfixit.com/apple-spare-parts/iphone-repair-parts
partsfixit.com,USA,shop,iphone 16 pro,aftermarket-oled,aftermarket,no,260.0,USD,https://www.partsfixit.com/apple-spare-parts/iphone-repair-parts
partsfixit.com,USA,shop,iphone 16,pulled,A,no,178.0,USD,https://www.partsfixit.com/apple-spare-parts/iphone-repair-parts
partsfixit.com,USA,shop,iphone 13,unknown,aftermarket,no,57.59,USD,https://www.partsfixit.com/apple-spare-parts/iphone-repair-parts
partsfixit.com,USA,shop,iphone 15 pro max,aftermarket-lcd,aftermarket,no,443.0,USD,https://www.partsfixit.com/apple-spare-parts/iphone-repair-parts
irepart.com,China,shop,iphone 14 pro max,unknown,aftermarket,no,49.61,USD,https://irepart.com/collections/screen
irepart.com,China,shop,iphone 16 pro max,aftermarket-incell,aftermarket,no,32.0,USD,https://irepart.com/collections/screen
preciosadictos.com,Spain,shop,iphone 13,unknown,aftermarket,no,41.129999999999995,EUR,https://www.preciosadictos.com/pantalla-para-iphone-13-bf8-p-36571.html
irepart.com,China,shop,iphone 16,aftermarket-soft-oled,aftermarket,no,63.66,USD,https://irepart.com/collections/screen
partsfixit.com,USA,shop,iphone xr,aftermarket-lcd,aftermarket,no,9.66,USD,https://www.partsfixit.com/apple-spare-parts/iphone-repair-parts
irepart.com,China,shop,iphone 16 plus,aftermarket-soft-oled,aftermarket,no,63.66,USD,https://irepart.com/collections/screen
irepart.com,China,shop,iphone 15 pro max,unknown,aftermarket,no,49.61,USD,https://irepart.com/collections/screen
irepart.com,China,shop,iphone 16 pro max,aftermarket-hard-oled,aftermarket,no,34.2,USD,https://irepart.com/collections/screen
irepart.com,China,shop,iphone 14 plus,aftermarket-soft-oled,aftermarket,no,35.66,USD,https://irepart.com/collections/screen
irepart.com,China,shop,iphone 16,aftermarket-hard-oled,aftermarket,no,34.2,USD,https://irepart.com/collections/screen
partsfixit.com,USA,shop,iphone 14,unknown,aftermarket,no,18.88,USD,https://www.partsfixit.com/apple-spare-parts/iphone-repair-parts
irepart.com,China,shop,iphone 16 pro,aftermarket-hard-oled,aftermarket,no,34.2,USD,https://irepart.com/collections/screen
irepart.com,China,shop,iphone 16 plus,aftermarket-hard-oled,aftermarket,no,34.2,USD,https://irepart.com/collections/screen
irepart.com,China,shop,iphone 15 pro max,aftermarket-hard-oled,aftermarket,no,34.2,USD,https://irepart.com/collections/screen
irepart.com,China,shop,iphone 12 pro,aftermarket-incell,aftermarket,no,8.0,USD,https://irepart.com/collections/screen
irepart.com,China,shop,iphone 12 pro max,aftermarket-incell,aftermarket,no,9.0,USD,https://irepart.com/collections/screen
handydisplay24.de,DE,shop,iphone 11 pro,unknown,aftermarket,no,34.9,,https://www.handydisplay24.de/apple-iphone
pulledparts.co.uk,UK,shop,iphone xs max,refurb,A,no,90.0,GBP,https://pulledparts.co.uk/product-category/iphone-parts
pulledparts.co.uk,UK,shop,iphone xs,refurb,A,no,80.0,GBP,https://pulledparts.co.uk/product-category/iphone-parts
pulledparts.co.uk,UK,shop,iphone x,refurb,A,no,80.0,GBP,https://pulledparts.co.uk/product-category/iphone-parts
pulledparts.co.uk,UK,shop,iphone x,refurb,A,no,50.0,GBP,https://pulledparts.co.uk/product-category/iphone-parts
pulledparts.co.uk,UK,shop,iphone 11 pro,refurb,A,no,60.0,GBP,https://pulledparts.co.uk/product-category/iphone-parts
pulledparts.co.uk,UK,shop,iphone xs,refurb,A,no,50.0,GBP,https://pulledparts.co.uk/product-category/iphone-parts
mobilexperten.se,SE,shop,iphone 11,refurb,A,no,129.0,SEK,https://www.mobilexperten.se/produkt/iphone-11-64gb-svart-renoverad-flex/
4repair.pl,Poland,shop,iphone 15 pro,aftermarket-soft-oled,aftermarket,no,682.49,PLN,https://4repair.pl/zamiennik-apl-wyswietlacz-soft-oled-apple-iphone-15-pro-run-diagnostic-bez-komunikatu-p-2676.html
4repair.pl,Poland,shop,iphone 16 plus,aftermarket-soft-oled,aftermarket,no,577.49,PLN,https://4repair.pl/zamiennik-apl-wyswietlacz-soft-oled-apple-iphone-16-plus-run-diagnostic-bez-komunikatu-p-2674.html
recycletroop.com,Sweden,shop,iphone 12 mini,unknown,aftermarket,YES,50.0,SEK,https://recycletroop.com/product/iphone-12-mini-double-sided-screen-adhesive/
twhouse.co.uk,UK,shop,iphone 15 pro max,unknown,aftermarket,no,1.22,GBP,https://www.twhouse.co.uk/ven-dens-privacy-tempered-glass-for-iphone-15-pro-max
twhouse.co.uk,UK,shop,iphone xs max,unknown,aftermarket,no,0.05,GBP,https://www.twhouse.co.uk/zuzu-tempered-glass-for-iphone-xs-max-11-pro-max
twhouse.co.uk,UK,shop,iphone x,unknown,aftermarket,no,0.05,GBP,https://www.twhouse.co.uk/zuzu-tempered-glass-for-iphone-x-xs-11-pro
twhouse.co.uk,UK,shop,iphone 12 pro,unknown,aftermarket,no,0.3,GBP,https://www.twhouse.co.uk/5d-full-glue-tempered-glass-screen-protector-for-iphone-12-12-pro-6-1
4repair.pl,Poland,shop,iphone 16 plus,aftermarket-soft-oled,aftermarket,no,692.99,PLN,https://4repair.pl/zamiennik-fixcell-wyswietlacz-soft-oled-apple-iphone-16-plus-bez-komunikatu-120hz-p-2713.html
4repair.pl,Poland,shop,iphone 15,aftermarket-soft-oled,aftermarket,no,629.99,PLN,https://4repair.pl/zamiennik-apl-wyswietlacz-soft-oled-apple-iphone-15-run-diagnostic-bez-komunikatu-p-2678.html
twhouse.co.uk,UK,shop,iphone 15 pro,unknown,aftermarket,no,1.22,GBP,https://www.twhouse.co.uk/ven-dens-privacy-tempered-glass-for-iphone-15-pro
twhouse.co.uk,UK,shop,iphone 13 pro,unknown,aftermarket,no,1.22,GBP,https://www.twhouse.co.uk/ven-dens-privacy-tempered-glass-for-iphone-13-iphone-13-pro
twhouse.co.uk,UK,shop,iphone 14 plus,unknown,aftermarket,no,0.3,GBP,https://www.twhouse.co.uk/gs-21d-9h-full-cover-tempered-glass-for-iphone-14-plus-black
twhouse.co.uk,UK,shop,iphone 15,unknown,aftermarket,no,0.34,GBP,https://www.twhouse.co.uk/ven-dens-0-26-big-curved-edge-tempered-glass-for-iphone-15-15-pro-16
twhouse.co.uk,UK,shop,iphone x,unknown,aftermarket,no,0.2,GBP,https://www.twhouse.co.uk/privacy-tempered-glass-for-iphone-x
twhouse.co.uk,UK,shop,iphone 14 pro,unknown,aftermarket,no,0.15,GBP,https://www.twhouse.co.uk/tempered-glass-screen-protectors/iphone-screen-protectors/zuzu-tempered-glass-for-iphone-14-pro-6-1
twhouse.co.uk,UK,shop,iphone 13 pro,unknown,aftermarket,no,0.2,GBP,https://www.twhouse.co.uk/tempered-glass-screen-protectors/iphone-screen-protectors/tempered-glass-for-iphone-13-13-pro-6-1
twhouse.co.uk,UK,shop,iphone 14 plus,unknown,aftermarket,no,0.15,GBP,https://www.twhouse.co.uk/tempered-glass-screen-protectors/iphone-screen-protectors/tempered-glass-for-iphone-14-plus-6-7
twhouse.co.uk,UK,shop,iphone 13 pro max,unknown,aftermarket,no,0.15,GBP,https://www.twhouse.co.uk/tempered-glass-screen-protectors/iphone-screen-protectors/tempered-glass-for-iphone-13-pro-max-6-7
twhouse.co.uk,UK,shop,iphone 12 pro max,unknown,aftermarket,no,0.15,GBP,https://www.twhouse.co.uk/tempered-glass-screen-protectors/iphone-screen-protectors/tempered-glass-for-iphone-12-pro-max-6-7
twhouse.co.uk,UK,shop,iphone 12 mini,unknown,aftermarket,no,0.05,GBP,https://www.twhouse.co.uk/tempered-glass-screen-protectors/iphone-screen-protectors/21d-10h-full-cover-tempered-glass-screen-protector-for-iphone-12-mini-5-4
twhouse.co.uk,UK,shop,iphone 12 pro max,unknown,aftermarket,no,0.3,GBP,https://www.twhouse.co.uk/tempered-glass-screen-protectors/iphone-screen-protectors/gs-tempered-glass-screen-protector-for-iphone-12-pro-max
twhouse.co.uk,UK,shop,iphone 12 pro max,unknown,aftermarket,no,0.5,GBP,https://www.twhouse.co.uk/tempered-glass-screen-protectors/iphone-screen-protectors/tempered-glass-screen-protector-for-iphone-12-pro-max-6-7-10-pack
twhouse.co.uk,UK,shop,iphone 11 pro,unknown,aftermarket,no,0.05,GBP,https://www.twhouse.co.uk/tempered-glass-screen-protectors/iphone-screen-protectors/zuzu-tempered-glass-for-iphone-x-xs-11-pro
twhouse.co.uk,UK,shop,iphone 11 pro max,unknown,aftermarket,no,0.05,GBP,https://www.twhouse.co.uk/tempered-glass-screen-protectors/iphone-screen-protectors/zuzu-tempered-glass-for-iphone-xs-max-11-pro-max
twhouse.co.uk,UK,shop,iphone 15 plus,unknown,aftermarket,no,0.4,GBP,https://www.twhouse.co.uk/tempered-glass-screen-protectors/iphone-screen-protectors/gs-21d-9h-full-cover-tempered-glass-for-iphone-15-plus-black
twhouse.co.uk,UK,shop,iphone 13,unknown,aftermarket,no,0.32,GBP,https://www.twhouse.co.uk/camera-lens-glass-screen-protector-for-iphone-13
twhouse.co.uk,UK,shop,iphone xs max,unknown,aftermarket,no,1.19,GBP,https://www.twhouse.co.uk/tempered-glass-screen-protectors/iphone-screen-protectors/tempered-glass-screen-protector-black-for-iphone-xs-max-10-pack
twhouse.co.uk,UK,shop,iphone 14 plus,unknown,aftermarket,no,0.21,GBP,https://www.twhouse.co.uk/camera-lens-glass-screen-protector-for-iphone-14-plus-6-7
twhouse.co.uk,UK,shop,iphone 14,unknown,aftermarket,no,0.2,GBP,https://www.twhouse.co.uk/tempered-glass-screen-protectors/iphone-screen-protectors/tempered-glass-for-iphone-14-6-1
recycletroop.com,Sweden,shop,iphone 11 pro,unknown,aftermarket,YES,50.0,SEK,https://recycletroop.com/product/iphone-11-pro-double-sided-screen-adhesive/
twhouse.co.uk,UK,shop,iphone 15 pro max,aftermarket-lcd,aftermarket,no,50.0,GBP,https://www.twhouse.co.uk/ven-dens-replacement-lcd-platinum-series-for-iphone-15-pro-max
twhouse.co.uk,UK,shop,iphone x,aftermarket-lcd,aftermarket,no,13.75,GBP,https://www.twhouse.co.uk/ven-dens-replacement-lcd-platinum-series-for-iphone-x
twhouse.co.uk,UK,shop,iphone 15,aftermarket-lcd,aftermarket,no,30.0,GBP,https://www.twhouse.co.uk/ven-dens-replacement-lcd-platinum-series-for-iphone-15
twhouse.co.uk,UK,shop,iphone 16 plus,aftermarket-lcd,aftermarket,no,60.0,GBP,https://www.twhouse.co.uk/ven-dens-replacement-lcd-platinum-series-for-iphone-16-plus
twhouse.co.uk,UK,shop,iphone 14 pro,unknown,aftermarket,no,0.32,GBP,https://www.twhouse.co.uk/tempered-glass-screen-protectors/camera-lens-protector-for-iphone/camera-lens-glass-screen-protector-for-iphone-14-pro-6-1
twhouse.co.uk,UK,shop,iphone 14 pro max,aftermarket-oled,aftermarket,no,131.25,GBP,https://www.twhouse.co.uk/ven-dens-replacement-lcd-oled-series-for-iphone-14-pro-max
twhouse.co.uk,UK,shop,iphone 15 pro max,aftermarket-lcd,aftermarket,no,36.25,GBP,https://www.twhouse.co.uk/ven-dens-replacement-lcd-gold-series-for-iphone-15-pro-max
twhouse.co.uk,UK,shop,iphone 12 pro max,aftermarket-lcd,aftermarket,no,16.88,GBP,https://www.twhouse.co.uk/ven-dens-replacement-lcd-gold-series-for-iphone-12-pro-max
twhouse.co.uk,UK,shop,iphone 15 plus,aftermarket-lcd,aftermarket,no,32.5,GBP,https://www.twhouse.co.uk/ven-dens-replacement-lcd-platinum-series-for-iphone-15-plus
twhouse.co.uk,UK,shop,iphone 13,aftermarket-lcd,aftermarket,no,26.0,GBP,https://www.twhouse.co.uk/iphone-5-replacement-lcd-and-digitizers-white
twhouse.co.uk,UK,shop,iphone 14 pro,aftermarket-lcd,aftermarket,no,37.5,GBP,https://www.twhouse.co.uk/ven-dens-replacement-lcd-platinum-series-for-iphone-14-pro
twhouse.co.uk,UK,shop,iphone 11 pro,aftermarket-lcd,aftermarket,no,16.25,GBP,https://www.twhouse.co.uk/ven-dens-replacement-lcd-platinum-series-for-iphone-11-pro
twhouse.co.uk,UK,shop,iphone 11 pro max,aftermarket-lcd,aftermarket,no,17.5,GBP,https://www.twhouse.co.uk/ven-dens-replacement-lcd-platinum-series-for-iphone-11-pro-max
24hshop.fr,France,shop,iphone 11,aftermarket-incell,aftermarket,no,35.98,EUR,https://24hshop.fr/hdr-premium-verre-tactile-iphone-11-pro-itrucolor-incell-qualite-lcd-smartphone-touch-reparation-ecran-hd-super-retina-58-inch-2197.html
24hshop.fr,France,shop,iphone xs,aftermarket-incell,aftermarket,no,39.5,EUR,https://24hshop.fr/verre-tactile-iphone-xs-max-incell-qualite-ecran-complet-premium-reparation-smartphone-affichage-true-tone-lcd-super-retina-65-2549.html
iparts-4u.co.uk,UK,shop,iphone 11 pro,aftermarket-soft-oled,aftermarket,YES,41.99,GBP,https://www.iparts-4u.co.uk/iphone-11-pro-soft-oled-screen-assembly-clearance-30-day-warranty
24hshop.fr,France,shop,iphone xs,original,A,no,65.98,EUR,https://24hshop.fr/ecran-soft-oled-apple-iphone-a1921-xs-max-original-super-retina-65-pouces-vitre-smartphone-affichage-true-tone-3d-hd-2894.html
24hshop.fr,France,shop,iphone xs,aftermarket-incell,aftermarket,no,29.5,EUR,https://24hshop.fr/verre-multi-touch-incell-iphone-xs-a2099-apple-lcd-premium-smartphone-touch-remplacement-ecran-cristaux-liquides-itrucolor-2144.html
ifixshop.fr,France,shop,iphone 11,refurb,A,no,44.9,EUR,https://www.ifixshop.fr/
iparts-4u.co.uk,UK,shop,iphone 11 pro max,refurb,A,YES,83.95,GBP,https://www.iparts-4u.co.uk/for-iphone-11-pro-max-oled-screen-assembly-refurbished
iparts-4u.co.uk,UK,shop,iphone 13 pro max,refurb,A,YES,131.99,GBP,https://www.iparts-4u.co.uk/for-iphone-13-pro-max-screen-assembly-refurbished
iparts-4u.co.uk,UK,shop,iphone 16 pro,refurb,A,YES,239.99,GBP,https://www.iparts-4u.co.uk/for-iphone-16-pro-screen-assembly-refurbished
iparts-4u.co.uk,UK,shop,iphone 16 pro max,refurb,A,YES,359.95,GBP,https://www.iparts-4u.co.uk/for-iphone-16-pro-max-screen-assembly-refurbished
iparts-4u.co.uk,UK,shop,iphone 12 pro max,refurb,A,YES,131.95,GBP,https://www.iparts-4u.co.uk/for-iphone-12-pro-max-screen-assembly-oled-refurbished
iparts-4u.co.uk,UK,shop,iphone 14 plus,original,A,YES,239.99,GBP,https://www.iparts-4u.co.uk/genuine-iphone-14-plus-screen-assembly-original-service-pack-ll661-30390
iparts-4u.co.uk,UK,shop,iphone 14 pro,refurb,A,YES,155.99,GBP,https://www.iparts-4u.co.uk/for-iphone-14-pro-screen-assembly-refurbished
iparts-4u.co.uk,UK,shop,iphone 16 plus,original,A,YES,311.99,GBP,https://www.iparts-4u.co.uk/genuine-iphone-16-plus-screen-assembly-original-service-pack-ll661-42843
iparts-4u.co.uk,UK,shop,iphone 13 pro,refurb,A,YES,107.99,GBP,https://www.iparts-4u.co.uk/for-iphone-13-pro-oled-screen-assembly-refurbished
iparts-4u.co.uk,UK,shop,iphone 14,refurb,A,YES,83.95,GBP,https://www.iparts-4u.co.uk/for-iphone-14-screen-assembly-refurbished
iparts-4u.co.uk,UK,shop,iphone xs,aftermarket-soft-oled,aftermarket,YES,35.99,GBP,https://www.iparts-4u.co.uk/iphone-xs-soft-oled-screen-assembly-clearance-30-day-warranty
iparts-4u.co.uk,UK,shop,iphone 16,refurb,A,YES,143.99,GBP,https://www.iparts-4u.co.uk/for-iphone-16-screen-assembly-refurbished
iparts-4u.co.uk,UK,shop,iphone 15 pro,refurb,A,YES,179.99,GBP,https://www.iparts-4u.co.uk/for-iphone-15-pro-screen-assembly-refurbished
iparts-4u.co.uk,UK,shop,iphone 16,refurb,A,YES,167.99,GBP,https://www.iparts-4u.co.uk/for-iphone-16-screen-assembly-with-paired-sensor-flex-refurbished
iparts-4u.co.uk,UK,shop,iphone 11 pro,refurb,A,YES,59.95,GBP,https://www.iparts-4u.co.uk/for-iphone-11-pro-screen-assembly-oled-refubished
ifixshop.fr,France,shop,iphone 11,refurb,A,no,49.99,EUR,https://www.ifixshop.fr/
iparts-4u.co.uk,UK,shop,iphone 12 mini,refurb,A,YES,59.99,GBP,https://www.iparts-4u.co.uk/for-iphone-12-mini-screen-assembly-oled-refurbished
iparts-4u.eu,Ireland,shop,iphone 11 pro,unknown,aftermarket,no,5.99,EUR,https://www.iparts-4u.eu/for-iphone-11-pro-display-screen-adhesive-purple-10-pack?search=iPhone%20Display%20Screen%20Adhesive&description=true
iparts-4u.eu,Ireland,shop,iphone 11,unknown,aftermarket,no,5.99,EUR,https://www.iparts-4u.eu/for-iphone-11-display-screen-adhesive-purple-10-pack?search=iPhone%20Display%20Screen%20Adhesive&description=true
iparts-4u.eu,Ireland,shop,iphone 12 pro max,unknown,aftermarket,no,5.99,EUR,https://www.iparts-4u.eu/for-iphone-12-pro-max-display-screen-adhesive-purple-10-pack?search=iPhone%20Display%20Screen%20Adhesive&description=true
iparts-4u.co.uk,UK,shop,iphone 13 mini,refurb,A,YES,95.95,GBP,https://www.iparts-4u.co.uk/for-iphone-13-mini-lcd-screen-assembly-refurbished
iparts-4u.eu,Ireland,shop,iphone 12 mini,unknown,aftermarket,no,5.99,EUR,https://www.iparts-4u.eu/for-iphone-12-mini-display-screen-adhesive-purple-10-pack?search=iPhone%20Display%20Screen%20Adhesive&description=true
iparts-4u.eu,Ireland,shop,iphone 12 pro,unknown,aftermarket,no,5.99,EUR,https://www.iparts-4u.eu/for-iphone-12-12-pro-display-screen-adhesive-purple-10-pack?search=iPhone%20Display%20Screen%20Adhesive&description=true
iparts-4u.eu,Ireland,shop,iphone 13,unknown,aftermarket,no,5.99,EUR,https://www.iparts-4u.eu/for-iphone-13-display-screen-adhesive-clear-10-pack?search=iPhone%20Display%20Screen%20Adhesive&description=true
iparts-4u.eu,Ireland,shop,iphone 13 pro,unknown,aftermarket,no,5.99,EUR,https://www.iparts-4u.eu/for-iphone-13-pro-display-screen-adhesive-clear-10-pack?search=iPhone%20Display%20Screen%20Adhesive&description=true
iparts-4u.eu,Ireland,shop,iphone 14 pro,unknown,aftermarket,no,5.99,EUR,https://www.iparts-4u.eu/for-iphone-14-pro-display-screen-adhesive-10-pack?search=iPhone%20Display%20Screen%20Adhesive&description=true
iparts-4u.eu,Ireland,shop,iphone 14 plus,unknown,aftermarket,no,5.99,EUR,https://www.iparts-4u.eu/for-iphone-14-plus-display-screen-adhesive-clear-10-pack?search=iPhone%20Display%20Screen%20Adhesive&description=true
iparts-4u.eu,Ireland,shop,iphone 15 plus,unknown,aftermarket,no,5.99,EUR,https://www.iparts-4u.eu/for-iphone-15-plus-display-screen-adhesive-clear-10-pack?search=iPhone%20Display%20Screen%20Adhesive&description=true
iparts-4u.eu,Ireland,shop,iphone 15 pro,unknown,aftermarket,no,5.99,EUR,https://www.iparts-4u.eu/for-iphone-15-pro-display-screen-adhesive-10-pack?search=iPhone%20Display%20Screen%20Adhesive&description=true
iparts-4u.eu,Ireland,shop,iphone 15,unknown,aftermarket,no,5.99,EUR,https://www.iparts-4u.eu/for-iphone-15-display-screen-adhesive-clear-10-pack?search=iPhone%20Display%20Screen%20Adhesive&description=true
ifixshop.fr,France,shop,iphone 14 pro max,aftermarket-hard-oled,aftermarket,no,59.9,EUR,https://www.ifixshop.fr/
ishine-trade.com,UK,shop,iphone 16 pro max,aftermarket-hard-oled,aftermarket,no,138.37,GBP,https://ishine-trade.com/product/hard-oled-iphone-16-pro-max-display-and-touch-screen-digitizer-assembly/
ishine-trade.com,UK,shop,iphone 11,aftermarket-incell,aftermarket,no,11.52,GBP,https://ishine-trade.com/product/jk-incell-apple-iphone-11-lcd-module-display-and-touch-screen-digitizer-assembly/
ishine-trade.com,UK,shop,iphone 13,aftermarket-incell,aftermarket,no,16.13,GBP,https://ishine-trade.com/product/jk-fhd-incell-iphone-13-lcd-module-display-and-touch-screen-digitizer-assembly/
ishine-trade.com,UK,shop,iphone 16 pro max,aftermarket-soft-oled,aftermarket,no,57.64,GBP,https://ishine-trade.com/product/soft-oled-iphone-16-pro-max-display-and-touch-screen-digitizer-assembly/
ishine-trade.com,UK,shop,iphone 13 mini,aftermarket-incell,aftermarket,no,23.05,GBP,https://ishine-trade.com/product/jk-fhd-incell-iphone-13-mini-lcd-module-display-and-touch-screen-digitizer-assembly/
fhrparts.com,France,shop,iphone 16 pro,unknown,aftermarket,no,265.5,EUR,https://fhrparts.com/apple/iphone-reservdelar/iphone-16-pro/iphone-16-pro-screens.html
fhrparts.com,France,shop,iphone 15,unknown,aftermarket,no,229.5,EUR,https://fhrparts.com/apple/iphone-reservdelar/iphone-15/iphone-15-screens.html
fhrparts.com,France,shop,iphone 15 pro,unknown,aftermarket,no,298.4,EUR,https://fhrparts.com/apple/iphone-reservdelar/iphone-15-pro/iphone-15-pro-screens.html
fhrparts.com,France,shop,iphone 15 plus,unknown,aftermarket,no,184.9,EUR,https://fhrparts.com/apple/iphone-reservdelar/iphone-15-plus/iphone-15-plus-screens.html
fhrparts.com,France,shop,iphone 14 pro max,unknown,aftermarket,no,392.0,EUR,https://fhrparts.com/apple/iphone-reservdelar/iphone-14-pro-max/screens.html
fhrparts.com,France,shop,iphone 14 plus,unknown,aftermarket,no,200.4,EUR,https://fhrparts.com/apple/iphone-reservdelar/iphone-14-plus/screens.html
fhrparts.com,France,shop,iphone 16 plus,unknown,aftermarket,no,265.5,EUR,https://fhrparts.com/apple/iphone-reservdelar/iphone-16-plus/iphone-16-plus-screens.html
ishine-trade.com,UK,shop,iphone 13 pro,aftermarket-incell,aftermarket,no,17.28,GBP,https://ishine-trade.com/product/jk-fhd-incell-iphone-13-pro-lcd-module-display-and-touch-screen-digitizer-assembly/
fhrparts.com,France,shop,iphone 15 pro max,unknown,aftermarket,no,369.6,EUR,https://fhrparts.com/apple/iphone-reservdelar/iphone-15-pro/iphone-15-pro-max-screens.html
fhrparts.com,France,shop,iphone 16 pro max,unknown,aftermarket,no,347.5,EUR,https://fhrparts.com/apple/iphone-reservdelar/iphone-16-pro-max/iphone-16-pro-max-screens.html
fhrparts.com,France,shop,iphone 12 pro max,unknown,aftermarket,no,224.7,EUR,https://fhrparts.com/apple/iphone-reservdelar/iphone-12-pro-max/iphone-12-pro-max-screens.html
fhrparts.com,France,shop,iphone 13,unknown,aftermarket,no,128.6,EUR,https://fhrparts.com/apple/iphone-reservdelar/iphone-13/iphone-13-skarmar.html
ifixshop.fr,France,shop,iphone 12,refurb,A,no,79.9,EUR,https://www.ifixshop.fr/
fhrparts.com,France,shop,iphone 12,unknown,aftermarket,no,92.8,EUR,https://fhrparts.com/apple/iphone-reservdelar/iphone-12/iphone-12-screens.html
fhrparts.com,France,shop,iphone 12 pro,unknown,aftermarket,no,92.8,EUR,https://fhrparts.com/apple/iphone-reservdelar/iphone-12-pro/iphone-12-pro-screens.html
fhrparts.com,France,shop,iphone 12 mini,unknown,aftermarket,no,118.4,EUR,https://fhrparts.com/apple/iphone-reservdelar/iphone-12-mini/iphone-12-mini-screens.html
fhrparts.com,France,shop,iphone 11,unknown,aftermarket,no,44.3,EUR,https://fhrparts.com/apple/iphone-reservdelar/iphone-11-1/iphone-11-screens.html
fhrparts.com,France,shop,iphone 11 pro,unknown,aftermarket,no,92.1,EUR,https://fhrparts.com/apple/iphone-reservdelar/iphone-11-pro/iphone-11-pro-screens.html
fhrparts.com,France,shop,iphone xs,unknown,aftermarket,no,100.1,EUR,https://fhrparts.com/apple/iphone-reservdelar/iphone-xs/lcd-screens.html
fhrparts.com,France,shop,iphone 13 pro max,unknown,aftermarket,no,16.5,EUR,https://fhrparts.com/tillbehor/screenguard/screen-guard/iphone-13-pro-max-screen-guards.html
phonelcdparts.com,USA,shop,iphone 13 pro max,aftermarket-incell,aftermarket,no,26.0,USD,https://www.phonelcdparts.com/iphone-13-pro-max-lcd-assembly-incell-qv7-13pm-qv7-inc
phonelcdparts.com,USA,shop,iphone 15 pro max,aftermarket-oled,aftermarket,no,49.0,USD,https://www.phonelcdparts.com/oled-assembly-for-iphone-15-pro-max-aftermarket-qv8-soft-version-2-120hz-ic-transfer-eligible-15pm-qv8-v2soft
fhrparts.com,France,shop,iphone 11,unknown,aftermarket,no,15.75,EUR,https://fhrparts.com/tillbehor/screenguard/screen-guard/iphone-11-screen-guards.html
fhrparts.com,France,shop,iphone 11 pro,unknown,aftermarket,no,15.75,EUR,https://fhrparts.com/tillbehor/screenguard/screen-guard/iphone-xs-screen-guards.html
fhrparts.com,France,shop,iphone 12,unknown,aftermarket,no,16.7,EUR,https://fhrparts.com/tillbehor/screenguard/screen-guard/iphone-12-screen-guards.html
phonelcdparts.com,USA,shop,iphone 14,aftermarket-incell,aftermarket,no,19.0,USD,https://www.phonelcdparts.com/iphone-14-lcd-assembly-incell-qv7-14-qv7-inc
bukuwireless.com,USA,shop,iphone 11 pro max,aftermarket-incell,aftermarket,no,17.9,USD,https://www.bukuwireless.com/iphone-11-pro-max-lcd-screen-incell
fhrparts.com,France,shop,iphone x,unknown,aftermarket,no,70.8,EUR,https://fhrparts.com/apple/iphone-reservdelar/iphone-x/oled-screens.html
fhrparts.com,France,shop,iphone xs max,unknown,aftermarket,no,93.1,EUR,https://fhrparts.com/apple/iphone-reservdelar/iphone-xs-max/lcd-screens.html
phonelcdparts.com,USA,shop,iphone 15 pro max,aftermarket-incell,aftermarket,no,38.0,USD,https://www.phonelcdparts.com/lcd-assembly-for-iphone-15-pro-max-aftermarket-incell-qv7-90hz-ic-transfer-eligible-15pm-qv7-inc
phonelcdparts.com,USA,shop,iphone 15,aftermarket-incell,aftermarket,no,22.0,USD,https://www.phonelcdparts.com/iphone-15-lcd-assembly-incell-qv7-15-qv7-inc
phonelcdparts.com,USA,shop,iphone xr,aftermarket-incell,aftermarket,no,14.5,USD,https://www.phonelcdparts.com/iphone-xr-lcd-assembly-with-plate-incell-qv7
phonelcdparts.com,USA,shop,iphone 14 pro max,aftermarket-oled,aftermarket,no,50.5,USD,https://www.phonelcdparts.com/oled-assembly-for-iphone-14-pro-max-aftermarket-qv8-soft-version-2-120hz-ic-transfer-eligib-14pm-qv8-v2soft
phonelcdparts.com,USA,shop,iphone xr,aftermarket-incell,aftermarket,no,16.75,USD,https://www.phonelcdparts.com/iphone-xr-lcd-assembly-with-steel-plate-incell-qv7-exclusive-lcd-breakage-warranty-xr-qv7-v2
phonelcdparts.com,USA,shop,iphone 11,aftermarket-incell,aftermarket,no,17.75,USD,https://www.phonelcdparts.com/iphone-11-lcd-assembly-with-steel-plate-incell-qv7-exclusive-lcd-breakage-warranty-ip11-qv7-v2
phonelcdparts.com,USA,shop,iphone 13 pro max,aftermarket-oled,aftermarket,no,44.5,USD,https://www.phonelcdparts.com/oled-assembly-for-iphone-13-pro-max-aftermarket-qv8-soft-version-2-120hz-ic-transfer-eligible-13pm-qv8-v2soft
bukuwireless.com,USA,shop,iphone xr,aftermarket-incell,aftermarket,no,15.9,USD,https://www.bukuwireless.com/iphone-xr-lcd-screen-premium-incell
bukuwireless.com,USA,shop,iphone 12 pro,aftermarket-incell,aftermarket,no,14.9,USD,https://www.bukuwireless.com/iphone-12-pro-12-lcd-assembly-incell
bukuwireless.com,USA,shop,iphone 13,aftermarket-incell,aftermarket,no,23.9,USD,https://www.bukuwireless.com/iphone-13-lcd-screen-incell
bukuwireless.com,USA,shop,iphone xs max,aftermarket-incell,aftermarket,no,15.9,USD,https://www.bukuwireless.com/iphone-xs-max-lcd-incell
bukuwireless.com,USA,shop,iphone 11 pro,aftermarket-oled,aftermarket,no,29.9,USD,https://www.bukuwireless.com/iphone-11-pro-screen-oled
bukuwireless.com,USA,shop,iphone 12 pro,aftermarket-incell,aftermarket,no,19.9,USD,https://www.bukuwireless.com/iphone-12-12pro-lcd-premium-incell
bukuwireless.com,USA,shop,iphone 14,aftermarket-incell,aftermarket,no,24.9,USD,https://www.bukuwireless.com/iphone-14-lcd-incell
bukuwireless.com,USA,shop,iphone 11,aftermarket-incell,aftermarket,no,17.9,USD,https://www.bukuwireless.com/iphone-11-lcd-screen-premium-incell
bukuwireless.com,USA,shop,iphone 12 pro max,aftermarket-incell,aftermarket,no,25.9,USD,https://www.bukuwireless.com/iphone-12-pro-max-lcd-premium-incell
bukuwireless.com,USA,shop,iphone 11 pro,aftermarket-incell,aftermarket,no,16.9,USD,https://www.bukuwireless.com/iphone-11-pro-lcd-screen-incell
bukuwireless.com,USA,shop,iphone 12 pro,aftermarket-oled,aftermarket,no,38.9,USD,https://www.bukuwireless.com/iphone-12-12pro-screen-oled
bukuwireless.com,USA,shop,iphone 11 pro max,aftermarket-oled,aftermarket,no,34.9,USD,https://www.bukuwireless.com/iphone-11-pro-max-screen-oled
bukuwireless.com,USA,shop,iphone 15 pro,original,A,no,329.9,USD,https://www.bukuwireless.com/iphone-15-pro-screen-oem-service-pack
bukuwireless.com,USA,shop,iphone 13 mini,aftermarket-oled,aftermarket,no,59.9,USD,https://www.bukuwireless.com/iphone-13-mini-screen-oled
bukuwireless.com,USA,shop,iphone 14 plus,aftermarket-oled,aftermarket,no,68.9,USD,https://www.bukuwireless.com/iphone-14-plus-screen-oled
bukuwireless.com,USA,shop,iphone 14 pro max,original,A,no,348.9,USD,https://www.bukuwireless.com/iphone-14-pro-max-screen-oem-service-pack
bukuwireless.com,USA,shop,iphone 14 pro,pulled,A,no,259.0,USD,https://www.bukuwireless.com/iphone-14-pro-screen-oem-pull-a-grade
bukuwireless.com,USA,shop,iphone 13 pro,aftermarket-oled,aftermarket,no,84.9,USD,https://www.bukuwireless.com/iphone-13-pro-screen-oled
bukuwireless.com,USA,shop,iphone 15 pro max,original,A,no,369.9,USD,https://www.bukuwireless.com/iphone-15-pro-max-screen-oem-service-pack
bukuwireless.com,USA,shop,iphone 13 pro max,pulled,A,no,269.0,USD,https://www.bukuwireless.com/iphone-13-pro-max-screen-oem-pull-a-grade
bukuwireless.com,USA,shop,iphone 14,aftermarket-oled,aftermarket,no,44.9,USD,https://www.bukuwireless.com/iphone-14-screen-oled
bukuwireless.com,USA,shop,iphone 14 pro max,pulled,A,no,279.0,USD,https://www.bukuwireless.com/iphone-14-pro-max-screen-oem-pull-a-grade
bukuwireless.com,USA,shop,iphone 14 pro,aftermarket-oled,aftermarket,no,119.9,USD,https://www.bukuwireless.com/iphone-14-pro-screen-oled
bukuwireless.com,USA,shop,iphone 13 pro max,aftermarket-oled,aftermarket,no,69.9,USD,https://www.bukuwireless.com/iphone-13-pro-max-screen-oled
bukuwireless.com,USA,shop,iphone 14 pro max,aftermarket-oled,aftermarket,no,139.9,USD,https://www.bukuwireless.com/iphone-14-pro-max-screen-oled
bukuwireless.com,USA,shop,iphone 15 pro,aftermarket-incell,aftermarket,no,45.9,USD,https://www.bukuwireless.com/iphone-15-pro-screen-premium-incell
bukuwireless.com,USA,shop,iphone 14 pro max,aftermarket-incell,aftermarket,no,50.9,USD,https://www.bukuwireless.com/iphone-14-pro-max-screen-premium-incell
bukuwireless.com,USA,shop,iphone 13 pro,aftermarket-incell,aftermarket,no,29.9,USD,https://www.bukuwireless.com/iphone-13-pro-screen-premium-incell
bukuwireless.com,USA,shop,iphone 15 pro,aftermarket-oled,aftermarket,no,119.9,USD,https://www.bukuwireless.com/iphone-15-pro-screen-oled
bukuwireless.com,USA,shop,iphone 15 pro max,aftermarket-incell,aftermarket,no,59.9,USD,https://www.bukuwireless.com/iphone-15-pro-max-screen-premium-incell
bukuwireless.com,USA,shop,iphone 14 plus,aftermarket-incell,aftermarket,no,25.9,USD,https://www.bukuwireless.com/iphone-14-plus-lcd-incell
preciosadictos.com,Spain,shop,iphone 16,unknown,aftermarket,no,59.28,EUR,https://www.preciosadictos.com/pantalla-para-iphone-16-bf8-p-58889.html
bukuwireless.com,USA,shop,iphone 12 mini,aftermarket-incell,aftermarket,no,27.9,USD,https://www.bukuwireless.com/iphone-12-mini-lcd-incell
bukuwireless.com,USA,shop,iphone 13,unknown,aftermarket,no,98.9,USD,https://www.bukuwireless.com/iphone-13-lcd-screen-oem
bukuwireless.com,USA,shop,iphone 12 mini,aftermarket-oled,aftermarket,no,48.9,USD,https://www.bukuwireless.com/iphone-12-mini-screen-oled
teevo.com,China,shop,iphone 16 pro,refurb,A,no,60.0,USD,https://www.teevo.com/products/1562686
teevo.com,China,shop,iphone 14 pro max,refurb,A,no,63.62,USD,https://www.teevo.com/products/1554804
teevo.com,China,shop,iphone 14 pro,refurb,A,no,57.29,USD,https://www.teevo.com/products/1558623
teevo.com,China,shop,iphone 16 pro max,aftermarket-incell,aftermarket,no,112.45,USD,https://www.teevo.com/products/1569488
teevo.com,China,shop,iphone 15,aftermarket-incell,aftermarket,no,22.81,USD,https://www.teevo.com/products/1565781
teevo.com,China,shop,iphone 16,aftermarket-incell,aftermarket,no,45.4,USD,https://www.teevo.com/products/1569486
teevo.com,China,shop,iphone 14 pro max,aftermarket-soft-oled,aftermarket,no,43.06,USD,https://www.teevo.com/products/1560230
bukuwireless.com,USA,shop,iphone 13 mini,aftermarket-incell,aftermarket,no,27.9,USD,https://www.bukuwireless.com/iphone-13-mini-lcd-incell
teevo.com,China,shop,iphone 11 pro,aftermarket-soft-oled,aftermarket,no,41.18,USD,https://www.teevo.com/products/1478568
teevo.com,China,shop,iphone 12 pro max,aftermarket-incell,aftermarket,no,28.4,USD,https://www.teevo.com/products/1554256
teevo.com,China,shop,iphone 15 pro max,aftermarket-soft-oled,aftermarket,no,54.0,USD,https://www.teevo.com/products/1558055
teevo.com,China,shop,iphone 15 plus,aftermarket-soft-oled,aftermarket,no,58.05,USD,https://www.teevo.com/products/1558053
teevo.com,China,shop,iphone 15 pro max,aftermarket-incell,aftermarket,no,35.92,USD,https://www.teevo.com/products/1565783
teevo.com,China,shop,iphone 15 pro max,aftermarket-soft-oled,aftermarket,no,43.06,USD,https://www.teevo.com/products/1561678
teevo.com,China,shop,iphone 14 pro,aftermarket-soft-oled,aftermarket,no,129.6,USD,https://www.teevo.com/products/1569082
teevo.com,China,shop,iphone 14,aftermarket-soft-oled,aftermarket,no,55.87,USD,https://www.teevo.com/products/1567727
teevo.com,China,shop,iphone 14,aftermarket-incell,aftermarket,no,21.3,USD,https://www.teevo.com/products/1554259
teevo.com,China,shop,iphone 15 plus,aftermarket-incell,aftermarket,no,24.9,USD,https://www.teevo.com/products/1569075
teevo.com,China,shop,iphone 14 pro,aftermarket-incell,aftermarket,no,27.0,USD,https://www.teevo.com/products/1569077
teevo.com,China,shop,iphone 13 pro,aftermarket-incell,aftermarket,no,23.4,USD,https://www.teevo.com/products/1569079
teevo.com,China,shop,iphone 14 pro max,aftermarket-lcd,aftermarket,no,47.56,USD,https://www.teevo.com/products/1562908?_pos=12&_sid=d728f2a2e&_ss=r
teevo.com,China,shop,iphone 14 pro,aftermarket-lcd,aftermarket,no,37.8,USD,https://www.teevo.com/products/1562907?_pos=3&_sid=d728f2a2e&_ss=r
teevo.com,China,shop,iphone 16 pro max,aftermarket-soft-oled,aftermarket,no,247.87,USD,https://www.teevo.com/products/1571100
teevo.com,China,shop,iphone 15 pro,aftermarket-lcd,aftermarket,no,50.94,USD,https://www.teevo.com/products/1562909?_pos=2&_sid=d728f2a2e&_ss=r
teevo.com,China,shop,iphone 13 pro max,pulled,A,no,296.83,USD,https://www.teevo.com/products/1498003
teevo.com,China,shop,iphone 13 pro,pulled,A,no,224.43,USD,https://www.teevo.com/products/1496299
teevo.com,China,shop,iphone 15 pro max,aftermarket-soft-oled,aftermarket,no,114.48,USD,https://www.teevo.com/products/1567651
teevo.com,China,shop,iphone 14 pro,aftermarket-hard-oled,aftermarket,no,31.8,USD,https://www.teevo.com/products/1563133?_pos=6&_sid=d728f2a2e&_ss=r
teevo.com,China,shop,iphone 13 pro max,aftermarket-lcd,aftermarket,no,38.74,USD,https://www.teevo.com/products/1562906?_pos=8&_sid=d728f2a2e&_ss=r
teevo.com,China,shop,iphone 14 pro,pulled,A,no,305.88,USD,https://www.teevo.com/products/1501395
teevo.com,China,shop,iphone 16 pro,aftermarket-soft-oled,aftermarket,no,179.1,USD,https://www.teevo.com/products/1571099
ifixshop.fr,France,shop,iphone 14 pro,aftermarket-soft-oled,aftermarket,no,69.9,EUR,https://www.ifixshop.fr/
teevo.com,China,shop,iphone 15 plus,pulled,A,no,313.12,USD,https://www.teevo.com/products/1557264
teevo.com,China,shop,iphone 13,pulled,A,no,94.12,USD,https://www.teevo.com/products/1563138
teevo.com,China,shop,iphone 14,pulled,A,no,298.91,USD,https://www.teevo.com/products/1560647
teevo.com,China,shop,iphone 16 pro max,original,A,no,356.56,USD,https://www.teevo.com/products/1560649
spainsellers.com,Spain,shop,iphone x,aftermarket-hard-oled,aftermarket,no,29.05,EUR,https://www.spainsellers.com/pantalla-gx-hard-oled-para-iphone-x-a1865-a1901-a1902-mas-tactil-negro-calidad-media-alta-p-31222.html
sparepart.dk,Denmark,shop,iphone 13 mini,unknown,aftermarket,YES,199.0,DKK,https://sparepart.dk/programmeringsudstyr-103065/jc-v1s-screen-adaptor-board-til-iphone-12-serie-13-13-mini-p17570
spainsellers.com,Spain,shop,iphone 11,aftermarket-lcd,aftermarket,no,2.12,EUR,https://www.spainsellers.com/metal-frame-lcd-para-iphone-11-calidad-premium-p-32335.html
spainsellers.com,Spain,shop,iphone 11,aftermarket-lcd,aftermarket,no,25.98,EUR,https://www.spainsellers.com/pantalla-lcd-ips-para-iphone-11-a2111-a2221-a2223-mas-tactil-negro-calidad-premium-p-28228.html
sparepart.dk,Denmark,shop,iphone 15,aftermarket-soft-oled,aftermarket,YES,449.0,DKK,https://sparepart.dk/iphone-15-skaerme-103125/iphone-15-skaerm-soft-oled-p20365
teevo.com,China,shop,iphone xs max,pulled,A,no,57.92,USD,https://www.teevo.com/products/1553542
sparepart.dk,Denmark,shop,iphone 14 pro max,unknown,aftermarket,YES,399.0,DKK,https://sparepart.dk/programmeringsudstyr-103065/jc-v1se-screen-true-tone-board-til-iphone-13-pro-13-pro-max-14-pro-14-pro-max-p20050
spainsellers.com,Spain,shop,iphone 11,aftermarket-lcd,aftermarket,no,1.21,EUR,https://www.spainsellers.com/placa-sujecion-fle-lcd-para-iphone-11-calidad-premium--p-32331.html
sparepart.dk,Denmark,shop,iphone 11 pro max,unknown,aftermarket,YES,199.0,DKK,https://sparepart.dk/programmeringsudstyr-103065/jc-v1s-v1se-screen-true-tone-board-for-iphone-7-11-pro-max-p19688
sparepart.dk,Denmark,shop,iphone 15 plus,unknown,aftermarket,YES,349.0,DKK,https://sparepart.dk/programmeringsudstyr-103065/jc-v1se-screen-true-tone-board-til-iphone-12-serie-13-mini-13-14-14-plus-15-15-plus-p19426
sparepart.dk,Denmark,shop,iphone xs,aftermarket-incell,aftermarket,YES,169.0,DKK,https://sparepart.dk/iphone-xs-skaerm-101663/iphone-xs-skaerm-incell-lcd-jk-high-quality-p18779
sparepart.dk,Denmark,shop,iphone xr,aftermarket-incell,aftermarket,YES,169.0,DKK,https://sparepart.dk/iphone-xr-skaerm-101662/iphone-xr-skaerm-incell-lcd-jk-high-quality-p18775
lltrader.com,China,shop,iphone 16 plus,aftermarket-lcd,aftermarket,no,34.99,USD,https://www.lltrader.com/collections/best-sell-iphone-screen-1/products/iphone-16-plus-screen-replacement-lcd-display-touch-digitizer-assembly
lltrader.com,China,shop,iphone 14 pro,aftermarket-lcd,aftermarket,no,24.99,USD,https://www.lltrader.com/products/iphone-14-pro-screen-replacement-lcd-display-touch-digitizer-assembly?_pos=5&_sid=4a3084294&_ss=r
lltrader.com,China,shop,iphone xr,aftermarket-lcd,aftermarket,no,14.99,USD,https://www.lltrader.com/products/iphone-xr-screen-replacement-lcd-display-assembly?_pos=3&_sid=4a3084294&_ss=r
lltrader.com,China,shop,iphone 14 pro max,aftermarket-lcd,aftermarket,no,29.99,USD,https://www.lltrader.com/products/iphone-14-pro-max-screen-replacement-lcd-display-touch-digitizer-assembly?_pos=11&_sid=4a3084294&_ss=r
lltrader.com,China,shop,iphone 14,aftermarket-lcd,aftermarket,no,19.99,USD,https://www.lltrader.com/products/iphone-14-screen-replacement-lcd-display-touch-digitizer-assembly?_pos=6&_sid=4a3084294&_ss=r
lltrader.com,China,shop,iphone x,aftermarket-lcd,aftermarket,no,13.99,USD,https://www.lltrader.com/products/iphone-x-screen-replacement-display-assembly?_pos=4&_sid=4a3084294&_ss=r
lltrader.com,China,shop,iphone xs,aftermarket-lcd,aftermarket,no,13.99,USD,https://www.lltrader.com/products/iphone-xs-screen-replacement-display-assembly?_pos=8&_sid=4a3084294&_ss=r
lltrader.com,China,shop,iphone xs max,aftermarket-lcd,aftermarket,no,15.99,USD,https://www.lltrader.com/products/iphone-xs-max-screen-replacement-display-assembly?_pos=9&_sid=4a3084294&_ss=r
lltrader.com,China,shop,iphone 11 pro,aftermarket-lcd,aftermarket,no,14.99,USD,https://www.lltrader.com/products/iphone-11-pro-screen-replacement-oled-display-assembly?_pos=10&_sid=4a3084294&_ss=r
lltrader.com,China,shop,iphone 11 pro max,aftermarket-lcd,aftermarket,no,17.99,USD,https://www.lltrader.com/products/iphone-11-pro-max-screen-replacement-oled-display-assembly?_pos=15&_sid=4a3084294&_ss=r
lltrader.com,China,shop,iphone 13 pro max,aftermarket-lcd,aftermarket,no,29.99,USD,https://www.lltrader.com/products/iphone-13-pro-max-lcd-screen-replacement?_pos=13&_sid=4a3084294&_ss=r
lltrader.com,China,shop,iphone 13 pro,aftermarket-lcd,aftermarket,no,23.99,USD,https://www.lltrader.com/products/iphone-13-pro-lcd-screen-replacement?_pos=14&_sid=4a3084294&_ss=r
iphonescreenwholesale.com,China,shop,iphone xr,aftermarket-lcd,aftermarket,YES,11.9,USD,https://iphonescreenwholesale.com/product/iphone-xr-lcd-screen/
lltrader.com,China,shop,iphone 14 plus,aftermarket-lcd,aftermarket,no,22.99,USD,https://www.lltrader.com/products/iphone-14-plus-screen-replacement-lcd-display-touch-digitizer-assembly?_pos=16&_sid=4a3084294&_ss=r
iphonescreenwholesale.com,China,shop,iphone xs,aftermarket-oled,aftermarket,YES,11.21,USD,https://iphonescreenwholesale.com/product/iphone-xs-oled-screen/
iphonescreenwholesale.com,China,shop,iphone 11,unknown,aftermarket,YES,12.21,USD,https://iphonescreenwholesale.com/product/iphone-11-lcd-screen/
iphonescreenwholesale.com,China,shop,iphone xs max,aftermarket-oled,aftermarket,YES,22.2,USD,https://iphonescreenwholesale.com/product/iphone-xs-max-oled-screen/
iphonescreenwholesale.com,China,shop,iphone 13 pro max,unknown,aftermarket,YES,267.92,USD,https://iphonescreenwholesale.com/product/iphone-13-pro-max-screen/
iphonescreenwholesale.com,China,shop,iphone 14 pro,unknown,aftermarket,YES,285.5,USD,https://iphonescreenwholesale.com/product/iphone14-pro-screen/
iphonescreenwholesale.com,China,shop,iphone 13 pro,unknown,aftermarket,YES,267.92,USD,https://iphonescreenwholesale.com/product/iphone-13-pro-screen/
iphonescreenwholesale.com,China,shop,iphone 13,unknown,aftermarket,YES,56.51,USD,https://iphonescreenwholesale.com/product/iphone-13-screen/
iphonescreenwholesale.com,China,shop,iphone 13 mini,unknown,aftermarket,YES,57.79,USD,https://iphonescreenwholesale.com/product/iphone-13-mini-screen/
iphonescreenwholesale.com,China,shop,iphone 12 pro max,unknown,aftermarket,YES,47.79,USD,https://iphonescreenwholesale.com/product/iphone-12-pro-max-screen/
screen-stocks.com,USA,shop,iphone 14,aftermarket-lcd,aftermarket,no,20.0,EUR,https://screen-stocks.com/iphone-14-screen-replacement-high-quality-lcd-digitizer-assembly-wholesale/
screen-stocks.com,USA,shop,iphone 13 pro,aftermarket-lcd,aftermarket,no,18.69,EUR,https://screen-stocks.com/iphone-13-pro-lcd-display-assembly-a2483-a2638-cost-effective-replacement/
hlcwholesale.com,USA,shop,iphone 11 pro,aftermarket-lcd,aftermarket,YES,33.61,USD,https://www.hlcwholesale.com/repair-tools/apple-lcd-screen-parts-replacements.html
hlcwholesale.com,USA,shop,iphone 14,aftermarket-lcd,aftermarket,YES,171.6,USD,https://www.hlcwholesale.com/repair-tools/apple-lcd-screen-parts-replacements.html
injuredgadgets.com,USA,shop,iphone x,pulled,A,no,0.85,USD,https://www.injuredgadgets.com/apple/iphone/
screen-stocks.com,USA,shop,iphone 15 pro max,unknown,aftermarket,no,26.45,EUR,https://screen-stocks.com/factory-direct-iphone-15-pro-max-screen-wholesale-oem-quality/
injuredgadgets.com,USA,shop,iphone xs max,unknown,aftermarket,no,3.15,USD,https://www.injuredgadgets.com/apple/iphone/
partly.nl,Netherlands,shop,iphone 15,unknown,aftermarket,no,400.0,EUR,https://www.partly.nl/groothandel/
fixje.nl,Netherlands,shop,iphone 15,unknown,aftermarket,no,400.0,EUR,https://www.fixje.nl/iphone-onderdelen-groothandel/
dacein.de,Germany,shop,iphone 13,unknown,aftermarket,no,11.3,EUR,https://www.dacein.de/en
dacein.de,Germany,shop,iphone 15 pro max,aftermarket-soft-oled,aftermarket,no,41.65,EUR,https://www.dacein.de/en
reparatiegroothandel.nl,Netherlands,shop,iphone x,unknown,aftermarket,no,1.49,EUR,https://www.reparatiegroothandel.nl/iphone
dacein.de,Germany,shop,iphone 11,unknown,aftermarket,no,11.9,EUR,https://www.dacein.de/en
dacein.de,Germany,shop,iphone 11,unknown,aftermarket,no,19.0,EUR,https://www.dacein.de/en
ifixshop.fr,France,shop,iphone 15 pro,aftermarket-soft-oled,aftermarket,no,69.9,EUR,https://www.ifixshop.fr/
dacein.de,Germany,shop,iphone x,unknown,aftermarket,no,16.0,EUR,https://www.dacein.de/en
dacein.de,Germany,shop,iphone 13,unknown,aftermarket,no,24.0,EUR,https://www.dacein.de/en
dacein.de,Germany,shop,iphone 11 pro,unknown,aftermarket,no,10.12,EUR,https://www.dacein.de/en
dacein.de,Germany,shop,iphone xs,unknown,aftermarket,no,9.52,EUR,https://www.dacein.de/en
dacein.de,Germany,shop,iphone 11,unknown,aftermarket,no,10.12,EUR,https://www.dacein.de/en
utopya.it,Italy,shop,iphone 13 pro max,unknown,aftermarket,no,0.5,EUR,https://www.utopya.it/
dacein.de,Germany,shop,iphone 11 pro,unknown,aftermarket,no,20.0,EUR,https://www.dacein.de/en
dacein.de,Germany,shop,iphone xr,unknown,aftermarket,no,8.33,EUR,https://www.dacein.de/en
utopya.it,Italy,shop,iphone 14 pro,unknown,aftermarket,no,56.5,EUR,https://www.utopya.it/
utopya.it,Italy,shop,iphone 16 pro,pulled,A,no,12.95,EUR,https://www.utopya.it/
utopya.it,Italy,shop,iphone 16 plus,pulled,A,no,7.95,EUR,https://www.utopya.it/
m9parts.pl,Poland,shop,iphone 13,unknown,aftermarket,no,398.37,PLN,https://m9parts.pl/
m9parts.pl,Poland,shop,iphone 14,unknown,aftermarket,no,430.89,PLN,https://m9parts.pl/
m9parts.pl,Poland,shop,iphone 16 pro,unknown,aftermarket,no,528.46,PLN,https://m9parts.pl/
m9parts.pl,Poland,shop,iphone 13,unknown,aftermarket,no,117.89,PLN,https://m9parts.pl/
m9parts.pl,Poland,shop,iphone 11,unknown,aftermarket,no,8.94,PLN,https://m9parts.pl/
m9parts.pl,Poland,shop,iphone 15,unknown,aftermarket,no,426.83,PLN,https://m9parts.pl/
m9parts.pl,Poland,shop,iphone 14 pro,unknown,aftermarket,no,7.32,PLN,https://m9parts.pl/
m9parts.pl,Poland,shop,iphone 13,unknown,aftermarket,no,7.32,PLN,https://m9parts.pl/
m9parts.pl,Poland,shop,iphone 16e,unknown,aftermarket,no,308.94,PLN,https://m9parts.pl/
m9parts.pl,Poland,shop,iphone 12 mini,unknown,aftermarket,no,7.32,PLN,https://m9parts.pl/
m9parts.pl,Poland,shop,iphone 11,unknown,aftermarket,no,69.11,PLN,https://m9parts.pl/
parts-store.pl,Poland,shop,iphone 13,aftermarket-lcd,aftermarket,no,469.9,PLN,https://parts-store.pl/pol_m_Wyswietlacze_Wyswietlacze-iPhone-524.html
m9parts.pl,Poland,shop,iphone 11 pro,original,A,no,174.8,PLN,https://m9parts.pl/
parts-store.pl,Poland,shop,iphone 15 plus,unknown,aftermarket,no,779.0,PLN,https://parts-store.pl/pol_m_Wyswietlacze_Wyswietlacze-iPhone-524.html
parts-store.pl,Poland,shop,iphone 15 pro,unknown,aftermarket,no,949.0,PLN,https://parts-store.pl/pol_m_Wyswietlacze_Wyswietlacze-iPhone-524.html
ifixshop.fr,France,shop,iphone 14 pro max,aftermarket-soft-oled,aftermarket,no,69.9,EUR,https://www.ifixshop.fr/
parts-store.pl,Poland,shop,iphone 15,unknown,aftermarket,no,689.0,PLN,https://parts-store.pl/pol_m_Wyswietlacze_Wyswietlacze-iPhone-524.html
parts-store.pl,Poland,shop,iphone 14 pro,unknown,aftermarket,no,739.0,PLN,https://parts-store.pl/pol_m_Wyswietlacze_Wyswietlacze-iPhone-524.html
parts-store.pl,Poland,shop,iphone 14 pro max,unknown,aftermarket,no,909.9,PLN,https://parts-store.pl/pol_m_Wyswietlacze_Wyswietlacze-iPhone-524.html
parts-store.pl,Poland,shop,iphone 14 plus,unknown,aftermarket,no,699.0,PLN,https://parts-store.pl/pol_m_Wyswietlacze_Wyswietlacze-iPhone-524.html
parts-store.pl,Poland,shop,iphone 14,unknown,aftermarket,no,369.99,PLN,https://parts-store.pl/pol_m_Wyswietlacze_Wyswietlacze-iPhone-524.html
parts-store.pl,Poland,shop,iphone 16 pro,unknown,aftermarket,no,599.0,PLN,https://parts-store.pl/pol_m_Wyswietlacze_Wyswietlacze-iPhone-524.html
parts-store.pl,Poland,shop,iphone 15 pro,unknown,aftermarket,no,499.9,PLN,https://parts-store.pl/pol_m_Wyswietlacze_Wyswietlacze-iPhone-524.html
parts-store.pl,Poland,shop,iphone 13,unknown,aftermarket,no,329.0,PLN,https://parts-store.pl/pol_m_Wyswietlacze_Wyswietlacze-iPhone-524.html
parts-store.pl,Poland,shop,iphone 16 pro max,unknown,aftermarket,no,629.99,PLN,https://parts-store.pl/pol_m_Wyswietlacze_Wyswietlacze-iPhone-524.html
parts-store.pl,Poland,shop,iphone 15 plus,unknown,aftermarket,no,599.0,PLN,https://parts-store.pl/pol_m_Wyswietlacze_Wyswietlacze-iPhone-524.html
parts-store.pl,Poland,shop,iphone 15 pro,aftermarket-lcd,aftermarket,no,1249.99,PLN,https://parts-store.pl/pol_m_Wyswietlacze_Wyswietlacze-iPhone-524.html
parts-store.pl,Poland,shop,iphone 14 pro,aftermarket-soft-oled,aftermarket,no,359.0,PLN,https://parts-store.pl/pol_m_Wyswietlacze_Wyswietlacze-iPhone-524.html
parts-store.pl,Poland,shop,iphone 15 plus,aftermarket-oled,aftermarket,no,559.0,PLN,https://parts-store.pl/pol_m_Wyswietlacze_Wyswietlacze-iPhone-524.html
parts-store.pl,Poland,shop,iphone 12,original,A,no,247.0,PLN,https://parts-store.pl/pol_m_Wyswietlacze_Wyswietlacze-iPhone-524.html
parts-store.pl,Poland,shop,iphone 13 pro max,unknown,aftermarket,no,599.0,PLN,https://parts-store.pl/pol_m_Wyswietlacze_Wyswietlacze-iPhone-524.html
parts-store.pl,Poland,shop,iphone 13 pro,original,A,no,319.0,PLN,https://parts-store.pl/pol_m_Wyswietlacze_Wyswietlacze-iPhone-524.html
parts-store.pl,Poland,shop,iphone 15 pro max,aftermarket-soft-oled,aftermarket,no,599.0,PLN,https://parts-store.pl/pol_m_Wyswietlacze_Wyswietlacze-iPhone-524.html
parts-store.pl,Poland,shop,iphone 13 pro,aftermarket-lcd,aftermarket,no,519.0,PLN,https://parts-store.pl/pol_m_Wyswietlacze_Wyswietlacze-iPhone-524.html
parts-store.pl,Poland,shop,iphone 14 pro max,aftermarket-soft-oled,aftermarket,no,369.0,PLN,https://parts-store.pl/pol_m_Wyswietlacze_Wyswietlacze-iPhone-524.html
parts-store.pl,Poland,shop,iphone 13 pro max,aftermarket-soft-oled,aftermarket,no,309.9,PLN,https://parts-store.pl/pol_m_Wyswietlacze_Wyswietlacze-iPhone-524.html
gsm-club.pl,Poland,shop,iphone 13 mini,glass-changed,A,no,1.99,PLN,https://gsm-club.pl/
parts-store.pl,Poland,shop,iphone 12 pro max,original,A,no,289.0,PLN,https://parts-store.pl/pol_m_Wyswietlacze_Wyswietlacze-iPhone-524.html
gsm-club.pl,Poland,shop,iphone 11 pro,unknown,aftermarket,no,34.99,PLN,https://gsm-club.pl/
parts-store.pl,Poland,shop,iphone 13,aftermarket-lcd,aftermarket,no,349.9,PLN,https://parts-store.pl/pol_m_Wyswietlacze_Wyswietlacze-iPhone-524.html
gsm-club.pl,Poland,shop,iphone 16 plus,unknown,aftermarket,no,9.99,PLN,https://gsm-club.pl/
gsm-club.pl,Poland,shop,iphone 13 pro max,unknown,aftermarket,no,12.99,PLN,https://gsm-club.pl/
gsm-club.pl,Poland,shop,iphone 15,unknown,aftermarket,no,1.99,PLN,https://gsm-club.pl/
gsm-club.pl,Poland,shop,iphone 15,unknown,aftermarket,no,20.32,PLN,https://gsm-club.pl/
gsm-club.pl,Poland,shop,iphone 13 pro max,unknown,aftermarket,no,14.99,PLN,https://gsm-club.pl/
gsm-club.pl,Poland,shop,iphone 12 mini,unknown,aftermarket,no,3.99,PLN,https://gsm-club.pl/
gsm-club.pl,Poland,shop,iphone 15,unknown,aftermarket,no,24.99,PLN,https://gsm-club.pl/
cdx.de,Germany,shop,iphone 16 pro,original,A,YES,60.0,EUR,https://www.cdx.de/store/IPHONE-ERSATZTEILE
gsm-club.pl,Poland,shop,iphone 13 pro max,unknown,aftermarket,no,15.99,PLN,https://gsm-club.pl/
teknikdele.dk,Denmark,shop,iphone 12 pro,aftermarket-lcd,aftermarket,no,179.0,DKK,https://www.teknikdele.dk/kategori/mobilreservdelar/iphone
teknikdele.dk,Denmark,shop,iphone 12,unknown,aftermarket,no,109.0,DKK,https://www.teknikdele.dk/kategori/mobilreservdelar/iphone
teknikdele.dk,Denmark,shop,iphone 11,unknown,aftermarket,no,99.0,DKK,https://www.teknikdele.dk/kategori/mobilreservdelar/iphone
teknikdele.dk,Denmark,shop,iphone 13,unknown,aftermarket,no,119.0,DKK,https://www.teknikdele.dk/kategori/mobilreservdelar/iphone
teknikdele.dk,Denmark,shop,iphone 11,unknown,aftermarket,no,109.0,DKK,https://www.teknikdele.dk/kategori/mobilreservdelar/iphone
teknikdele.dk,Denmark,shop,iphone 12 pro,aftermarket-incell,aftermarket,no,189.0,DKK,https://www.teknikdele.dk/kategori/mobilreservdelar/iphone
teknikdele.dk,Denmark,shop,iphone 11 pro,aftermarket-lcd,aftermarket,no,179.0,DKK,https://www.teknikdele.dk/kategori/mobilreservdelar/iphone
teknikdele.dk,Denmark,shop,iphone 12,aftermarket-lcd,aftermarket,no,29.0,DKK,https://www.teknikdele.dk/kategori/mobilreservdelar/iphone
mytrendyphone.eu,Denmark,shop,iphone 11,unknown,aftermarket,YES,43.3,DKK,https://www.mytrendyphone.eu/shop/iphone-spares-38278s1.html
teknikdele.dk,Denmark,shop,iphone 13,aftermarket-lcd,aftermarket,no,29.0,DKK,https://www.teknikdele.dk/kategori/mobilreservdelar/iphone
teknikdele.dk,Denmark,shop,iphone 12,unknown,aftermarket,no,99.0,DKK,https://www.teknikdele.dk/kategori/mobilreservdelar/iphone
teknikdele.dk,Denmark,shop,iphone 13,unknown,aftermarket,no,99.0,DKK,https://www.teknikdele.dk/kategori/mobilreservdelar/iphone
mytrendyphone.eu,Denmark,shop,iphone 13,unknown,aftermarket,YES,34.3,DKK,https://www.mytrendyphone.eu/shop/iphone-spares-38278s1.html
mytrendyphone.eu,Denmark,shop,iphone 12 pro,aftermarket-lcd,aftermarket,YES,24.1,DKK,https://www.mytrendyphone.eu/shop/iphone-spares-38278s1.html
mytrendyphone.eu,Denmark,shop,iphone 14,aftermarket-lcd,aftermarket,YES,21.6,DKK,https://www.mytrendyphone.eu/shop/iphone-spares-38278s1.html
mytrendyphone.eu,Denmark,shop,iphone 16 pro,unknown,aftermarket,YES,91.8,DKK,https://www.mytrendyphone.eu/shop/iphone-spares-38278s1.html
mytrendyphone.eu,Denmark,shop,iphone 11 pro max,unknown,aftermarket,YES,16.5,DKK,https://www.mytrendyphone.eu/shop/iphone-spares-38278s1.html
mytrendyphone.eu,Denmark,shop,iphone x,aftermarket-lcd,aftermarket,YES,8.8,DKK,https://www.mytrendyphone.eu/shop/iphone-spares-38278s1.html
therepairplus.com,UK,shop,iphone 15 pro,aftermarket-lcd,aftermarket,no,25.98,GBP,https://therepairplus.com/products/for-iphone-15-pro-fhd-lcd-screen-replacement-the-repair-plus?variant=50694934856007
mytrendyphone.eu,Denmark,shop,iphone 14 pro max,aftermarket-lcd,aftermarket,YES,26.7,DKK,https://www.mytrendyphone.eu/shop/iphone-spares-38278s1.html
mytrendyphone.eu,Denmark,shop,iphone 16,unknown,aftermarket,YES,16.5,DKK,https://www.mytrendyphone.eu/shop/iphone-spares-38278s1.html
mytrendyphone.eu,Denmark,shop,iphone x,aftermarket-lcd,aftermarket,YES,63.7,DKK,https://www.mytrendyphone.eu/shop/iphone-spares-38278s1.html
mytrendyphone.eu,Denmark,shop,iphone 14 pro,unknown,aftermarket,YES,153.0,DKK,https://www.mytrendyphone.eu/shop/iphone-spares-38278s1.html
mytrendyphone.eu,Denmark,shop,iphone 16 pro,unknown,aftermarket,YES,50.9,DKK,https://www.mytrendyphone.eu/shop/iphone-spares-38278s1.html
mytrendyphone.eu,Denmark,shop,iphone 11 pro max,aftermarket-lcd,aftermarket,YES,31.8,DKK,https://www.mytrendyphone.eu/shop/iphone-spares-38278s1.html
mytrendyphone.eu,Denmark,shop,iphone 11,unknown,aftermarket,YES,16.5,DKK,https://www.mytrendyphone.eu/shop/iphone-spares-38278s1.html
mytrendyphone.eu,Denmark,shop,iphone 12 pro max,unknown,aftermarket,YES,19.0,DKK,https://www.mytrendyphone.eu/shop/iphone-spares-38278s1.html
mytrendyphone.eu,Denmark,shop,iphone 12 pro,aftermarket-lcd,aftermarket,YES,22.8,DKK,https://www.mytrendyphone.eu/shop/iphone-spares-38278s1.html
mytrendyphone.eu,Denmark,shop,iphone 13,aftermarket-lcd,aftermarket,YES,35.6,DKK,https://www.mytrendyphone.eu/shop/iphone-spares-38278s1.html
mytrendyphone.eu,Denmark,shop,iphone 13 pro,aftermarket-lcd,aftermarket,YES,50.9,DKK,https://www.mytrendyphone.eu/shop/iphone-spares-38278s1.html
mytrendyphone.eu,Denmark,shop,iphone 12,unknown,aftermarket,YES,100.7,DKK,https://www.mytrendyphone.eu/shop/iphone-spares-38278s1.html
mytrendyphone.eu,Denmark,shop,iphone 14,unknown,aftermarket,YES,127.5,DKK,https://www.mytrendyphone.eu/shop/iphone-spares-38278s1.html
mytrendyphone.eu,Denmark,shop,iphone 13,unknown,aftermarket,YES,38.2,DKK,https://www.mytrendyphone.eu/shop/iphone-spares-38278s1.html
mytrendyphone.eu,Denmark,shop,iphone 13 pro,unknown,aftermarket,YES,38.2,DKK,https://www.mytrendyphone.eu/shop/iphone-spares-38278s1.html
mytrendyphone.eu,Denmark,shop,iphone 13 pro max,aftermarket-lcd,aftermarket,YES,11.4,DKK,https://www.mytrendyphone.eu/shop/iphone-spares-38278s1.html
mytrendyphone.eu,Denmark,shop,iphone 14 plus,aftermarket-lcd,aftermarket,YES,35.6,DKK,https://www.mytrendyphone.eu/shop/iphone-spares-38278s1.html
mytrendyphone.eu,Denmark,shop,iphone 14,aftermarket-lcd,aftermarket,YES,38.2,DKK,https://www.mytrendyphone.eu/shop/iphone-spares-38278s1.html
meintrendyhandy.de,Germany,shop,iphone 11,aftermarket-lcd,aftermarket,YES,20.3,EUR,https://www.meintrendyhandy.de/shop/iphone-11-lcd-display-grad-a-354233p.html
mytrendyphone.eu,Denmark,shop,iphone 15,aftermarket-lcd,aftermarket,YES,39.4,DKK,https://www.mytrendyphone.eu/shop/iphone-spares-38278s1.html
ilevante.com,Spain,shop,iphone 12 mini,unknown,aftermarket,no,21.56,EUR,https://www.ilevante.com/pantalla-completa-para-iphone-12-mini
mytrendyphone.eu,Denmark,shop,iphone 15 plus,aftermarket-lcd,aftermarket,YES,210.4,DKK,https://www.mytrendyphone.eu/shop/iphone-spares-38278s1.html
therepairplus.com,UK,shop,iphone 16 pro,aftermarket-oled,aftermarket,no,149.98,GBP,https://therepairplus.com/products/for-iphone-16-pro-original-ltpo-super-retina-xdr-oled-screen?variant=51974679068999
mytrendyphone.eu,Denmark,shop,iphone 14 pro max,aftermarket-lcd,aftermarket,YES,49.6,DKK,https://www.mytrendyphone.eu/shop/iphone-spares-38278s1.html
mytrendyphone.eu,Denmark,shop,iphone 15 pro,aftermarket-lcd,aftermarket,YES,59.9,DKK,https://www.mytrendyphone.eu/shop/iphone-spares-38278s1.html
mytrendyphone.eu,Denmark,shop,iphone 16,aftermarket-lcd,aftermarket,YES,350.8,DKK,https://www.mytrendyphone.eu/shop/iphone-spares-38278s1.html
mytrendyphone.eu,Denmark,shop,iphone 16 pro,aftermarket-lcd,aftermarket,YES,299.8,DKK,https://www.mytrendyphone.eu/shop/iphone-spares-38278s1.html
mytrendyphone.eu,Denmark,shop,iphone 16 plus,aftermarket-lcd,aftermarket,YES,15.2,DKK,https://www.mytrendyphone.eu/shop/iphone-spares-38278s1.html
mytrendyphone.eu,Denmark,shop,iphone 15 pro,aftermarket-lcd,aftermarket,YES,304.9,DKK,https://www.mytrendyphone.eu/shop/iphone-spares-38278s1.html
mytrendyphone.eu,Denmark,shop,iphone 16 pro max,aftermarket-lcd,aftermarket,YES,12.6,DKK,https://www.mytrendyphone.eu/shop/iphone-spares-38278s1.html
mytrendyphone.eu,Denmark,shop,iphone 16 plus,unknown,aftermarket,YES,172.2,DKK,https://www.mytrendyphone.eu/shop/iphone-spares-38278s1.html
mytrendyphone.eu,Denmark,shop,iphone 16 pro max,aftermarket-lcd,aftermarket,YES,433.8,DKK,https://www.mytrendyphone.eu/shop/iphone-spares-38278s1.html
mytrendyphone.eu,Denmark,shop,iphone 15 pro max,aftermarket-lcd,aftermarket,YES,380.2,DKK,https://www.mytrendyphone.eu/shop/iphone-spares-38278s1.html
cdx.de,Germany,shop,iphone 15,original,A,YES,145.0,EUR,https://www.cdx.de/store/IPHONE-ERSATZTEILE
cdx.de,Germany,shop,iphone 11,original,A,YES,3.95,EUR,https://www.cdx.de/store/IPHONE-ERSATZTEILE
cdx.de,Germany,shop,iphone 12 pro,unknown,aftermarket,YES,3.95,EUR,https://www.cdx.de/store/IPHONE-ERSATZTEILE
cdx.de,Germany,shop,iphone 15 pro max,unknown,aftermarket,YES,3.95,EUR,https://www.cdx.de/store/IPHONE-ERSATZTEILE
cdx.de,Germany,shop,iphone 12,original,A,YES,15.0,EUR,https://www.cdx.de/store/IPHONE-ERSATZTEILE
meintrendyhandy.de,Germany,shop,iphone 12 pro max,aftermarket-lcd,aftermarket,YES,43.3,EUR,https://www.meintrendyhandy.de/shop/iphone-12-pro-max-lcd-display-grad-a-354186p.html
meintrendyhandy.de,Germany,shop,iphone 11 pro,aftermarket-lcd,aftermarket,YES,24.1,EUR,https://www.meintrendyhandy.de/shop/iphone-11-pro-lcd-display-original-qualitat-251731p.html
meintrendyhandy.de,Germany,shop,iphone 14,aftermarket-lcd,aftermarket,YES,34.3,EUR,https://www.meintrendyhandy.de/shop/iphone-14-lcd-display-grad-a-354064p.html
meintrendyhandy.de,Germany,shop,iphone 11 pro max,unknown,aftermarket,YES,8.8,EUR,https://www.meintrendyhandy.de/shop/iphone-11-pro-max-frontkamera-modul-260156p.html
meintrendyhandy.de,Germany,shop,iphone 14 plus,original,A,YES,91.8,EUR,https://www.meintrendyhandy.de/shop/iphone-14-plus-lcd-display-original-qualitat-306025p.html
meintrendyhandy.de,Germany,shop,iphone 16 pro,unknown,aftermarket,YES,2.4,EUR,https://www.meintrendyhandy.de/shop/iphone-16-pro-lautsprechermodul-345429p.html
meintrendyhandy.de,Germany,shop,iphone 16,unknown,aftermarket,YES,8.8,EUR,https://www.meintrendyhandy.de/shop/iphone-16-lautsprechermodul-345431p.html
meintrendyhandy.de,Germany,shop,iphone 14 pro max,original,A,YES,147.2,EUR,https://www.meintrendyhandy.de/shop/iphone-14-pro-max-lcd-display-original-qualitat-306023p.html
meintrendyhandy.de,Germany,shop,iphone x,aftermarket-lcd,aftermarket,YES,19.0,EUR,https://www.meintrendyhandy.de/shop/iphone-x-lcd-display-225309p.html
meintrendyhandy.de,Germany,shop,iphone x,original,A,YES,31.8,EUR,https://www.meintrendyhandy.de/shop/iphone-x-lcd-display-original-qualitat-237079p.html
meintrendyhandy.de,Germany,shop,iphone 14 pro,unknown,aftermarket,YES,63.7,EUR,https://www.meintrendyhandy.de/shop/iphone-14-pro-kameramodul-310718p.html
meintrendyhandy.de,Germany,shop,iphone 16 pro,unknown,aftermarket,YES,8.8,EUR,https://www.meintrendyhandy.de/shop/iphone-16-pro-iphone-16-pro-max-sim-karten-halter-343705p.html
meintrendyhandy.de,Germany,shop,iphone 12 pro max,unknown,aftermarket,YES,16.5,EUR,https://www.meintrendyhandy.de/shop/iphone-12-pro-max-kopfhorer-304901p.html
meintrendyhandy.de,Germany,shop,iphone 11,unknown,aftermarket,YES,16.5,EUR,https://www.meintrendyhandy.de/shop/old-iphone-11-lautsprechermodul-259283p.html
meintrendyhandy.de,Germany,shop,iphone 11,unknown,aftermarket,YES,24.1,EUR,https://www.meintrendyhandy.de/shop/iphone-11-kameramodul-256234p.html
meintrendyhandy.de,Germany,shop,iphone 11 pro max,aftermarket-lcd,aftermarket,YES,24.1,EUR,https://www.meintrendyhandy.de/shop/iphone-11-pro-max-lcd-display-grad-a-354220p.html
meintrendyhandy.de,Germany,shop,iphone 12,unknown,aftermarket,YES,19.0,EUR,https://www.meintrendyhandy.de/shop/iphone-12-pro-ladebuchse-flex-kabel-286067p.html
meintrendyhandy.de,Germany,shop,iphone 13,unknown,aftermarket,YES,22.8,EUR,https://www.meintrendyhandy.de/shop/iphone-13-kameramodul-310698p.html
meintrendyhandy.de,Germany,shop,iphone 12 pro,original,A,YES,100.7,EUR,https://www.meintrendyhandy.de/shop/iphone-12-pro-lcd-display-original-qualitat-270128p.html
meintrendyhandy.de,Germany,shop,iphone 13,aftermarket-lcd,aftermarket,YES,49.4,EUR,https://www.meintrendyhandy.de/shop/iphone-13-lcd-display-grad-a-354115p.html
meintrendyhandy.de,Germany,shop,iphone 13 pro max,aftermarket-lcd,aftermarket,YES,50.9,EUR,https://www.meintrendyhandy.de/shop/iphone-13-pro-max-lcd-display-grad-a-354072p.html
meintrendyhandy.de,Germany,shop,iphone 14 pro,aftermarket-lcd,aftermarket,YES,35.6,EUR,https://www.meintrendyhandy.de/shop/iphone-14-pro-lcd-display-grad-a-354060p.html
meintrendyhandy.de,Germany,shop,iphone 14 plus,aftermarket-lcd,aftermarket,YES,38.2,EUR,https://www.meintrendyhandy.de/shop/old-iphone-14-plus-lcd-display-grad-a-354061p.html
meintrendyhandy.de,Germany,shop,iphone 15,original,A,YES,154.3,EUR,https://www.meintrendyhandy.de/shop/iphone-15-lcd-display-original-qualitat-316532p.html
meintrendyhandy.de,Germany,shop,iphone 14 pro max,aftermarket-lcd,aftermarket,YES,56.0,EUR,https://www.meintrendyhandy.de/shop/iphone-14-pro-max-lcd-display-grad-a-354058p.html
meintrendyhandy.de,Germany,shop,iphone 15 pro,original,A,YES,304.9,EUR,https://www.meintrendyhandy.de/shop/iphone-15-pro-lcd-display-original-qualitat-316520p.html
meintrendyhandy.de,Germany,shop,iphone 13 pro max,unknown,aftermarket,YES,11.4,EUR,https://www.meintrendyhandy.de/shop/old-iphone-13-pro-max-lautsprechermodul-311295p.html
meintrendyhandy.de,Germany,shop,iphone 14 pro,original,A,YES,318.9,EUR,https://www.meintrendyhandy.de/shop/iphone-14-pro-lcd-display-original-qualitat-306022p.html
meintrendyhandy.de,Germany,shop,iphone 15 pro max,aftermarket-lcd,aftermarket,YES,59.9,EUR,https://www.meintrendyhandy.de/shop/iphone-15-pro-max-lcd-display-grad-a-354048p.html
meintrendyhandy.de,Germany,shop,iphone 15,aftermarket-lcd,aftermarket,YES,49.6,EUR,https://www.meintrendyhandy.de/shop/iphone-15-lcd-display-grad-a-354055p.html
meintrendyhandy.de,Germany,shop,iphone 15 plus,original,A,YES,210.4,EUR,https://www.meintrendyhandy.de/shop/iphone-15-plus-lcd-display-original-qualitat-317837p.html
meintrendyhandy.de,Germany,shop,iphone 15 plus,aftermarket-lcd,aftermarket,YES,39.4,EUR,https://www.meintrendyhandy.de/shop/old-iphone-15-plus-lcd-display-grad-a-354053p.html
meintrendyhandy.de,Germany,shop,iphone 15 pro max,original,A,YES,380.2,EUR,https://www.meintrendyhandy.de/shop/iphone-15-pro-max-lcd-display-original-qualitat-316459p.html
meintrendyhandy.de,Germany,shop,iphone 16 pro,original,A,YES,299.8,EUR,https://www.meintrendyhandy.de/shop/iphone-16-pro-lcd-display-original-qualitat-344052p.html
meintrendyhandy.de,Germany,shop,iphone 16 plus,aftermarket-lcd,aftermarket,YES,350.8,EUR,https://www.meintrendyhandy.de/shop/iphone-16-plus-lcd-display-original-qualitat-344275p.html
meintrendyhandy.de,Germany,shop,iphone 16 pro,aftermarket-lcd,aftermarket,YES,172.2,EUR,https://www.meintrendyhandy.de/shop/iphone-16-pro-lcd-display-grad-a-354005p.html
meintrendyhandy.de,Germany,shop,iphone 16 pro max,unknown,aftermarket,YES,12.6,EUR,https://www.meintrendyhandy.de/shop/iphone-16-pro-max-lautsprechermodul-344456p.html
ilevante.com,Spain,shop,iphone 13 pro,unknown,aftermarket,no,22.99,EUR,https://www.ilevante.com/pantalla-completa-para-iphone-13-pro
reparatur-werk.com,Germany,shop,iphone xs,unknown,aftermarket,no,16.9,EUR,https://www.reparatur-werk.com/p/iphone-xs-lautsprecher-reparaturset
reparatur-werk.com,Germany,shop,iphone x,unknown,aftermarket,no,16.9,EUR,https://www.reparatur-werk.com/p/iphone-x-lautsprecher-reparaturset
reparatur-werk.com,Germany,shop,iphone xr,unknown,aftermarket,no,16.9,EUR,https://www.reparatur-werk.com/p/iphone-xr-lautsprecher-set
reparatur-werk.com,Germany,shop,iphone 12 pro max,unknown,aftermarket,no,30.9,EUR,https://www.reparatur-werk.com/p/iphone-12-pro-max-akku
reparatur-werk.com,Germany,shop,iphone 12,unknown,aftermarket,no,6.9,EUR,https://www.reparatur-werk.com/p/iphone-12-panzerglas-echtglas-schutzfolie
reparatur-werk.com,Germany,shop,iphone 13 mini,unknown,aftermarket,no,29.9,EUR,https://www.reparatur-werk.com/p/iphone-13-mini-akku-reparaturset
reparatur-werk.com,Germany,shop,iphone 14,unknown,aftermarket,no,19.9,EUR,https://www.reparatur-werk.com/p/iphone-14-ladebuchse-mit-mikrofon-set
reparatur-werk.com,Germany,shop,iphone 15 plus,unknown,aftermarket,no,35.9,EUR,https://www.reparatur-werk.com/p/iphone-15-plus-frontkamera-reparaturset
reparatur-werk.com,Germany,shop,iphone xs max,unknown,aftermarket,no,16.9,EUR,https://www.reparatur-werk.com/p/iphone-xs-max-lautsprecher-unterer-reparaturset
reparatur-werk.com,Germany,shop,iphone 14 plus,unknown,aftermarket,no,19.9,EUR,https://www.reparatur-werk.com/p/iphone-14-plus-netzschalter-power-taste-flex-kabel-reparaturset
reparatur-werk.com,Germany,shop,iphone 11 pro,unknown,aftermarket,no,49.9,EUR,https://www.reparatur-werk.com/p/iphone-11-pro-hauptkamera-reparaturset
reparatur-werk.com,Germany,shop,iphone 13 pro max,unknown,aftermarket,no,19.9,EUR,https://www.reparatur-werk.com/p/iphone-13-pro-max-lautsprecher-set
reparatur-werk.com,Germany,shop,iphone 15,unknown,aftermarket,no,169.0,EUR,https://www.reparatur-werk.com/p/iphone-15-display-reparaturset
reparatur-werk.com,Germany,shop,iphone 14 pro,original,A,no,24.9,EUR,https://www.reparatur-werk.com/p/iphone-14-pro-original-ladebuchse-dock-connector-set
reparatur-werk.com,Germany,shop,iphone 14 pro max,unknown,aftermarket,no,149.0,EUR,https://www.reparatur-werk.com/p/iphone-14-pro-max-display-reparaturset
reparatur-werk.com,Germany,shop,iphone 12 pro,unknown,aftermarket,no,27.9,EUR,https://www.reparatur-werk.com/p/iphone-12-pro-akku-reparaturset
fixshop.at,Austria,shop,iphone 11,unknown,aftermarket,no,8.27,EUR,https://fixshop.at/
fixshop.at,Austria,shop,iphone 12 pro,aftermarket-lcd,aftermarket,no,2.42,EUR,https://fixshop.at/
fixshop.at,Austria,shop,iphone 12,unknown,aftermarket,no,2.42,EUR,https://fixshop.at/
fixshop.at,Austria,shop,iphone xr,unknown,aftermarket,no,5.83,EUR,https://fixshop.at/
fixshop.at,Austria,shop,iphone xr,unknown,aftermarket,no,3.88,EUR,https://fixshop.at/
mobileparts.ch,Switzerland,shop,iphone 16 pro,original,A,YES,344.0,CHF,https://www.mobileparts.ch/GOGX-PRIME-Service-Pack-fuer-iPhone-16-Pro
mobileparts.ch,Switzerland,shop,iphone 15 pro max,original,A,YES,392.0,CHF,https://www.mobileparts.ch/GOGX-PRIME-Service-Pack-fuer-iPhone-15-Pro-Max
fixshop.at,Austria,shop,iphone x,unknown,aftermarket,no,5.83,EUR,https://fixshop.at/
fixshop.at,Austria,shop,iphone 13,unknown,aftermarket,no,5.83,EUR,https://fixshop.at/
mobileparts.ch,Switzerland,shop,iphone 16,original,A,YES,305.0,CHF,https://www.mobileparts.ch/GOGX-PRIME-Service-Pack-fuer-iPhone-16
mobileparts.ch,Switzerland,shop,iphone 11,pulled,A,YES,41.4,CHF,https://www.mobileparts.ch/GOGX-PULL-fuer-iPhone-11-C11-F7C
mobileparts.ch,Switzerland,shop,iphone 15,pulled,A,YES,145.0,CHF,https://www.mobileparts.ch/GOGX-PULL-mit-Sensorik-fuer-iPhone-15
mobileparts.ch,Switzerland,shop,iphone 14 pro,pulled,A,YES,210.2,CHF,https://www.mobileparts.ch/GOGX-PULL-mit-Sensorik-fuer-iPhone-14-Pro
mobileparts.ch,Switzerland,shop,iphone 16,pulled,A,YES,153.0,CHF,https://www.mobileparts.ch/GOGX-PULL-mit-Sensorik-fuer-iPhone-16
mobileparts.ch,Switzerland,shop,iphone 11,unknown,aftermarket,YES,32.0,CHF,https://www.mobileparts.ch/GOGX-REF-fuer-iPhone-11-C11-F7C
ifixshop.fr,France,shop,iphone 13 pro max,unknown,aftermarket,no,119.9,EUR,https://www.ifixshop.fr/
phonepartner.fr,France,shop,iphone xs max,aftermarket-lcd,aftermarket,no,24.0,EUR,https://phonepartner.fr/10-pieces-detachees-iphone
phonepartner.fr,France,shop,iphone 14,aftermarket-lcd,aftermarket,no,111.0,EUR,https://phonepartner.fr/10-pieces-detachees-iphone
phonepartner.fr,France,shop,iphone 12 pro max,aftermarket-lcd,aftermarket,no,50.0,EUR,https://phonepartner.fr/10-pieces-detachees-iphone
phonepartner.fr,France,shop,iphone 11,unknown,aftermarket,no,15.0,EUR,https://phonepartner.fr/10-pieces-detachees-iphone
phonepartner.fr,France,shop,iphone xr,unknown,aftermarket,no,15.0,EUR,https://phonepartner.fr/10-pieces-detachees-iphone
phonepartner.fr,France,shop,iphone 12 mini,aftermarket-lcd,aftermarket,no,40.0,EUR,https://phonepartner.fr/10-pieces-detachees-iphone
phonepartner.fr,France,shop,iphone 11 pro max,aftermarket-lcd,aftermarket,no,26.0,EUR,https://phonepartner.fr/10-pieces-detachees-iphone
phonepartner.fr,France,shop,iphone 11 pro,aftermarket-lcd,aftermarket,no,28.0,EUR,https://phonepartner.fr/10-pieces-detachees-iphone
phonepartner.fr,France,shop,iphone 14,aftermarket-hard-oled,aftermarket,no,184.0,EUR,https://phonepartner.fr/10-pieces-detachees-iphone
phonepartner.fr,France,shop,iphone 13,aftermarket-lcd,aftermarket,no,46.0,EUR,https://phonepartner.fr/10-pieces-detachees-iphone
phonepartner.fr,France,shop,iphone 11 pro,aftermarket-hard-oled,aftermarket,no,38.0,EUR,https://phonepartner.fr/10-pieces-detachees-iphone
phonepartner.fr,France,shop,iphone xs max,aftermarket-hard-oled,aftermarket,no,39.0,EUR,https://phonepartner.fr/10-pieces-detachees-iphone
phonepartner.fr,France,shop,iphone 12 mini,aftermarket-hard-oled,aftermarket,no,56.0,EUR,https://phonepartner.fr/10-pieces-detachees-iphone
phonepartner.fr,France,shop,iphone 11,aftermarket-soft-oled,aftermarket,no,70.0,EUR,https://phonepartner.fr/10-pieces-detachees-iphone
phonepartner.fr,France,shop,iphone xs,aftermarket-hard-oled,aftermarket,no,28.0,EUR,https://phonepartner.fr/10-pieces-detachees-iphone
phonepartner.fr,France,shop,iphone 13,unknown,aftermarket,no,20.0,EUR,https://phonepartner.fr/10-pieces-detachees-iphone
phonepartner.fr,France,shop,iphone 13 pro,unknown,aftermarket,no,19.0,EUR,https://phonepartner.fr/10-pieces-detachees-iphone
phonepartner.fr,France,shop,iphone 13 pro max,unknown,aftermarket,no,19.0,EUR,https://phonepartner.fr/10-pieces-detachees-iphone
phonepartner.fr,France,shop,iphone xs,aftermarket-soft-oled,aftermarket,no,57.0,EUR,https://phonepartner.fr/10-pieces-detachees-iphone
phonepartner.fr,France,shop,iphone 11 pro,aftermarket-soft-oled,aftermarket,no,62.0,EUR,https://phonepartner.fr/10-pieces-detachees-iphone
phonepartner.fr,France,shop,iphone 12,aftermarket-soft-oled,aftermarket,no,93.0,EUR,https://phonepartner.fr/10-pieces-detachees-iphone
phonepartner.fr,France,shop,iphone 11 pro max,unknown,aftermarket,no,11.0,EUR,https://phonepartner.fr/10-pieces-detachees-iphone
phonepartner.fr,France,shop,iphone xs max,unknown,aftermarket,no,9.0,EUR,https://phonepartner.fr/10-pieces-detachees-iphone
phonepartner.fr,France,shop,iphone 11 pro,unknown,aftermarket,no,13.0,EUR,https://phonepartner.fr/10-pieces-detachees-iphone
phonepartner.fr,France,shop,iphone xs,unknown,aftermarket,no,10.0,EUR,https://phonepartner.fr/10-pieces-detachees-iphone
phonepartner.fr,France,shop,iphone x,unknown,aftermarket,no,9.0,EUR,https://phonepartner.fr/10-pieces-detachees-iphone
pieces2mobile.com,France,shop,iphone 14,unknown,aftermarket,no,345.0,EUR,https://www.pieces2mobile.com/
phonepartner.fr,France,shop,iphone 14,unknown,aftermarket,no,55.0,EUR,https://phonepartner.fr/10-pieces-detachees-iphone
pieces2mobile.com,France,shop,iphone 15,unknown,aftermarket,no,465.0,EUR,https://www.pieces2mobile.com/
pieces2mobile.com,France,shop,iphone 14,unknown,aftermarket,no,22.8,EUR,https://www.pieces2mobile.com/
macinfo.fr,France,shop,iphone xs,unknown,aftermarket,no,29.0,EUR,https://macinfo.fr/pieces-detachees-apple
restorephone.fr,France,shop,iphone 12 pro,unknown,aftermarket,no,340.0,EUR,https://restorephone.fr/reconditionnes/5838-iphone-12-pro-128go-grade-a-mix-couleur-3701381400584.html
lapommediscount.com,France,shop,iphone 12,unknown,aftermarket,no,20.0,EUR,https://www.lapommediscount.com/replayce-fournisseur-francais-pieces-detachees-votre-espace-pro.htm
iservices.fr,France,shop,iphone 15 pro,unknown,aftermarket,no,619.9,EUR,https://boutique.iservices.fr/
lifone.store,France,shop,iphone 14,unknown,aftermarket,no,368.0,EUR,https://lifone.store/
iservices.fr,France,shop,iphone 14,unknown,aftermarket,no,285.75,EUR,https://boutique.iservices.fr/
lifone.store,France,shop,iphone 15,unknown,aftermarket,no,489.0,EUR,https://lifone.store/
lifone.store,France,shop,iphone 14,unknown,aftermarket,no,1019.0,EUR,https://lifone.store/
lifone.store,France,shop,iphone 15,unknown,aftermarket,no,480.0,EUR,https://lifone.store/
lifone.store,France,shop,iphone 15,unknown,aftermarket,no,48.0,EUR,https://lifone.store/
lifone.store,France,shop,iphone 15,unknown,aftermarket,no,969.0,EUR,https://lifone.store/
lifone.store,France,shop,iphone 14,unknown,aftermarket,no,651.0,EUR,https://lifone.store/
lifone.store,France,shop,iphone 16,unknown,aftermarket,no,340.0,EUR,https://lifone.store/
lifone.store,France,shop,iphone 16,unknown,aftermarket,no,629.0,EUR,https://lifone.store/
lifone.store,France,shop,iphone 15 pro,unknown,aftermarket,no,579.0,EUR,https://lifone.store/
lifone.store,France,shop,iphone 16,unknown,aftermarket,no,969.0,EUR,https://lifone.store/
lifone.store,France,shop,iphone 16 pro,unknown,aftermarket,no,485.0,EUR,https://lifone.store/
lifone.store,France,shop,iphone 16 pro,unknown,aftermarket,no,1229.0,EUR,https://lifone.store/
thescreensurgery.com,UK,shop,iphone 15,aftermarket-lcd,aftermarket,no,26.95,EUR,https://thescreensurgery.com/products/for-iphone-15-value-lcd?variant=40675168845918
repuestosparatumovil.es,Spain,shop,iphone 16,aftermarket-soft-oled,aftermarket,no,60.0,EUR,https://repuestosparatumovil.es/
repuestosparatumovil.es,Spain,shop,iphone 13 mini,aftermarket-incell,aftermarket,no,35.0,EUR,https://repuestosparatumovil.es/
repuestosparatumovil.es,Spain,shop,iphone 14 plus,unknown,aftermarket,no,15.0,EUR,https://repuestosparatumovil.es/
iphoneweb.es,Spain,shop,iphone x,unknown,aftermarket,no,14.99,EUR,https://iphoneweb.es/
repuestosparatumovil.es,Spain,shop,iphone 14 pro max,unknown,aftermarket,no,1.82,EUR,https://repuestosparatumovil.es/
thescreensurgery.com,UK,shop,iphone 16,aftermarket-soft-oled,aftermarket,no,53.95,GBP,https://thescreensurgery.com/products/for-iphone-16-value-soft-oled
iphoneweb.es,Spain,shop,iphone 13 pro max,refurb,A,no,650.27,EUR,https://iphoneweb.es/
iphoneweb.es,Spain,shop,iphone 11,unknown,aftermarket,no,12.99,EUR,https://iphoneweb.es/
iphoneweb.es,Spain,shop,iphone 14 plus,refurb,A,no,580.0,EUR,https://iphoneweb.es/
iphoneweb.es,Spain,shop,iphone 13 mini,refurb,A,no,424.83,EUR,https://iphoneweb.es/
iphoneweb.es,Spain,shop,iphone 11 pro max,refurb,A,no,423.15,EUR,https://iphoneweb.es/
techcomponentes.com,Portugal,shop,iphone 16,unknown,aftermarket,no,57.0,EUR,https://www.techcomponentes.com/pt/23-pecas-de-reposicao-iphone
iphoneweb.es,Spain,shop,iphone 12 mini,refurb,A,no,360.78,EUR,https://iphoneweb.es/
iphoneweb.es,Spain,shop,iphone 14 pro max,refurb,A,no,1101.88,EUR,https://iphoneweb.es/
iservices.pt,Portugal,shop,iphone 15 pro,unknown,aftermarket,no,456.5,EUR,https://iservices.pt/
iphoneweb.es,Spain,shop,iphone 11 pro,refurb,A,no,374.79,EUR,https://iphoneweb.es/
iservices.pt,Portugal,shop,iphone 14,unknown,aftermarket,no,281.73,EUR,https://iservices.pt/
purplee.pt,Portugal,shop,iphone 16 pro,unknown,aftermarket,no,799.9,EUR,https://purplee.pt/
purplee.pt,Portugal,shop,iphone 16 plus,unknown,aftermarket,no,699.9,EUR,https://purplee.pt/
iservices.pt,Portugal,shop,iphone 15 pro,unknown,aftermarket,no,611.07,EUR,https://iservices.pt/
purplee.pt,Portugal,shop,iphone 16,unknown,aftermarket,no,684.9,EUR,https://purplee.pt/
iphoneweb.es,Spain,shop,iphone 15,unknown,aftermarket,no,24.99,EUR,https://iphoneweb.es/
iphoneweb.es,Spain,shop,iphone 13,original,A,no,12.99,EUR,https://iphoneweb.es/
iphoneweb.es,Spain,shop,iphone 16,unknown,aftermarket,no,27.99,EUR,https://iphoneweb.es/
iswitch.pt,Portugal,shop,iphone 16 pro max,unknown,aftermarket,no,1099.0,EUR,https://www.iswitch.pt/
ioutlet.pt,Portugal,shop,iphone 13,unknown,aftermarket,no,450.0,EUR,https://ioutlet.pt/substituicao-e-reparacao-do-ecra-do-iphone/
iswitch.pt,Portugal,shop,iphone 16e,unknown,aftermarket,no,559.0,EUR,https://www.iswitch.pt/
iswitch.pt,Portugal,shop,iphone x,unknown,aftermarket,no,41.99,EUR,https://www.iswitch.pt/
moxedostore.com,Italy,shop,iphone 15,refurb,A,no,500.0,EUR,https://www.moxedostore.com/
iswitch.pt,Portugal,shop,iphone x,aftermarket-lcd,aftermarket,no,59.99,EUR,https://www.iswitch.pt/
iswitch.pt,Portugal,shop,iphone 11,unknown,aftermarket,no,53.99,EUR,https://www.iswitch.pt/
moxedostore.com,Italy,shop,iphone 14 plus,unknown,aftermarket,no,40.0,EUR,https://www.moxedostore.com/
moxedostore.com,Italy,shop,iphone 14,unknown,aftermarket,no,18.0,EUR,https://www.moxedostore.com/
moxedostore.com,Italy,shop,iphone 14,refurb,A,no,320.0,EUR,https://www.moxedostore.com/
phoneassist.net,Italy,shop,iphone 13 pro max,unknown,aftermarket,no,35.09,EUR,https://www.phoneassist.net/it/ricambi-telefonia/iphone/
moxedostore.com,Italy,shop,iphone 14 pro,unknown,aftermarket,no,84.0,EUR,https://www.moxedostore.com/
phoneassist.net,Italy,shop,iphone 13,aftermarket-incell,aftermarket,no,145.39,EUR,https://www.phoneassist.net/it/ricambi-telefonia/iphone/
phoneassist.net,Italy,shop,iphone 12 pro max,aftermarket-incell,aftermarket,no,115.39,EUR,https://www.phoneassist.net/it/ricambi-telefonia/iphone/
phoneassist.net,Italy,shop,iphone 12 pro,unknown,aftermarket,no,71.39,EUR,https://www.phoneassist.net/it/ricambi-telefonia/iphone/
phoneassist.net,Italy,shop,iphone xs,unknown,aftermarket,no,52.55,EUR,https://www.phoneassist.net/it/ricambi-telefonia/iphone/
phoneassist.net,Italy,shop,iphone 12 pro,aftermarket-hard-oled,aftermarket,no,94.39,EUR,https://www.phoneassist.net/it/ricambi-telefonia/iphone/
phoneassist.net,Italy,shop,iphone xs max,unknown,aftermarket,no,2.69,EUR,https://www.phoneassist.net/it/ricambi-telefonia/iphone/
phoneassist.net,Italy,shop,iphone 11 pro,unknown,aftermarket,no,5.39,EUR,https://www.phoneassist.net/it/ricambi-telefonia/iphone/
phoneassist.net,Italy,shop,iphone 11 pro max,aftermarket-hard-oled,aftermarket,no,84.39,EUR,https://www.phoneassist.net/it/ricambi-telefonia/iphone/
phoneassist.net,Italy,shop,iphone x,unknown,aftermarket,no,2.69,EUR,https://www.phoneassist.net/it/ricambi-telefonia/iphone/
netfix.tech,Italy,shop,iphone 16 pro max,aftermarket-oled,aftermarket,no,279.0,EUR,https://www.netfix.tech/servizi/riparazione-schermo
netfix.tech,Italy,shop,iphone 11,unknown,aftermarket,no,399.0,EUR,https://www.netfix.tech/servizi/riparazione-schermo
netfix.tech,Italy,shop,iphone 16 pro,aftermarket-oled,aftermarket,no,239.0,EUR,https://www.netfix.tech/servizi/riparazione-schermo
netfix.tech,Italy,shop,iphone 16 pro max,aftermarket-oled,aftermarket,no,489.0,EUR,https://www.netfix.tech/servizi/riparazione-schermo
netfix.tech,Italy,shop,iphone 16 pro,aftermarket-oled,aftermarket,no,405.0,EUR,https://www.netfix.tech/servizi/riparazione-schermo
netfix.tech,Italy,shop,iphone 16e,aftermarket-oled,aftermarket,no,149.0,EUR,https://www.netfix.tech/servizi/riparazione-schermo
netfix.tech,Italy,shop,iphone 16e,aftermarket-oled,aftermarket,no,269.0,EUR,https://www.netfix.tech/servizi/riparazione-schermo
netfix.tech,Italy,shop,iphone 16 plus,aftermarket-oled,aftermarket,no,214.0,EUR,https://www.netfix.tech/servizi/riparazione-schermo
netfix.tech,Italy,shop,iphone 16 pro max,aftermarket-oled,aftermarket,no,405.0,EUR,https://www.netfix.tech/servizi/riparazione-schermo
netfix.tech,Italy,shop,iphone 11,unknown,aftermarket,no,489.0,EUR,https://www.netfix.tech/servizi/riparazione-schermo
netfix.tech,Italy,shop,iphone 16e,aftermarket-oled,aftermarket,no,489.0,EUR,https://www.netfix.tech/servizi/riparazione-schermo
netfix.tech,Italy,shop,iphone 15 pro max,aftermarket-oled,aftermarket,no,209.0,EUR,https://www.netfix.tech/servizi/riparazione-schermo
netfix.tech,Italy,shop,iphone 15 plus,aftermarket-oled,aftermarket,no,339.0,EUR,https://www.netfix.tech/servizi/riparazione-schermo
netfix.tech,Italy,shop,iphone 14 pro max,aftermarket-oled,aftermarket,no,189.0,EUR,https://www.netfix.tech/servizi/riparazione-schermo
netfix.tech,Italy,shop,iphone 15 pro max,aftermarket-oled,aftermarket,no,405.0,EUR,https://www.netfix.tech/servizi/riparazione-schermo
netfix.tech,Italy,shop,iphone 15 pro,aftermarket-oled,aftermarket,no,169.0,EUR,https://www.netfix.tech/servizi/riparazione-schermo
netfix.tech,Italy,shop,iphone 15,aftermarket-oled,aftermarket,no,239.0,EUR,https://www.netfix.tech/servizi/riparazione-schermo
netfix.tech,Italy,shop,iphone 14 pro,aftermarket-oled,aftermarket,no,134.0,EUR,https://www.netfix.tech/servizi/riparazione-schermo
netfix.tech,Italy,shop,iphone 14 pro max,aftermarket-oled,aftermarket,no,405.0,EUR,https://www.netfix.tech/servizi/riparazione-schermo
netfix.tech,Italy,shop,iphone 14,aftermarket-oled,aftermarket,no,189.0,EUR,https://www.netfix.tech/servizi/riparazione-schermo
netfix.tech,Italy,shop,iphone 14,aftermarket-oled,aftermarket,no,405.0,EUR,https://www.netfix.tech/servizi/riparazione-schermo
netfix.tech,Italy,shop,iphone 14 plus,aftermarket-oled,aftermarket,no,119.0,EUR,https://www.netfix.tech/servizi/riparazione-schermo
netfix.tech,Italy,shop,iphone 13 pro max,aftermarket-oled,aftermarket,no,184.0,EUR,https://www.netfix.tech/servizi/riparazione-schermo
netfix.tech,Italy,shop,iphone 12 pro max,aftermarket-oled,aftermarket,no,114.0,EUR,https://www.netfix.tech/servizi/riparazione-schermo
netfix.tech,Italy,shop,iphone 13 mini,aftermarket-oled,aftermarket,no,114.0,EUR,https://www.netfix.tech/servizi/riparazione-schermo
netfix.tech,Italy,shop,iphone 12 mini,aftermarket-oled,aftermarket,no,109.0,EUR,https://www.netfix.tech/servizi/riparazione-schermo
netfix.tech,Italy,shop,iphone 13 mini,aftermarket-oled,aftermarket,no,134.0,EUR,https://www.netfix.tech/servizi/riparazione-schermo
netfix.tech,Italy,shop,iphone 13 mini,aftermarket-oled,aftermarket,no,269.0,EUR,https://www.netfix.tech/servizi/riparazione-schermo
netfix.tech,Italy,shop,iphone 13 pro,aftermarket-oled,aftermarket,no,339.0,EUR,https://www.netfix.tech/servizi/riparazione-schermo
netfix.tech,Italy,shop,iphone 12 mini,aftermarket-oled,aftermarket,no,129.0,EUR,https://www.netfix.tech/servizi/riparazione-schermo
netfix.tech,Italy,shop,iphone 12 pro,aftermarket-oled,aftermarket,no,339.0,EUR,https://www.netfix.tech/servizi/riparazione-schermo
netfix.tech,Italy,shop,iphone 12 mini,aftermarket-oled,aftermarket,no,239.0,EUR,https://www.netfix.tech/servizi/riparazione-schermo
netfix.tech,Italy,shop,iphone 11 pro,aftermarket-oled,aftermarket,no,74.0,EUR,https://www.netfix.tech/servizi/riparazione-schermo
netfix.tech,Italy,shop,iphone 11 pro,aftermarket-oled,aftermarket,no,239.0,EUR,https://www.netfix.tech/servizi/riparazione-schermo
netfix.tech,Italy,shop,iphone 11 pro max,aftermarket-oled,aftermarket,no,239.0,EUR,https://www.netfix.tech/servizi/riparazione-schermo
netfix.tech,Italy,shop,iphone 11 pro max,aftermarket-oled,aftermarket,no,109.0,EUR,https://www.netfix.tech/servizi/riparazione-schermo
netfix.tech,Italy,shop,iphone 12 pro,aftermarket-oled,aftermarket,no,99.0,EUR,https://www.netfix.tech/servizi/riparazione-schermo
netfix.tech,Italy,shop,iphone 11,aftermarket-lcd,aftermarket,no,79.0,EUR,https://www.netfix.tech/servizi/riparazione-schermo
netfix.tech,Italy,shop,iphone 16,unknown,aftermarket,no,214.0,EUR,https://www.netfix.tech/servizi/riparazione-schermo
netfix.tech,Italy,shop,iphone 13,unknown,aftermarket,no,104.0,EUR,https://www.netfix.tech/servizi/riparazione-schermo
netfix.tech,Italy,shop,iphone 13,aftermarket-oled,aftermarket,no,339.0,EUR,https://www.netfix.tech/servizi/riparazione-schermo
web-sm.it,Italy,shop,iphone 11 pro max,unknown,aftermarket,no,1.55,EUR,https://web-sm.it/marchi/apple.html
web-sm.it,Italy,shop,iphone 11 pro,unknown,aftermarket,no,1.55,EUR,https://web-sm.it/marchi/apple.html
smartexstore.it,Italy,shop,iphone xs,unknown,aftermarket,no,6.34,EUR,https://www.smartexstore.it/b2b/
smartexstore.it,Italy,shop,iphone xs max,unknown,aftermarket,no,6.34,EUR,https://www.smartexstore.it/b2b/
web-sm.it,Italy,shop,iphone 11,unknown,aftermarket,no,1.55,EUR,https://web-sm.it/marchi/apple.html
smartexstore.it,Italy,shop,iphone 11,unknown,aftermarket,no,6.34,EUR,https://www.smartexstore.it/b2b/
al-gsm.pl,Poland,shop,iphone 11,unknown,aftermarket,no,15.01,PLN,https://www.al-gsm.pl/czesci-serwisowe-iphone-c-4357_4621.html
fonparts.pl,Poland,shop,iphone 16 pro max,aftermarket-soft-oled,aftermarket,no,480.0,PLN,https://fonparts.pl/pl/c/Wyswietlacze/59
smartexstore.it,Italy,shop,iphone 11 pro max,unknown,aftermarket,no,6.34,EUR,https://www.smartexstore.it/b2b/
smartexstore.it,Italy,shop,iphone 11 pro,unknown,aftermarket,no,6.34,EUR,https://www.smartexstore.it/b2b/
fonparts.pl,Poland,shop,iphone 16,glass-changed,A,no,16.22,PLN,https://fonparts.pl/pl/c/Wyswietlacze/59
al-gsm.pl,Poland,shop,iphone xs,unknown,aftermarket,no,24.39,PLN,https://www.al-gsm.pl/czesci-serwisowe-iphone-c-4357_4621.html
al-gsm.pl,Poland,shop,iphone 11,unknown,aftermarket,no,12.2,PLN,https://www.al-gsm.pl/czesci-serwisowe-iphone-c-4357_4621.html
al-gsm.pl,Poland,shop,iphone x,unknown,aftermarket,no,16.26,PLN,https://www.al-gsm.pl/czesci-serwisowe-iphone-c-4357_4621.html
al-gsm.pl,Poland,shop,iphone 11 pro,unknown,aftermarket,no,14.0,PLN,https://www.al-gsm.pl/czesci-serwisowe-iphone-c-4357_4621.html
fixservis.sk,Slovakia,shop,iphone 11,unknown,aftermarket,no,22.98,,https://www.fixservis.sk/nahradne-displeje-iphone/
fixservis.sk,Slovakia,shop,iphone 12 mini,aftermarket-incell,aftermarket,no,25.98,,https://www.fixservis.sk/nahradne-displeje-iphone/
fixservis.sk,Slovakia,shop,iphone xr,unknown,aftermarket,no,15.98,,https://www.fixservis.sk/nahradne-displeje-iphone/
fixservis.sk,Slovakia,shop,iphone x,unknown,aftermarket,no,16.98,,https://www.fixservis.sk/nahradne-displeje-iphone/
fixservis.sk,Slovakia,shop,iphone 11,aftermarket-incell,aftermarket,no,19.98,,https://www.fixservis.sk/nahradne-displeje-iphone/
fixservis.sk,Slovakia,shop,iphone xr,aftermarket-incell,aftermarket,no,17.98,,https://www.fixservis.sk/nahradne-displeje-iphone/
fixservis.sk,Slovakia,shop,iphone xs,unknown,aftermarket,no,15.98,,https://www.fixservis.sk/nahradne-displeje-iphone/
fixservis.sk,Slovakia,shop,iphone 12 pro max,aftermarket-incell,aftermarket,no,21.98,,https://www.fixservis.sk/nahradne-displeje-iphone/
fixservis.sk,Slovakia,shop,iphone 12,aftermarket-incell,aftermarket,no,18.98,,https://www.fixservis.sk/nahradne-displeje-iphone/
fixservis.sk,Slovakia,shop,iphone 11 pro,unknown,aftermarket,no,24.98,,https://www.fixservis.sk/nahradne-displeje-iphone/
fixservis.sk,Slovakia,shop,iphone 13,aftermarket-incell,aftermarket,no,27.98,,https://www.fixservis.sk/nahradne-displeje-iphone/
fixservis.sk,Slovakia,shop,iphone 12 mini,unknown,aftermarket,no,32.98,,https://www.fixservis.sk/nahradne-displeje-iphone/
fixservis.sk,Slovakia,shop,iphone 13,aftermarket-incell,aftermarket,no,23.98,,https://www.fixservis.sk/nahradne-displeje-iphone/
fixservis.sk,Slovakia,shop,iphone 13 pro max,unknown,aftermarket,no,59.98,,https://www.fixservis.sk/nahradne-displeje-iphone/
fixservis.sk,Slovakia,shop,iphone 13,aftermarket-soft-oled,aftermarket,no,64.98,,https://www.fixservis.sk/nahradne-displeje-iphone/
fixservis.sk,Slovakia,shop,iphone 11 pro,aftermarket-incell,aftermarket,no,19.98,,https://www.fixservis.sk/nahradne-displeje-iphone/
fixservis.sk,Slovakia,shop,iphone 13 mini,unknown,aftermarket,no,34.98,,https://www.fixservis.sk/nahradne-displeje-iphone/
smartstores.sk,Slovakia,shop,iphone 13 mini,unknown,aftermarket,no,2.5,,https://www.smartstores.sk/
smartstores.sk,Slovakia,shop,iphone 15,original,A,no,24.9,,https://www.smartstores.sk/
ch-ios.ro,Romania,shop,iphone x,aftermarket-incell,aftermarket,YES,125.0,RON,https://www.ch-ios.ro/display-uri-si-touchscreen-iphone/display-cu-touchscreen-și-ramă-iphone-x-oled-original-reconditionat-1495.html
ch-ios.ro,Romania,shop,iphone xs max,aftermarket-incell,aftermarket,YES,141.0,RON,https://www.ch-ios.ro/display-uri-si-touchscreen-iphone/display-cu-touchscreen-și-ramă-iphone-xs-max-oled-original-reconditionat-1497.html
ch-ios.ro,Romania,shop,iphone 12 pro max,aftermarket-soft-oled,aftermarket,YES,255.0,RON,https://www.ch-ios.ro/display-uri-si-touchscreen-iphone/display-cu-touchscreen-și-ramă-iphone-12-pro-max-oled-original-reconditionat-1613.html
moka-gsm.ro,Romania,shop,iphone 14,aftermarket-incell,aftermarket,YES,124.2,RON,https://www.moka-gsm.ro/display-uri-si-touchscreen-uri/ecran-display-iphone-14-hd-incell-kd-small-notch.html
moka-gsm.ro,Romania,shop,iphone 12 pro,aftermarket-incell,aftermarket,YES,106.81,RON,https://www.moka-gsm.ro/display-uri-si-touchscreen-uri/ecran-display-iphone-12-iphone-12-pro-incell.html
moka-gsm.ro,Romania,shop,iphone xr,aftermarket-incell,aftermarket,YES,86.94,RON,https://www.moka-gsm.ro/display-uri-si-touchscreen-uri/ecran-display-iphone-xr-original.html
ch-ios.ro,Romania,shop,iphone 15,refurb,A,YES,841.0,RON,https://www.ch-ios.ro/display-uri-si-touchscreen-iphone/display-cu-touchscreen-și-ramă-iphone-15-1617.html
ch-ios.ro,Romania,shop,iphone 13 pro max,aftermarket-incell,aftermarket,YES,230.0,RON,https://www.ch-ios.ro/display-uri-si-touchscreen-iphone/display-cu-touchscreen-și-ramă-iphone-13-pro-max-oled-original-reconditionat-1615.html
moka-gsm.ro,Romania,shop,iphone 14 pro,aftermarket-incell,aftermarket,YES,149.04,RON,https://www.moka-gsm.ro/display-uri-si-touchscreen-uri/ecran-display-iphone-14-pro-incell-compatibil-kw.html
ch-ios.ro,Romania,shop,iphone xs,aftermarket-incell,aftermarket,YES,125.0,RON,https://www.ch-ios.ro/display-uri-si-touchscreen-iphone/display-cu-touchscreen-și-ramă-iphone-xs-oled-original-reconditionat-1496.html
ch-ios.ro,Romania,shop,iphone 12 pro,aftermarket-incell,aftermarket,YES,161.0,RON,https://www.ch-ios.ro/display-uri-si-touchscreen-iphone/display-cu-touchscreen-și-ramă-iphone-12-12-pro-oled-original-reconditionat-1498.html
ch-ios.ro,Romania,shop,iphone 11 pro max,aftermarket-incell,aftermarket,YES,145.0,RON,https://www.ch-ios.ro/display-uri-si-touchscreen-iphone/display-cu-touchscreen-și-ramă-iphone-11-pro-max-oled-original-reconditionat-1611.html
moka-gsm.ro,Romania,shop,iphone 15,aftermarket-incell,aftermarket,YES,111.78,RON,https://www.moka-gsm.ro/display-uri-si-touchscreen-uri/ecran-display-iphone-15-hd-incell.html
ch-ios.ro,Romania,shop,iphone 16,refurb,A,YES,950.0,RON,https://www.ch-ios.ro/display-uri-si-touchscreen-iphone/display-cu-touchscreen-și-ramă-iphone-16-original-reconditionat.html
ch-ios.ro,Romania,shop,iphone 14 pro max,refurb,A,YES,1216.0,RON,https://www.ch-ios.ro/display-uri-si-touchscreen-iphone/display-cu-touchscreen-și-ramă-iphone-14-pro-max-aftermarket-soft-oled-1468.html
ch-ios.ro,Romania,shop,iphone 15,aftermarket-soft-oled,aftermarket,YES,420.0,RON,https://www.ch-ios.ro/display-uri-si-touchscreen-iphone/display-cu-touchscreen-și-ramă-iphone-15.html
ch-ios.ro,Romania,shop,iphone 15 pro,aftermarket-soft-oled,aftermarket,YES,485.0,RON,https://www.ch-ios.ro/display-uri-si-touchscreen-iphone/display-cu-touchscreen-și-ramă-iphone-15-pro-1473.html
ch-ios.ro,Romania,shop,iphone 15 pro,refurb,A,YES,1185.0,RON,https://www.ch-ios.ro/display-uri-si-touchscreen-iphone/display-cu-touchscreen-și-ramă-iphone-15-pro.html
ch-ios.ro,Romania,shop,iphone 15 plus,refurb,A,YES,877.0,RON,https://www.ch-ios.ro/display-uri-si-touchscreen-iphone/display-cu-touchscreen-și-ramă-iphone-15-plus.html
ch-ios.ro,Romania,shop,iphone 14 plus,refurb,A,YES,691.0,RON,https://www.ch-ios.ro/display-uri-si-touchscreen-iphone/display-cu-touchscreen-și-ramă-iphone-14-plus-1466.html
ch-ios.ro,Romania,shop,iphone 14 pro,aftermarket-soft-oled,aftermarket,YES,400.0,RON,https://www.ch-ios.ro/display-uri-si-touchscreen-iphone/display-cu-touchscreen-și-ramă-iphone-14-pro-aftermarket-soft-oled.html
ch-ios.ro,Romania,shop,iphone 14 pro,refurb,A,YES,800.0,RON,https://www.ch-ios.ro/display-uri-si-touchscreen-iphone/display-cu-touchscreen-și-ramă-iphone-14-pro-aftermarket-soft-oled-1464.html
ch-ios.ro,Romania,shop,iphone 14,refurb,A,YES,465.0,RON,https://www.ch-ios.ro/display-uri-si-touchscreen-iphone/display-cu-touchscreen-și-ramă-iphone-14-soft-oled-1069.html
ch-ios.ro,Romania,shop,iphone 14,aftermarket-soft-oled,aftermarket,YES,340.0,RON,https://www.ch-ios.ro/display-uri-si-touchscreen-iphone/display-cu-touchscreen-și-ramă-iphone-14-soft-oled.html
ch-ios.ro,Romania,shop,iphone 11 pro max,aftermarket-soft-oled,aftermarket,YES,304.0,RON,https://www.ch-ios.ro/display-uri-si-touchscreen-iphone/display-cu-touchscreen-și-ramă-iphone-11-pro-max-oled-original-reconditionat-813.html
ch-ios.ro,Romania,shop,iphone 13 mini,refurb,A,YES,679.0,RON,https://www.ch-ios.ro/display-uri-si-touchscreen-iphone/display-cu-touchscreen-și-ramă-iphone-13-mini-original-reconditionat.html
ch-ios.ro,Romania,shop,iphone 12 mini,aftermarket-hard-oled,aftermarket,YES,195.0,RON,https://www.ch-ios.ro/display-uri-si-touchscreen-iphone/display-cu-touchscreen-și-ramă-iphone-12-mini-oled-original-reconditionat-811.html
g-sp.se,Sweden,shop,iphone xs max,unknown,aftermarket,YES,169.0,SEK,https://www.g-sp.se/privat/rv-battery-iphone-xs-max-3230mah-premium.html
ch-ios.ro,Romania,shop,iphone 13 mini,aftermarket-hard-oled,aftermarket,YES,195.0,RON,https://www.ch-ios.ro/display-uri-si-touchscreen-iphone/display-cu-touchscreen-și-ramă-iphone-13-mini-original-reconditionat-1097.html
ch-ios.ro,Romania,shop,iphone 11 pro,aftermarket-hard-oled,aftermarket,YES,135.0,RON,https://www.ch-ios.ro/display-uri-si-touchscreen-iphone/display-cu-touchscreen-și-ramă-iphone-11-pro-oled-original-reconditionat-849.html
ch-ios.ro,Romania,shop,iphone 12 pro max,refurb,A,YES,685.0,RON,https://www.ch-ios.ro/display-uri-si-touchscreen-iphone/display-cu-touchscreen-și-ramă-iphone-12-pro-max-oled-original-reconditionat.html
celo.ro,Romania,shop,iphone 14 pro max,aftermarket-soft-oled,aftermarket,YES,399.0,RON,https://www.celo.ro/display-iphone/display-soft-oled-iphone-14-pro-max-120hz-diagnostic-recunoscut-de-ios-garantie-12-luni.html
celo.ro,Romania,shop,iphone 12,unknown,aftermarket,YES,129.0,RON,https://www.celo.ro/display-iphone/display-iphone-xs-max-ltps-premium-garantie-12-luni.html
celo.ro,Romania,shop,iphone 12,refurb,A,YES,149.0,RON,https://www.celo.ro/display-iphone/display-original-refurbished-pentru-iphone-11.html
ch-ios.ro,Romania,shop,iphone 12 mini,refurb,A,YES,425.0,RON,https://www.ch-ios.ro/display-uri-si-touchscreen-iphone/display-cu-touchscreen-și-ramă-iphone-12-mini-oled-original-reconditionat.html
celo.ro,Romania,shop,iphone 12,unknown,aftermarket,YES,109.0,RON,https://www.celo.ro/display-iphone/display-iphone-11-pro-ltps-garantie-12-luni.html
celo.ro,Romania,shop,iphone 12,refurb,A,YES,209.0,RON,https://www.celo.ro/display-iphone/display-original-folosit-pentru-iphone-xs.html
celo.ro,Romania,shop,iphone 12,refurb,A,YES,119.0,RON,https://www.celo.ro/display-iphone/display-original-folosit-pentru-iphone-8-se-2-2020-se-3-2022.html
celo.ro,Romania,shop,iphone 15,aftermarket-soft-oled,aftermarket,YES,299.0,RON,https://www.celo.ro/display-iphone/display-soft-oled-iphone-15-garantie-12-luni.html
celo.ro,Romania,shop,iphone 13,aftermarket-soft-oled,aftermarket,YES,249.0,RON,https://www.celo.ro/display-iphone/display-iphone-13-soft-oled-suporta-schimbare-de-ic.html
celo.ro,Romania,shop,iphone 12,refurb,A,YES,169.0,RON,https://www.celo.ro/display-iphone/display-original-folosit-pentru-iphone-xr.html
celo.ro,Romania,shop,iphone 15 pro,aftermarket-soft-oled,aftermarket,YES,499.0,RON,https://www.celo.ro/display-iphone/display-soft-oled-iphone-15-pro-120hz-cu-diagnoza-garantie-12-luni.html
celo.ro,Romania,shop,iphone 12,refurb,A,YES,239.0,RON,https://www.celo.ro/display-iphone/display-original-folosit-pentru-iphone-x.html
touchscreen.bg,Bulgaria,shop,iphone xs,unknown,aftermarket,no,270.0,BGN,https://touchscreen.bg/komplekt-tach-s-ekran/komplekt-tach-s-ekran-apple
celo.ro,Romania,shop,iphone 11 pro,refurb,A,YES,249.0,RON,https://www.celo.ro/display-iphone/display-original-refurbished-pentru-iphone-11-pro.html
celo.ro,Romania,shop,iphone 12,refurb,A,YES,289.0,RON,https://www.celo.ro/display-iphone/display-original-refurbished-pentru-iphone-12-12-pro.html
celo.ro,Romania,shop,iphone 14,refurb,A,YES,399.0,RON,https://www.celo.ro/display-iphone/display-original-folosit-pentru-iphone-14.html
touchscreen.bg,Bulgaria,shop,iphone xs,unknown,aftermarket,no,180.0,BGN,https://touchscreen.bg/komplekt-tach-s-ekran/komplekt-tach-s-ekran-apple
touchscreen.bg,Bulgaria,shop,iphone x,unknown,aftermarket,no,290.0,BGN,https://touchscreen.bg/komplekt-tach-s-ekran/komplekt-tach-s-ekran-apple
touchscreen.bg,Bulgaria,shop,iphone xs,unknown,aftermarket,no,280.0,BGN,https://touchscreen.bg/komplekt-tach-s-ekran/komplekt-tach-s-ekran-apple
touchscreen.bg,Bulgaria,shop,iphone xr,unknown,aftermarket,no,320.0,BGN,https://touchscreen.bg/komplekt-tach-s-ekran/komplekt-tach-s-ekran-apple
touchscreen.bg,Bulgaria,shop,iphone 13,unknown,aftermarket,no,160.0,BGN,https://touchscreen.bg/komplekt-tach-s-ekran/komplekt-tach-s-ekran-apple
touchscreen.bg,Bulgaria,shop,iphone 11 pro,unknown,aftermarket,no,110.0,BGN,https://touchscreen.bg/komplekt-tach-s-ekran/komplekt-tach-s-ekran-apple
touchscreen.bg,Bulgaria,shop,iphone xs,unknown,aftermarket,no,200.0,BGN,https://touchscreen.bg/komplekt-tach-s-ekran/komplekt-tach-s-ekran-apple
touchscreen.bg,Bulgaria,shop,iphone xs,unknown,aftermarket,no,95.0,BGN,https://touchscreen.bg/komplekt-tach-s-ekran/komplekt-tach-s-ekran-apple
g-sp.se,Sweden,shop,iphone 13,unknown,aftermarket,YES,179.0,SEK,https://www.g-sp.se/privat/rv-battery-iphone-13-3227mah-premium.html
g-sp.se,Sweden,shop,iphone x,unknown,aftermarket,YES,159.0,SEK,https://www.g-sp.se/privat/rv-battery-iphone-x-2716mah-premium.html
g-sp.se,Sweden,shop,iphone 12 pro max,unknown,aftermarket,YES,179.0,SEK,https://www.g-sp.se/privat/rv-battery-iphone-12-pro-max-3687mah-premium.html
g-sp.se,Sweden,shop,iphone 12 mini,unknown,aftermarket,YES,149.0,SEK,https://www.g-sp.se/privat/rv-battery-iphone-12-mini-2227mah-premium.html
g-sp.se,Sweden,shop,iphone 13 pro,unknown,aftermarket,YES,189.0,SEK,https://www.g-sp.se/privat/rv-battery-iphone-13-pro-3095mah-premium.html
g-sp.se,Sweden,shop,iphone 11 pro max,unknown,aftermarket,YES,189.0,SEK,https://www.g-sp.se/privat/rv-battery-iphone-11-pro-max-3969mah-premium.html
g-sp.se,Sweden,shop,iphone 12,unknown,aftermarket,YES,159.0,SEK,https://www.g-sp.se/privat/rv-battery-iphone-12-12-pro-2815mah-premium.html
g-sp.se,Sweden,shop,iphone 11 pro,unknown,aftermarket,YES,179.0,SEK,https://www.g-sp.se/privat/rv-battery-iphone-11-pro-3046mah-premium.html
g-sp.se,Sweden,shop,iphone 15 pro,unknown,aftermarket,YES,209.0,SEK,https://www.g-sp.se/privat/rv-battery-iphone-15-pro-3274mah-premium.html
g-sp.se,Sweden,shop,iphone 15 plus,unknown,aftermarket,YES,199.0,SEK,https://www.g-sp.se/privat/rv-battery-iphone-15-plus-4383mah-premium.html
g-sp.se,Sweden,shop,iphone 14 pro,unknown,aftermarket,YES,199.0,SEK,https://www.g-sp.se/privat/rv-battery-iphone-14-pro-3200mah-premium.html
g-sp.se,Sweden,shop,iphone 13 mini,unknown,aftermarket,YES,169.0,SEK,https://www.g-sp.se/privat/rv-battery-iphone-13-mini-2406mah-premium.html
g-sp.se,Sweden,shop,iphone 14,unknown,aftermarket,YES,169.0,SEK,https://www.g-sp.se/privat/rv-battery-iphone-14-3279mah-premium.html
g-sp.se,Sweden,shop,iphone 14 pro max,unknown,aftermarket,YES,219.0,SEK,https://www.g-sp.se/privat/rv-battery-iphone-14-pro-max-4323mah-premium.html
g-sp.se,Sweden,shop,iphone 13 pro max,unknown,aftermarket,YES,199.0,SEK,https://www.g-sp.se/privat/rv-battery-iphone-13-pro-max-4352mah-premium.html
g-sp.se,Sweden,shop,iphone 13 mini,original,A,YES,149.0,SEK,https://www.g-sp.se/privat/rv-battery-iphone-13-mini-2406mah-diagnostic-pass-original.html
g-sp.se,Sweden,shop,iphone 15 pro max,unknown,aftermarket,YES,219.0,SEK,https://www.g-sp.se/privat/rv-battery-iphone-15-pro-max-4422mah-premium.html
g-sp.se,Sweden,shop,iphone 13,original,A,YES,169.0,SEK,https://www.g-sp.se/privat/rv-battery-iphone-13-3227mah-diagnostic-pass-original.html
teknikdelar.se,Sweden,shop,iphone 11,aftermarket-lcd,aftermarket,no,219.0,SEK,https://www.teknikdelar.se/kategori/mobilreservdelar/iphone-reservdelar
teknikdelar.se,Sweden,shop,iphone 12,unknown,aftermarket,no,159.0,SEK,https://www.teknikdelar.se/kategori/mobilreservdelar/iphone-reservdelar
teknikdelar.se,Sweden,shop,iphone 11,aftermarket-lcd,aftermarket,no,49.0,SEK,https://www.teknikdelar.se/kategori/mobilreservdelar/iphone-reservdelar
teknikdelar.se,Sweden,shop,iphone 12 pro,aftermarket-lcd,aftermarket,no,239.0,SEK,https://www.teknikdelar.se/kategori/mobilreservdelar/iphone-reservdelar
teknikdelar.se,Sweden,shop,iphone 12,aftermarket-lcd,aftermarket,no,49.0,SEK,https://www.teknikdelar.se/kategori/mobilreservdelar/iphone-reservdelar
teknikdelar.se,Sweden,shop,iphone 11,aftermarket-incell,aftermarket,no,239.0,SEK,https://www.teknikdelar.se/kategori/mobilreservdelar/iphone-reservdelar
teknikdelar.se,Sweden,shop,iphone 13,unknown,aftermarket,no,169.0,SEK,https://www.teknikdelar.se/kategori/mobilreservdelar/iphone-reservdelar
teknikdelar.se,Sweden,shop,iphone 11,aftermarket-incell,aftermarket,no,249.0,SEK,https://www.teknikdelar.se/kategori/mobilreservdelar/iphone-reservdelar
teknikdelar.se,Sweden,shop,iphone 11,unknown,aftermarket,no,139.0,SEK,https://www.teknikdelar.se/kategori/mobilreservdelar/iphone-reservdelar
teknikdelar.se,Sweden,shop,iphone 11,unknown,aftermarket,no,159.0,SEK,https://www.teknikdelar.se/kategori/mobilreservdelar/iphone-reservdelar
teknikdelar.se,Sweden,shop,iphone 11 pro max,aftermarket-lcd,aftermarket,no,269.0,SEK,https://www.teknikdelar.se/kategori/mobilreservdelar/iphone-reservdelar
24.se,Sweden,shop,iphone 11,aftermarket-lcd,aftermarket,no,199.0,SEK,https://www.24.se/mobiltillbehor/reservdelar/apple
teknikdelar.se,Sweden,shop,iphone 13,unknown,aftermarket,no,149.0,SEK,https://www.teknikdelar.se/kategori/mobilreservdelar/iphone-reservdelar
teknikdelar.se,Sweden,shop,iphone 12 pro,aftermarket-incell,aftermarket,no,259.0,SEK,https://www.teknikdelar.se/kategori/mobilreservdelar/iphone-reservdelar
24.se,Sweden,shop,iphone 12 pro,aftermarket-lcd,aftermarket,no,199.0,SEK,https://www.24.se/mobiltillbehor/reservdelar/apple
24.se,Sweden,shop,iphone 15 pro,unknown,aftermarket,no,999.0,SEK,https://www.24.se/mobiltillbehor/reservdelar/apple
24.se,Sweden,shop,iphone 12 pro max,aftermarket-lcd,aftermarket,no,249.0,SEK,https://www.24.se/mobiltillbehor/reservdelar/apple
24.se,Sweden,shop,iphone 11 pro,aftermarket-lcd,aftermarket,no,299.0,SEK,https://www.24.se/mobiltillbehor/reservdelar/apple
24.se,Sweden,shop,iphone 14,unknown,aftermarket,no,19.0,SEK,https://www.24.se/mobiltillbehor/reservdelar/apple
24.se,Sweden,shop,iphone 11 pro,unknown,aftermarket,no,19.0,SEK,https://www.24.se/mobiltillbehor/reservdelar/apple
24.se,Sweden,shop,iphone xs,aftermarket-lcd,aftermarket,no,249.0,SEK,https://www.24.se/mobiltillbehor/reservdelar/apple
24.se,Sweden,shop,iphone 15 pro max,unknown,aftermarket,no,299.0,SEK,https://www.24.se/mobiltillbehor/reservdelar/apple
24.se,Sweden,shop,iphone 13 mini,aftermarket-lcd,aftermarket,no,299.0,SEK,https://www.24.se/mobiltillbehor/reservdelar/apple
24.se,Sweden,shop,iphone 12,unknown,aftermarket,no,249.0,SEK,https://www.24.se/mobiltillbehor/reservdelar/apple
24.se,Sweden,shop,iphone 12,unknown,aftermarket,no,129.0,SEK,https://www.24.se/mobiltillbehor/reservdelar/apple
24.se,Sweden,shop,iphone 12,unknown,aftermarket,no,19.0,SEK,https://www.24.se/mobiltillbehor/reservdelar/apple
24.se,Sweden,shop,iphone 12 mini,unknown,aftermarket,no,19.0,SEK,https://www.24.se/mobiltillbehor/reservdelar/apple
24.se,Sweden,shop,iphone 14 pro,unknown,aftermarket,no,299.0,SEK,https://www.24.se/mobiltillbehor/reservdelar/apple
24.se,Sweden,shop,iphone xr,unknown,aftermarket,no,79.0,SEK,https://www.24.se/mobiltillbehor/reservdelar/apple
24.se,Sweden,shop,iphone 14,aftermarket-lcd,aftermarket,no,329.0,SEK,https://www.24.se/mobiltillbehor/reservdelar/apple
24.se,Sweden,shop,iphone x,aftermarket-lcd,aftermarket,no,249.0,SEK,https://www.24.se/mobiltillbehor/reservdelar/apple
24.se,Sweden,shop,iphone 12 pro,unknown,aftermarket,no,19.0,SEK,https://www.24.se/mobiltillbehor/reservdelar/apple
24.se,Sweden,shop,iphone 14,unknown,aftermarket,no,749.0,SEK,https://www.24.se/mobiltillbehor/reservdelar/apple
24.se,Sweden,shop,iphone 12,unknown,aftermarket,no,459.0,SEK,https://www.24.se/mobiltillbehor/reservdelar/apple
24.se,Sweden,shop,iphone 13,unknown,aftermarket,no,199.0,SEK,https://www.24.se/mobiltillbehor/reservdelar/apple
24.se,Sweden,shop,iphone 12 pro,unknown,aftermarket,no,1299.0,SEK,https://www.24.se/mobiltillbehor/reservdelar/apple
24.se,Sweden,shop,iphone xs,unknown,aftermarket,no,499.0,SEK,https://www.24.se/mobiltillbehor/reservdelar/apple
24.se,Sweden,shop,iphone xr,unknown,aftermarket,no,299.0,SEK,https://www.24.se/mobiltillbehor/reservdelar/apple
24.se,Sweden,shop,iphone 11 pro,unknown,aftermarket,no,69.0,SEK,https://www.24.se/mobiltillbehor/reservdelar/apple
24.se,Sweden,shop,iphone 11 pro,unknown,aftermarket,no,149.0,SEK,https://www.24.se/mobiltillbehor/reservdelar/apple
24.se,Sweden,shop,iphone 14 plus,unknown,aftermarket,no,399.0,SEK,https://www.24.se/mobiltillbehor/reservdelar/apple
24.se,Sweden,shop,iphone 12 mini,unknown,aftermarket,no,69.0,SEK,https://www.24.se/mobiltillbehor/reservdelar/apple
24.se,Sweden,shop,iphone xs max,aftermarket-lcd,aftermarket,no,249.0,SEK,https://www.24.se/mobiltillbehor/reservdelar/apple
24.se,Sweden,shop,iphone 13 mini,unknown,aftermarket,no,109.0,SEK,https://www.24.se/mobiltillbehor/reservdelar/apple
24.se,Sweden,shop,iphone xs,unknown,aftermarket,no,109.0,SEK,https://www.24.se/mobiltillbehor/reservdelar/apple
24.se,Sweden,shop,iphone xs max,unknown,aftermarket,no,119.0,SEK,https://www.24.se/mobiltillbehor/reservdelar/apple
24.se,Sweden,shop,iphone 15 plus,unknown,aftermarket,no,299.0,SEK,https://www.24.se/mobiltillbehor/reservdelar/apple
24.se,Sweden,shop,iphone 11 pro max,unknown,aftermarket,no,109.0,SEK,https://www.24.se/mobiltillbehor/reservdelar/apple
mdparts.com.au,Australia,shop,iphone 12 pro,unknown,aftermarket,no,1.98,AUD,https://mdparts.com.au/products/g12-premium-iphone-tempered-glass-screen-protector?variant=53528729616678
phone-parts.dk,Denmark,shop,iphone 16,aftermarket-soft-oled,aftermarket,no,545.0,DKK,https://www.phone-parts.dk/skaerme/iphone-skaerme.html
24.se,Sweden,shop,iphone x,unknown,aftermarket,no,99.0,SEK,https://www.24.se/mobiltillbehor/reservdelar/apple
phone-parts.dk,Denmark,shop,iphone 13,aftermarket-hard-oled,aftermarket,no,345.0,DKK,https://www.phone-parts.dk/skaerme/iphone-skaerme.html
mobilverkstedet.no,Norway,shop,iphone 15,unknown,aftermarket,no,15.0,NOK,https://mobilverkstedet.no/produktkategori/deler/iphone-deler/
mobilverkstedet.no,Norway,shop,iphone 15,unknown,aftermarket,no,349.0,NOK,https://mobilverkstedet.no/produktkategori/deler/iphone-deler/
mobilverkstedet.no,Norway,shop,iphone 15 pro,unknown,aftermarket,no,329.0,NOK,https://mobilverkstedet.no/produktkategori/deler/iphone-deler/
mobilverkstedet.no,Norway,shop,iphone 15 pro,unknown,aftermarket,no,349.0,NOK,https://mobilverkstedet.no/produktkategori/deler/iphone-deler/
mobilverkstedet.no,Norway,shop,iphone 15 pro max,unknown,aftermarket,no,329.0,NOK,https://mobilverkstedet.no/produktkategori/deler/iphone-deler/
teknikkdeler.no,Norway,shop,iphone 11,aftermarket-lcd,aftermarket,no,59.0,NOK,https://www.teknikkdeler.no/reservedeler-apple/
mobilverkstedet.no,Norway,shop,iphone 15,unknown,aftermarket,no,329.0,NOK,https://mobilverkstedet.no/produktkategori/deler/iphone-deler/
mobilverkstedet.no,Norway,shop,iphone 13,unknown,aftermarket,no,13.0,NOK,https://mobilverkstedet.no/produktkategori/deler/iphone-deler/
teknikkdeler.no,Norway,shop,iphone 12,unknown,aftermarket,no,169.0,NOK,https://www.teknikkdeler.no/reservedeler-apple/
teknikkdeler.no,Norway,shop,iphone 12 pro,aftermarket-lcd,aftermarket,no,259.0,NOK,https://www.teknikkdeler.no/reservedeler-apple/
teknikkdeler.no,Norway,shop,iphone 11,unknown,aftermarket,no,169.0,NOK,https://www.teknikkdeler.no/reservedeler-apple/
teknikkdeler.no,Norway,shop,iphone 13,aftermarket-lcd,aftermarket,no,309.0,NOK,https://www.teknikkdeler.no/reservedeler-apple/
teknikkdeler.no,Norway,shop,iphone 12,aftermarket-lcd,aftermarket,no,59.0,NOK,https://www.teknikkdeler.no/reservedeler-apple/
teknikkdeler.no,Norway,shop,iphone 11,aftermarket-incell,aftermarket,no,259.0,NOK,https://www.teknikkdeler.no/reservedeler-apple/
puhelinshop.fi,Finland,shop,iphone 12,unknown,aftermarket,no,22.3,EUR,https://www.puhelinshop.fi/category/9/apple
teknikkdeler.no,Norway,shop,iphone 12,unknown,aftermarket,no,149.0,NOK,https://www.teknikkdeler.no/reservedeler-apple/
teknikkdeler.no,Norway,shop,iphone 12 pro,aftermarket-incell,aftermarket,no,289.0,NOK,https://www.teknikkdeler.no/reservedeler-apple/
teknikkdeler.no,Norway,shop,iphone 13,aftermarket-lcd,aftermarket,no,59.0,NOK,https://www.teknikkdeler.no/reservedeler-apple/
teknikkdeler.no,Norway,shop,iphone 13,unknown,aftermarket,no,179.0,NOK,https://www.teknikkdeler.no/reservedeler-apple/
tekniikkaosat.fi,Finland,shop,iphone 11,aftermarket-lcd,aftermarket,no,4.51,EUR,https://www.tekniikkaosat.fi/kategoria/mobiilivaraosat/iphone
tekniikkaosat.fi,Finland,shop,iphone 12 pro,aftermarket-lcd,aftermarket,no,23.48,EUR,https://www.tekniikkaosat.fi/kategoria/mobiilivaraosat/iphone
tekniikkaosat.fi,Finland,shop,iphone 11,aftermarket-incell,aftermarket,no,24.46,EUR,https://www.tekniikkaosat.fi/kategoria/mobiilivaraosat/iphone
tekniikkaosat.fi,Finland,shop,iphone 11,aftermarket-incell,aftermarket,no,23.48,EUR,https://www.tekniikkaosat.fi/kategoria/mobiilivaraosat/iphone
tekniikkaosat.fi,Finland,shop,iphone 12,aftermarket-lcd,aftermarket,no,4.51,EUR,https://www.tekniikkaosat.fi/kategoria/mobiilivaraosat/iphone
tekniikkaosat.fi,Finland,shop,iphone 13,unknown,aftermarket,no,15.55,EUR,https://www.tekniikkaosat.fi/kategoria/mobiilivaraosat/iphone
tekniikkaosat.fi,Finland,shop,iphone 11,unknown,aftermarket,no,15.05,EUR,https://www.tekniikkaosat.fi/kategoria/mobiilivaraosat/iphone
tekniikkaosat.fi,Finland,shop,iphone 13,aftermarket-lcd,aftermarket,no,4.51,EUR,https://www.tekniikkaosat.fi/kategoria/mobiilivaraosat/iphone
tekniikkaosat.fi,Finland,shop,iphone 11,unknown,aftermarket,no,13.16,EUR,https://www.tekniikkaosat.fi/kategoria/mobiilivaraosat/iphone
tekniikkaosat.fi,Finland,shop,iphone 12,unknown,aftermarket,no,13.16,EUR,https://www.tekniikkaosat.fi/kategoria/mobiilivaraosat/iphone
tekniikkaosat.fi,Finland,shop,iphone 12 pro,aftermarket-incell,aftermarket,no,25.45,EUR,https://www.tekniikkaosat.fi/kategoria/mobiilivaraosat/iphone
tekniikkaosat.fi,Finland,shop,iphone 11 pro max,aftermarket-lcd,aftermarket,no,26.43,EUR,https://www.tekniikkaosat.fi/kategoria/mobiilivaraosat/iphone
24hshop.fi,Finland,shop,iphone 11,aftermarket-lcd,aftermarket,no,19.0,EUR,https://www.24hshop.fi/puhelintarvikkeet/varaosat/iphone/
24hshop.fi,Finland,shop,iphone 12 pro,aftermarket-lcd,aftermarket,no,19.0,EUR,https://www.24hshop.fi/puhelintarvikkeet/varaosat/iphone/
24hshop.fi,Finland,shop,iphone 12,unknown,aftermarket,no,1.9,EUR,https://www.24hshop.fi/puhelintarvikkeet/varaosat/iphone/
24hshop.fi,Finland,shop,iphone 13,unknown,aftermarket,no,19.0,EUR,https://www.24hshop.fi/puhelintarvikkeet/varaosat/iphone/
24hshop.fi,Finland,shop,iphone 15,unknown,aftermarket,no,30.9,EUR,https://www.24hshop.fi/puhelintarvikkeet/varaosat/iphone/
24hshop.fi,Finland,shop,iphone x,aftermarket-lcd,aftermarket,no,24.9,EUR,https://www.24hshop.fi/puhelintarvikkeet/varaosat/iphone/
mdparts.com.au,Australia,shop,iphone 12 pro max,unknown,aftermarket,no,1.98,AUD,https://mdparts.com.au/products/g12-premium-iphone-tempered-glass-screen-protector?variant=53528729780518
24hshop.fi,Finland,shop,iphone 13 mini,unknown,aftermarket,no,29.9,EUR,https://www.24hshop.fi/puhelintarvikkeet/varaosat/iphone/
24hshop.fi,Finland,shop,iphone 11 pro,aftermarket-lcd,aftermarket,no,29.9,EUR,https://www.24hshop.fi/puhelintarvikkeet/varaosat/iphone/
24hshop.fi,Finland,shop,iphone 13,unknown,aftermarket,no,1.9,EUR,https://www.24hshop.fi/puhelintarvikkeet/varaosat/iphone/
24hshop.fi,Finland,shop,iphone 12 pro,unknown,aftermarket,no,1.9,EUR,https://www.24hshop.fi/puhelintarvikkeet/varaosat/iphone/
24hshop.fi,Finland,shop,iphone 14,unknown,aftermarket,no,74.9,EUR,https://www.24hshop.fi/puhelintarvikkeet/varaosat/iphone/
24hshop.fi,Finland,shop,iphone 11 pro max,aftermarket-lcd,aftermarket,no,19.0,EUR,https://www.24hshop.fi/puhelintarvikkeet/varaosat/iphone/
24hshop.fi,Finland,shop,iphone 11 pro,unknown,aftermarket,no,75.9,EUR,https://www.24hshop.fi/puhelintarvikkeet/varaosat/iphone/
24hshop.fi,Finland,shop,iphone 12,unknown,aftermarket,no,43.9,EUR,https://www.24hshop.fi/puhelintarvikkeet/varaosat/iphone/
24hshop.fi,Finland,shop,iphone 15 plus,unknown,aftermarket,no,49.0,EUR,https://www.24hshop.fi/puhelintarvikkeet/varaosat/iphone/
24hshop.fi,Finland,shop,iphone xr,unknown,aftermarket,no,29.9,EUR,https://www.24hshop.fi/puhelintarvikkeet/varaosat/iphone/
24hshop.fi,Finland,shop,iphone x,unknown,aftermarket,no,19.9,EUR,https://www.24hshop.fi/puhelintarvikkeet/varaosat/iphone/
24hshop.fi,Finland,shop,iphone xs,unknown,aftermarket,no,49.0,EUR,https://www.24hshop.fi/puhelintarvikkeet/varaosat/iphone/
24hshop.fi,Finland,shop,iphone 14 pro,unknown,aftermarket,no,29.9,EUR,https://www.24hshop.fi/puhelintarvikkeet/varaosat/iphone/
24hshop.fi,Finland,shop,iphone 15 pro,unknown,aftermarket,no,32.9,EUR,https://www.24hshop.fi/puhelintarvikkeet/varaosat/iphone/
24hshop.fi,Finland,shop,iphone 13,unknown,aftermarket,no,10.9,EUR,https://www.24hshop.fi/puhelintarvikkeet/varaosat/iphone/
24hshop.fi,Finland,shop,iphone 14,unknown,aftermarket,no,30.9,EUR,https://www.24hshop.fi/puhelintarvikkeet/varaosat/iphone/
24hshop.fi,Finland,shop,iphone 12,unknown,aftermarket,no,2.9,EUR,https://www.24hshop.fi/puhelintarvikkeet/varaosat/iphone/
24hshop.fi,Finland,shop,iphone 11 pro max,unknown,aftermarket,no,10.9,EUR,https://www.24hshop.fi/puhelintarvikkeet/varaosat/iphone/
24hshop.fi,Finland,shop,iphone 12,unknown,aftermarket,no,6.9,EUR,https://www.24hshop.fi/puhelintarvikkeet/varaosat/iphone/
24hshop.fi,Finland,shop,iphone 11 pro,unknown,aftermarket,no,13.9,EUR,https://www.24hshop.fi/puhelintarvikkeet/varaosat/iphone/
24hshop.fi,Finland,shop,iphone 11,unknown,aftermarket,no,8.9,EUR,https://www.24hshop.fi/puhelintarvikkeet/varaosat/iphone/
24hshop.fi,Finland,shop,iphone 15 pro,aftermarket-lcd,aftermarket,no,26.9,EUR,https://www.24hshop.fi/puhelintarvikkeet/varaosat/iphone/
24hshop.fi,Finland,shop,iphone xr,unknown,aftermarket,no,6.9,EUR,https://www.24hshop.fi/puhelintarvikkeet/varaosat/iphone/
24hshop.fi,Finland,shop,iphone x,unknown,aftermarket,no,6.9,EUR,https://www.24hshop.fi/puhelintarvikkeet/varaosat/iphone/
24hshop.fi,Finland,shop,iphone xr,aftermarket-lcd,aftermarket,no,24.9,EUR,https://www.24hshop.fi/puhelintarvikkeet/varaosat/iphone/
24hshop.fi,Finland,shop,iphone xs max,aftermarket-lcd,aftermarket,no,24.9,EUR,https://www.24hshop.fi/puhelintarvikkeet/varaosat/iphone/
24hshop.fi,Finland,shop,iphone 13,aftermarket-lcd,aftermarket,no,24.9,EUR,https://www.24hshop.fi/puhelintarvikkeet/varaosat/iphone/
24hshop.fi,Finland,shop,iphone 12 mini,aftermarket-lcd,aftermarket,no,34.9,EUR,https://www.24hshop.fi/puhelintarvikkeet/varaosat/iphone/
24hshop.fi,Finland,shop,iphone 12,unknown,aftermarket,no,21.9,EUR,https://www.24hshop.fi/puhelintarvikkeet/varaosat/iphone/
24hshop.fi,Finland,shop,iphone 12,unknown,aftermarket,no,12.9,EUR,https://www.24hshop.fi/puhelintarvikkeet/varaosat/iphone/
24hshop.fi,Finland,shop,iphone x,unknown,aftermarket,no,99.0,EUR,https://www.24hshop.fi/puhelintarvikkeet/varaosat/iphone/
puhelinshop.fi,Finland,shop,iphone 15,aftermarket-soft-oled,aftermarket,no,109.99,EUR,https://www.puhelinshop.fi/category/9/apple
puhelinshop.fi,Finland,shop,iphone 13 pro max,aftermarket-incell,aftermarket,no,59.99,EUR,https://www.puhelinshop.fi/category/9/apple
puhelinshop.fi,Finland,shop,iphone 16 pro,aftermarket-soft-oled,aftermarket,no,149.99,EUR,https://www.puhelinshop.fi/category/9/apple
24hshop.fi,Finland,shop,iphone x,unknown,aftermarket,no,9.9,EUR,https://www.24hshop.fi/puhelintarvikkeet/varaosat/iphone/
puhelinshop.fi,Finland,shop,iphone 12,unknown,aftermarket,no,27.99,EUR,https://www.puhelinshop.fi/category/9/apple
puhelinshop.fi,Finland,shop,iphone 15 pro max,aftermarket-soft-oled,aftermarket,no,87.64,EUR,https://www.puhelinshop.fi/category/9/apple
puhelinshop.fi,Finland,shop,iphone 16 pro,aftermarket-soft-oled,aftermarket,no,119.51,EUR,https://www.puhelinshop.fi/category/9/apple
puhelinshop.fi,Finland,shop,iphone 11,unknown,aftermarket,no,2.99,EUR,https://www.puhelinshop.fi/category/9/apple
puhelinshop.fi,Finland,shop,iphone 11,aftermarket-incell,aftermarket,no,18.32,EUR,https://www.puhelinshop.fi/category/9/apple
puhelinshop.fi,Finland,shop,iphone 11,aftermarket-incell,aftermarket,no,17.52,EUR,https://www.puhelinshop.fi/category/9/apple
puhelinshop.fi,Finland,shop,iphone 11,aftermarket-incell,aftermarket,no,22.99,EUR,https://www.puhelinshop.fi/category/9/apple
puhelinshop.fi,Finland,shop,iphone 13,unknown,aftermarket,no,27.88,EUR,https://www.puhelinshop.fi/category/9/apple
puhelinshop.fi,Finland,shop,iphone 11,unknown,aftermarket,no,14.33,EUR,https://www.puhelinshop.fi/category/9/apple
puhelinshop.fi,Finland,shop,iphone 11,unknown,aftermarket,no,2.38,EUR,https://www.puhelinshop.fi/category/9/apple
puhelinshop.fi,Finland,shop,iphone 12,aftermarket-incell,aftermarket,no,25.99,EUR,https://www.puhelinshop.fi/category/9/apple
puhelinshop.fi,Finland,shop,iphone 11,original,A,no,27.08,EUR,https://www.puhelinshop.fi/category/9/apple
puhelinshop.fi,Finland,shop,iphone 12,aftermarket-incell,aftermarket,no,20.71,EUR,https://www.puhelinshop.fi/category/9/apple
puhelinshop.fi,Finland,shop,iphone 11,original,A,no,35.99,EUR,https://www.puhelinshop.fi/category/9/apple
puhelinshop.fi,Finland,shop,iphone 12 mini,aftermarket-incell,aftermarket,no,39.83,EUR,https://www.puhelinshop.fi/category/9/apple
puhelinshop.fi,Finland,shop,iphone 13 pro,unknown,aftermarket,no,22.3,EUR,https://www.puhelinshop.fi/category/9/apple
puhelinshop.fi,Finland,shop,iphone 13 pro,unknown,aftermarket,no,29.99,EUR,https://www.puhelinshop.fi/category/9/apple
puhelinshop.fi,Finland,shop,iphone 11,aftermarket-lcd,aftermarket,no,28.68,EUR,https://www.puhelinshop.fi/category/9/apple
puhelinshop.fi,Finland,shop,iphone 12 mini,aftermarket-incell,aftermarket,no,49.99,EUR,https://www.puhelinshop.fi/category/9/apple
puhelinshop.fi,Finland,shop,iphone 13,unknown,aftermarket,no,3.99,EUR,https://www.puhelinshop.fi/category/9/apple
puhelinshop.fi,Finland,shop,iphone 11,original,A,no,33.99,EUR,https://www.puhelinshop.fi/category/9/apple
puhelinshop.fi,Finland,shop,iphone 13 pro,unknown,aftermarket,no,23.9,EUR,https://www.puhelinshop.fi/category/9/apple
mobiilitukku.fi,Finland,shop,iphone 11,unknown,aftermarket,no,39.99,EUR,https://mobiilitukku.fi/varaosat/apple-naytot-ja-varaosat
mobiilitukku.fi,Finland,shop,iphone 13 mini,unknown,aftermarket,no,89.99,EUR,https://mobiilitukku.fi/varaosat/apple-naytot-ja-varaosat
mobiilitukku.fi,Finland,shop,iphone xr,unknown,aftermarket,no,42.99,EUR,https://mobiilitukku.fi/varaosat/apple-naytot-ja-varaosat
mobiilitukku.fi,Finland,shop,iphone xr,unknown,aftermarket,no,39.99,EUR,https://mobiilitukku.fi/varaosat/apple-naytot-ja-varaosat
mobiilitukku.fi,Finland,shop,iphone 11 pro max,unknown,aftermarket,no,89.99,EUR,https://mobiilitukku.fi/varaosat/apple-naytot-ja-varaosat
vapaakauppa.net,Finland,shop,iphone 16 plus,unknown,aftermarket,no,62.95,EUR,https://www.vapaakauppa.net/mobiilituotteet/naytto-varaosat/naytot-iphone.html
mobiilitukku.fi,Finland,shop,iphone 13,unknown,aftermarket,no,149.99,EUR,https://mobiilitukku.fi/varaosat/apple-naytot-ja-varaosat
mobiilitukku.fi,Finland,shop,iphone xs,unknown,aftermarket,no,34.99,EUR,https://mobiilitukku.fi/varaosat/apple-naytot-ja-varaosat
vapaakauppa.net,Finland,shop,iphone 11,unknown,aftermarket,no,14.95,EUR,https://www.vapaakauppa.net/mobiilituotteet/naytto-varaosat/naytot-iphone.html
vapaakauppa.net,Finland,shop,iphone 11,unknown,aftermarket,no,55.95,EUR,https://www.vapaakauppa.net/mobiilituotteet/naytto-varaosat/naytot-iphone.html
vapaakauppa.net,Finland,shop,iphone 12 mini,unknown,aftermarket,no,82.95,EUR,https://www.vapaakauppa.net/mobiilituotteet/naytto-varaosat/naytot-iphone.html
vapaakauppa.net,Finland,shop,iphone 12,unknown,aftermarket,no,13.95,EUR,https://www.vapaakauppa.net/mobiilituotteet/naytto-varaosat/naytot-iphone.html
vapaakauppa.net,Finland,shop,iphone 12,unknown,aftermarket,no,73.95,EUR,https://www.vapaakauppa.net/mobiilituotteet/naytto-varaosat/naytot-iphone.html
vapaakauppa.net,Finland,shop,iphone 12 pro max,unknown,aftermarket,no,84.95,EUR,https://www.vapaakauppa.net/mobiilituotteet/naytto-varaosat/naytot-iphone.html
vapaakauppa.net,Finland,shop,iphone 13,unknown,aftermarket,no,15.95,EUR,https://www.vapaakauppa.net/mobiilituotteet/naytto-varaosat/naytot-iphone.html
vapaakauppa.net,Finland,shop,iphone 12 pro,unknown,aftermarket,no,76.95,EUR,https://www.vapaakauppa.net/mobiilituotteet/naytto-varaosat/naytot-iphone.html
vapaakauppa.net,Finland,shop,iphone 13 mini,unknown,aftermarket,no,89.95,EUR,https://www.vapaakauppa.net/mobiilituotteet/naytto-varaosat/naytot-iphone.html
vapaakauppa.net,Finland,shop,iphone 14,unknown,aftermarket,no,81.95,EUR,https://www.vapaakauppa.net/mobiilituotteet/naytto-varaosat/naytot-iphone.html
vapaakauppa.net,Finland,shop,iphone 13 pro,unknown,aftermarket,no,279.95,EUR,https://www.vapaakauppa.net/mobiilituotteet/naytto-varaosat/naytot-iphone.html
vapaakauppa.net,Finland,shop,iphone 14 plus,unknown,aftermarket,no,115.95,EUR,https://www.vapaakauppa.net/mobiilituotteet/naytto-varaosat/naytot-iphone.html
vapaakauppa.net,Finland,shop,iphone 14 pro max,unknown,aftermarket,no,52.95,EUR,https://www.vapaakauppa.net/mobiilituotteet/naytto-varaosat/naytot-iphone.html
etradesupply.com,China,shop,iphone 15,aftermarket-lcd,aftermarket,no,150.3,USD,https://www.etradesupply.com/apple-iphone-15-lcd-screen-digitizer-assembly-frame-black.html
telo24.ee,Estonia,shop,iphone xs max,unknown,aftermarket,no,89.0,EUR,https://telo24.ee/iphone-ekraani-vahetus/
telo24.ee,Estonia,shop,iphone xs,unknown,aftermarket,no,119.0,EUR,https://telo24.ee/iphone-ekraani-vahetus/
telo24.ee,Estonia,shop,iphone 11 pro max,unknown,aftermarket,no,139.0,EUR,https://telo24.ee/iphone-ekraani-vahetus/
telo24.ee,Estonia,shop,iphone xs max,unknown,aftermarket,no,119.0,EUR,https://telo24.ee/iphone-ekraani-vahetus/
telo24.ee,Estonia,shop,iphone 12 mini,unknown,aftermarket,no,139.0,EUR,https://telo24.ee/iphone-ekraani-vahetus/
telo24.ee,Estonia,shop,iphone 12,unknown,aftermarket,no,139.0,EUR,https://telo24.ee/iphone-ekraani-vahetus/
telo24.ee,Estonia,shop,iphone 11 pro,unknown,aftermarket,no,139.0,EUR,https://telo24.ee/iphone-ekraani-vahetus/
telo24.ee,Estonia,shop,iphone 13,unknown,aftermarket,no,159.0,EUR,https://telo24.ee/iphone-ekraani-vahetus/
telo24.ee,Estonia,shop,iphone 12 pro max,unknown,aftermarket,no,199.0,EUR,https://telo24.ee/iphone-ekraani-vahetus/
telo24.ee,Estonia,shop,iphone 15 plus,unknown,aftermarket,no,239.0,EUR,https://telo24.ee/iphone-ekraani-vahetus/
telo24.ee,Estonia,shop,iphone 15,unknown,aftermarket,no,239.0,EUR,https://telo24.ee/iphone-ekraani-vahetus/
telo24.ee,Estonia,shop,iphone 14,unknown,aftermarket,no,169.0,EUR,https://telo24.ee/iphone-ekraani-vahetus/
telo24.ee,Estonia,shop,iphone 13 pro max,unknown,aftermarket,no,219.0,EUR,https://telo24.ee/iphone-ekraani-vahetus/
telo24.ee,Estonia,shop,iphone 13 pro,unknown,aftermarket,no,199.0,EUR,https://telo24.ee/iphone-ekraani-vahetus/
telo24.ee,Estonia,shop,iphone 13 mini,unknown,aftermarket,no,169.0,EUR,https://telo24.ee/iphone-ekraani-vahetus/
telo24.ee,Estonia,shop,iphone 14 plus,unknown,aftermarket,no,179.0,EUR,https://telo24.ee/iphone-ekraani-vahetus/
telo24.ee,Estonia,shop,iphone 14 pro,unknown,aftermarket,no,219.0,EUR,https://telo24.ee/iphone-ekraani-vahetus/
telo24.ee,Estonia,shop,iphone 16,unknown,aftermarket,no,289.0,EUR,https://telo24.ee/iphone-ekraani-vahetus/
telo24.ee,Estonia,shop,iphone 15 pro max,unknown,aftermarket,no,299.0,EUR,https://telo24.ee/iphone-ekraani-vahetus/
telo24.ee,Estonia,shop,iphone 16e,unknown,aftermarket,no,219.0,EUR,https://telo24.ee/iphone-ekraani-vahetus/
telo24.ee,Estonia,shop,iphone 16 pro,unknown,aftermarket,no,349.0,EUR,https://telo24.ee/iphone-ekraani-vahetus/
imaster.lv,Latvia,shop,iphone 11,unknown,aftermarket,no,1.65,EUR,https://imaster.lv/shop/?path=381&route=product%2Fcategory
telo24.ee,Estonia,shop,iphone 16 pro max,unknown,aftermarket,no,389.0,EUR,https://telo24.ee/iphone-ekraani-vahetus/
imaster.lv,Latvia,shop,iphone 14 pro,unknown,aftermarket,no,2.0,EUR,https://imaster.lv/shop/?path=381&route=product%2Fcategory
imaster.lv,Latvia,shop,iphone 11,unknown,aftermarket,no,2.0,EUR,https://imaster.lv/shop/?path=381&route=product%2Fcategory
motivs.lv,Latvia,shop,iphone 11,unknown,aftermarket,no,35.8,EUR,https://motivs.lv/en/lcd-screens-displays
imaster.lv,Latvia,shop,iphone 11 pro max,unknown,aftermarket,no,2.0,EUR,https://imaster.lv/shop/?path=381&route=product%2Fcategory
motivs.lv,Latvia,shop,iphone 11 pro,aftermarket-incell,aftermarket,no,29.9,EUR,https://motivs.lv/en/lcd-screens-displays
imaster.lv,Latvia,shop,iphone 14 pro max,unknown,aftermarket,no,2.0,EUR,https://imaster.lv/shop/?path=381&route=product%2Fcategory
motivs.lv,Latvia,shop,iphone 11,unknown,aftermarket,no,31.0,EUR,https://motivs.lv/en/lcd-screens-displays
motivs.lv,Latvia,shop,iphone 11 pro,aftermarket-incell,aftermarket,no,22.3,EUR,https://motivs.lv/en/lcd-screens-displays
motivs.lv,Latvia,shop,iphone xr,unknown,aftermarket,no,20.4,EUR,https://motivs.lv/en/lcd-screens-displays
motivs.lv,Latvia,shop,iphone 16 plus,aftermarket-oled,aftermarket,no,87.0,EUR,https://motivs.lv/en/lcd-screens-displays
motivs.lv,Latvia,shop,iphone 16 plus,aftermarket-oled,aftermarket,no,78.0,EUR,https://motivs.lv/en/lcd-screens-displays
motivs.lv,Latvia,shop,iphone 13,original,A,no,71.3,EUR,https://motivs.lv/en/lcd-screens-displays
motivs.lv,Latvia,shop,iphone 16,aftermarket-soft-oled,aftermarket,no,148.7,EUR,https://motivs.lv/en/lcd-screens-displays
motivs.lv,Latvia,shop,iphone 16 pro,aftermarket-incell,aftermarket,no,75.0,EUR,https://motivs.lv/en/lcd-screens-displays
motivs.lv,Latvia,shop,iphone 13,original,A,no,78.2,EUR,https://motivs.lv/en/lcd-screens-displays
motivs.lv,Latvia,shop,iphone 16,aftermarket-lcd,aftermarket,no,207.7,EUR,https://motivs.lv/en/lcd-screens-displays
motivs.lv,Latvia,shop,iphone 16,aftermarket-lcd,aftermarket,no,222.6,EUR,https://motivs.lv/en/lcd-screens-displays
motivs.lv,Latvia,shop,iphone 16 pro,aftermarket-lcd,aftermarket,no,315.5,EUR,https://motivs.lv/en/lcd-screens-displays
motivs.lv,Latvia,shop,iphone 16e,refurb,A,no,108.3,EUR,https://motivs.lv/en/lcd-screens-displays
motivs.lv,Latvia,shop,iphone 16 pro,refurb,A,no,351.8,EUR,https://motivs.lv/en/lcd-screens-displays
motivs.lv,Latvia,shop,iphone 16 pro max,refurb,A,no,414.3,EUR,https://motivs.lv/en/lcd-screens-displays
motivs.lv,Latvia,shop,iphone 12,aftermarket-incell,aftermarket,no,32.7,EUR,https://motivs.lv/en/lcd-screens-displays
motivs.lv,Latvia,shop,iphone 15 pro,unknown,aftermarket,no,8.8,EUR,https://motivs.lv/en/lcd-screens-displays
motivs.lv,Latvia,shop,iphone 15 pro,unknown,aftermarket,no,8.0,EUR,https://motivs.lv/en/lcd-screens-displays
motivs.lv,Latvia,shop,iphone 12 pro max,unknown,aftermarket,no,39.4,EUR,https://motivs.lv/en/lcd-screens-displays
motivs.lv,Latvia,shop,iphone 12,aftermarket-incell,aftermarket,no,27.8,EUR,https://motivs.lv/en/lcd-screens-displays
motivs.lv,Latvia,shop,iphone 13 pro,aftermarket-incell,aftermarket,no,66.9,EUR,https://motivs.lv/en/lcd-screens-displays
motivs.lv,Latvia,shop,iphone 13 pro max,original,A,no,200.6,EUR,https://motivs.lv/en/lcd-screens-displays
motivs.lv,Latvia,shop,iphone 14 pro,aftermarket-incell,aftermarket,no,42.5,EUR,https://motivs.lv/en/lcd-screens-displays
motivs.lv,Latvia,shop,iphone 13 pro,aftermarket-incell,aftermarket,no,94.0,EUR,https://motivs.lv/en/lcd-screens-displays
motivs.lv,Latvia,shop,iphone x,aftermarket-incell,aftermarket,no,24.9,EUR,https://motivs.lv/en/lcd-screens-displays
motivs.lv,Latvia,shop,iphone 14 plus,aftermarket-incell,aftermarket,no,34.6,EUR,https://motivs.lv/en/lcd-screens-displays
motivs.lv,Latvia,shop,iphone 13 pro max,original,A,no,178.1,EUR,https://motivs.lv/en/lcd-screens-displays
motivs.lv,Latvia,shop,iphone x,aftermarket-incell,aftermarket,no,28.8,EUR,https://motivs.lv/en/lcd-screens-displays
motivs.lv,Latvia,shop,iphone 12,aftermarket-incell,aftermarket,no,27.6,EUR,https://motivs.lv/en/lcd-screens-displays
motivs.lv,Latvia,shop,iphone 13 pro max,aftermarket-incell,aftermarket,no,63.7,EUR,https://motivs.lv/en/lcd-screens-displays
motivs.lv,Latvia,shop,iphone 11 pro,aftermarket-oled,aftermarket,no,38.9,EUR,https://motivs.lv/en/lcd-screens-displays
witrigs.com,China,shop,iphone 15,original,A,no,169.0,USD,https://witrigs.com/en-fi/products/original-screen-replacement-for-iphone-15?_pos=5&_sid=13c59c92d&_ss=r
motivs.lv,Latvia,shop,iphone 13 mini,aftermarket-incell,aftermarket,no,48.0,EUR,https://motivs.lv/en/lcd-screens-displays
motivs.lv,Latvia,shop,iphone 13 pro max,aftermarket-oled,aftermarket,no,72.9,EUR,https://motivs.lv/en/lcd-screens-displays
motivs.lv,Latvia,shop,iphone 12,original,A,no,72.7,EUR,https://motivs.lv/en/lcd-screens-displays
motivs.lv,Latvia,shop,iphone 12,original,A,no,69.9,EUR,https://motivs.lv/en/lcd-screens-displays
motivs.lv,Latvia,shop,iphone 15 pro max,unknown,aftermarket,no,7.0,EUR,https://motivs.lv/en/lcd-screens-displays
motivs.lv,Latvia,shop,iphone 11,aftermarket-incell,aftermarket,no,28.0,EUR,https://motivs.lv/en/lcd-screens-displays
motivs.lv,Latvia,shop,iphone 11,unknown,aftermarket,no,24.5,EUR,https://motivs.lv/en/lcd-screens-displays
motivs.lv,Latvia,shop,iphone 15 pro max,unknown,aftermarket,no,6.4,EUR,https://motivs.lv/en/lcd-screens-displays
shop.cec.lv,Latvia,shop,iphone 16e,unknown,aftermarket,no,729.0,EUR,https://www.shop.cec.lv/iphone
motivs.lv,Latvia,shop,iphone 13,unknown,aftermarket,no,30.4,EUR,https://motivs.lv/en/lcd-screens-displays
shop.cec.lv,Latvia,shop,iphone 16 plus,unknown,aftermarket,no,1139.0,EUR,https://www.shop.cec.lv/iphone
motivs.lv,Latvia,shop,iphone 13,unknown,aftermarket,no,26.3,EUR,https://motivs.lv/en/lcd-screens-displays
shop.cec.lv,Latvia,shop,iphone 16,unknown,aftermarket,no,839.0,EUR,https://www.shop.cec.lv/iphone
mobitelas.lt,Lithuania,shop,iphone 13,aftermarket-incell,aftermarket,no,21.99,EUR,https://mobitelas.lt/c/ekranas-apple-iphone-13-su-lietimui-jautriu-stikliuku-zy-incell-ltps-premium-removable-ic_6974354/
shop.cec.lv,Latvia,shop,iphone 16,unknown,aftermarket,no,989.0,EUR,https://www.shop.cec.lv/iphone
shop.cec.lv,Latvia,shop,iphone 15,unknown,aftermarket,no,729.0,EUR,https://www.shop.cec.lv/iphone
shop.cec.lv,Latvia,shop,iphone 16 plus,unknown,aftermarket,no,969.0,EUR,https://www.shop.cec.lv/iphone
wigento.de,Germany,shop,iphone 12 mini,unknown,aftermarket,YES,2.05,EUR,https://www.wigento.de/ersatzteile/smartphone/apple/
mobitelas.lt,Lithuania,shop,iphone 13,aftermarket-soft-oled,aftermarket,no,50.99,EUR,https://mobitelas.lt/c/ekranas-apple-iphone-13-su-lietimui-jautriu-stikliuku-kelai-oem-soft-oled-originali-alternatyva_6958791/
mobilesentrix.co.uk,UK,shop,iphone 16 pro max,original,A,no,275.29,GBP,https://www.mobilesentrix.co.uk/replacement-parts/apple/iphone-parts/all-iphone-lcds
mobilesentrix.co.uk,UK,shop,iphone 16 pro max,unknown,aftermarket,no,71.73,GBP,https://www.mobilesentrix.co.uk/replacement-parts/apple/iphone-parts/all-iphone-lcds
mobilesentrix.co.uk,UK,shop,iphone 16 pro max,refurb,A,no,224.55,GBP,https://www.mobilesentrix.co.uk/replacement-parts/apple/iphone-parts/all-iphone-lcds
mobilesentrix.co.uk,UK,shop,iphone 16e,original,A,no,97.77,GBP,https://www.mobilesentrix.co.uk/replacement-parts/apple/iphone-parts/all-iphone-lcds
mobilesentrix.co.uk,UK,shop,iphone 16 pro,original,A,no,238.53,GBP,https://www.mobilesentrix.co.uk/replacement-parts/apple/iphone-parts/all-iphone-lcds
mobilesentrix.co.uk,UK,shop,iphone 16 pro,original,A,no,250.81,GBP,https://www.mobilesentrix.co.uk/replacement-parts/apple/iphone-parts/all-iphone-lcds
mobilesentrix.co.uk,UK,shop,iphone 16 pro,aftermarket-incell,aftermarket,no,25.89,GBP,https://www.mobilesentrix.co.uk/replacement-parts/apple/iphone-parts/all-iphone-lcds
mobitelas.lt,Lithuania,shop,iphone 11,aftermarket-incell,aftermarket,no,19.99,EUR,https://mobitelas.lt/c/ekranas-apple-iphone-11-su-lietimui-jautriu-stikliuku-jk-incell-ltps-premium_6957908/
mobilesentrix.co.uk,UK,shop,iphone 16 pro,unknown,aftermarket,no,58.21,GBP,https://www.mobilesentrix.co.uk/replacement-parts/apple/iphone-parts/all-iphone-lcds
mobilesentrix.co.uk,UK,shop,iphone 16 pro,refurb,A,no,203.42,GBP,https://www.mobilesentrix.co.uk/replacement-parts/apple/iphone-parts/all-iphone-lcds
mobilesentrix.co.uk,UK,shop,iphone 16 plus,aftermarket-incell,aftermarket,no,22.72,GBP,https://www.mobilesentrix.co.uk/replacement-parts/apple/iphone-parts/all-iphone-lcds
mobilesentrix.co.uk,UK,shop,iphone 16 plus,aftermarket-oled,aftermarket,no,39.35,GBP,https://www.mobilesentrix.co.uk/replacement-parts/apple/iphone-parts/all-iphone-lcds
mobilesentrix.co.uk,UK,shop,iphone 16 pro,original,A,no,242.03,GBP,https://www.mobilesentrix.co.uk/replacement-parts/apple/iphone-parts/all-iphone-lcds
mobilesentrix.co.uk,UK,shop,iphone 16 pro,unknown,aftermarket,no,53.15,GBP,https://www.mobilesentrix.co.uk/replacement-parts/apple/iphone-parts/all-iphone-lcds
mobilesentrix.co.uk,UK,shop,iphone 16 plus,refurb,A,no,104.86,GBP,https://www.mobilesentrix.co.uk/replacement-parts/apple/iphone-parts/all-iphone-lcds
mobilesentrix.co.uk,UK,shop,iphone 16,aftermarket-oled,aftermarket,no,37.23,GBP,https://www.mobilesentrix.co.uk/replacement-parts/apple/iphone-parts/all-iphone-lcds
mobilesentrix.co.uk,UK,shop,iphone 15 pro max,aftermarket-incell,aftermarket,no,24.96,GBP,https://www.mobilesentrix.co.uk/replacement-parts/apple/iphone-parts/all-iphone-lcds
mobilesentrix.co.uk,UK,shop,iphone 16,original,A,no,201.77,GBP,https://www.mobilesentrix.co.uk/replacement-parts/apple/iphone-parts/all-iphone-lcds
mobilexperten.se,SE,shop,iphone 16 plus,unknown,aftermarket,no,159.0,,https://www.mobilexperten.se/produkt/myscreen-iphone-16-plus-skarmskydd-hybrid-glas/
mobilesentrix.co.uk,UK,shop,iphone 16,refurb,A,no,132.84,GBP,https://www.mobilesentrix.co.uk/replacement-parts/apple/iphone-parts/all-iphone-lcds
mobilesentrix.co.uk,UK,shop,iphone 15 pro max,aftermarket-incell,aftermarket,no,28.47,GBP,https://www.mobilesentrix.co.uk/replacement-parts/apple/iphone-parts/all-iphone-lcds
mobilesentrix.co.uk,UK,shop,iphone 15 pro max,unknown,aftermarket,no,34.49,GBP,https://www.mobilesentrix.co.uk/replacement-parts/apple/iphone-parts/all-iphone-lcds
mobilesentrix.co.uk,UK,shop,iphone 15 pro max,unknown,aftermarket,no,36.17,GBP,https://www.mobilesentrix.co.uk/replacement-parts/apple/iphone-parts/all-iphone-lcds
mobilesentrix.co.uk,UK,shop,iphone 15 pro max,original,A,no,296.56,GBP,https://www.mobilesentrix.co.uk/replacement-parts/apple/iphone-parts/all-iphone-lcds
mobilesentrix.co.uk,UK,shop,iphone 15 pro max,original,A,no,199.36,GBP,https://www.mobilesentrix.co.uk/replacement-parts/apple/iphone-parts/all-iphone-lcds
mobilesentrix.co.uk,UK,shop,iphone 15 pro max,refurb,A,no,134.32,GBP,https://www.mobilesentrix.co.uk/replacement-parts/apple/iphone-parts/all-iphone-lcds
mobilesentrix.co.uk,UK,shop,iphone 15 pro,refurb,A,no,157.74,GBP,https://www.mobilesentrix.co.uk/replacement-parts/apple/iphone-parts/all-iphone-lcds
mobilesentrix.co.uk,UK,shop,iphone 15 pro,original,A,no,227.53,GBP,https://www.mobilesentrix.co.uk/replacement-parts/apple/iphone-parts/all-iphone-lcds
mobilesentrix.co.uk,UK,shop,iphone 15 pro,original,A,no,237.54,GBP,https://www.mobilesentrix.co.uk/replacement-parts/apple/iphone-parts/all-iphone-lcds
mobilesentrix.co.uk,UK,shop,iphone 15 pro,original,A,no,256.99,GBP,https://www.mobilesentrix.co.uk/replacement-parts/apple/iphone-parts/all-iphone-lcds
mobilesentrix.co.uk,UK,shop,iphone 15 pro,aftermarket-incell,aftermarket,no,17.95,GBP,https://www.mobilesentrix.co.uk/replacement-parts/apple/iphone-parts/all-iphone-lcds
mobilesentrix.co.uk,UK,shop,iphone 15 pro,aftermarket-oled,aftermarket,no,33.94,GBP,https://www.mobilesentrix.co.uk/replacement-parts/apple/iphone-parts/all-iphone-lcds
mobilesentrix.co.uk,UK,shop,iphone 15 plus,refurb,A,no,108.78,GBP,https://www.mobilesentrix.co.uk/replacement-parts/apple/iphone-parts/all-iphone-lcds
mobilesentrix.co.uk,UK,shop,iphone 15 plus,original,A,no,256.77,GBP,https://www.mobilesentrix.co.uk/replacement-parts/apple/iphone-parts/all-iphone-lcds
mobilesentrix.co.uk,UK,shop,iphone 15,aftermarket-incell,aftermarket,no,16.22,GBP,https://www.mobilesentrix.co.uk/replacement-parts/apple/iphone-parts/all-iphone-lcds
mobilesentrix.co.uk,UK,shop,iphone 15,aftermarket-oled,aftermarket,no,36.47,GBP,https://www.mobilesentrix.co.uk/replacement-parts/apple/iphone-parts/all-iphone-lcds
mobilesentrix.co.uk,UK,shop,iphone 15 plus,unknown,aftermarket,no,45.36,GBP,https://www.mobilesentrix.co.uk/replacement-parts/apple/iphone-parts/all-iphone-lcds
mobilesentrix.co.uk,UK,shop,iphone 15,original,A,no,192.45,GBP,https://www.mobilesentrix.co.uk/replacement-parts/apple/iphone-parts/all-iphone-lcds
mobilesentrix.co.uk,UK,shop,iphone 14 pro max,aftermarket-incell,aftermarket,no,27.07,GBP,https://www.mobilesentrix.co.uk/replacement-parts/apple/iphone-parts/all-iphone-lcds
mobilesentrix.co.uk,UK,shop,iphone 14 pro max,unknown,aftermarket,no,37.92,GBP,https://www.mobilesentrix.co.uk/replacement-parts/apple/iphone-parts/all-iphone-lcds
mobilesentrix.co.uk,UK,shop,iphone 15,refurb,A,no,118.85,GBP,https://www.mobilesentrix.co.uk/replacement-parts/apple/iphone-parts/all-iphone-lcds
mobilesentrix.co.uk,UK,shop,iphone 14 pro max,original,A,no,262.62,GBP,https://www.mobilesentrix.co.uk/replacement-parts/apple/iphone-parts/all-iphone-lcds
mobilesentrix.co.uk,UK,shop,iphone 14 pro max,unknown,aftermarket,no,33.14,GBP,https://www.mobilesentrix.co.uk/replacement-parts/apple/iphone-parts/all-iphone-lcds
mobilesentrix.co.uk,UK,shop,iphone 14 pro max,original,A,no,270.92,GBP,https://www.mobilesentrix.co.uk/replacement-parts/apple/iphone-parts/all-iphone-lcds
mobilesentrix.co.uk,UK,shop,iphone 15,original,A,no,217.62,GBP,https://www.mobilesentrix.co.uk/replacement-parts/apple/iphone-parts/all-iphone-lcds
mobilesentrix.co.uk,UK,shop,iphone 14 pro,original,A,no,203.39,GBP,https://www.mobilesentrix.co.uk/replacement-parts/apple/iphone-parts/all-iphone-lcds
mobilesentrix.co.uk,UK,shop,iphone 14 pro,aftermarket-incell,aftermarket,no,19.46,GBP,https://www.mobilesentrix.co.uk/replacement-parts/apple/iphone-parts/all-iphone-lcds
mobilesentrix.co.uk,UK,shop,iphone 14 pro,refurb,A,no,111.08,GBP,https://www.mobilesentrix.co.uk/replacement-parts/apple/iphone-parts/all-iphone-lcds
mobilesentrix.co.uk,UK,shop,iphone 14 pro,original,A,no,266.81,GBP,https://www.mobilesentrix.co.uk/replacement-parts/apple/iphone-parts/all-iphone-lcds
mobilesentrix.co.uk,UK,shop,iphone 14 pro,unknown,aftermarket,no,53.54,GBP,https://www.mobilesentrix.co.uk/replacement-parts/apple/iphone-parts/all-iphone-lcds
mobilesentrix.co.uk,UK,shop,iphone 14 pro,original,A,no,227.53,GBP,https://www.mobilesentrix.co.uk/replacement-parts/apple/iphone-parts/all-iphone-lcds
iparts-4u.co.uk,UK,shop,iphone 16 plus,aftermarket-incell,aftermarket,YES,41.99,GBP,https://www.iparts-4u.co.uk/for-iphone-16-plus-screen-assembly-incell-lcd-ip9-fhd-range
mobilesentrix.co.uk,UK,shop,iphone 14 plus,refurb,A,no,101.75,GBP,https://www.mobilesentrix.co.uk/replacement-parts/apple/iphone-parts/all-iphone-lcds
mobilesentrix.co.uk,UK,shop,iphone 14 plus,original,A,no,131.58,GBP,https://www.mobilesentrix.co.uk/replacement-parts/apple/iphone-parts/all-iphone-lcds
mobilesentrix.co.uk,UK,shop,iphone 14,refurb,A,no,61.23,GBP,https://www.mobilesentrix.co.uk/replacement-parts/apple/iphone-parts/all-iphone-lcds
mobilesentrix.co.uk,UK,shop,iphone 14,original,A,no,192.45,GBP,https://www.mobilesentrix.co.uk/replacement-parts/apple/iphone-parts/all-iphone-lcds
mobilesentrix.co.uk,UK,shop,iphone 14,aftermarket-incell,aftermarket,no,14.14,GBP,https://www.mobilesentrix.co.uk/replacement-parts/apple/iphone-parts/all-iphone-lcds
mobilesentrix.co.uk,UK,shop,iphone 13 pro max,original,A,no,227.27,GBP,https://www.mobilesentrix.co.uk/replacement-parts/apple/iphone-parts/all-iphone-lcds
mobilesentrix.co.uk,UK,shop,iphone 13 pro max,unknown,aftermarket,no,33.34,GBP,https://www.mobilesentrix.co.uk/replacement-parts/apple/iphone-parts/all-iphone-lcds
mobilesentrix.co.uk,UK,shop,iphone 13 pro max,aftermarket-incell,aftermarket,no,19.3,GBP,https://www.mobilesentrix.co.uk/replacement-parts/apple/iphone-parts/all-iphone-lcds
mobilesentrix.co.uk,UK,shop,iphone 13 pro,aftermarket-incell,aftermarket,no,17.59,GBP,https://www.mobilesentrix.co.uk/replacement-parts/apple/iphone-parts/all-iphone-lcds
mobilesentrix.co.uk,UK,shop,iphone 13 pro max,original,A,no,266.52,GBP,https://www.mobilesentrix.co.uk/replacement-parts/apple/iphone-parts/all-iphone-lcds
mobilesentrix.co.uk,UK,shop,iphone 13 pro max,original,A,no,227.53,GBP,https://www.mobilesentrix.co.uk/replacement-parts/apple/iphone-parts/all-iphone-lcds
mobilesentrix.co.uk,UK,shop,iphone 13 pro,aftermarket-incell,aftermarket,no,10.71,GBP,https://www.mobilesentrix.co.uk/replacement-parts/apple/iphone-parts/all-iphone-lcds
mobilesentrix.co.uk,UK,shop,iphone 13 pro,aftermarket-incell,aftermarket,no,18.83,GBP,https://www.mobilesentrix.co.uk/replacement-parts/apple/iphone-parts/all-iphone-lcds
mobilesentrix.co.uk,UK,shop,iphone 13 pro,unknown,aftermarket,no,39.35,GBP,https://www.mobilesentrix.co.uk/replacement-parts/apple/iphone-parts/all-iphone-lcds
mobilesentrix.co.uk,UK,shop,iphone 13 pro,refurb,A,no,73.77,GBP,https://www.mobilesentrix.co.uk/replacement-parts/apple/iphone-parts/all-iphone-lcds
mobilesentrix.co.uk,UK,shop,iphone 13 mini,original,A,no,184.5,GBP,https://www.mobilesentrix.co.uk/replacement-parts/apple/iphone-parts/all-iphone-lcds
mobilesentrix.co.uk,UK,shop,iphone 12 pro max,aftermarket-lcd,aftermarket,no,13.87,GBP,https://www.mobilesentrix.co.uk/replacement-parts/apple/iphone-parts/all-iphone-lcds
mobilesentrix.co.uk,UK,shop,iphone 12 pro max,refurb,A,no,106.41,GBP,https://www.mobilesentrix.co.uk/replacement-parts/apple/iphone-parts/all-iphone-lcds
mobilesentrix.co.uk,UK,shop,iphone 12 pro max,original,A,no,154.7,GBP,https://www.mobilesentrix.co.uk/replacement-parts/apple/iphone-parts/all-iphone-lcds
mobilesentrix.co.uk,UK,shop,iphone 12 pro max,original,A,no,227.53,GBP,https://www.mobilesentrix.co.uk/replacement-parts/apple/iphone-parts/all-iphone-lcds
iparts-4u.co.uk,UK,shop,iphone 16,aftermarket-soft-oled,aftermarket,YES,119.99,GBP,https://www.iparts-4u.co.uk/for-iphone-16-screen-assembly-ip9-soft-oled-diagnostic-calibration
mobilesentrix.co.uk,UK,shop,iphone 12 pro max,original,A,no,266.52,GBP,https://www.mobilesentrix.co.uk/replacement-parts/apple/iphone-parts/all-iphone-lcds
iparts-4u.eu,Ireland,shop,iphone 16 plus,aftermarket-soft-oled,aftermarket,no,119.99,EUR,https://www.iparts-4u.eu/for-iphone-16-plus-screen-assembly-ip9-soft-oled-diagnostic-calibration
mobilesentrix.co.uk,UK,shop,iphone 13 mini,aftermarket-incell,aftermarket,no,20.01,GBP,https://www.mobilesentrix.co.uk/replacement-parts/apple/iphone-parts/all-iphone-lcds
mobilesentrix.co.uk,UK,shop,iphone 13 mini,original,A,no,66.56,GBP,https://www.mobilesentrix.co.uk/replacement-parts/apple/iphone-parts/all-iphone-lcds
mobilesentrix.co.uk,UK,shop,iphone 13 mini,refurb,A,no,97.29,GBP,https://www.mobilesentrix.co.uk/replacement-parts/apple/iphone-parts/all-iphone-lcds
mobilesentrix.co.uk,UK,shop,iphone 12,unknown,aftermarket,no,31.59,GBP,https://www.mobilesentrix.co.uk/replacement-parts/apple/iphone-parts/all-iphone-lcds
mobilesentrix.co.uk,UK,shop,iphone 12,aftermarket-incell,aftermarket,no,10.47,GBP,https://www.mobilesentrix.co.uk/replacement-parts/apple/iphone-parts/all-iphone-lcds
mobilesentrix.co.uk,UK,shop,iphone 13 pro,original,A,no,192.45,GBP,https://www.mobilesentrix.co.uk/replacement-parts/apple/iphone-parts/all-iphone-lcds
mobilesentrix.co.uk,UK,shop,iphone 13 pro,original,A,no,173.75,GBP,https://www.mobilesentrix.co.uk/replacement-parts/apple/iphone-parts/all-iphone-lcds
mobilesentrix.co.uk,UK,shop,iphone 13,aftermarket-oled,aftermarket,no,35.47,GBP,https://www.mobilesentrix.co.uk/replacement-parts/apple/iphone-parts/all-iphone-lcds
mobilesentrix.co.uk,UK,shop,iphone 13 pro,original,A,no,225.52,GBP,https://www.mobilesentrix.co.uk/replacement-parts/apple/iphone-parts/all-iphone-lcds
mobilesentrix.co.uk,UK,shop,iphone 13,refurb,A,no,58.2,GBP,https://www.mobilesentrix.co.uk/replacement-parts/apple/iphone-parts/all-iphone-lcds
mobilesentrix.co.uk,UK,shop,iphone 12 pro,original,A,no,192.45,GBP,https://www.mobilesentrix.co.uk/replacement-parts/apple/iphone-parts/all-iphone-lcds
mobilesentrix.co.uk,UK,shop,iphone 12 mini,aftermarket-incell,aftermarket,no,19.53,GBP,https://www.mobilesentrix.co.uk/replacement-parts/apple/iphone-parts/all-iphone-lcds
mobilesentrix.co.uk,UK,shop,iphone 12 pro,original,A,no,225.52,GBP,https://www.mobilesentrix.co.uk/replacement-parts/apple/iphone-parts/all-iphone-lcds
mobilesentrix.co.uk,UK,shop,iphone 12 mini,aftermarket-incell,aftermarket,no,11.85,GBP,https://www.mobilesentrix.co.uk/replacement-parts/apple/iphone-parts/all-iphone-lcds
mobilesentrix.co.uk,UK,shop,iphone 12 mini,original,A,no,184.7,GBP,https://www.mobilesentrix.co.uk/replacement-parts/apple/iphone-parts/all-iphone-lcds
mobilesentrix.co.uk,UK,shop,iphone 12,original,A,no,225.52,GBP,https://www.mobilesentrix.co.uk/replacement-parts/apple/iphone-parts/all-iphone-lcds
mobilesentrix.co.uk,UK,shop,iphone 12 mini,original,A,no,157.36,GBP,https://www.mobilesentrix.co.uk/replacement-parts/apple/iphone-parts/all-iphone-lcds
mobilesentrix.co.uk,UK,shop,iphone 12 mini,refurb,A,no,53.56,GBP,https://www.mobilesentrix.co.uk/replacement-parts/apple/iphone-parts/all-iphone-lcds
mobilesentrix.co.uk,UK,shop,iphone 11 pro max,refurb,A,no,59.14,GBP,https://www.mobilesentrix.co.uk/replacement-parts/apple/iphone-parts/all-iphone-lcds
mobilesentrix.co.uk,UK,shop,iphone 11 pro,refurb,A,no,50.2,GBP,https://www.mobilesentrix.co.uk/replacement-parts/apple/iphone-parts/all-iphone-lcds
mobilesentrix.co.uk,UK,shop,iphone 11,aftermarket-incell,aftermarket,no,10.53,GBP,https://www.mobilesentrix.co.uk/replacement-parts/apple/iphone-parts/all-iphone-lcds
mobilesentrix.co.uk,UK,shop,iphone 12,original,A,no,192.45,GBP,https://www.mobilesentrix.co.uk/replacement-parts/apple/iphone-parts/all-iphone-lcds
mobilesentrix.co.uk,UK,shop,iphone 11 pro,aftermarket-incell,aftermarket,no,11.77,GBP,https://www.mobilesentrix.co.uk/replacement-parts/apple/iphone-parts/all-iphone-lcds
mobilesentrix.co.uk,UK,shop,iphone 11,refurb,A,no,20.45,GBP,https://www.mobilesentrix.co.uk/replacement-parts/apple/iphone-parts/all-iphone-lcds
mobilesentrix.co.uk,UK,shop,iphone 11,aftermarket-incell,aftermarket,no,10.08,GBP,https://www.mobilesentrix.co.uk/replacement-parts/apple/iphone-parts/all-iphone-lcds
mobilesentrix.co.uk,UK,shop,iphone xs max,aftermarket-incell,aftermarket,no,11.11,GBP,https://www.mobilesentrix.co.uk/replacement-parts/apple/iphone-parts/all-iphone-lcds
mobilesentrix.co.uk,UK,shop,iphone 11,aftermarket-incell,aftermarket,no,13.35,GBP,https://www.mobilesentrix.co.uk/replacement-parts/apple/iphone-parts/all-iphone-lcds
mobilesentrix.co.uk,UK,shop,iphone xs max,refurb,A,no,71.91,GBP,https://www.mobilesentrix.co.uk/replacement-parts/apple/iphone-parts/all-iphone-lcds
mobilesentrix.co.uk,UK,shop,iphone xs,aftermarket-incell,aftermarket,no,12.08,GBP,https://www.mobilesentrix.co.uk/replacement-parts/apple/iphone-parts/all-iphone-lcds
mobilesentrix.co.uk,UK,shop,iphone xs,aftermarket-oled,aftermarket,no,26.89,GBP,https://www.mobilesentrix.co.uk/replacement-parts/apple/iphone-parts/all-iphone-lcds
lltrader.com,China,shop,iphone 12 pro max,aftermarket-lcd,aftermarket,no,19.99,USD,https://www.lltrader.com/products/iphone-12-pro-max-screen-replacement-lcd-display-touch-digitizer-assembly?_pos=10&_sid=39dab29fd&_ss=r
mobilesentrix.co.uk,UK,shop,iphone xr,aftermarket-incell,aftermarket,no,10.8,GBP,https://www.mobilesentrix.co.uk/replacement-parts/apple/iphone-parts/all-iphone-lcds
mobilesentrix.co.uk,UK,shop,iphone x,aftermarket-incell,aftermarket,no,12.08,GBP,https://www.mobilesentrix.co.uk/replacement-parts/apple/iphone-parts/all-iphone-lcds
mobilesentrix.co.uk,UK,shop,iphone xs max,original,A,no,75.33,GBP,https://www.mobilesentrix.co.uk/replacement-parts/apple/iphone-parts/all-iphone-lcds
mobilesentrix.co.uk,UK,shop,iphone xr,aftermarket-incell,aftermarket,no,12.62,GBP,https://www.mobilesentrix.co.uk/replacement-parts/apple/iphone-parts/all-iphone-lcds
mobilesentrix.co.uk,UK,shop,iphone x,refurb,A,no,38.8,GBP,https://www.mobilesentrix.co.uk/replacement-parts/apple/iphone-parts/all-iphone-lcds
replacebase.co.uk,UK,shop,iphone 12,unknown,aftermarket,no,14.95,GBP,https://www.replacebase.co.uk/iphone-parts
replacebase.co.uk,UK,shop,iphone 12,unknown,aftermarket,no,7.95,GBP,https://www.replacebase.co.uk/iphone-parts
mobilesentrix.co.uk,UK,shop,iphone x,aftermarket-oled,aftermarket,no,26.45,GBP,https://www.mobilesentrix.co.uk/replacement-parts/apple/iphone-parts/all-iphone-lcds
expresstech.ie,Ireland,shop,iphone 15 pro,unknown,aftermarket,no,129.0,EUR,https://www.expresstech.ie/collections/iphone-screen-repair-replacement
expresstech.ie,Ireland,shop,iphone 15,unknown,aftermarket,no,149.0,EUR,https://www.expresstech.ie/collections/iphone-screen-repair-replacement
expresstech.ie,Ireland,shop,iphone 16 pro max,unknown,aftermarket,no,199.0,EUR,https://www.expresstech.ie/collections/iphone-screen-repair-replacement
expresstech.ie,Ireland,shop,iphone 15 pro,unknown,aftermarket,no,169.0,EUR,https://www.expresstech.ie/collections/iphone-screen-repair-replacement
expresstech.ie,Ireland,shop,iphone 14 pro max,unknown,aftermarket,no,139.0,EUR,https://www.expresstech.ie/collections/iphone-screen-repair-replacement
expresstech.ie,Ireland,shop,iphone 14 pro,unknown,aftermarket,no,129.0,EUR,https://www.expresstech.ie/collections/iphone-screen-repair-replacement
expresstech.ie,Ireland,shop,iphone 14,unknown,aftermarket,no,139.0,EUR,https://www.expresstech.ie/collections/iphone-screen-repair-replacement
expresstech.ie,Ireland,shop,iphone 13 pro max,unknown,aftermarket,no,129.0,EUR,https://www.expresstech.ie/collections/iphone-screen-repair-replacement
expresstech.ie,Ireland,shop,iphone 12 pro,unknown,aftermarket,no,149.0,EUR,https://www.expresstech.ie/collections/iphone-screen-repair-replacement
expresstech.ie,Ireland,shop,iphone 13 pro,unknown,aftermarket,no,219.0,EUR,https://www.expresstech.ie/collections/iphone-screen-repair-replacement
expresstech.ie,Ireland,shop,iphone 12 pro,unknown,aftermarket,no,119.0,EUR,https://www.expresstech.ie/collections/iphone-screen-repair-replacement
expresstech.ie,Ireland,shop,iphone 13 pro,unknown,aftermarket,no,119.0,EUR,https://www.expresstech.ie/collections/iphone-screen-repair-replacement
expresstech.ie,Ireland,shop,iphone 11 pro,unknown,aftermarket,no,89.0,EUR,https://www.expresstech.ie/collections/iphone-screen-repair-replacement
expresstech.ie,Ireland,shop,iphone 13,unknown,aftermarket,no,129.0,EUR,https://www.expresstech.ie/collections/iphone-screen-repair-replacement
expresstech.ie,Ireland,shop,iphone 11 pro max,unknown,aftermarket,no,109.0,EUR,https://www.expresstech.ie/collections/iphone-screen-repair-replacement
expresstech.ie,Ireland,shop,iphone 12,unknown,aftermarket,no,99.0,EUR,https://www.expresstech.ie/collections/iphone-screen-repair-replacement
expresstech.ie,Ireland,shop,iphone 11,unknown,aftermarket,no,119.0,EUR,https://www.expresstech.ie/collections/iphone-screen-repair-replacement
expresstech.ie,Ireland,shop,iphone xs max,unknown,aftermarket,no,99.0,EUR,https://www.expresstech.ie/collections/iphone-screen-repair-replacement
hugmie.ie,Ireland,shop,iphone 11,unknown,aftermarket,no,235.99,EUR,https://hugmie.ie/
repairdepot.com,USA,shop,iphone 16 pro max,unknown,aftermarket,no,39.99,USD,https://www.repairdepot.com/
hugmie.ie,Ireland,shop,iphone 11,unknown,aftermarket,no,19.99,EUR,https://hugmie.ie/
hugmie.ie,Ireland,shop,iphone 11,unknown,aftermarket,no,50.0,EUR,https://hugmie.ie/
expresstech.ie,Ireland,shop,iphone xr,unknown,aftermarket,no,109.0,EUR,https://www.expresstech.ie/collections/iphone-screen-repair-replacement
repairdepot.com,USA,shop,iphone 13 pro max,unknown,aftermarket,no,17.99,USD,https://www.repairdepot.com/
hugmie.ie,Ireland,shop,iphone 11,unknown,aftermarket,no,69.0,EUR,https://hugmie.ie/
repairdepot.com,USA,shop,iphone 16 pro,unknown,aftermarket,no,35.99,USD,https://www.repairdepot.com/
allfixparts.com,USA,shop,iphone 11 pro max,unknown,aftermarket,no,43.0,USD,https://allfixparts.com/
wigento.de,Germany,shop,iphone 13 mini,unknown,aftermarket,YES,3.95,EUR,https://www.wigento.de/ersatzteile/smartphone/apple/
unlockr.ca,Canada,shop,iphone x,unknown,aftermarket,no,20.99,CAD,https://unlockr.ca/collections/iphone-repair-parts
unlockr.ca,Canada,shop,iphone 11,unknown,aftermarket,no,27.99,CAD,https://unlockr.ca/collections/iphone-repair-parts
unlockr.ca,Canada,shop,iphone xs,unknown,aftermarket,no,27.99,CAD,https://unlockr.ca/collections/iphone-repair-parts
unlockr.ca,Canada,shop,iphone 12,unknown,aftermarket,no,29.99,CAD,https://unlockr.ca/collections/iphone-repair-parts
allfixparts.com,USA,shop,iphone xs,unknown,aftermarket,no,43.0,USD,https://allfixparts.com/
unlockr.ca,Canada,shop,iphone x,unknown,aftermarket,no,26.99,CAD,https://unlockr.ca/collections/iphone-repair-parts
unlockr.ca,Canada,shop,iphone 11,unknown,aftermarket,no,23.99,CAD,https://unlockr.ca/collections/iphone-repair-parts
canadiancellparts.com,Canada,shop,iphone 15 plus,aftermarket-soft-oled,aftermarket,no,160.0,CAD,https://www.canadiancellparts.com/all-iphone-lcds/
unlockr.ca,Canada,shop,iphone xr,unknown,aftermarket,no,22.99,CAD,https://unlockr.ca/collections/iphone-repair-parts
unlockr.ca,Canada,shop,iphone 13,unknown,aftermarket,no,30.99,CAD,https://unlockr.ca/collections/iphone-repair-parts
canadiancellparts.com,Canada,shop,iphone 16,aftermarket-soft-oled,aftermarket,no,140.0,CAD,https://www.canadiancellparts.com/all-iphone-lcds/
unlockr.ca,Canada,shop,iphone 11 pro,unknown,aftermarket,no,39.99,CAD,https://unlockr.ca/collections/iphone-repair-parts
canadiancellparts.com,Canada,shop,iphone 15,aftermarket-soft-oled,aftermarket,no,130.0,CAD,https://www.canadiancellparts.com/all-iphone-lcds/
canadiancellparts.com,Canada,shop,iphone 14,aftermarket-oled,aftermarket,no,100.0,CAD,https://www.canadiancellparts.com/all-iphone-lcds/
canadiancellparts.com,Canada,shop,iphone 15 plus,aftermarket-hard-oled,aftermarket,no,125.0,CAD,https://www.canadiancellparts.com/all-iphone-lcds/
canadiancellparts.com,Canada,shop,iphone 13,aftermarket-oled,aftermarket,no,105.0,CAD,https://www.canadiancellparts.com/all-iphone-lcds/
canadiancellparts.com,Canada,shop,iphone 13 mini,aftermarket-oled,aftermarket,no,100.0,CAD,https://www.canadiancellparts.com/all-iphone-lcds/
canadiancellparts.com,Canada,shop,iphone 12 pro max,aftermarket-oled,aftermarket,no,120.0,CAD,https://www.canadiancellparts.com/all-iphone-lcds/
canadiancellparts.com,Canada,shop,iphone xs,aftermarket-oled,aftermarket,no,85.0,CAD,https://www.canadiancellparts.com/all-iphone-lcds/
wigento.de,Germany,shop,iphone 13 pro,unknown,aftermarket,YES,3.95,EUR,https://www.wigento.de/ersatzteile/smartphone/apple/
canadiancellparts.com,Canada,shop,iphone 13 pro max,aftermarket-incell,aftermarket,no,75.0,CAD,https://www.canadiancellparts.com/all-iphone-lcds/
canadiancellparts.com,Canada,shop,iphone xs max,aftermarket-oled,aftermarket,no,75.0,CAD,https://www.canadiancellparts.com/all-iphone-lcds/
canadiancellparts.com,Canada,shop,iphone 12 mini,aftermarket-incell,aftermarket,no,55.0,CAD,https://www.canadiancellparts.com/all-iphone-lcds/
canadiancellparts.com,Canada,shop,iphone 15 plus,aftermarket-incell,aftermarket,no,60.0,CAD,https://www.canadiancellparts.com/all-iphone-lcds/
canadiancellparts.com,Canada,shop,iphone 15,aftermarket-incell,aftermarket,no,55.0,CAD,https://www.canadiancellparts.com/all-iphone-lcds/
canadiancellparts.com,Canada,shop,iphone 13 mini,aftermarket-incell,aftermarket,no,60.0,CAD,https://www.canadiancellparts.com/all-iphone-lcds/
canadiancellparts.com,Canada,shop,iphone 14 plus,aftermarket-incell,aftermarket,no,55.0,CAD,https://www.canadiancellparts.com/all-iphone-lcds/
canadiancellparts.com,Canada,shop,iphone 13 pro,aftermarket-incell,aftermarket,no,50.0,CAD,https://www.canadiancellparts.com/all-iphone-lcds/
canadiancellparts.com,Canada,shop,iphone 16e,aftermarket-incell,aftermarket,no,45.0,CAD,https://www.canadiancellparts.com/all-iphone-lcds/
canadiancellparts.com,Canada,shop,iphone 12 pro max,aftermarket-incell,aftermarket,no,55.0,CAD,https://www.canadiancellparts.com/all-iphone-lcds/
canadiancellparts.com,Canada,shop,iphone 13,aftermarket-incell,aftermarket,no,50.0,CAD,https://www.canadiancellparts.com/all-iphone-lcds/
canadiancellparts.com,Canada,shop,iphone 11 pro,aftermarket-incell,aftermarket,no,40.0,CAD,https://www.canadiancellparts.com/all-iphone-lcds/
canadiancellparts.com,Canada,shop,iphone 11,aftermarket-incell,aftermarket,no,40.0,CAD,https://www.canadiancellparts.com/all-iphone-lcds/
canadiancellparts.com,Canada,shop,iphone 12 pro,aftermarket-incell,aftermarket,no,35.0,CAD,https://www.canadiancellparts.com/all-iphone-lcds/
canadiancellparts.com,Canada,shop,iphone 11,unknown,aftermarket,no,50.0,CAD,https://www.canadiancellparts.com/all-iphone-lcds/
canadiancellparts.com,Canada,shop,iphone xr,unknown,aftermarket,no,45.0,CAD,https://www.canadiancellparts.com/all-iphone-lcds/
canadiancellparts.com,Canada,shop,iphone xr,aftermarket-incell,aftermarket,no,35.0,CAD,https://www.canadiancellparts.com/all-iphone-lcds/
esourceparts.ca,Canada,shop,iphone 14,aftermarket-incell,aftermarket,no,43.15,CAD,https://www.esourceparts.ca/
esourceparts.ca,Canada,shop,iphone 11,unknown,aftermarket,no,40.88,CAD,https://www.esourceparts.ca/
onlinemobileparts.com.au,Australia,shop,iphone xr,unknown,aftermarket,no,28.0,AUD,https://www.onlinemobileparts.com.au/
mengtor.ca,Canada,shop,iphone 16 pro max,aftermarket-incell,aftermarket,no,32.95,CAD,https://www.mengtor.ca/
mengtor.ca,Canada,shop,iphone 16,unknown,aftermarket,no,45.95,CAD,https://www.mengtor.ca/
onlinemobileparts.com.au,Australia,shop,iphone x,unknown,aftermarket,no,25.0,AUD,https://www.onlinemobileparts.com.au/
esourceparts.ca,Canada,shop,iphone 14,unknown,aftermarket,no,33.31,CAD,https://www.esourceparts.ca/
mengtor.ca,Canada,shop,iphone 16 pro max,unknown,aftermarket,no,49.95,CAD,https://www.mengtor.ca/
onlinemobileparts.com.au,Australia,shop,iphone 11,unknown,aftermarket,no,42.0,AUD,https://www.onlinemobileparts.com.au/
onlinemobileparts.com.au,Australia,shop,iphone 11 pro,unknown,aftermarket,no,65.0,AUD,https://www.onlinemobileparts.com.au/
onlinemobileparts.com.au,Australia,shop,iphone xs,unknown,aftermarket,no,15.0,AUD,https://www.onlinemobileparts.com.au/
mobileparts.shop,Germany,shop,iphone 16,original,A,no,51.0,EUR,https://www.mobileparts.shop/en
onlinemobileparts.com.au,Australia,shop,iphone x,unknown,aftermarket,no,15.0,AUD,https://www.onlinemobileparts.com.au/
wholesalegadgetparts.com,United States,shop,iphone 14,unknown,aftermarket,no,49.99,,https://www.wholesalegadgetparts.com/
onlinemobileparts.com.au,Australia,shop,iphone xr,unknown,aftermarket,no,15.0,AUD,https://www.onlinemobileparts.com.au/
wholesalegadgetparts.com,United States,shop,iphone 13 pro max,unknown,aftermarket,no,16.74,,https://www.wholesalegadgetparts.com/
wholesalegadgetparts.com,United States,shop,iphone 11,aftermarket-incell,aftermarket,no,17.72,,https://www.wholesalegadgetparts.com/
wholesalegadgetparts.com,United States,shop,iphone 11,unknown,aftermarket,no,39.99,,https://www.wholesalegadgetparts.com/
wholesalegadgetparts.com,United States,shop,iphone 15 plus,unknown,aftermarket,no,29.99,,https://www.wholesalegadgetparts.com/
wigento.de,Germany,shop,iphone 12,unknown,aftermarket,YES,3.95,EUR,https://www.wigento.de/ersatzteile/smartphone/apple/
lltrader.com,China,shop,iphone 13 pro,aftermarket-lcd,aftermarket,no,23.99,USD,https://www.lltrader.com/products/iphone-13-pro-lcd-screen-replacement?_pos=16&_sid=39dab29fd&_ss=r
lltrader.com,China,shop,iphone xs,aftermarket-lcd,aftermarket,no,13.99,USD,https://www.lltrader.com/collections/for-iphone-lcd-screen-replacement/products/iphone-xs-screen-replacement-display-assembly
24hshop.fr,France,shop,iphone 11,original,A,no,75.98,EUR,https://24hshop.fr/ecran-sur-chassis-iphone-11-pro-a2160-soft-oled-apple-original-super-retina-58-pouces-vitre-smartphone-true-tone-complet-2774.html
24hshop.fr,France,shop,iphone xs,original,A,no,55.98,EUR,https://24hshop.fr/iphone-xs-a1920-ecran-soft-oled-apple-original-super-retina-58-pouces-vitre-smartphone-assemblee-affichage-complet-true-tone-2683.html
24hshop.fr,France,shop,iphone 11,aftermarket-incell,aftermarket,no,35.98,EUR,https://24hshop.fr/verre-tactile-ecran-complet-iphone-11-pro-a2217-incell-qualite-hdr-premium-reparation-smartphone-affichage-lcd-retina-58-in-2494.html
24hshop.fr,France,shop,iphone 11 pro,aftermarket-incell,aftermarket,no,35.98,EUR,https://3winfoelec.fr/super-retina-58-inch-iphone-11-pro-in-cell-lcd-premium-smartphone-affichage-cristaux-liquides-true-tone-changer-ecran-oleophobe-2197.html
24hshop.fr,France,shop,iphone xs max,aftermarket-incell,aftermarket,no,39.5,EUR,https://24hshop.fr/verre-tactile-iphone-xs-max-incell-qualite-ecran-complet-premium-reparation-smartphone-affichage-true-tone-lcd-super-retina-65-2549.html
4repair.pl,Poland,shop,iphone 14,unknown,aftermarket,no,10.5,PLN,https://4repair.pl/oryginalna-tasma-klejaca-uszczelka-wyswietlacza-iphone-14-p-2138.html
4repair.pl,Poland,shop,iphone 16 plus,aftermarket-incell,aftermarket,no,146.99,PLN,https://4repair.pl/zamiennik-wyswietlacz-jk-incell-fhd-apple-iphone-16-plus-change-ic-p-2865.html
a-parts.com.pl,Poland,shop,iphone 13 pro max,aftermarket-incell,aftermarket,no,128.26,PLN,"https://www.a-parts.com.pl/produkty/wyswietlacz-lcd-ekran-dotykowy-iphone-13-pro-inc,3,32499,40866"
a-parts.com.pl,Poland,shop,iphone 13 pro,aftermarket-incell,aftermarket,no,129.53,PLN,"https://www.a-parts.com.pl/produkty/wyswietlacz-lcd-ekran-dotykowy-do-iphone-13-pro,3,32499,43472"
a-parts.com.pl,Poland,shop,iphone 14 pro max,aftermarket-oled,aftermarket,no,278.71,PLN,"https://www.a-parts.com.pl/produkty/wyswietlacz-lcd-ekran-dotykowy-iphone-14-pro,3,32499,40880"
a-parts.com.pl,Poland,shop,iphone 14 pro,aftermarket-incell,aftermarket,no,114.23,PLN,"https://www.a-parts.com.pl/produkty/wyswietlacz-lcd-ekran-dotykowy-do-iphone-14-pro,3,32499,43466"
a-parts.com.pl,Poland,shop,iphone 14 pro,aftermarket-incell,aftermarket,no,121.88,PLN,"https://www.a-parts.com.pl/produkty/wyswietlacz-lcd-ekran-dotykowy-iphone-14-pro-inc,3,32499,40869"
a-parts.com.pl,Poland,shop,iphone 14 pro max,aftermarket-incell,aftermarket,no,163.96,PLN,"https://www.a-parts.com.pl/produkty/wyswietlacz-lcd-ekran-dotykowy-do-iphone-14-pro,3,32499,43464"
a-parts.com.pl,Poland,shop,iphone 14 pro max,aftermarket-incell,aftermarket,no,135.9,PLN,"https://www.a-parts.com.pl/produkty/wyswietlacz-lcd-ekran-dotykowy-iphone-14-pro-inc,3,32499,40870"
a-parts.com.pl,Poland,shop,iphone 15 pro,aftermarket-incell,aftermarket,no,115.51,PLN,"https://www.a-parts.com.pl/produkty/wyswietlacz-lcd-ekran-dotykowy-do-iphone-15-pro,3,32499,43458"
a-parts.com.pl,Poland,shop,iphone 14 pro,aftermarket-oled,aftermarket,no,287.62,PLN,"https://www.a-parts.com.pl/produkty/wyswietlacz-lcd-ekran-dotykowy-iphone-14-pro-ole,3,32499,38819"
a-parts.com.pl,Poland,shop,iphone 15 pro,aftermarket-incell,aftermarket,no,121.88,PLN,"https://www.a-parts.com.pl/produkty/wyswietlacz-lcd-ekran-dotykowy-iphone-15-pro-inc,3,32499,40873"
a-parts.com.pl,Poland,shop,iphone 15 pro max,aftermarket-oled,aftermarket,no,278.71,PLN,"https://www.a-parts.com.pl/produkty/wyswietlacz-lcd-ekran-dotykowy-iphone-15-pro,3,32499,40881"
a-parts.com.pl,Poland,shop,iphone 15 pro max,aftermarket-incell,aftermarket,no,125.71,PLN,"https://www.a-parts.com.pl/produkty/wyswietlacz-lcd-ekran-dotykowy-do-iphone-15-pro,3,32499,43456"
a-parts.com.pl,Poland,shop,iphone 15 pro max,aftermarket-incell,aftermarket,no,135.9,PLN,"https://www.a-parts.com.pl/produkty/wyswietlacz-lcd-ekran-dotykowy-iphone-15-pro-inc,3,32499,40874"
a-parts.com.pl,Poland,shop,iphone 14 pro max,aftermarket-oled,aftermarket,no,234.08,PLN,"https://www.a-parts.com.pl/produkty/wyswietlacz-lcd-ekran-dotykowy-iphone-14-pro-max,3,32499,39797"
a-parts.com.pl,Poland,shop,iphone 15 pro max,aftermarket-oled,aftermarket,no,234.08,PLN,"https://www.a-parts.com.pl/produkty/wyswietlacz-lcd-ekran-dotykowy-iphone-15-pro-max,3,32499,39794"
a-parts.com.pl,Poland,shop,iphone 15 pro,aftermarket-incell,aftermarket,no,138.46,PLN,"https://www.a-parts.com.pl/produkty/wyswietlacz-lcd-ekran-dotykowy-do-iphone-15-pro,3,32499,43457"
a-parts.com.pl,Poland,shop,iphone 16 pro,aftermarket-incell,aftermarket,no,195.83,PLN,"https://www.a-parts.com.pl/produkty/wyswietlacz-lcd-ekran-dotykowy-iphone-16-pro-jk,3,32499,38742"
a-parts.com.pl,Poland,shop,iphone 16 pro,aftermarket-incell,aftermarket,no,174.16,PLN,"https://www.a-parts.com.pl/produkty/wyswietlacz-lcd-ekran-dotykowy-iphone-16-pro-inc,3,32499,40877"
a-parts.com.pl,Poland,shop,iphone 15 pro,aftermarket-oled,aftermarket,no,287.62,PLN,"https://www.a-parts.com.pl/produkty/wyswietlacz-lcd-ekran-dotykowy-iphone-15-pro-jk,3,32499,39793"
a-parts.com.pl,Poland,shop,iphone 16 pro max,aftermarket-oled,aftermarket,no,351.28,PLN,"https://www.a-parts.com.pl/produkty/wyswietlacz-lcd-ekran-dotykowy-iphone-16-pro,3,32499,41004"
a-parts.com.pl,Poland,shop,iphone 11,aftermarket-incell,aftermarket,no,95.12,PLN,"https://www.a-parts.com.pl/produkty/wyswietlacz-lcd-ekran-dotykowy-iphone-11-jk-ince,3,32499,38739"
a-parts.com.pl,Poland,shop,iphone 16 pro max,aftermarket-oled,aftermarket,no,297.83,PLN,"https://www.a-parts.com.pl/produkty/wyswietlacz-lcd-ekran-dotykowy-do-iphone-16-pro,3,32499,43452"
a-parts.com.pl,Poland,shop,iphone 16 pro max,aftermarket-incell,aftermarket,no,195.83,PLN,"https://www.a-parts.com.pl/produkty/wyswietlacz-lcd-ekran-dotykowy-iphone-16-pro-max,3,32499,38741"
appleparts.nl,Netherlands,shop,iphone 15 pro,pulled,A,no,319.0,EUR,https://appleparts.nl/products/beeldscherm-scherm-voor-iphone-15-pro-origineel-pulled-a-grade-met-lichtsensor-flex?_pos=2&_sid=7fc136858&_ss=r
appleparts.nl,Netherlands,shop,iphone 16,pulled,A,no,198.0,EUR,https://appleparts.nl/products/beeldscherm-scherm-voor-iphone-16-origineel-pulled?_pos=4&_sid=7fc136858&_ss=r
a-parts.com.pl,Poland,shop,iphone 16 pro,aftermarket-oled,aftermarket,no,389.81,PLN,"https://www.a-parts.com.pl/produkty/wyswietlacz-lcd-ekran-dotykowy-iphone-16-pro-rj,3,32499,41541"
appleparts.nl,Netherlands,shop,iphone 15,pulled,A,no,175.0,EUR,https://appleparts.nl/products/beeldscherm-voor-iphone-15-origineel-pulled?_pos=1&_sid=7fc136858&_ss=r
appleparts.nl,Netherlands,shop,iphone 16 pro max,aftermarket-soft-oled,aftermarket,no,99.95,EUR,https://appleparts.nl/products/premium-soft-oled-120hz-scherm-voor-iphone-16-pro-max?_pos=6&_sid=7fc136858&_ss=r
appleparts.nl,Netherlands,shop,iphone 16,original,A,no,349.0,EUR,https://appleparts.nl/products/beeldscherm-scherm-voor-iphone-16-origineel-service-pack-661-44797?_pos=10&_sid=7fc136858&_ss=r
appleparts.nl,Netherlands,shop,iphone 14 pro max,aftermarket-soft-oled,aftermarket,no,89.0,EUR,https://appleparts.nl/products/premium-soft-oled-scherm-voor-iphone-14-pro-max?_pos=9&_sid=7fc136858&_ss=r
appleparts.nl,Netherlands,shop,iphone 14 plus,pulled,A,no,199.0,EUR,https://appleparts.nl/products/iphone-14-plus-scherm-origineel-pulled?_pos=7&_sid=7fc136858&_ss=r
appleparts.nl,Netherlands,shop,iphone 15,aftermarket-soft-oled,aftermarket,no,69.0,EUR,https://appleparts.nl/products/premium-soft-oled-scherm-voor-iphone-15?_pos=5&_sid=7fc136858&_ss=r
appleparts.nl,Netherlands,shop,iphone 13,pulled,A,no,109.0,EUR,https://appleparts.nl/products/beeldscherm-voor-iphone-15-origineel-pulled-a-grade-met-sensor-flex?_pos=3&_sid=7fc136858&_ss=r
appleparts.nl,Netherlands,shop,iphone 14 pro max,aftermarket-incell,aftermarket,no,69.0,EUR,https://appleparts.nl/products/repart-incell-select-lcd-scherm-assembly-voor-iphone-14-pro-max?_pos=16&_sid=7fc136858&_ss=r
appleparts.nl,Netherlands,shop,iphone 13 mini,aftermarket-incell,aftermarket,no,59.0,EUR,https://appleparts.nl/products/iphone-13-mini-repart-incell-select-lcd-scherm-assembly?_pos=20&_sid=7fc136858&_ss=r
appleparts.nl,Netherlands,shop,iphone 14 pro,aftermarket-incell,aftermarket,no,159.0,EUR,https://appleparts.nl/products/repart-incell-select-lcd-scherm-assembly-voor-iphone-14-pro?_pos=21&_sid=7fc136858&_ss=r
dutchrepair.nl,Netherlands,shop,iphone 11,unknown,aftermarket,no,30.0,EUR,https://www.dutchrepair.nl/products/iphone-11-orgineel-display-a-kwaliteit?_pos=5&_sid=fa3ea38a9&_ss=r
appleparts.nl,Netherlands,shop,iphone 12 mini,aftermarket-incell,aftermarket,no,49.95,EUR,https://appleparts.nl/products/iphone-12-mini-repart-incell-select-lcd-scherm-assembly?_pos=22&_sid=7fc136858&_ss=r
dutchrepair.nl,Netherlands,shop,iphone xs,aftermarket-lcd,aftermarket,no,29.99,EUR,https://www.dutchrepair.nl/products/iphone-xs-tft-display-c-grade?_pos=4&_sid=fa3ea38a9&_ss=r
dutchrepair.nl,Netherlands,shop,iphone x,aftermarket-oled,aftermarket,no,46.9,EUR,https://www.dutchrepair.nl/products/iphone-x-oled-display-a-grade?_pos=1&_sid=fa3ea38a9&_ss=r
dutchrepair.nl,Netherlands,shop,iphone 11 pro max,unknown,aftermarket,no,39.99,EUR,https://www.dutchrepair.nl/products/kopie-van-iphone-xs-max-scherm-compleet-reparatie-set-met-screenprotector?variant=47815287243084
dutchrepair.nl,Netherlands,shop,iphone 14,aftermarket-lcd,aftermarket,no,69.99,EUR,https://www.dutchrepair.nl/products/iphone-14-reparatie-set-lcd-scherm-gereedschap-screenprotector-framesticker?_pos=3&_sid=fa3ea38a9&_ss=r
dutchrepair.nl,Netherlands,shop,iphone 14 pro max,aftermarket-soft-oled,aftermarket,no,199.0,EUR,https://www.dutchrepair.nl/products/iphone-14-pro-max-soft-oled-scherm-gelijk-aan-orgineel-120hz-ic-vervangbaar?_pos=7&_sid=fa3ea38a9&_ss=r
dutchrepair.nl,Netherlands,shop,iphone xs max,unknown,aftermarket,no,42.5,EUR,https://www.dutchrepair.nl/products/iphone-xs-max-oled-display-a-grade?_pos=12&_sid=fa3ea38a9&_ss=r
dutchrepair.nl,Netherlands,shop,iphone 11 pro max,aftermarket-oled,aftermarket,no,74.99,EUR,https://www.dutchrepair.nl/products/kopie-van-iphone-11-pro-max-scherm-compleet-reparatie-set-met-screenprotector?_pos=10&_sid=fa3ea38a9&_ss=r
dutchrepair.nl,Netherlands,shop,iphone 13 pro max,aftermarket-oled,aftermarket,no,169.0,EUR,https://www.dutchrepair.nl/products/iphone-13-pro-max-oled-scherm-reparatie-set-gereedschap-screenprotector-framesticker?_pos=11&_sid=fa3ea38a9&_ss=r
fonix.at,Austria,shop,iphone 16,aftermarket-hard-oled,aftermarket,YES,39.9,EUR,https://fonix.at/products/iphone-16-display-hard-oled-ncc-premium-ersatzdisplay
dutchrepair.nl,Netherlands,shop,iphone xs,aftermarket-oled,aftermarket,no,45.99,EUR,https://www.dutchrepair.nl/products/iphone-xs-oled-display?_pos=9&_sid=fa3ea38a9&_ss=r
dutchrepair.nl,Netherlands,shop,iphone 11 pro max,unknown,aftermarket,no,39.99,EUR,https://www.dutchrepair.nl/products/kopie-van-iphone-xs-max-scherm-compleet-reparatie-set-met-screenprotector?_pos=8&_sid=fa3ea38a9&_ss=r
dutchrepair.nl,Netherlands,shop,iphone 11 pro,aftermarket-hard-oled,aftermarket,no,59.98,EUR,https://www.dutchrepair.nl/products/iphone-11-pro-display-hard-oled-scherm?_pos=15&_sid=fa3ea38a9&_ss=r
dutchrepair.nl,Netherlands,shop,iphone xs max,aftermarket-oled,aftermarket,no,59.99,EUR,https://www.dutchrepair.nl/products/kopie-van-iphone-xs-max-scherm-compleet-reparatie-set-gereedschap-framesticker-en-screenprotector?_pos=23&_sid=fa3ea38a9&_ss=r
dutchrepair.nl,Netherlands,shop,iphone 13 pro,aftermarket-oled,aftermarket,no,129.99,EUR,https://www.dutchrepair.nl/products/kopie-van-iphone-13-oled-scherm-reparatie-set-screen-protector-1?_pos=13&_sid=fa3ea38a9&_ss=r
dutchrepair.nl,Netherlands,shop,iphone 11,original,A,no,45.99,EUR,https://www.dutchrepair.nl/products/kopie-van-iphone-11-scherm-a-kwaliteit-gratis-tempered-glass-screen-protector-gereedschap-framesticker-scherm-touchscreen-hoge-kwaliteit?_pos=20&_sid=fa3ea38a9&_ss=r
dutchrepair.nl,Netherlands,shop,iphone 11 pro,unknown,aftermarket,no,34.99,EUR,https://www.dutchrepair.nl/products/kopie-van-iphone-11-pro-display-hard-oled-scherm?_pos=21&_sid=fa3ea38a9&_ss=r
dutchrepair.nl,Netherlands,shop,iphone xr,unknown,aftermarket,no,30.0,EUR,https://www.dutchrepair.nl/products/iphones-xr-display-lcd
dutchrepair.nl,Netherlands,shop,iphone 12 pro,aftermarket-lcd,aftermarket,no,31.95,EUR,https://www.dutchrepair.nl/products/iphone-12-12-pro-scherm-gereedschap-screen-protector-frame-sticker-alles-in-1-reparatie-set-a-kwaliteit-lcd-display?_pos=18&_sid=fa3ea38a9&_ss=r
dutchrepair.nl,Netherlands,shop,iphone xr,unknown,aftermarket,no,30.0,EUR,https://www.dutchrepair.nl/products/iphones-xr-display-lcd?_pos=24&_sid=fa3ea38a9&_ss=r
dutchrepair.nl,Netherlands,shop,iphone 12 pro,aftermarket-oled,aftermarket,no,62.99,EUR,https://www.dutchrepair.nl/products/iphone-12-12-pro-scherm-oled-display-gratis-tempererd-glass-gereedschap-framesticker-alles-in-1-reparatie-set?_pos=19&_sid=fa3ea38a9&_ss=r
dutchrepair.nl,Netherlands,shop,iphone x,aftermarket-lcd,aftermarket,no,29.0,EUR,https://www.dutchrepair.nl/products/iphone-x-lcd-display
dutchrepair.nl,Netherlands,shop,iphone xs,aftermarket-oled,aftermarket,no,45.99,EUR,https://www.dutchrepair.nl/products/iphone-xs-oled-display
dutchrepair.nl,Netherlands,shop,iphone 11 pro,unknown,aftermarket,no,34.99,EUR,https://www.dutchrepair.nl/products/kopie-van-iphone-11-pro-display-hard-oled-scherm
brotech.it,Italy,shop,iphone 16 pro max,aftermarket-incell,aftermarket,no,43.15,EUR,https://brotech.it/8644-display-iphone-16-pro-max-incell-fhd-jk.html
dutchrepair.nl,Netherlands,shop,iphone 12 pro,aftermarket-oled,aftermarket,no,62.99,EUR,https://www.dutchrepair.nl/products/iphone-12-12-pro-scherm-oled-display-gratis-tempererd-glass-gereedschap-framesticker-alles-in-1-reparatie-set
dutchrepair.nl,Netherlands,shop,iphone 12 pro,aftermarket-lcd,aftermarket,no,31.95,EUR,https://www.dutchrepair.nl/products/iphone-12-12-pro-scherm-gereedschap-screen-protector-frame-sticker-alles-in-1-reparatie-set-a-kwaliteit-lcd-display
digitalteck.it,Italy,shop,iphone 11,aftermarket-lcd,aftermarket,no,2.6,EUR,https://www.digitalteck.it/iphone-xr/1031-cornice-biadesiva-lcd-iphone-xr-11.html
componentidigitali.com,Italy,shop,iphone xs max,aftermarket-incell,aftermarket,no,14.3,EUR,https://www.componentidigitali.com/it/componenti-digitali-home-page/ricambi-per-cellulari-tablet/ricambi-per-apple-iphone/iphone-xs-max/display-lcd-per-iphone-xs-max-incell-zy-ffhd-.1.39.626.gp.41124.uw
cdx.de,Germany,shop,iphone 13 pro,unknown,aftermarket,YES,19.0,EUR,https://www.cdx.de/store/products/IPHONE-ERSATZTEILE/IPHONE-13-DISPLAYS/iPhone-13-Pro-Display-Copy.html
componentidigitali.com,Italy,shop,iphone xs max,aftermarket-incell,aftermarket,no,14.2,EUR,https://www.componentidigitali.com/it/componenti-digitali-home-page/ricambi-per-cellulari-tablet/ricambi-per-apple-iphone/iphone-xs-max/display-lcd-per-iphone-xs-max-incell-zy-a-si-hd-.1.39.626.gp.33848.uw
componentidigitali.com,Italy,shop,iphone 11,aftermarket-incell,aftermarket,no,13.25,EUR,https://www.componentidigitali.com/it/componenti-digitali-home-page/ricambi-per-cellulari-tablet/ricambi-per-apple-iphone/iphone-11/display-lcd-per-iphone-11-incell-zy-ffhd-ic-intercambiabile-.1.39.663.gp.41178.uw
componentidigitali.com,Italy,shop,iphone xs max,aftermarket-incell,aftermarket,no,17.05,EUR,https://www.componentidigitali.com/it/componenti-digitali-home-page/ricambi-per-cellulari-tablet/ricambi-per-apple-iphone/iphone-xs-max/display-lcd-per-iphone-xs-max-incell-zy-ltps-cof-.1.39.626.gp.34655.uw
fonix.at,Austria,shop,iphone 15,pulled,A,YES,154.9,EUR,https://fonix.at/products/lcd-display-fuer-iphone-15-pulled-ori-qualitaet?_pos=1&_sid=a208426e9&_ss=r
componentidigitali.com,Italy,shop,iphone 11,aftermarket-incell,aftermarket,no,16.35,EUR,https://www.componentidigitali.com/it/componenti-digitali-home-page/ricambi-per-cellulari-tablet/ricambi-per-apple-iphone/iphone-11/display-lcd-per-iphone-11-incell-zy-ltps-cog-ic-intercambiabile-.1.39.663.gp.33363.uw
componentidigitali.com,Italy,shop,iphone 11 pro,aftermarket-incell,aftermarket,no,12.75,EUR,https://www.componentidigitali.com/it/componenti-digitali-home-page/ricambi-per-cellulari-tablet/ricambi-per-apple-iphone/iphone-11-pro/display-lcd-per-iphone-11-pro-incell-zy-a-si-hd-ic-intercambiabile-.1.39.664.gp.33849.uw
componentidigitali.com,Italy,shop,iphone 11,aftermarket-incell,aftermarket,no,16.35,EUR,https://www.componentidigitali.com/it/componenti-digitali-home-page/ricambi-per-cellulari-tablet/ricambi-per-apple-iphone/iphone-11/display-lcd-per-iphone-11-incell-zy-ltps-cog-.1.39.663.gp.20929.uw
componentidigitali.com,Italy,shop,iphone 11 pro,aftermarket-incell,aftermarket,no,14.0,EUR,https://www.componentidigitali.com/it/componenti-digitali-home-page/ricambi-per-cellulari-tablet/ricambi-per-apple-iphone/iphone-11-pro/display-lcd-per-iphone-11-pro-incell-zy-ffhd-ic-intercambiabile-.1.39.664.gp.41125.uw
componentidigitali.com,Italy,shop,iphone 11 pro,aftermarket-incell,aftermarket,no,16.6,EUR,https://www.componentidigitali.com/it/componenti-digitali-home-page/ricambi-per-cellulari-tablet/ricambi-per-apple-iphone/iphone-11-pro/display-lcd-per-iphone-11-pro-incell-zy-ltps-cog-ic-intercambiabile-.1.39.664.gp.33364.uw
componentidigitali.com,Italy,shop,iphone 11 pro,aftermarket-incell,aftermarket,no,16.6,EUR,https://www.componentidigitali.com/it/componenti-digitali-home-page/ricambi-per-cellulari-tablet/ricambi-per-apple-iphone/iphone-11-pro/display-lcd-per-iphone-11-pro-incell-zy-ltps-cog-.1.39.664.gp.24453.uw
componentidigitali.com,Italy,shop,iphone xs max,aftermarket-hard-oled,aftermarket,no,30.0,EUR,https://www.componentidigitali.com/it/componenti-digitali-home-page/ricambi-per-cellulari-tablet/ricambi-per-apple-iphone/iphone-xs-max/display-lcd-per-iphone-xs-max-hard-oled-zy-.1.39.626.gp.45470.uw
wigento.de,Germany,shop,iphone x,unknown,aftermarket,YES,3.45,EUR,https://www.wigento.de/ersatzteile/smartphone/apple/
componentidigitali.com,Italy,shop,iphone xr,aftermarket-incell,aftermarket,no,13.05,EUR,https://www.componentidigitali.com/it/componenti-digitali-home-page/ricambi-per-cellulari-tablet/ricambi-per-apple-iphone/iphone-xr/display-lcd-per-iphone-xr-incell-gx-.1.39.627.gp.30918.uw
componentidigitali.com,Italy,shop,iphone 11,aftermarket-incell,aftermarket,no,13.0,EUR,https://www.componentidigitali.com/it/componenti-digitali-home-page/ricambi-per-cellulari-tablet/ricambi-per-apple-iphone/iphone-11/display-lcd-per-iphone-11-incell-gx-ic-intercambiabile-.1.39.663.gp.30919.uw
componentidigitali.com,Italy,shop,iphone xs max,aftermarket-hard-oled,aftermarket,no,30.3,EUR,https://www.componentidigitali.com/it/componenti-digitali-home-page/ricambi-per-cellulari-tablet/ricambi-per-apple-iphone/iphone-xs-max/display-lcd-per-iphone-xs-max-hard-oled-gx-.1.39.626.gp.25245.uw
componentidigitali.com,Italy,shop,iphone 12 pro,aftermarket-hard-oled,aftermarket,no,33.2,EUR,https://www.componentidigitali.com/it/componenti-digitali-home-page/ricambi-per-cellulari-tablet/ricambi-per-apple-iphone/iphone-12/display-lcd-per-iphone-12-12-pro-hard-oled-gx-.1.39.707.gp.27402.uw
componentidigitali.com,Italy,shop,iphone 11 pro max,aftermarket-hard-oled,aftermarket,no,32.2,EUR,https://www.componentidigitali.com/it/componenti-digitali-home-page/ricambi-per-cellulari-tablet/ricambi-per-apple-iphone/iphone-11-pro-max/display-lcd-per-iphone-11-pro-max-hard-oled-gx-.1.39.665.gp.26322.uw
componentidigitali.com,Italy,shop,iphone 13,aftermarket-hard-oled,aftermarket,no,34.85,EUR,https://www.componentidigitali.com/it/componenti-digitali-home-page/ricambi-per-cellulari-tablet/ricambi-per-apple-iphone/iphone-13/display-lcd-per-iphone-13-hard-oled-gx-ic-intercambiabile-.1.39.794.gp.30655.uw
componentidigitali.com,Italy,shop,iphone 12 pro max,aftermarket-soft-oled,aftermarket,no,56.4,EUR,https://www.componentidigitali.com/it/componenti-digitali-home-page/ricambi-per-cellulari-tablet/ricambi-per-apple-iphone/iphone-12-pro-max/display-lcd-per-iphone-12-pro-max-soft-oled-gx-.1.39.709.gp.30151.uw
componentidigitali.com,Italy,shop,iphone 11 pro,aftermarket-hard-oled,aftermarket,no,23.05,EUR,https://www.componentidigitali.com/it/componenti-digitali-home-page/ricambi-per-cellulari-tablet/ricambi-per-apple-iphone/iphone-11-pro/display-lcd-per-iphone-11-pro-hard-oled-gx-.1.39.664.gp.26103.uw
reparacaomobile.pt,Portugal,shop,iphone 15 pro,aftermarket-incell,aftermarket,no,31.98,EUR,https://www.reparacaomobile.pt/en/componentes-variados/componentes-telemóveis/displays-e-lcds/displays-apple/display-lcd-e-touch-para-iphone-15-pro-incell.php
componentidigitali.com,Italy,shop,iphone 14,aftermarket-hard-oled,aftermarket,no,33.9,EUR,https://www.componentidigitali.com/it/componenti-digitali-home-page/ricambi-per-cellulari-tablet/ricambi-per-apple-iphone/iphone-14/display-lcd-per-iphone-14-hard-oled-gx-.1.39.582.gp.39695.uw
reparacaomobile.pt,Portugal,shop,iphone xr,aftermarket-lcd,aftermarket,no,12.99,EUR,https://www.reparacaomobile.pt/en/componentes-variados/componentes-telemóveis/displays-e-lcds/displays-apple/display-lcd-touch-para-iphone-xr-aaa-ips-preto.php
componentidigitali.com,Italy,shop,iphone 13 pro max,aftermarket-hard-oled,aftermarket,no,40.8,EUR,https://www.componentidigitali.com/it/componenti-digitali-home-page/ricambi-per-cellulari-tablet/ricambi-per-apple-iphone/iphone-13-pro-max/display-lcd-per-iphone-13-pro-max-hard-oled-gx-ic-intercambiabile-.1.39.796.gp.43261.uw
reparacaomobile.pt,Portugal,shop,iphone 14 pro,aftermarket-lcd,aftermarket,no,69.9,EUR,https://www.reparacaomobile.pt/en/componentes-variados/componentes-telemóveis/displays-e-lcds/displays-apple/display-lcd-e-touch-para-apple-iphone-14-pro-premium-ips-preto-120hz-diagnosable.php
hurtlcd.pl,Poland,shop,iphone xr,aftermarket-lcd,aftermarket,no,64.0,PLN,https://hurtlcd.pl/pl/p/iPHONE-XR-WYSWIETLACZ-LCD-DOTYK-CZARNY/2290
hurtlcd.pl,Poland,shop,iphone x,aftermarket-lcd,aftermarket,no,63.0,PLN,https://hurtlcd.pl/pl/p/iPHONE-X-WYSWIETLACZ-LCD-DOTYK-CZARNY/1360
gjirafa50.al,Albania,shop,iphone 14 plus,unknown,aftermarket,no,1490.0,,https://gjirafa50.al/mbrojtes-ekrani-grizzglass-matte-secretglass-per-apple-iphone-14-plus-15-plus-efekt-privatesie-xham-qeramik
hurtlcd.pl,Poland,shop,iphone 11,original,A,no,355.0,PLN,https://hurtlcd.pl/pl/p/IPHONE-11-SERVICE-PACK-LCD-RAMKA-100-ORYGINAL-CZARNY/2951
gjirafa50.al,Albania,shop,iphone 15,unknown,aftermarket,no,2090.0,,https://gjirafa50.al/mbrojtes-ekrani-mobilis-per-iphone-15-dhe-15-pro-film-transparent
gjirafa50.al,Albania,shop,iphone 12 pro,unknown,aftermarket,no,2690.0,,https://gjirafa50.al/ekran-zevendesues-per-iphone-12-12-pro-zy-hd-touch-screen-i-zi
gjirafa50.al,Albania,shop,iphone 16 pro max,unknown,aftermarket,no,250.0,,https://gjirafa50.al/mbrojtese-ekrani-premiumglass-per-iphone-16-pro-max-69-xham-i-temperuar-transparente
gjirafa50.al,Albania,shop,iphone 14 plus,aftermarket-lcd,aftermarket,no,690.0,,https://gjirafa50.al/kornize-lcd-musttby-per-iphone-14-plus-per-display-ngjites-tama
gjirafa50.al,Albania,shop,iphone 16 pro,unknown,aftermarket,no,590.0,,https://gjirafa50.al/folie-ekrani-wozinsky-tpu-nano-per-iphone-16-pro-iphone-17-iphone-17-pro-transparente
gjirafa50.al,Albania,shop,iphone 16 pro,unknown,aftermarket,no,2690.0,,https://gjirafa50.al/mbrojtese-ekrani-panzerglass-per-iphone-16-pro-xham-filter-privatesie-dy-drejtimesh-transparente
gjirafa50.al,Albania,shop,iphone 16 plus,unknown,aftermarket,no,390.0,,https://gjirafa50.al/xham-mbrojtes-5d-per-ekran-iphone-16-plus-fortesi-9h-transparence-e-larte-transparent
gjirafa50.al,Albania,shop,iphone 16,unknown,aftermarket,no,490.0,,https://gjirafa50.al/mbrojtese-ekrani-wozinsky-hybrid-glass-iphone-16-9h-fleksibel-transparente
fonix.at,Austria,shop,iphone 15 pro,pulled,A,YES,255.9,EUR,https://fonix.at/products/iphone-15-pro-lcd-display-original-pulled-premium?variant=55586085568777
gjirafa50.al,Albania,shop,iphone 16 pro,unknown,aftermarket,no,2090.0,,https://gjirafa50.al/mbrojtes-ekrani-mobile-origin-per-iphone-16-pro-tempered-glass-033mm-2-cope-transparent
fonix.at,Austria,shop,iphone 15 pro,aftermarket-soft-oled,aftermarket,YES,87.9,EUR,https://fonix.at/products/display-mit-sensor-flex-fur-iphone-15-pro-black-soft-oled-120hz?variant=56913892344073
fonix.at,Austria,shop,iphone 15 pro,refurb,A,YES,199.9,EUR,https://fonix.at/products/iphone-15-pro-lcd-display-refurbished-original?variant=55586698199305
fonix.at,Austria,shop,iphone 15,refurb,A,YES,149.9,EUR,https://fonix.at/products/lcd-display-fuer-iphone-15-refurbished-ori-qualitaet?_pos=3&_sid=a208426e9&_ss=r
fonix.at,Austria,shop,iphone 13 pro max,original,A,YES,299.9,EUR,https://fonix.at/products/iphone-13-pro-max-display-inkl-sensorflex-service-pack?_pos=10&_sid=a208426e9&_ss=r
fonix.at,Austria,shop,iphone 15 pro,flex-replaced,B,YES,359.9,EUR,https://fonix.at/products/iphone-15-pro-display-inkl-hoererflex-service-pack
fonix.at,Austria,shop,iphone xs,pulled,A,YES,52.9,EUR,https://fonix.at/products/lcd-display-fuer-iphone-xs-pulled-ori-schwarz?_pos=7&_sid=a208426e9&_ss=r
fonix.at,Austria,shop,iphone 16 pro max,original,A,YES,360.0,EUR,https://fonix.at/products/iphone-16-pro-max-original-display-service-pack-100-apple-qualitat?_pos=6&_sid=a208426e9&_ss=r
fonix.at,Austria,shop,iphone 15 pro,pulled,A,YES,255.9,EUR,https://fonix.at/products/iphone-15-pro-lcd-display-original-pulled-premium
fonix.at,Austria,shop,iphone xs max,pulled,A,YES,49.9,EUR,https://fonix.at/products/iphone-xs-max-display-original-pulled-neu?_pos=8&_sid=a208426e9&_ss=r
fonix.at,Austria,shop,iphone xs max,refurb,A,YES,44.9,EUR,https://fonix.at/products/iphone-xs-max-lcd-display-refurbished-schwarz?_pos=4&_sid=a208426e9&_ss=r
fonix.at,Austria,shop,iphone 15 pro,refurb,A,YES,199.9,EUR,https://fonix.at/products/iphone-15-pro-lcd-display-refurbished-original
mobilestar.at,Austria,shop,iphone 15,aftermarket-oled,aftermarket,no,69.9,EUR,https://www.mobilestar.at/lcd-display-soft-oled-touchscreen-kompatibel-mit-apple-iphone-15-ic-removable-schwarz.html
fonix.at,Austria,shop,iphone 15 pro,aftermarket-soft-oled,aftermarket,YES,87.9,EUR,https://fonix.at/products/display-mit-sensor-flex-fur-iphone-15-pro-black-soft-oled-120hz
mobilestar.at,Austria,shop,iphone 16,aftermarket-oled,aftermarket,no,69.9,EUR,https://www.mobilestar.at/lcd-display-soft-oled-touchscreen-120hz-kompatibel-mit-iphone-16-ic-removable-schwarz.html
mobilestar.at,Austria,shop,iphone 16,aftermarket-oled,aftermarket,no,78.9,EUR,https://www.mobilestar.at/starfix-lcd-display-soft-oled-touchscreen-120hz-kompatibel-mit-iphone-16-pro-max-ic-removable-schwarz.html
mobilestar.at,Austria,shop,iphone xs,aftermarket-incell,aftermarket,no,25.9,EUR,https://www.mobilestar.at/lcd-display-touchscreen-fuer-iphone-xs-schwarz-in-cell.html
repairpartsusa.com,USA,shop,iphone 11,aftermarket-incell,aftermarket,no,17.59,USD,https://repairpartsusa.com/products/iphone-11-premium-screen?_pos=2&_sid=80aad75e7&_ss=r
repairpartsusa.com,USA,shop,iphone xr,aftermarket-lcd,aftermarket,no,15.19,USD,https://repairpartsusa.com/products/iphone-xr-grade-a-black-screen-replacement?_pos=3&_sid=80aad75e7&_ss=r
repairpartsusa.com,USA,shop,iphone xs max,aftermarket-lcd,aftermarket,no,19.99,USD,https://repairpartsusa.com/products/iphone-xs-max-grade-a-oled-black-lcd-and-digitizer-glass-screen-replacement?_pos=5&_sid=80aad75e7&_ss=r
mobifixbg.com,Bulgaria,shop,iphone 15,aftermarket-incell,aftermarket,no,25.0,BGN,https://mobifixbg.com/product/displey-za-iphone-15incell
repairpartsusa.com,USA,shop,iphone 11,unknown,aftermarket,no,18.39,USD,https://repairpartsusa.com/products/iphone-11-screen-repair-replacement-kit?_pos=4&_sid=80aad75e7&_ss=r
repairpartsusa.com,USA,shop,iphone 12 pro,aftermarket-incell,aftermarket,no,19.99,USD,https://repairpartsusa.com/products/iphone-12-ga-lcd-scren-replacement?_pos=9&_sid=80aad75e7&_ss=r
cdx.de,Germany,shop,iphone 14 plus,unknown,aftermarket,YES,29.0,EUR,https://www.cdx.de/store/products/IPHONE-ERSATZTEILE/IPHONE-14-DISPLAYS/iPhone-14-Plus-Display-High-Copy-1.html
repairpartsusa.com,USA,shop,iphone xs,aftermarket-soft-oled,aftermarket,no,42.39,USD,https://repairpartsusa.com/products/iphone-xs-premium-black-soft-oled-display-and-digitizer-glass-screen-replacement?_pos=12&_sid=80aad75e7&_ss=r
cdx.de,Germany,shop,iphone 11 pro,unknown,aftermarket,YES,129.0,EUR,https://www.cdx.de/store/products/IPHONE-REPARATUR/IPHONE-DISPLAY-REPARATUR/iPhone-11-Pro-Display-Reparatur-Black-Grade-A.html
repairpartsusa.com,USA,shop,iphone 14,aftermarket-incell,aftermarket,no,24.79,USD,https://repairpartsusa.com/products/iphone-14-grade-a-incell-lcd-glass-screen-replacement-kit-toolkit?_pos=11&_sid=80aad75e7&_ss=r
repairpartsusa.com,USA,shop,iphone xs,aftermarket-lcd,aftermarket,no,14.79,USD,https://repairpartsusa.com/products/iphone-xs-grade-a-black-lcd-and-digitizer-glass-screen-replacement-tft?_pos=20&_sid=80aad75e7&_ss=r
repairpartsusa.com,USA,shop,iphone 15 pro,aftermarket-incell,aftermarket,no,35.99,USD,https://repairpartsusa.com/products/iphone-15-pro-grade-a-incell-lcd-and-digitizer-glass-screen-replacement?_pos=17&_sid=80aad75e7&_ss=r
repairpartsusa.com,USA,shop,iphone 11,unknown,aftermarket,no,19.99,USD,https://repairpartsusa.com/products/iphone-11-black-premium-glass-screen-replacement-repair-kit-basic-toolkit?_pos=16&_sid=80aad75e7&_ss=r
repairpartsusa.com,USA,shop,iphone 16 pro max,aftermarket-incell,aftermarket,no,44.99,USD,https://repairpartsusa.com/products/iphone-16-pro-max-grade-a-incell-lcd-and-digitizer-glass-screen-replacement
repairpartsusa.com,USA,shop,iphone 12 pro,aftermarket-soft-oled,aftermarket,no,47.99,USD,https://repairpartsusa.com/products/iphone-12-iphone-12-pro-premium-soft-oled-and-glass-screen-replacement?_pos=18&_sid=80aad75e7&_ss=r
repairpartsusa.com,USA,shop,iphone 14,aftermarket-soft-oled,aftermarket,no,47.19,USD,https://repairpartsusa.com/products/iphone-14-premium-soft-oled-glass-screen-replacement-repair-kit-premium-toolkit?_pos=15&_sid=80aad75e7&_ss=r
repairpartsusa.com,USA,shop,iphone 13,aftermarket-soft-oled,aftermarket,no,45.99,USD,https://repairpartsusa.com/products/iphone-13-premium-soft-oled-and-glass-screen-replacement?_pos=19&_sid=80aad75e7&_ss=r
repairpartsusa.com,USA,shop,iphone 16 pro,aftermarket-soft-oled,aftermarket,no,74.99,USD,https://repairpartsusa.com/products/iphone-16-pro-premium-soft-oled-and-glass-screen-replacement
repairpartsusa.com,USA,shop,iphone 13,aftermarket-incell,aftermarket,no,23.99,USD,https://repairpartsusa.com/products/phone-13-grade-a-incell-lcd-glass-screen-replacement-kit-toolkit?_pos=14&_sid=80aad75e7&_ss=r
repairpartsusa.com,USA,shop,iphone 16 pro,aftermarket-incell,aftermarket,no,39.99,USD,https://repairpartsusa.com/products/iphone-16-pro-grade-a-incell-lcd-and-digitizer-glass-screen-replacement
repairpartsusa.com,USA,shop,iphone 13 pro max,aftermarket-incell,aftermarket,no,31.99,USD,https://repairpartsusa.com/products/iphone-13-pro-max-grade-a-incell-lcd-and-digitizer-glass-screen-replacement?_pos=22&_sid=80aad75e7&_ss=r
repairpartsusa.com,USA,shop,iphone 15 pro,aftermarket-hard-oled,aftermarket,no,67.99,USD,https://repairpartsusa.com/products/iphone-15-pro-premium-hard-oled-and-glass-screen-replacement
repairpartsusa.com,USA,shop,iphone 16,aftermarket-soft-oled,aftermarket,no,75.59,USD,https://repairpartsusa.com/products/iphone-16-premium-soft-oled-and-glass-screen-replacement
repairpartsusa.com,USA,shop,iphone 16 plus,aftermarket-soft-oled,aftermarket,no,79.19,USD,https://repairpartsusa.com/products/iphone-16-plus-premium-soft-oled-and-glass-screen-replacement
repairpartsusa.com,USA,shop,iphone 15 plus,aftermarket-incell,aftermarket,no,29.99,USD,https://repairpartsusa.com/products/iphone-15-plus-grade-a-incell-lcd-and-digitizer-glass-screen-replacement
repairpartsusa.com,USA,shop,iphone 15 pro,aftermarket-incell,aftermarket,no,35.99,USD,https://repairpartsusa.com/products/iphone-15-pro-grade-a-incell-lcd-and-digitizer-glass-screen-replacement
isn-parts.com,Bulgaria,shop,iphone 11 pro max,aftermarket-lcd,aftermarket,no,21.99,BGN,https://isn-parts.com/produkt/iphone-11-pro-max-displei-lcd
gsmparts.bg,Bulgaria,shop,iphone 15 pro,aftermarket-incell,aftermarket,no,195.0,BGN,https://www.gsmparts.bg/index.php?route=product/search&tag=Дисплей + Тъч Скрийн за iPhone 15 Pro - (GX-YK) - inCell HD+
gsmparts.bg,Bulgaria,shop,iphone 15,aftermarket-incell,aftermarket,no,37.0,BGN,https://www.gsmparts.bg/index.php?route=product/search&tag=Дисплей + Тъч Скрийн за iPhone 15 - (GX-YK) - inCell HD+
repairpartsusa.com,USA,shop,iphone 15 pro,aftermarket-soft-oled,aftermarket,no,95.99,USD,https://repairpartsusa.com/products/iphone-15-pro-premium-soft-oled-and-glass-screen-replacement
gsmparts.bg,Bulgaria,shop,iphone 15 plus,aftermarket-incell,aftermarket,no,195.0,BGN,https://www.gsmparts.bg/index.php?route=product/search&tag=Дисплей + Тъч Скрийн за iPhone 15 Plus - (GX-YK) - inCell HD+
isn-parts.com,Bulgaria,shop,iphone 12 mini,aftermarket-lcd,aftermarket,no,24.99,BGN,https://isn-parts.com/produkt/iphone-12-mini-displei-lcd
gsmparts.bg,Bulgaria,shop,iphone 11,aftermarket-incell,aftermarket,no,37.0,BGN,https://www.gsmparts.bg/index.php?route=product/search&tag=Дисплей + Тъч Скрийн за iPhone 11 - JK InCell
isn-parts.com,Bulgaria,shop,iphone 11 pro max,aftermarket-oled,aftermarket,no,39.99,BGN,https://isn-parts.com/produkt/iphone-11-pro-max-displei-oled
isn-parts.com,Bulgaria,shop,iphone 12 pro,aftermarket-lcd,aftermarket,no,24.99,BGN,https://isn-parts.com/produkt/iphone-12-pro-displei-lcd
isn-parts.com,Bulgaria,shop,iphone 12 pro max,aftermarket-lcd,aftermarket,no,24.99,BGN,https://isn-parts.com/produkt/iphone-12-pro-max-displei-lcd
isn-parts.com,Bulgaria,shop,iphone 12 mini,aftermarket-oled,aftermarket,no,60.0,BGN,https://isn-parts.com/produkt/iphone-12-mini-displei-oled
gsmparts.bg,Bulgaria,shop,iphone 16 pro,aftermarket-oled,aftermarket,no,195.0,BGN,https://www.gsmparts.bg/index.php?route=product/search&tag=Дисплей + Тъч скрийн за iPhone 16 PRO - DD OLED - 120Hz
isn-parts.com,Bulgaria,shop,iphone 13 pro max,aftermarket-lcd,aftermarket,no,37.99,BGN,https://isn-parts.com/produkt/iphone-13-pro-max-lcd-displei
isn-parts.com,Bulgaria,shop,iphone 13,aftermarket-lcd,aftermarket,no,22.99,BGN,https://isn-parts.com/produkt/iphone-13-displei-lcd
isn-parts.com,Bulgaria,shop,iphone 13 pro,aftermarket-lcd,aftermarket,no,37.99,BGN,https://isn-parts.com/produkt/iphone-13-pro-lcd-displei
isn-parts.com,Bulgaria,shop,iphone 13 mini,aftermarket-oled,aftermarket,no,60.0,BGN,https://isn-parts.com/produkt/iphone-13-mini-oled-displei
isn-parts.com,Bulgaria,shop,iphone 14,aftermarket-oled,aftermarket,no,49.0,BGN,https://isn-parts.com/produkt/iphone-14-oled-displei
isn-parts.com,Bulgaria,shop,iphone 15 plus,aftermarket-oled,aftermarket,no,97.0,BGN,https://isn-parts.com/produkt/iphone-15-plus-oled-displei
isn-parts.com,Bulgaria,shop,iphone 15,aftermarket-oled,aftermarket,no,92.0,BGN,https://isn-parts.com/produkt/iphone-15-oled-displei
isn-parts.com,Bulgaria,shop,iphone 14 pro,aftermarket-oled,aftermarket,no,102.0,BGN,https://isn-parts.com/produkt/iphone-14-pro-oled-120hz-displei
isn-parts.com,Bulgaria,shop,iphone 11 pro,original,A,no,66.0,BGN,https://isn-parts.com/produkt/iphone-11-pro-displei-originalen
isn-parts.com,Bulgaria,shop,iphone 16,aftermarket-oled,aftermarket,no,123.0,BGN,https://isn-parts.com/produkt/iphone-16-oled-displei
isn-parts.com,Bulgaria,shop,iphone 11,original,A,no,33.99,BGN,https://isn-parts.com/produkt/iphone-11-displei-originalen
isn-parts.com,Bulgaria,shop,iphone xs max,aftermarket-lcd,aftermarket,no,21.99,BGN,https://isn-parts.com/produkt/iphone-xs-max-displei-lcd
isn-parts.com,Bulgaria,shop,iphone 16,aftermarket-incell,aftermarket,no,45.0,BGN,https://isn-parts.com/produkt/iphone-16-lcd-incell-displei
mobifixbg.com,Bulgaria,shop,iphone xs max,aftermarket-oled,aftermarket,no,35.29,BGN,https://mobifixbg.com/product/displey-za-iphone-xs-maxoled
isn-parts.com,Bulgaria,shop,iphone 15 pro,aftermarket-oled,aftermarket,no,107.0,BGN,https://isn-parts.com/produkt/iphone-15-pro-oled-120hz-displei
mobifixbg.com,Bulgaria,shop,iphone 11 pro,aftermarket-oled,aftermarket,no,31.25,BGN,https://mobifixbg.com/product/displey-za-11g-pro-2019-gx-oled
mobifixbg.com,Bulgaria,shop,iphone xs max,aftermarket-incell,aftermarket,no,21.88,BGN,https://mobifixbg.com/product/displey-za-iphone-xs-max-2018-incell-jk
mobifixbg.com,Bulgaria,shop,iphone xr,original,A,no,22.5,BGN,https://mobifixbg.com/product/displey-za-iphone-xroriginalen-s-reciklirano-staklo
mobifixbg.com,Bulgaria,shop,iphone 12,aftermarket-incell,aftermarket,no,23.75,BGN,https://mobifixbg.com/product/displey-za-iphone-12g-pro-max-2020-incell-jk
mobifixbg.com,Bulgaria,shop,iphone x,aftermarket-incell,aftermarket,no,20.0,BGN,https://mobifixbg.com/product/displey-za-iphone-x-2017-tft-incell-jk
cdx.de,Germany,shop,iphone 13,unknown,aftermarket,YES,149.0,EUR,https://www.cdx.de/store/products/IPHONE-REPARATUR/IPHONE-DISPLAY-REPARATUR/iPhone-13-Display-Reparatur-Black-Grade-A-1.html
mobifixbg.com,Bulgaria,shop,iphone xs,aftermarket-incell,aftermarket,no,12.78,BGN,https://mobifixbg.com/product/displey-za-iphone-xs-zy-incell
mobifixbg.com,Bulgaria,shop,iphone 11 pro,aftermarket-oled,aftermarket,no,30.0,BGN,https://mobifixbg.com/product/displey-za-iphone-11-pro-zy-incell
mobifixbg.com,Bulgaria,shop,iphone 12 mini,aftermarket-incell,aftermarket,no,27.5,BGN,https://mobifixbg.com/product/displey-za-iphone-12-mini-jk-incell
mobifixbg.com,Bulgaria,shop,iphone 12 mini,aftermarket-oled,aftermarket,no,51.76,BGN,https://mobifixbg.com/product/displey-za-iphone-12-mini-dd-oled
mobifixbg.com,Bulgaria,shop,iphone 12 pro,aftermarket-oled,aftermarket,no,41.18,BGN,https://mobifixbg.com/product/displey-za-iphone-12-12-pro-dd-oled
mobifixbg.com,Bulgaria,shop,iphone 12 pro max,aftermarket-oled,aftermarket,no,52.94,BGN,https://mobifixbg.com/product/displey-za-iphone-12-pro-max-dd-oled
mobifixbg.com,Bulgaria,shop,iphone 11,aftermarket-incell,aftermarket,no,18.75,BGN,https://mobifixbg.com/product/displey-za-iphone-11g-jk-incell
mobifixbg.com,Bulgaria,shop,iphone 11,aftermarket-incell,aftermarket,no,15.34,BGN,https://mobifixbg.com/product/displey-za-iphone-11-gx-incell
mobifixbg.com,Bulgaria,shop,iphone 15 pro,aftermarket-incell,aftermarket,no,31.25,BGN,https://mobifixbg.com/product/displey-za-iphone-15-pro-jk-incell
mobifixbg.com,Bulgaria,shop,iphone 11,aftermarket-incell,aftermarket,no,18.75,BGN,https://mobifixbg.com/product/displey-za-iphone-11-hd-incell
mobifixbg.com,Bulgaria,shop,iphone 14 pro max,aftermarket-incell,aftermarket,no,35.29,BGN,https://mobifixbg.com/product/displey-za-iphone-14-pro-max-jk-incell
mobifixbg.com,Bulgaria,shop,iphone 11,original,A,no,51.13,BGN,https://mobifixbg.com/product/displey-za-iphone-11-originalen
mobifixbg.com,Bulgaria,shop,iphone 14 pro max,aftermarket-soft-oled,aftermarket,no,64.44,BGN,https://mobifixbg.com/product/displey-za-iphone-14-pro-max-dd-oled
mobifixbg.com,Bulgaria,shop,iphone 14,aftermarket-oled,aftermarket,no,43.53,BGN,https://mobifixbg.com/product/displey-za-iphone-14-dd-oled
mobifixbg.com,Bulgaria,shop,iphone 13 pro,aftermarket-oled,aftermarket,no,51.76,BGN,https://mobifixbg.com/product/displey-za-iphone-13-pro-dd-oled
mobifixbg.com,Bulgaria,shop,iphone 13,aftermarket-soft-oled,aftermarket,no,49.41,BGN,https://mobifixbg.com/product/displey-za-iphone-13-dd-oled
ab-mobiteli.com,Croatia,shop,iphone 15 pro,aftermarket-lcd,aftermarket,no,399.0,EUR,https://ab-mobiteli.com/products/lcd-touch-okvir-apple-iphone-15-pro?_pos=2&_sid=33c5b9a4a&_ss=r
ab-mobiteli.com,Croatia,shop,iphone xr,pulled,A,no,110.0,EUR,https://ab-mobiteli.com/products/apple-iphone-xr-lcd-touch-skinuti-original?_pos=19&_sid=33c5b9a4a&_ss=r
mytrendyphone.eu,Denmark,shop,iphone 12 pro,unknown,aftermarket,YES,5.6,DKK,https://www.mytrendyphone.eu/shop/iphone-12-pro-9d-full-cover-tempered-glass-screen-protector-313398p.html
ab-mobiteli.com,Croatia,shop,iphone 16 pro max,aftermarket-lcd,aftermarket,no,590.0,EUR,https://ab-mobiteli.com/products/lcd-touchscreen-orig-apple-iphone-16-pro-max?_pos=15&_sid=33c5b9a4a&_ss=r
ab-mobiteli.com,Croatia,shop,iphone xs,aftermarket-oled,aftermarket,no,120.0,EUR,https://ab-mobiteli.com/products/lcd-touch-apple-iphone-xs-oled-nov?_pos=13&_sid=33c5b9a4a&_ss=r
ab-mobiteli.com,Croatia,shop,iphone 15 pro max,aftermarket-lcd,aftermarket,no,90.0,EUR,https://ab-mobiteli.com/products/lcd-ovi-za-apple-iphone-15-pro-max?_pos=22&_sid=33c5b9a4a&_ss=r
ab-mobiteli.com,Croatia,shop,iphone 15,aftermarket-lcd,aftermarket,no,300.0,EUR,https://ab-mobiteli.com/products/apple-iphone-15-lcd-orig-skidano?_pos=21&_sid=33c5b9a4a&_ss=r
ab-mobiteli.com,Croatia,shop,iphone 16,aftermarket-lcd,aftermarket,no,90.0,EUR,https://ab-mobiteli.com/products/lcd-ovi-za-apple-iphone-16?_pos=16&_sid=33c5b9a4a&_ss=r
ab-mobiteli.com,Croatia,shop,iphone 16 pro,aftermarket-lcd,aftermarket,no,120.0,EUR,https://ab-mobiteli.com/products/lcd-ovi-za-apple-iphone-16-pro?_pos=23&_sid=33c5b9a4a&_ss=r
alphamobile.eu,Bulgaria,shop,iphone 16,aftermarket-incell,aftermarket,no,209.12,BGN,http://www.alphamobile.eu/iphone-16-lcd-display-zy-hd-plus
alphamobile.eu,Bulgaria,shop,iphone 11 pro,unknown,aftermarket,no,69.0,BGN,http://www.alphamobile.eu/instrimenti-gsm/lcd-display-repair/iphone-display-frame/front-lcd-frame-bezel-iphone-11-pro
alphamobile.eu,Bulgaria,shop,iphone 11 pro max,unknown,aftermarket,no,106.86,BGN,http://www.alphamobile.eu/instrimenti-gsm/lcd-display-repair/iphone-display-frame/front-lcd-frame-bezel-iphone-11-pro-max
alphamobile.eu,Bulgaria,shop,iphone 16 pro,aftermarket-gx,aftermarket,no,122.2,BGN,http://www.alphamobile.eu/iphone-16-pro-oled-display-gx
alphamobile.eu,Bulgaria,shop,iphone 12 pro,unknown,aftermarket,no,33.23,BGN,http://www.alphamobile.eu/instrimenti-gsm/lcd-display-repair/iphone-display-frame/front-lcd-frame-bezel-iphone-12-pro
alphamobile.eu,Bulgaria,shop,iphone 12 pro max,unknown,aftermarket,no,9.71,BGN,http://www.alphamobile.eu/instrimenti-gsm/lcd-display-repair/iphone-display-frame/front-lcd-frame-bezel-iphone-12-pro-max
alphamobile.eu,Bulgaria,shop,iphone 13 pro max,unknown,aftermarket,no,28.12,BGN,http://www.alphamobile.eu/instrimenti-gsm/lcd-display-repair/iphone-display-frame/front-lcd-frame-bezel-iphone-13-pro-max
alphamobile.eu,Bulgaria,shop,iphone 13 pro,unknown,aftermarket,no,49.0,BGN,http://www.alphamobile.eu/instrimenti-gsm/lcd-display-repair/iphone-display-frame/front-lcd-frame-bezel-iphone-13-pro
alphamobile.eu,Bulgaria,shop,iphone 14,unknown,aftermarket,no,9.71,BGN,http://www.alphamobile.eu/instrimenti-gsm/lcd-display-repair/iphone-display-frame/front-lcd-frame-bezel-iphone-14
alphamobile.eu,Bulgaria,shop,iphone 15 pro,unknown,aftermarket,no,69.0,BGN,http://www.alphamobile.eu/instrimenti-gsm/lcd-display-repair/iphone-display-frame/iphone-15-pro-bezel
alphamobile.eu,Bulgaria,shop,iphone 16 pro,aftermarket-incell,aftermarket,no,152.88,BGN,http://www.alphamobile.eu/jh-iphone-16-pro-incell-display-fhd
alphamobile.eu,Bulgaria,shop,iphone 16 pro,aftermarket-hard-oled,aftermarket,no,152.88,BGN,http://www.alphamobile.eu/iphone-16-pro-dd-oled-display
alphamobile.eu,Bulgaria,shop,iphone 15 pro max,unknown,aftermarket,no,127.31,BGN,http://www.alphamobile.eu/instrimenti-gsm/lcd-display-repair/iphone-display-frame/iphone-15-pro-max-bezel
alphamobile.eu,Bulgaria,shop,iphone 15,unknown,aftermarket,no,101.75,BGN,http://www.alphamobile.eu/instrimenti-gsm/lcd-display-repair/iphone-display-frame/iphone-15-bezel
alphamobile.eu,Bulgaria,shop,iphone 16,aftermarket-soft-oled,aftermarket,no,127.31,BGN,http://www.alphamobile.eu/iphone-16-dd-oled-display
alphamobile.eu,Bulgaria,shop,iphone xs max,unknown,aftermarket,no,55.0,BGN,http://www.alphamobile.eu/instrimenti-gsm/lcd-display-repair/iphone-display-frame/front-lcd-frame-bezel-iphone-xs-max
alphamobile.eu,Bulgaria,shop,iphone x,unknown,aftermarket,no,64.0,BGN,http://www.alphamobile.eu/instrimenti-gsm/lcd-display-repair/iphone-display-frame/front-lcd-frame-bezel-iphone-x
alphamobile.eu,Bulgaria,shop,iphone 15 plus,unknown,aftermarket,no,50.62,BGN,http://www.alphamobile.eu/instrimenti-gsm/lcd-display-repair/iphone-display-frame/iphone-15-plus-bezel
alphamobile.eu,Bulgaria,shop,iphone 16 pro,aftermarket-incell,aftermarket,no,152.88,BGN,http://www.alphamobile.eu/iphone-16-pro-jk-incell-display
yodoit.com,Croatia,shop,iphone xs,aftermarket-lcd,aftermarket,no,19.99,EUR,https://www.yodoit.com/products/for-iphone-xs-screen-replacement-lcd-display-assembly?_pos=2&_sid=137b5c788&_ss=r
yodoit.com,Croatia,shop,iphone xr,aftermarket-lcd,aftermarket,no,19.99,EUR,https://www.yodoit.com/products/for-iphone-xr-screen-replacement-lcd-display-assembly?_pos=3&_sid=137b5c788&_ss=r
alphamobile.eu,Bulgaria,shop,iphone xs,unknown,aftermarket,no,34.0,BGN,http://www.alphamobile.eu/instrimenti-gsm/lcd-display-repair/iphone-display-frame/front-lcd-frame-bezel-iphone-xs
yodoit.com,Croatia,shop,iphone xs max,aftermarket-lcd,aftermarket,no,27.99,EUR,https://www.yodoit.com/products/for-iphone-xs-max-screen-replacement-lcd-display-assembly?_pos=7&_sid=137b5c788&_ss=r
yodoit.com,Croatia,shop,iphone 11,aftermarket-lcd,aftermarket,no,19.99,EUR,https://www.yodoit.com/products/for-iphone-11-screen-replacement-lcd-display-assembly?_pos=4&_sid=137b5c788&_ss=r
yodoit.com,Croatia,shop,iphone 13,aftermarket-lcd,aftermarket,no,29.99,EUR,https://www.yodoit.com/products/iphone-13-screen-replacement-lcd-display-assembly?_pos=5&_sid=137b5c788&_ss=r
yodoit.com,Croatia,shop,iphone 14,aftermarket-lcd,aftermarket,no,99.99,EUR,https://www.yodoit.com/products/iphone-14-screen-replacement-lcd-cof-full-hd-display-assembly?_pos=6&_sid=137b5c788&_ss=r
yodoit.com,Croatia,shop,iphone 12 pro,aftermarket-lcd,aftermarket,no,29.99,EUR,https://www.yodoit.com/products/for-apple-iphone-12-12-pro-screen-replacement-lcd-display-assembly?_pos=8&_sid=137b5c788&_ss=r
yodoit.com,Croatia,shop,iphone 11 pro max,aftermarket-lcd,aftermarket,no,27.99,EUR,https://www.yodoit.com/products/for-iphone-11-pro-max-screen-replacement-lcd-display-assembly?_pos=14&_sid=137b5c788&_ss=r
iswap.cz,Czechia,shop,iphone 12,unknown,aftermarket,YES,49.0,CZK,https://www.iswap.cz/iphone-12/tesneni-pod-displej-iphone-12--12-pro/
handywerk.de,Germany,shop,iphone 11,unknown,aftermarket,no,94.99,EUR,https://shop.handywerk.de/
yodoit.com,Croatia,shop,iphone 12 mini,aftermarket-lcd,aftermarket,no,49.99,EUR,https://www.yodoit.com/products/for-iphone-12-mini-screen-replacement-lcd-display-assembly?_pos=12&_sid=137b5c788&_ss=r
phonepartsrus.com,Czechia,shop,iphone 15 plus,aftermarket-incell,aftermarket,no,25.0,CZK,https://phonepartsrus.com/products/iphone-15-plus-oled-screen-replacement-premium?_pos=3&_sid=dfbc7e7f8&_ss=r
mobilnidily.cz,Czechia,shop,iphone 16 pro,aftermarket-soft-oled,aftermarket,YES,2949.0,CZK,https://www.mobilnidily.cz/lcd-displej-pro-apple-iphone-16-pro--soft-oled--120hz/
phonepartsrus.com,Czechia,shop,iphone 11,fog,B,no,23.0,CZK,https://phonepartsrus.com/products/copy-of-iphone-11-lcd-fog?_pos=1&_sid=dfbc7e7f8&_ss=r
lemes.cz,Czechia,shop,iphone 13 mini,unknown,aftermarket,YES,59.0,CZK,https://www.lemes.cz/apple-iphone-13-mini-lepici-paska-pod-displej--adhesivni/
phonepartsrus.com,Czechia,shop,iphone 13 pro max,aftermarket-incell,aftermarket,no,26.0,CZK,https://phonepartsrus.com/products/iphone-13-pro-max-premium-lcd-assembly-incell-1?_pos=9&_sid=dfbc7e7f8&_ss=r
phonepartsrus.com,Czechia,shop,iphone 14,aftermarket-hard-oled,aftermarket,no,36.0,CZK,https://phonepartsrus.com/products/copy-of-iphone-14-lcd-premium-incell-cof?_pos=7&_sid=dfbc7e7f8&_ss=r
phonepartsrus.com,Czechia,shop,iphone 15,aftermarket-incell,aftermarket,no,21.0,CZK,https://phonepartsrus.com/products/iphone-15-screen-replacement-premium-incell-copy?_pos=5&_sid=dfbc7e7f8&_ss=r
phonepartsrus.com,Czechia,shop,iphone 14,aftermarket-incell,aftermarket,no,17.0,CZK,https://phonepartsrus.com/products/iphone-14-lcd-premium-incell-cof-copy?_pos=8&_sid=dfbc7e7f8&_ss=r
phonepartsrus.com,Czechia,shop,iphone 15,aftermarket-oled,aftermarket,no,55.0,CZK,https://phonepartsrus.com/products/iphone-15-screen-replacement-soft-compatible-for-ic-chip-transfer-copy?_pos=10&_sid=dfbc7e7f8&_ss=r
servisnidily.cz,Czechia,shop,iphone 13 pro max,aftermarket-lcd,aftermarket,YES,79.0,CZK,https://www.servisnidily.cz/Servisni-dily/Lepeni-pod-LCD-displej-iPhone-13-Pro-Max
servisnidily.cz,Czechia,shop,iphone 14 pro max,aftermarket-soft-oled,aftermarket,YES,1491.0,CZK,https://www.servisnidily.cz/Servisni-dily/iPhone-14-Pro-Max-LCD-displej-dotykove-sklo-120Hz-REPART-Soft-OLED
servisnidily.cz,Czechia,shop,iphone 13 mini,unknown,aftermarket,YES,49.0,CZK,https://www.servisnidily.cz/Servisni-dily/Lepeni-pod-displej-iPhone-13-mini
ptmobil.cz,Czechia,shop,iphone 12 mini,original,A,YES,47.0,CZK,https://www.ptmobil.cz/22227-lepici-paska-lcd-displeje-apple-iphone-12-mini-neoriginalni.html
ieasyservice.fi,Finland,shop,iphone 12 mini,aftermarket-incell,aftermarket,no,39.9,EUR,https://www.ieasyservice.fi/product/177/iphone-premium-incell-lcd-naytto?variation_id=225
ieasyservice.fi,Finland,shop,iphone 12 pro max,aftermarket-incell,aftermarket,no,49.9,EUR,https://www.ieasyservice.fi/product/177/iphone-premium-incell-lcd-naytto?variation_id=262
ieasyservice.fi,Finland,shop,iphone 13 pro,aftermarket-incell,aftermarket,no,59.0,EUR,https://www.ieasyservice.fi/product/177/iphone-premium-incell-lcd-naytto?variation_id=251
ieasyservice.fi,Finland,shop,iphone 13 mini,aftermarket-incell,aftermarket,no,69.9,EUR,https://www.ieasyservice.fi/product/177/iphone-premium-incell-lcd-naytto?variation_id=231
ieasyservice.fi,Finland,shop,iphone 14 pro max,aftermarket-incell,aftermarket,no,99.0,EUR,https://www.ieasyservice.fi/product/177/iphone-premium-incell-lcd-naytto?variation_id=280
ieasyservice.fi,Finland,shop,iphone 15 plus,aftermarket-incell,aftermarket,no,99.0,EUR,https://www.ieasyservice.fi/product/177/iphone-premium-incell-lcd-naytto?variation_id=302
ieasyservice.fi,Finland,shop,iphone 13 pro max,aftermarket-incell,aftermarket,no,59.0,EUR,https://www.ieasyservice.fi/product/177/iphone-premium-incell-lcd-naytto?variation_id=265
ieasyservice.fi,Finland,shop,iphone 14 plus,aftermarket-incell,aftermarket,no,69.9,EUR,https://www.ieasyservice.fi/product/177/iphone-premium-incell-lcd-naytto?variation_id=263
ieasyservice.fi,Finland,shop,iphone 15 pro,aftermarket-incell,aftermarket,no,99.0,EUR,https://www.ieasyservice.fi/product/177/iphone-premium-incell-lcd-naytto?variation_id=368
ieasyservice.fi,Finland,shop,iphone 16,aftermarket-incell,aftermarket,no,99.0,EUR,https://www.ieasyservice.fi/product/177/iphone-premium-incell-lcd-naytto?variation_id=394
bokmanev.com,Denmark,shop,iphone x,aftermarket-oled,aftermarket,no,59.99,DKK,https://www.bokmanev.com/products/bokman-for-iphone-x-black-oled-screen-replacement-parts-display-assembly?_pos=2&_sid=6a672edef&_ss=r
ieasyservice.fi,Finland,shop,iphone 14,aftermarket-oled,aftermarket,no,139.0,EUR,https://www.ieasyservice.fi/searchproduct/274/iphone+screen
bokmanev.com,Denmark,shop,iphone 11,aftermarket-lcd,aftermarket,no,19.99,DKK,https://www.bokmanev.com/products/bokman-for-iphone-11-black-lcd-screen-replacement-parts-display-assembly-front-panel?_pos=4&_sid=6a672edef&_ss=r
bokmanev.com,Denmark,shop,iphone x,aftermarket-lcd,aftermarket,no,19.99,DKK,https://www.bokmanev.com/products/bokman-for-iphone-x-lcd-black-screen-replacement-parts-display-assembly-front-panel?_pos=5&_sid=6a672edef&_ss=r
phonefix.fi,Finland,shop,iphone 11,unknown,aftermarket,no,19.9,EUR,https://phonefix.fi/searchproduct/220/iphone+screen
ieasyservice.fi,Finland,shop,iphone 15 pro max,aftermarket-incell,aftermarket,no,99.0,EUR,https://www.ieasyservice.fi/product/177/iphone-premium-incell-lcd-naytto?variation_id=369
bokmanev.com,Denmark,shop,iphone 12 pro,aftermarket-lcd,aftermarket,no,29.99,DKK,https://www.bokmanev.com/products/bokman-for-iphone-12-12-pro-black-lcd-screen-replacement-parts-display-assembly-front-panel?_pos=21&_sid=6a672edef&_ss=r
sparepart.dk,Denmark,shop,iphone 11,aftermarket-incell,aftermarket,YES,169.0,DKK,https://sparepart.dk/iphone-11-reservedele-101948/iphone-11-skaerm-incell-lcd-jk-high-quality-p18774?gpp_list_source=bestsellers
handywerk.de,Germany,shop,iphone 11 pro,unknown,aftermarket,no,72.99,EUR,https://shop.handywerk.de/
sparepart.dk,Denmark,shop,iphone 12 pro,aftermarket-incell,aftermarket,YES,199.0,DKK,https://sparepart.dk/iphone-skaerme-102381/iphone-12-12-pro-skaerm-incell-lcd-jk-high-quality-p18120?gpp_list_source=bestsellers
sparepart.dk,Denmark,shop,iphone 15,aftermarket-soft-oled,aftermarket,YES,449.0,DKK,https://sparepart.dk/iphone-15-skaerme-103125/iphone-15-skaerm-soft-oled-p20365?gpp_list_source=bestsellers
mobiiliabi.ee,Estonia,shop,iphone 14 pro max,aftermarket-oled,aftermarket,YES,66.99,EUR,https://mobiiliabi.ee/toode/lcd-screen-for-iphone-14-pro-max-with-touch-screen-oled-removable-ic/
mobiiliabi.ee,Estonia,shop,iphone 16 pro,unknown,aftermarket,YES,11.99,EUR,https://mobiiliabi.ee/toode/screen-protection-glass-esd-anti-fingerprint-frosted-apple-iphone-16-pro-iphone-17-black-bulk/
mobiiliabi.ee,Estonia,shop,iphone 11,unknown,aftermarket,YES,11.99,EUR,https://mobiiliabi.ee/toode/screen-protection-glass-esd-anti-fingerprint-frosted-apple-iphone-xr-11-black-bulk/
mobiiliabi.ee,Estonia,shop,iphone 14,aftermarket-oled,aftermarket,YES,50.99,EUR,https://mobiiliabi.ee/toode/lcd-screen-for-iphone-14-with-touch-screen-oled-removable-ic/
mobiiliabi.ee,Estonia,shop,iphone 13 pro max,aftermarket-oled,aftermarket,YES,75.99,EUR,https://mobiiliabi.ee/toode/lcd-screen-for-iphone-13-pro-max-with-touch-screen-premium-oled-120hz-self-diagnosable/
sparepart.dk,Denmark,shop,iphone 13,aftermarket-incell,aftermarket,YES,199.0,DKK,https://sparepart.dk/iphone-13-skaerme-102877/iphone-13-skaerm-incell-lcd-jk-high-quality-p19489?gpp_list_source=bestsellers
mobiiliabi.ee,Estonia,shop,iphone 16 pro,aftermarket-hard-oled,aftermarket,YES,85.99,EUR,https://mobiiliabi.ee/toode/lcd-screen-apple-iphone-16-pro-with-touch-screen-gx-hard-oled-removable-ic/
mobishop.ee,Estonia,shop,iphone 16 pro,original,A,YES,336.25,EUR,https://mobishop.ee/toode/display-original-apple-iphone-16-pro-661-42726-varuosa/
mobishop.ee,Estonia,shop,iphone 16e,unknown,aftermarket,YES,15.57,EUR,https://mobishop.ee/toode/screen-protection-glass-wozinsky-5d-full-glue-apple-iphone-16e-14-13-13-pro-case-friendly-black/
mobishop.ee,Estonia,shop,iphone 16e,unknown,aftermarket,YES,15.57,EUR,https://mobishop.ee/toode/screen-protection-glass-wozinsky-5d-full-glue-apple-iphone-17e-16e-14-13-13-pro-case-friendly-black/
ipfix.dk,Denmark,shop,iphone 16,original,A,YES,2799.0,DKK,https://ipfix.dk/product/iphone-16-pro-skaerm-glas-oled-original-oled/
mobishop.ee,Estonia,shop,iphone 16e,unknown,aftermarket,YES,16.65,EUR,https://mobishop.ee/toode/screen-protection-glass-strength-gorilla-micro-border-apple-iphone-17e-16e-14-13-13-pro-bulk/
mobishop.ee,Estonia,shop,iphone 13 pro,original,A,YES,114.0,EUR,https://mobishop.ee/toode/lcd-screen-for-iphone-13-pro-with-touch-screen-original-pairable-used-grade-a/
mobishop.ee,Estonia,shop,iphone 16e,unknown,aftermarket,YES,16.29,EUR,https://mobishop.ee/toode/screen-protection-glass-esd-anti-static-dust-proof-apple-iphone-17e-16e-14-13-13-pro-black-bulk/
mobishop.ee,Estonia,shop,iphone 13 pro max,original,A,YES,114.0,EUR,https://mobishop.ee/toode/lcd-screen-for-iphone-13-pro-max-with-touch-screen-original-used-grade-b/
mobishop.ee,Estonia,shop,iphone 16e,unknown,aftermarket,YES,16.39,EUR,https://mobishop.ee/toode/screen-protection-glass-11d-full-glue-apple-iphone-17e-16e-14-13-13-pro-bulk/
mobishop.ee,Estonia,shop,iphone 12 mini,aftermarket-incell,aftermarket,YES,49.49,EUR,https://mobishop.ee/toode/lcd-screen-for-iphone-12-mini-with-touch-screen-incell-self-diagnosable/
mobishop.ee,Estonia,shop,iphone 15 pro max,original,A,YES,240.0,EUR,https://mobishop.ee/toode/lcd-screen-for-iphone-15-pro-max-with-touch-screen-original-pairable-used-grade-a/
mobishop.ee,Estonia,shop,iphone 16 pro,original,A,YES,160.0,EUR,https://mobishop.ee/toode/lcd-screen-for-iphone-16-pro-with-touch-screen-original-pairable-used-grade-b/
mobishop.ee,Estonia,shop,iphone 16 pro,aftermarket-oled,aftermarket,YES,107.49,EUR,https://mobishop.ee/toode/lcd-screen-for-iphone-16-pro-with-touch-screen-premium-oled-120hz-original-size-removable-ic/
mobishop.ee,Estonia,shop,iphone 16 pro max,original,A,YES,194.0,EUR,https://mobishop.ee/toode/lcd-screen-for-iphone-16-pro-max-with-touch-screen-original-used-grade-b/
mobishop.ee,Estonia,shop,iphone 15,original,A,YES,120.0,EUR,https://mobishop.ee/toode/lcd-screen-for-iphone-15-with-touch-screen-original-used-grade-a/
mobishop.ee,Estonia,shop,iphone 13,original,A,YES,97.0,EUR,https://mobishop.ee/toode/lcd-screen-for-iphone-13-with-touch-screen-original-pairable-used-grade-a/
mobishop.ee,Estonia,shop,iphone 14 pro,original,A,YES,134.0,EUR,https://mobishop.ee/toode/lcd-screen-for-iphone-14-pro-with-touch-screen-original-used-grade-a/
mobishop.ee,Estonia,shop,iphone 14 pro max,original,A,YES,179.0,EUR,https://mobishop.ee/toode/lcd-screen-for-iphone-14-pro-max-with-touch-screen-original-pairable-used-grade-a/
mobishop.ee,Estonia,shop,iphone 14 pro,original,A,YES,154.0,EUR,https://mobishop.ee/toode/lcd-screen-for-iphone-14-pro-with-touch-screen-original-pairable-used-grade-a/
mobishop.ee,Estonia,shop,iphone 13,original,A,YES,74.0,EUR,https://mobishop.ee/toode/lcd-screen-for-iphone-13-with-touch-screen-original-used-grade-a/
mobishop.ee,Estonia,shop,iphone 13,aftermarket-incell,aftermarket,YES,40.45,EUR,https://mobishop.ee/toode/lcd-screen-for-iphone-13-with-touch-screen-incell-self-diagnosable/
mobishop.ee,Estonia,shop,iphone 14 pro,original,A,YES,114.0,EUR,https://mobishop.ee/toode/lcd-screen-for-iphone-14-pro-with-touch-screen-original-used-grade-b/
handywerk.de,Germany,shop,iphone 11 pro,unknown,aftermarket,no,114.99,EUR,https://shop.handywerk.de/
nordviks.se,Denmark,shop,iphone 16 pro,aftermarket-soft-oled,aftermarket,YES,844.91,DKK,https://www.nordviks.se/products/iphone-16-pro-display-soft-oled-repart-prime
phonefix.fi,Finland,shop,iphone 14 pro,unknown,aftermarket,no,19.9,EUR,https://phonefix.fi/searchproduct/1602/iphone+screen
phonefix.fi,Finland,shop,iphone 16 pro,unknown,aftermarket,no,19.9,EUR,https://phonefix.fi/searchproduct/1601/iphone+screen
phonefix.fi,Finland,shop,iphone 12 mini,unknown,aftermarket,no,19.9,EUR,https://phonefix.fi/searchproduct/579/iphone+screen
mobishop.ee,Estonia,shop,iphone 16 pro,aftermarket-oled,aftermarket,YES,102.49,EUR,https://mobishop.ee/toode/lcd-screen-for-iphone-16-pro-with-touch-screen-oled-self-diagnosable/
mobishop.ee,Estonia,shop,iphone 15 pro,unknown,aftermarket,YES,16.65,EUR,https://mobishop.ee/toode/screen-protection-glass-strength-gorilla-micro-border-apple-iphone-15-pro-maxblack-bulk/
mobishop.ee,Estonia,shop,iphone 16 pro,unknown,aftermarket,YES,16.65,EUR,https://mobishop.ee/toode/screen-protection-glass-strength-gorilla-micro-border-apple-iphone-16-pro-maxblack-bulk/
mobishop.ee,Estonia,shop,iphone 15 pro,unknown,aftermarket,YES,16.65,EUR,https://mobishop.ee/toode/screen-protection-glass-strength-gorilla-micro-border-apple-iphone-15-pro-black-bulk/
mobishop.ee,Estonia,shop,iphone 15 plus,unknown,aftermarket,YES,16.65,EUR,https://mobishop.ee/toode/screen-protection-glass-strength-gorilla-micro-border-apple-iphone-15-plus-black-bulk/
mobishop.ee,Estonia,shop,iphone 16 plus,unknown,aftermarket,YES,16.65,EUR,https://mobishop.ee/toode/screen-protection-glass-strength-gorilla-micro-border-apple-iphone-16-plus-black-bulk/
nordviks.se,Denmark,shop,iphone 16 pro,aftermarket-soft-oled,aftermarket,YES,844.91,SEK,https://www.nordviks.se/products/iphone-16-pro-display-soft-oled-repart-prime?variant=54090153886038
phonefix.fi,Finland,shop,iphone 13 mini,unknown,aftermarket,no,19.9,EUR,https://phonefix.fi/searchproduct/1598/iphone+screen
nordviks.se,Denmark,shop,iphone 16 pro,aftermarket-lcd,aftermarket,YES,2666.42,SEK,https://www.nordviks.se/products/apple-iphone-16-pro-screen-display-diagnostics-oem-lcd-display?variant=52483240362326
phonefix.fi,Finland,shop,iphone 16 plus,unknown,aftermarket,no,19.9,EUR,https://phonefix.fi/product/1720/screenor-iphone-15--16-plus-full-cover-panssarilasi
nordviks.se,Denmark,shop,iphone 14 pro max,aftermarket-soft-oled,aftermarket,YES,600.83,SEK,https://www.nordviks.se/products/iphone-14-pro-max-display-soft-oled-repart-prime-120hz?variant=52483233939798
phonefix.fi,Finland,shop,iphone 16,unknown,aftermarket,no,19.9,EUR,https://phonefix.fi/searchproduct/1594/iphone+screen
mobishop.ee,Estonia,shop,iphone 16 pro,aftermarket-oled,aftermarket,YES,182.0,EUR,https://mobishop.ee/toode/lcd-screen-for-iphone-16-pro-with-touch-screen-premium-oled-original-size-self-diagnosable/
phonefix.fi,Finland,shop,iphone 12 pro,unknown,aftermarket,no,19.9,EUR,https://phonefix.fi/searchproduct/580/iphone+screen
phonefix.fi,Finland,shop,iphone 16e,unknown,aftermarket,no,22.9,EUR,https://phonefix.fi/searchproduct/1613/iphone+screen
phonefix.fi,Finland,shop,iphone 15 pro max,unknown,aftermarket,no,19.9,EUR,https://phonefix.fi/searchproduct/1595/iphone+screen
phonefix.fi,Finland,shop,iphone 14 plus,unknown,aftermarket,no,19.9,EUR,https://phonefix.fi/searchproduct/1597/iphone+screen
phonefix.fi,Finland,shop,iphone 11 pro,unknown,aftermarket,no,19.9,EUR,https://phonefix.fi/searchproduct/218/iphone+screen
phonefix.fi,Finland,shop,iphone 11 pro max,unknown,aftermarket,no,19.9,EUR,https://phonefix.fi/searchproduct/219/iphone+screen
phonefix.fi,Finland,shop,iphone 16e,unknown,aftermarket,no,19.9,EUR,https://phonefix.fi/searchproduct/1593/iphone+screen
phonefix.fi,Finland,shop,iphone 14,aftermarket-incell,aftermarket,no,34.9,EUR,https://phonefix.fi/searchproduct/1584/iphone+screen
phonefix.fi,Finland,shop,iphone x,aftermarket-hard-oled,aftermarket,no,52.9,EUR,https://phonefix.fi/searchproduct/1243/iphone+screen
phonefix.fi,Finland,shop,iphone xs,aftermarket-soft-oled,aftermarket,no,57.9,EUR,https://phonefix.fi/searchproduct/1332/iphone+screen
phonefix.fi,Finland,shop,iphone xs,aftermarket-lcd,aftermarket,no,39.9,EUR,https://phonefix.fi/searchproduct/354/iphone+screen
phonefix.fi,Finland,shop,iphone 16e,aftermarket-incell,aftermarket,no,44.9,EUR,https://phonefix.fi/searchproduct/1607/iphone+screen
phonefix.fi,Finland,shop,iphone x,aftermarket-oled,aftermarket,no,72.9,EUR,https://phonefix.fi/searchproduct/974/iphone+screen
phonefix.fi,Finland,shop,iphone xs,aftermarket-hard-oled,aftermarket,no,64.9,EUR,https://phonefix.fi/searchproduct/1016/iphone+screen
phonefix.fi,Finland,shop,iphone x,aftermarket-soft-oled,aftermarket,no,62.9,EUR,https://phonefix.fi/searchproduct/1331/iphone+screen
da-pieces.com,France,shop,iphone xs max,aftermarket-oled,aftermarket,no,27.19,EUR,https://da-pieces.com/products/ecran-iphone-xs-max-oled?_pos=1&_sid=1ffba179f&_ss=r
phonefix.fi,Finland,shop,iphone 15,aftermarket-incell,aftermarket,no,44.9,EUR,https://phonefix.fi/searchproduct/1580/iphone+screen
phonefix.fi,Finland,shop,iphone xs max,aftermarket-soft-oled,aftermarket,no,59.9,EUR,https://phonefix.fi/searchproduct/1334/iphone+screen
phonefix.fi,Finland,shop,iphone 16e,aftermarket-soft-oled,aftermarket,no,69.9,EUR,https://phonefix.fi/searchproduct/1608/iphone+screen
da-pieces.com,France,shop,iphone 11,aftermarket-incell,aftermarket,no,14.99,EUR,https://da-pieces.com/products/ecran-iphone-11-incell-st?_pos=3&_sid=1ffba179f&_ss=r
da-pieces.com,France,shop,iphone xs,aftermarket-oled,aftermarket,no,29.9,EUR,https://da-pieces.com/products/ecran-iphone-xs-oled?_pos=4&_sid=1ffba179f&_ss=r
da-pieces.com,France,shop,iphone 11 pro max,aftermarket-hard-oled,aftermarket,no,67.95,EUR,https://da-pieces.com/products/ecran-iphone-11-pro-max-gx-hard-oled?_pos=6&_sid=1ffba179f&_ss=r
da-pieces.com,France,shop,iphone 11 pro,aftermarket-incell,aftermarket,no,15.49,EUR,https://da-pieces.com/products/ecran-iphone-11-pro-incell-st-1?_pos=10&_sid=1ffba179f&_ss=r
da-pieces.com,France,shop,iphone 16 plus,unknown,aftermarket,no,59.9,EUR,https://da-pieces.com/products/ecran-iphone-16-plus?_pos=9&_sid=1ffba179f&_ss=r
da-pieces.com,France,shop,iphone 14 pro max,unknown,aftermarket,no,39.99,EUR,https://da-pieces.com/products/ecran-iphone-14-pro-max-jkpro?_pos=11&_sid=1ffba179f&_ss=r
da-pieces.com,France,shop,iphone x,aftermarket-hard-oled,aftermarket,no,38.2,EUR,https://da-pieces.com/products/ecran-iphone-x-gx-hard-oled?_pos=16&_sid=1ffba179f&_ss=r
da-pieces.com,France,shop,iphone 15,unknown,aftermarket,no,31.9,EUR,https://da-pieces.com/products/ecran-iphone-15-rj-full-hd?_pos=13&_sid=1ffba179f&_ss=r
da-pieces.com,France,shop,iphone 16,unknown,aftermarket,no,49.99,EUR,https://da-pieces.com/products/ecran-iphone-16-rjp?_pos=20&_sid=1ffba179f&_ss=r
da-pieces.com,France,shop,iphone 12,aftermarket-incell,aftermarket,no,21.99,EUR,https://da-pieces.com/products/ecran-iphone-12-12-pro-incell-jk?_pos=17&_sid=1ffba179f&_ss=r
da-pieces.com,France,shop,iphone x,aftermarket-incell,aftermarket,no,21.0,EUR,https://da-pieces.com/products/ecran-iphone-x-incell-rj?_pos=21&_sid=1ffba179f&_ss=r
da-pieces.com,France,shop,iphone 13 pro max,unknown,aftermarket,no,34.99,EUR,https://da-pieces.com/products/ecran-iphone-13-pro-max-origianal?_pos=23&_sid=1ffba179f&_ss=r
da-pieces.com,France,shop,iphone xs max,original,A,no,61.99,EUR,https://da-pieces.com/products/ecran-iphone-xs-max-soft-oled?_pos=22&_sid=1ffba179f&_ss=r
ilevante.fr,France,shop,iphone 14 pro max,original,A,no,81.95,EUR,https://www.ilevante.fr/Ecran-complet-pour-iphone-14-pro-max-original-p-20633.html
da-pieces.com,France,shop,iphone 13 pro max,aftermarket-incell,aftermarket,no,20.0,EUR,https://da-pieces.com/products/ecran-iphone-13-pro-max-incell-hd
ilevante.fr,France,shop,iphone 13 pro max,unknown,aftermarket,no,26.45,EUR,https://www.ilevante.fr/Ecran-complet-pour-iphone-13-pro-max-p-20554.html
da-pieces.com,France,shop,iphone 13 pro max,unknown,aftermarket,no,34.99,EUR,https://da-pieces.com/products/ecran-iphone-13-pro-max-origianal
ilevante.fr,France,shop,iphone 11,unknown,aftermarket,no,26.5,EUR,https://www.ilevante.fr/Ecran-complet-pour-iphone-11-p-20385.html#vous-voulez-remplacer-lecran-de-liphone-11-
ilevante.fr,France,shop,iphone 12 mini,unknown,aftermarket,no,21.56,EUR,https://www.ilevante.fr/Ecran-complet-pour-iphone-12-mini-p-20471.html
ilevante.fr,France,shop,iphone 12,unknown,aftermarket,no,18.55,EUR,https://www.ilevante.fr/Ecran-complet-pour-iphone-12-p-20470.html
ilevante.fr,France,shop,iphone 11 pro,unknown,aftermarket,no,17.55,EUR,https://www.ilevante.fr/Ecran-complet-pour-iphone-11-pro-p-20390.html
ilevante.fr,France,shop,iphone 15,unknown,aftermarket,no,24.9,EUR,https://www.ilevante.fr/Ecran-complet-pour-iphone-15-p-20767.html
ilevante.fr,France,shop,iphone 13 pro,unknown,aftermarket,no,22.99,EUR,https://www.ilevante.fr/Ecran-complet-pour-iphone-13-pro-p-20553.html#pourquoi-choisir-cet-ecran-iphone-13-pro-de-qualite-premium-
ilevante.fr,France,shop,iphone 13 pro,unknown,aftermarket,no,22.99,EUR,https://www.ilevante.fr/Ecran-complet-pour-iphone-13-pro-p-20553.html#plus-de-conseils-amusants-pour-maintenir-votre-ecran-iphone-13-pro-en-forme
reparatur-werk.com,Germany,shop,iphone 12 pro,unknown,aftermarket,no,63.9,EUR,https://www.reparatur-werk.com/p/iphone-12-pro-display-touchscreen-reparaturset
ilevante.fr,France,shop,iphone 13 pro,unknown,aftermarket,no,22.99,EUR,https://www.ilevante.fr/Ecran-complet-pour-iphone-13-pro-p-20553.html#explorer-les-options-de-qualite-pour-votre-ecran-iphone-13-pro
ilevante.fr,France,shop,iphone 13 pro,unknown,aftermarket,no,22.99,EUR,https://www.ilevante.fr/Ecran-complet-pour-iphone-13-pro-p-20553.html#signes-que-votre-ecran-iphone-13-pro-necessite-un-changement-urgent
ilevante.fr,France,shop,iphone 11,unknown,aftermarket,no,15.53,EUR,https://www.ilevante.fr/Ecran-pour-iphone-11-compatible-p-20579.html#ecran-pour-iphone-11-piece-de-rechange-de-qualite-premium
ilevante.fr,France,shop,iphone 11,unknown,aftermarket,no,15.53,EUR,https://www.ilevante.fr/Ecran-pour-iphone-11-compatible-p-20579.html#caracteristiques-remarquables-de-liphone-11-et-son-ecran
ilevante.fr,France,shop,iphone 11,unknown,aftermarket,no,15.53,EUR,https://www.ilevante.fr/Ecran-pour-iphone-11-compatible-p-20579.html#signes-que-votre-ecran-iphone-11-necessite-un-changement
ilevante.fr,France,shop,iphone 11,unknown,aftermarket,no,15.53,EUR,https://www.ilevante.fr/Ecran-pour-iphone-11-compatible-p-20579.html#que-comprend-cet-ecran-pour-iphone-11-
lcd-phone.com,France,shop,iphone 12 pro,aftermarket-incell,aftermarket,YES,12.0,EUR,https://lcd-phone.com/en/-repair-parts/15206-ecran-iphone-12-12-pro-in-cell-8771621429335.html
ilevante.fr,France,shop,iphone 13,unknown,aftermarket,no,21.75,EUR,https://www.ilevante.fr/Ecran-complet-pour-iphone-13-p-20552.html#y#128241-ecran-pour-iphone-13-complet
lcd-phone.com,France,shop,iphone 13,unknown,aftermarket,YES,17.0,EUR,https://lcd-phone.com/en/-repair-parts/15211-screen-iphone-13-ltps-jk-support-ic-change-fhd1080p-8771621675510.html
lcd-phone.com,France,shop,iphone 13 pro max,unknown,aftermarket,YES,22.0,EUR,https://lcd-phone.com/en/-repair-parts/32390-screen-iphone-13-pro-max-ltps-jk-support-ic-change-fhd1080p-6975471920420.html
ilevante.fr,France,shop,iphone 11,unknown,aftermarket,no,15.53,EUR,https://www.ilevante.fr/Ecran-pour-iphone-11-compatible-p-20579.html#guide-amusant-pour-changer-lecran-iphone-11-etape-par-etape
lcd-phone.com,France,shop,iphone 12 pro max,unknown,aftermarket,YES,24.0,EUR,https://lcd-phone.com/en/-repair-parts/15209-ecran-iphone-12-pro-max-in-cell-jk-8771621675480.html
lcd-phone.com,France,shop,iphone 15 plus,aftermarket-incell,aftermarket,YES,18.0,EUR,https://lcd-phone.com/en/-repair-parts/34238-screen-iphone-15-plus-ltps-zy-cof-support-ic-change-8771621429199.html
lcd-phone.com,France,shop,iphone 14,unknown,aftermarket,YES,18.0,EUR,https://lcd-phone.com/en/-repair-parts/20339-iphone-14-screen-in-cell-jk-8771621675527.html
piecegsm.com,France,shop,iphone 13 pro max,unknown,aftermarket,no,35.0,EUR,https://piecegsm.com/iphone-13-pro-max/3536-ecran-pour-iphone-13-pro-max-jk-qualite-fhd.html
horepa.fr,France,shop,iphone 13,aftermarket-incell,aftermarket,no,32.904001,EUR,https://horepa.fr/fr/ecran-iphone-13-incell.html
horepa.fr,France,shop,iphone 13,aftermarket-incell,aftermarket,no,21.900001,EUR,https://horepa.fr/fr/ecran-iphone-13-incell-standard.html
horepa.fr,France,shop,iphone 13,unknown,aftermarket,no,1.896001,EUR,https://horepa.fr/fr/joint-d-etancheite-ecran-iphone-13-oem-new.html
piecegsm.com,France,shop,iphone x,unknown,aftermarket,no,15.0,EUR,https://piecegsm.com/iphone-x/3532-ecran-pour-iphone-x-jk-qualite-hd.html
piecegsm.com,France,shop,iphone xs max,unknown,aftermarket,no,16.666667,EUR,https://piecegsm.com/accueil/2687-ecran-pour-iphone-xs-max-de-qualite-jk-avec-garantie.html
piecegsm.com,France,shop,iphone 11 pro max,unknown,aftermarket,no,20.833333,EUR,https://piecegsm.com/iphone-11-pro-max/3533-ecran-pour-iphone-11-pro-max-jk-qualite-hd.html
parts4phone.com,France,shop,iphone x,aftermarket-lcd,aftermarket,YES,2.95,EUR,https://parts4phone.com/fr/x-a1901/2042-iphone-x-a1901-joint-detancheite-lcd-noir.html
parts4phone.com,France,shop,iphone x,unknown,aftermarket,YES,69.95,CHF,https://parts4phone.com/fr/x-a1901/2032-1602-iphone-x-a1901-ecran-noir.html#/105-compatibilite-lcd_compatible_incell
iphoneersatzteileshop.de,Germany,shop,iphone 13,unknown,aftermarket,no,9.9,EUR,https://www.iphoneersatzteileshop.de/iPhone13-Panzerglas_1
iphoneersatzteileshop.de,Germany,shop,iphone 14 pro max,unknown,aftermarket,no,19.99,EUR,https://www.iphoneersatzteileshop.de/Anti-Spy-Displayschutz-Panzerglas-fuer-iPhone-14-Pro-Max
iphoneersatzteileshop.de,Germany,shop,iphone 14,unknown,aftermarket,no,19.99,EUR,https://www.iphoneersatzteileshop.de/Anti-Spy-Displayschutz-Panzerglas-fuer-iPhone-14
iphoneersatzteileshop.de,Germany,shop,iphone 14 pro,unknown,aftermarket,no,19.99,EUR,https://www.iphoneersatzteileshop.de/Anti-Spy-Displayschutz-Panzerglas-fuer-iPhone-14-Pro
iphoneersatzteileshop.de,Germany,shop,iphone 13 pro max,unknown,aftermarket,no,9.9,EUR,https://www.iphoneersatzteileshop.de/iPhone13-Pro-Max-Panzerglas
iphoneersatzteileshop.de,Germany,shop,iphone 16 plus,aftermarket-oled,aftermarket,no,99.9,EUR,https://www.iphoneersatzteileshop.de/iPhone-16-Plus-OLED-Display-Reparaturset
iphoneersatzteileshop.de,Germany,shop,iphone 13 pro,unknown,aftermarket,no,9.9,EUR,https://www.iphoneersatzteileshop.de/iPhone13-Pro-Panzerglas_1
iphoneersatzteileshop.de,Germany,shop,iphone 14 pro,aftermarket-oled,aftermarket,no,89.9,EUR,https://www.iphoneersatzteileshop.de/iPhone-14-Pro-OLED-Display-Reparaturset
iphoneersatzteileshop.de,Germany,shop,iphone 15 pro,aftermarket-soft-oled,aftermarket,no,129.9,EUR,https://www.iphoneersatzteileshop.de/iPhone-15-Pro-OLED-Reparaturset
iphoneersatzteileshop.de,Germany,shop,iphone 15 plus,aftermarket-lcd,aftermarket,no,54.9,EUR,https://www.iphoneersatzteileshop.de/iPhone-15-Plus-LCD-Display-Reparaturset
iphoneersatzteileshop.de,Germany,shop,iphone 12 mini,aftermarket-oled,aftermarket,no,79.9,EUR,https://www.iphoneersatzteileshop.de/iPhone-12-Mini-OLED-Display-Reparaturset
iphoneersatzteileshop.de,Germany,shop,iphone 13 pro max,aftermarket-oled,aftermarket,no,79.9,EUR,https://www.iphoneersatzteileshop.de/iPhone-13-Pro-Max-OLED-Display-Reparaturset
mobilex.es,Spain,shop,iphone 13,unknown,aftermarket,no,19.0,EUR,https://mobilex.es/es/6763-bateria-para-iphone-13-3560mah-alta-capacidad-ti-oem-premium-pro-sin-mensaje-2481643160692.html
iphoneersatzteileshop.de,Germany,shop,iphone 13 mini,aftermarket-lcd,aftermarket,no,44.9,EUR,https://www.iphoneersatzteileshop.de/iPhone-13-Mini-LCD-Display-Reparaturset
iphoneersatzteileshop.de,Germany,shop,iphone 11,aftermarket-lcd,aftermarket,no,43.9,EUR,https://www.iphoneersatzteileshop.de/iPhone-11-Premium-LCD-Display-Reparaturset
iphoneersatzteileshop.de,Germany,shop,iphone 12,aftermarket-lcd,aftermarket,no,54.9,EUR,https://www.iphoneersatzteileshop.de/iPhone-12-Premium-LCD-Display-Reparaturset
iphoneersatzteileshop.de,Germany,shop,iphone 11 pro,aftermarket-hard-oled,aftermarket,no,54.9,EUR,https://www.iphoneersatzteileshop.de/iPhone-11-Pro-Hard-OLED-Display-Reparaturset
iphoneersatzteileshop.de,Germany,shop,iphone 16 pro,aftermarket-lcd,aftermarket,no,99.9,EUR,https://www.iphoneersatzteileshop.de/iPhone-16-Pro-Premium-LCD-Display-Reparaturset
iphoneersatzteileshop.de,Germany,shop,iphone 11 pro max,aftermarket-hard-oled,aftermarket,no,69.9,EUR,https://www.iphoneersatzteileshop.de/iPhone-11-Pro-Max-Hard-OLED-Display-Reparaturset
iphoneersatzteileshop.de,Germany,shop,iphone 11 pro,aftermarket-lcd,aftermarket,no,44.9,EUR,https://www.iphoneersatzteileshop.de/iPhone-11-Pro-Premium-LCD-Display-Reparaturset
iphoneersatzteileshop.de,Germany,shop,iphone 11 pro max,aftermarket-lcd,aftermarket,no,49.9,EUR,https://www.iphoneersatzteileshop.de/iPhone-11-Pro-Max-Premium-LCD-Display-Reparaturset
iphoneersatzteileshop.de,Germany,shop,iphone 16e,aftermarket-lcd,aftermarket,no,49.9,EUR,https://www.iphoneersatzteileshop.de/iPhone-16e-LCD-Display-Reparatur-Set-inkl-Klebepad-Werkzeugset
iphoneersatzteileshop.de,Germany,shop,iphone 13,aftermarket-lcd,aftermarket,no,54.9,EUR,https://www.iphoneersatzteileshop.de/iPhone-13-Premium-LCD-Display-Reparaturset
iphoneersatzteileshop.de,Germany,shop,iphone 16 pro,aftermarket-soft-oled,aftermarket,no,179.9,EUR,https://www.iphoneersatzteileshop.de/iPhone-16-Pro-OLED-Display-Reparaturset
iphoneersatzteileshop.de,Germany,shop,iphone 11,unknown,aftermarket,no,4.9,EUR,https://www.iphoneersatzteileshop.de/iPhone-11-Display-Klebepad
iphoneersatzteileshop.de,Germany,shop,iphone 11 pro,unknown,aftermarket,no,4.9,EUR,https://www.iphoneersatzteileshop.de/iPhone-11-Pro-Display-Klebepad
iphoneersatzteileshop.de,Germany,shop,iphone 13,unknown,aftermarket,no,4.9,EUR,https://www.iphoneersatzteileshop.de/iPhone-13-Display-Kleber
iphoneersatzteileshop.de,Germany,shop,iphone 14 plus,aftermarket-oled,aftermarket,no,79.9,EUR,https://www.iphoneersatzteileshop.de/iPhone-14-Plus-OLED-Display-Reparaturset
doctortel.pl,Poland,shop,iphone 15 pro max,unknown,aftermarket,no,397.0,PLN,https://www.doctortel.pl/
handyschmiede.de,Germany,shop,iphone 13 pro,aftermarket-soft-oled,aftermarket,no,87.68,EUR,https://handyschmiede.de/products/lcd-touch-jcid-fur-a2638-apple-iphone-13-pro-soft-oled-black?_pos=7&_sid=aa65dacd6&_ss=r
handyschmiede.de,Germany,shop,iphone 16 pro max,original,A,no,665.21,EUR,https://handyschmiede.de/products/iphone-16-pro-max-displayeinheit-mit-sensorflex-service-pack-ios-18-konfiguration
handyschmiede.de,Germany,shop,iphone x,aftermarket-soft-oled,aftermarket,no,47.41,EUR,https://handyschmiede.de/products/lcd-touch-fur-apple-iphone-x-soft-oled-black?_pos=6&_sid=aa65dacd6&_ss=r
handyschmiede.de,Germany,shop,iphone 14 plus,aftermarket-soft-oled,aftermarket,no,69.0,EUR,https://handyschmiede.de/products/lcd-touch-fur-a2886-apple-iphone-14-plus-soft-oled-black?_pos=8&_sid=aa65dacd6&_ss=r
handyschmiede.de,Germany,shop,iphone 12 pro max,original,A,no,471.84,EUR,https://handyschmiede.de/products/iphone-12-pro-max-displayeinheit-mit-sensorflex-service-pack-ios-18-konfiguration
handyschmiede.de,Germany,shop,iphone 16 plus,original,A,no,549.19,EUR,https://handyschmiede.de/products/iphone-16-plus-displayeinheit-mit-sensorflex-service-pack-ios-18-konfiguration
handyschmiede.de,Germany,shop,iphone 14 pro max,original,A,no,502.78,EUR,https://handyschmiede.de/products/iphone-14-pro-max-displayeinheit-mit-sensorflex-service-pack-ios-18-konfiguration
handyschmiede.de,Germany,shop,iphone 15 pro max,original,A,no,518.25,EUR,https://handyschmiede.de/products/iphone-15-pro-max-displayeinheit-mit-sensorflex-service-pack-ios-18-konfiguration
handyschmiede.de,Germany,shop,iphone 15 pro max,pulled,A,no,493.49,EUR,https://handyschmiede.de/products/iphone-15-pro-max-oled-pulled-neu-displayeinheit-schwarz
handyschmiede.de,Germany,shop,iphone 16 pro,original,A,no,461.13,EUR,https://handyschmiede.de/products/iphone-16-pro-displayeinheit-mit-sensorflex-service-pack-ios-18-konfiguration-used-message
handyschmiede.de,Germany,shop,iphone 16,original,A,no,462.55,EUR,https://handyschmiede.de/products/iphone-16-displayeinheit-mit-sensorflex-service-pack-ios-18-konfiguration
phf-shop.com,Germany,shop,iphone 16 pro,unknown,aftermarket,no,2.26,EUR,https://phf-shop.com/apple/iphone-16-pro/13711/oem-adhesive-klebefolie-fuer-lc-display-fuer-iphone-16-pro-neu
handyschmiede.de,Germany,shop,iphone 15 pro,original,A,no,440.9,EUR,https://handyschmiede.de/products/iphone-15-pro-displayeinheit-mit-sensorflex-service-pack-ios-18-konfiguration
handyschmiede.de,Germany,shop,iphone 16 pro,original,A,no,461.13,EUR,https://handyschmiede.de/products/iphone-16-pro-displayeinheit-mit-sensorflex-service-pack-ios-18-konfiguration-genuine-message
handyschmiede.de,Germany,shop,iphone 16 pro max,pulled,A,no,474.51,EUR,https://handyschmiede.de/products/oled-pulled-displayeinheit-kompatibel-fur-iphone-16-pro-max-schwarz
iphoneersatzteileshop.de,Germany,shop,iphone x,aftermarket-oled,aftermarket,no,47.9,EUR,https://www.iphoneersatzteileshop.de/iPhone-X-OLED-Display-Reparaturset
handyschmiede.de,Germany,shop,iphone 15 pro max,refurb,A,no,417.69,EUR,https://handyschmiede.de/products/iphone-15-pro-max-oled-refurbished-displayeinheit-schwarz
reparatur-werk.com,Germany,shop,iphone 13 mini,unknown,aftermarket,no,139.0,EUR,https://www.reparatur-werk.com/p/iphone-13-mini-display-reparaturset
handyschmiede.de,Germany,shop,iphone 14 pro max,pulled,A,no,425.43,EUR,https://handyschmiede.de/products/iphone-14-pro-max-oled-pulled-neu-displayeinheit-schwarz
handyschmiede.de,Germany,shop,iphone 15 pro,original,A,no,409.06,EUR,https://handyschmiede.de/products/iphone-15-pro-displayeinheit-mit-sensorflex-service-pack-ios-18-konfiguration-used-message
mobilex.es,Spain,shop,iphone 14 pro max,unknown,aftermarket,no,24.9,EUR,https://mobilex.es/es/6768-bateria-para-iphone-14-pro-max-4700mah-alta-capacidad-ti-oem-premium-pro-sin-mensaje-2481643160746.html
handyschmiede.de,Germany,shop,iphone 16 pro,original,A,no,405.0,EUR,https://handyschmiede.de/products/iphone-16-pro-display-und-schraubenkit-original-apple
handyschmiede.de,Germany,shop,iphone 14 pro max,refurb,A,no,368.19,EUR,https://handyschmiede.de/products/iphone-14-pro-max-oled-refurbished-displayeinheit-schwarz
handyschmiede.de,Germany,shop,iphone 13 pro,original,A,no,363.55,EUR,https://handyschmiede.de/products/iphone-13-pro-displayeinheit-mit-sensorflex-service-pack-ios-18-konfiguration
handyschmiede.de,Germany,shop,iphone 15,original,A,no,371.28,EUR,https://handyschmiede.de/products/iphone-15-displayeinheit-mit-sensorflex-service-pack-ios-18-konfiguration
handyschmiede.de,Germany,shop,iphone 14 pro max,pulled,A,no,365.78,EUR,https://handyschmiede.de/products/oled-displayeinheit-pulled-mit-sensorflex-kompatibel-fur-iphone-14-pro-max
handyschmiede.de,Germany,shop,iphone 15 pro,pulled,A,no,355.81,EUR,https://handyschmiede.de/products/iphone-15-pro-oled-pulled-neu-displayeinheit-schwarz
handyschmiede.de,Germany,shop,iphone 16 pro,refurb,A,no,340.64,EUR,https://handyschmiede.de/products/oled-refurbished-displayeinheit-kompatibel-fur-iphone-16-pro-schwarz
handyschmiede.de,Germany,shop,iphone 15 pro max,unknown,aftermarket,no,322.54,EUR,https://handyschmiede.de/products/iphone-15-pro-max-display-schraubenkit
handyschmiede.de,Germany,shop,iphone 15 pro,refurb,A,no,351.17,EUR,https://handyschmiede.de/products/iphone-15-pro-oled-refurbished-displayeinheit-schwarz
phf-shop.com,Germany,shop,iphone 16e,unknown,aftermarket,no,2.26,EUR,https://phf-shop.com/13707/oem-adhesive-klebefolie-fuer-lc-display-fuer-iphone-16e-neu
phf-shop.com,Germany,shop,iphone 16 plus,unknown,aftermarket,no,2.26,EUR,https://phf-shop.com/apple/iphone-16-plus/13704/oem-adhesive-klebefolie-fuer-lc-display-fuer-iphone-16-plus-neu
phf-shop.com,Germany,shop,iphone 16,unknown,aftermarket,no,2.26,EUR,https://phf-shop.com/apple/iphone-16/13706/oem-adhesive-klebefolie-fuer-lc-display-fuer-iphone-16-neu
handyschmiede.de,Germany,shop,iphone 16 plus,refurb,A,no,310.89,EUR,https://handyschmiede.de/products/oled-refurbished-displayeinheit-kompatibel-fur-iphone-16-plus-schwarz
phone-werk.de,Germany,shop,iphone 13 pro,unknown,aftermarket,no,9.99,EUR,https://phone-werk.de/produkt/apple-iphone-13-pro-panzer-glas-screenprotector/
phone-werk.de,Germany,shop,iphone 16 pro,unknown,aftermarket,no,129.99,EUR,https://phone-werk.de/produkt/iphone-16-pro-display-reparatur-schnell-guenstig-in-duesseldorf-2/
phone-werk.de,Germany,shop,iphone 16 pro,unknown,aftermarket,no,129.99,EUR,https://phone-werk.de/produkt/iphone-16-pro-display-reparatur-schnell-guenstig-in-duesseldorf/
phone-werk.de,Germany,shop,iphone xs,unknown,aftermarket,no,89.99,EUR,https://phone-werk.de/produkt/iphone-xs-display-touchscreen-komplette-oled-black/
phone-werk.de,Germany,shop,iphone 13 pro,unknown,aftermarket,no,9.99,EUR,https://phone-werk.de/produkt/apple-iphone-13-pro-panzer-glas-schutz/
world-itech.com,France,shop,iphone 12 mini,unknown,aftermarket,no,14.9,EUR,https://www.world-itech.com/gb/iphone-12-mini/2410-screen-seal-compatible-with-iphone-12-mini.html
phone-werk.de,Germany,shop,iphone x,aftermarket-oled,aftermarket,no,99.99,EUR,https://phone-werk.de/produkt/iphone-x-display-touchscreen-komplette-oled-black/
phone-werk.de,Germany,shop,iphone x,aftermarket-lcd,aftermarket,no,149.99,EUR,https://phone-werk.de/produkt/iphone-x-display-lcd-touchscreen-austausch-reparatur/
phone-werk.de,Germany,shop,iphone 16,unknown,aftermarket,no,119.99,EUR,https://phone-werk.de/produkt/iphone-16-display-austausch-reparatur-best-qualitaet/
world-itech.com,France,shop,iphone 13 mini,unknown,aftermarket,no,2.9,EUR,https://www.world-itech.com/gb/iphone-13-mini/3089-screen-seal-compatible-with-iphone-13-mini.html
world-itech.com,France,shop,iphone 12 pro,unknown,aftermarket,no,14.9,EUR,https://www.world-itech.com/gb/iphone-12-pro/2406-screen-seal-compatible-with-iphone-12-pro.html
dargilita.lt,Lithuania,shop,iphone 14,aftermarket-oled,aftermarket,no,64.2,EUR,https://dargilita.lt/apple-iphone-telefonu-ekranai//139770-apple-iphone-14-ekranas-oled.html
world-itech.com,France,shop,iphone 14 pro,unknown,aftermarket,no,14.9,EUR,https://www.world-itech.com/gb/iphone-14-pro/4059-double-sided-adhesive-waterproof-seal-for-iphone-14-pro-screen.html
world-itech.com,France,shop,iphone 14 plus,unknown,aftermarket,no,14.9,EUR,https://www.world-itech.com/gb/iphone-14-plus/4336-screen-seal-compatible-with-iphone-14-plus.html
world-itech.com,France,shop,iphone 13 pro max,unknown,aftermarket,no,6.9,EUR,https://www.world-itech.com/gb/iphone-13-pro-max/3091-screen-seal-compatible-with-iphone-13-pro-max.html
world-itech.com,France,shop,iphone 16e,unknown,aftermarket,no,14.9,EUR,https://www.world-itech.com/gb/iphone-14/3604-screen-seal-compatible-with-iphone-14-16e.html
world-itech.com,France,shop,iphone 11 pro max,aftermarket-tft,aftermarket,no,49.9,EUR,https://www.world-itech.com/gb/iphone-11-pro-max/2294-iphone-11-pro-max-compatible-tft-screen-free-tool-kit.html
world-itech.com,France,shop,iphone 11 pro max,aftermarket-oled,aftermarket,no,69.9,EUR,https://www.world-itech.com/gb/iphone-11-pro-max/2279-iphone-11-pro-max-oled-compatible-screen-free-tool-kit.html
world-itech.com,France,shop,iphone 11 pro,aftermarket-tft,aftermarket,no,38.9,EUR,https://www.world-itech.com/gb/iphone-11-pro/2285-iphone-11-pro-compatible-tft-lcd-screen-free-tools.html
world-itech.com,France,shop,iphone 11 pro max,aftermarket-oled,aftermarket,no,99.9,EUR,https://www.world-itech.com/gb/iphone-11-pro-max/2123-appleoriginal-oled-screen-iphone-11-pro-max-free-tool-kit.html
world-itech.com,France,shop,iphone 11 pro max,original,A,no,149.9,EUR,https://www.world-itech.com/gb/iphone-11-pro-max/4206-iphone-11-pro-max-screen-officialapplee-service-pack-tools-included.html
world-itech.com,France,shop,iphone 11 pro,unknown,aftermarket,no,14.9,EUR,https://www.world-itech.com/gb/iphone-11-pro/2393-waterproof-black-seal-double-sided-adhesive-iphone-11-pro-screen.html
world-itech.com,France,shop,iphone 11 pro,aftermarket-oled,aftermarket,no,64.9,EUR,https://www.world-itech.com/gb/iphone-11-pro/2292-iphone-11-pro-oled-compatible-screen-free-tools.html
world-itech.com,France,shop,iphone 11,aftermarket-tft,aftermarket,no,34.9,EUR,https://www.world-itech.com/gb/iphone-11/2042-screen-iphone-11-compatible-tft-free-tools.html
amdetech.gr,Greece,shop,iphone 12 pro max,original,A,no,144.97,EUR,https://www.amdetech.gr/apple-antallaktika/antallaktika-iphone/iphone-12-series-el/pulled-gnisio-antallaktiko-gia-iphone-12-pro-max-oled-display-and-touch-screen-digitizer-assembly-replacement-apple-grade-a-en-el/
world-itech.com,France,shop,iphone 11 pro,aftermarket-oled,aftermarket,no,94.9,EUR,https://www.world-itech.com/gb/iphone-11-pro/2424-appleoriginal-oled-screen-iphone-11-pro-free-tools.html
amdetech.gr,Greece,shop,iphone 13 pro max,original,A,no,179.97,EUR,https://www.amdetech.gr/apple-antallaktika/antallaktika-iphone/iphone-13-series-el/pulled-gnisio-antallaktiko-gia-iphone-13-pro-max-oled-display-and-touch-screen-digitizer-assembly-replacement-apple-grade-a-en-el/
amdetech.gr,Greece,shop,iphone 14 pro max,original,A,no,234.97,EUR,https://www.amdetech.gr/apple-antallaktika/antallaktika-iphone/iphone-14-series-el/pulled-genuine-original-iphone-14-pro-max-oled-display-and-touch-screen-digitizer-assembly-replacement-grade-a-el/
modchip.gr,Greece,shop,iphone 14,unknown,aftermarket,YES,5.5,EUR,https://modchip.gr/tilefonia/antallaktika-kiniton-iphone/antallaktika-iphone-14-pro-max/prio-3d-tempered-glass-screen-protector-for-iphone-14-13-13-pro-black/
modchip.gr,Greece,shop,iphone 12 pro max,unknown,aftermarket,YES,5.5,EUR,https://modchip.gr/tilefonia/axesouar-kiniton/memvranes-othonis-tempered-glass/prio-tempered-glass-screen-protector-gia-iphone-12-pro-max-clear/
modchip.gr,Greece,shop,iphone x,aftermarket-hard-oled,aftermarket,YES,34.5,EUR,https://modchip.gr/tilefonia/antallaktika-kiniton-iphone/antallaktika-iphone-x/othoni-gia-iphone-x-hard-oled-gx-586-gx-x-black/
modchip.gr,Greece,shop,iphone xs max,aftermarket-hard-oled,aftermarket,YES,67.9,EUR,https://modchip.gr/tilefonia/antallaktika-kiniton-iphone/antallaktika-iphone-xs-max/iphone-xs-max-othoni-hard-oled-mavri/
modchip.gr,Greece,shop,iphone xs,aftermarket-hard-oled,aftermarket,YES,72.9,EUR,https://modchip.gr/tilefonia/antallaktika-kiniton-iphone/antallaktika-iphone-xs/hard-oled-lcd-othoni-gia-iphone-xs-me-michanismo-afis-mavri/
androgeek.es,Spain,shop,iphone 16e,aftermarket-soft-oled,aftermarket,no,38.0,EUR,https://androgeek.es/pantallas/10215-pantalla-iphone-16e-iphone-17e-soft-oled-apwic-removiblelcddisplay-8581675354466.html
androgeek.es,Spain,shop,iphone 16 pro,aftermarket-incell,aftermarket,no,55.3,EUR,https://androgeek.es/pantallas/10192-pantalla-iphone-16-pro-incell-ltps-120hz-diagnostico-ok-sin-mensaje-lcddisplay-8104281180832.html
androgeek.es,Spain,shop,iphone 16 pro,aftermarket-incell,aftermarket,no,31.0,EUR,https://androgeek.es/pantallas/10181-pantalla-iphone-16-pro-incell-ltps-120hz-apw-ic-removible-lcddisplay-8969407927346.html
androgeek.es,Spain,shop,iphone 14 plus,aftermarket-incell,aftermarket,no,24.7,EUR,https://androgeek.es/pantallas/10190-pantalla-iphone-14-plus-incell-ltps-diagnostico-ok-sin-mensaje-lcddisplay-8777800253470.html
androgeek.es,Spain,shop,iphone xs max,aftermarket-hard-oled,aftermarket,no,26.4,EUR,https://androgeek.es/pantallas/10177-pantalla-iphone-xs-max-hard-oled-lcddisplay-8349411060183.html
androgeek.es,Spain,shop,iphone 11,original,A,no,21.45,EUR,https://androgeek.es/pantallas/3531-pantalla-iphone-11-100-original-remanufacturada-lcddisplay-1201319031641.html
androgeek.es,Spain,shop,iphone 14,aftermarket-soft-oled,aftermarket,no,44.6,EUR,https://androgeek.es/pantallas/8680-pantalla-iphone-14-soft-oled-diagnostico-ok-sin-mensaje-lcddisplay-tactil-6560880055797.html
androgeek.es,Spain,shop,iphone 12 pro,aftermarket-incell,aftermarket,no,17.33,EUR,https://androgeek.es/pantallas/9835-pantalla-iphone-12-iphone-12-pro-incell-ltps-apw-ic-removible-lcddisplay-4024700394425.html
firsthelptech.ie,Ireland,shop,iphone 15,unknown,aftermarket,no,6.99,EUR,https://firsthelptech.ie/products/for-apple-iphone-15-tempered-glass-screen-protector
androgeek.es,Spain,shop,iphone 15,aftermarket-incell,aftermarket,no,38.8,EUR,https://androgeek.es/pantallas/10169-pantalla-iphone-15-incell-ltps-diagnostico-ok-sin-mensaje-lcddisplay-1109426184680.html
androgeek.es,Spain,shop,iphone 14 pro max,aftermarket-incell,aftermarket,no,27.25,EUR,https://androgeek.es/pantallas/9970-pantalla-iphone-14-pro-max-incell-ltps-120hz-apw-ic-removible-lcddisplay-4911089380173.html
androgeek.es,Spain,shop,iphone 16 plus,aftermarket-soft-oled,aftermarket,no,46.0,EUR,https://androgeek.es/pantallas/9079-pantalla-iphone-16-plus-soft-oled-dd-ic-removible-lcddisplay-0728129189764.html
androgeek.es,Spain,shop,iphone 15 pro max,aftermarket-incell,aftermarket,no,28.9,EUR,https://androgeek.es/pantallas/9979-pantalla-iphone-15-pro-max-incell-ltps-120hz-apw-ic-removible-lcddisplay-8488096210961.html
mobileparts.ch,Switzerland,shop,iphone 14,unknown,aftermarket,YES,13.9,CHF,https://www.mobileparts.ch/Guardline-Panzerglas-ScreenGuard-Antireflexion-fuer-iPhone-13-13-Pro-14
firsthelptech.ie,Ireland,shop,iphone 13 pro,unknown,aftermarket,no,6.99,EUR,https://firsthelptech.ie/products/screen-protector-for-apple-iphone-13-13-pro-tempered-glass?_pos=1&_sid=b80de3fda&_ss=r
androgeek.es,Spain,shop,iphone 11 pro max,aftermarket-incell,aftermarket,no,17.3,EUR,https://androgeek.es/pantallas/9840-pantalla-iphone-11-pro-max-incell-ltps-apw-ic-removible-lcddisplay-1601159777790.html
firsthelptech.ie,Ireland,shop,iphone 14 pro,aftermarket-lcd,aftermarket,no,39.99,EUR,https://firsthelptech.ie/products/for-apple-iphone-14-pro-lcd-screen-replacement-jh-fhd-black?_pos=2&_sid=b80de3fda&_ss=r
firsthelptech.ie,Ireland,shop,iphone 15 pro,unknown,aftermarket,no,6.99,EUR,https://firsthelptech.ie/products/for-apple-iphone-15-pro-tempered-glass-screen-protector?_pos=4&_sid=b80de3fda&_ss=r
firsthelptech.ie,Ireland,shop,iphone 15,unknown,aftermarket,no,6.99,EUR,https://firsthelptech.ie/products/for-apple-iphone-15-tempered-glass-screen-protector?_pos=3&_sid=b80de3fda&_ss=r
firsthelptech.ie,Ireland,shop,iphone 14 pro max,aftermarket-lcd,aftermarket,no,52.99,EUR,https://firsthelptech.ie/products/for-apple-iphone-14-pro-max-lcd-screen-replacement-jh-fhd-black?_pos=9&_sid=b80de3fda&_ss=r
firsthelptech.ie,Ireland,shop,iphone 14,unknown,aftermarket,no,6.99,EUR,https://firsthelptech.ie/products/for-apple-iphone-14-tempered-glass-screen-protector?_pos=6&_sid=b80de3fda&_ss=r
firsthelptech.ie,Ireland,shop,iphone 11,aftermarket-lcd,aftermarket,no,24.99,EUR,https://firsthelptech.ie/products/apple-iphone-11-lcd-screen-replacement-black?_pos=11&_sid=b80de3fda&_ss=r
firsthelptech.ie,Ireland,shop,iphone 12,unknown,aftermarket,no,6.99,EUR,https://firsthelptech.ie/products/apple-iphone-12-tempered-glass-screen-protector?_pos=12&_sid=b80de3fda&_ss=r
firsthelptech.ie,Ireland,shop,iphone 16,unknown,aftermarket,no,6.99,EUR,https://firsthelptech.ie/products/for-apple-iphone-16-tempered-glass-screen-protector?_pos=15&_sid=b80de3fda&_ss=r
firsthelptech.ie,Ireland,shop,iphone 13 pro max,unknown,aftermarket,no,6.99,EUR,https://firsthelptech.ie/products/screen-protector-for-apple-iphone-13-pro-max-tempered-glass?_pos=14&_sid=b80de3fda&_ss=r
firsthelptech.ie,Ireland,shop,iphone 16,aftermarket-lcd,aftermarket,no,74.99,EUR,https://firsthelptech.ie/products/for-apple-iphone-16-lcd-screen-replacement-jh-fhd-black?_pos=19&_sid=b80de3fda&_ss=r
firsthelptech.ie,Ireland,shop,iphone 15,aftermarket-lcd,aftermarket,no,44.99,EUR,https://firsthelptech.ie/products/for-apple-iphone-15-lcd-screen-replacement-jh-fhd-black?_pos=21&_sid=b80de3fda&_ss=r
firsthelptech.ie,Ireland,shop,iphone 15 pro,aftermarket-lcd,aftermarket,no,54.99,EUR,https://firsthelptech.ie/products/for-apple-iphone-15-pro-lcd-screen-replacement-jh-fhd-black?_pos=22&_sid=b80de3fda&_ss=r
firsthelptech.ie,Ireland,shop,iphone 13 pro,unknown,aftermarket,no,6.99,EUR,https://firsthelptech.ie/products/screen-protector-for-apple-iphone-13-13-pro-tempered-glass
firsthelptech.ie,Ireland,shop,iphone 12,unknown,aftermarket,no,6.99,EUR,https://firsthelptech.ie/products/apple-iphone-12-tempered-glass-screen-protector
firsthelptech.ie,Ireland,shop,iphone 15 pro,unknown,aftermarket,no,6.99,EUR,https://firsthelptech.ie/products/for-apple-iphone-15-pro-tempered-glass-screen-protector
firsthelptech.ie,Ireland,shop,iphone 16e,unknown,aftermarket,no,6.99,EUR,https://firsthelptech.ie/products/for-apple-iphone-16e-tempered-glass-screen-protector
firsthelptech.ie,Ireland,shop,iphone 12 pro max,unknown,aftermarket,no,6.99,EUR,https://firsthelptech.ie/products/apple-iphone-12-pro-max-tempered-glass-screen-protector
firsthelptech.ie,Ireland,shop,iphone 12 pro,unknown,aftermarket,no,6.99,EUR,https://firsthelptech.ie/products/apple-iphone-12-pro-tempered-glass-screen-protector
mobilebitz.co.uk,UK,shop,iphone 13 pro max,unknown,aftermarket,no,100.0,GBP,https://www.mobilebitz.co.uk/products/iphone-13-pro-max-screen-replacement?_pos=17&_sid=f8f3cd332&_ss=r
mobilebitz.co.uk,UK,shop,iphone 15,unknown,aftermarket,no,199.0,GBP,https://www.mobilebitz.co.uk/products/iphone-15-screen-replacement?_pos=18&_sid=f8f3cd332&_ss=r
mobilebitz.co.uk,UK,shop,iphone xs max,unknown,aftermarket,no,99.0,GBP,https://www.mobilebitz.co.uk/products/iphone-xs-max-screen-replacement?_pos=14&_sid=f8f3cd332&_ss=r
firsthelptech.ie,Ireland,shop,iphone 13 mini,unknown,aftermarket,no,6.99,EUR,https://firsthelptech.ie/products/screen-protector-for-apple-iphone-13-mini-tempered-glass
firsthelptech.ie,Ireland,shop,iphone 12 pro,unknown,aftermarket,no,9.99,EUR,https://firsthelptech.ie/products/privacy-anti-spy-screen-protector-for-apple-iphone-12-12-pro-tempered-glass
italiatech.it,Italy,shop,iphone 13,aftermarket-incell,aftermarket,no,18.5,EUR,https://www.italiatech.it/display-lcd-zy-incell-cof-per-apple-iphone-13-touch-screen-schermo-frame-ic-intercambiabile-.1.1.957.gp.93276.uw
italiatech.it,Italy,shop,iphone xs max,aftermarket-incell,aftermarket,no,18.35,EUR,https://www.italiatech.it/display-lcd-zy-fhd-incell-cof-per-apple-iphone-xs-max-touch-screen-vetro-schermo-frame-nero.1.1.957.gp.96314.uw
italiatech.it,Italy,shop,iphone 14 pro max,aftermarket-incell,aftermarket,no,26.95,EUR,https://www.italiatech.it/display-lcd-zy-cof-fhd-incell-per-apple-iphone-14-pro-max-touch-screen-vetro-schermo-frame-nero-ic-intercambiabile-.1.1.957.gp.93509.uw
italiatech.it,Italy,shop,iphone 11 pro,aftermarket-incell,aftermarket,no,17.65,EUR,https://www.italiatech.it/display-lcd-zy-fhd-incell-per-apple-iphone-11-pro-touch-screen-vetro-schermo-frame-ic-intercambiabile-.1.1.957.gp.93273.uw
firsthelptech.ie,Ireland,shop,iphone 14 pro,unknown,aftermarket,no,6.99,EUR,https://firsthelptech.ie/products/for-apple-iphone-14-pro-tempered-glass-screen-protector
italiatech.it,Italy,shop,iphone xr,aftermarket-incell,aftermarket,no,16.2,EUR,https://www.italiatech.it/display-lcd-zy-fhd-incell-per-apple-iphone-xr-touch-screen-vetro-schermo-frame.1.1.957.gp.93278.uw
italiatech.it,Italy,shop,iphone 15 pro,aftermarket-incell,aftermarket,no,21.85,EUR,https://www.italiatech.it/display-lcd-zy-cof-fhd-incell-per-apple-iphone-15-pro-touch-screen-vetro-schermo-frame-nero-ic-intercambiabile-.1.1.957.gp.94218.uw
italiatech.it,Italy,shop,iphone 12 pro,aftermarket-incell,aftermarket,no,19.05,EUR,https://www.italiatech.it/display-lcd-zy-incell-cof-per-apple-iphone-12-12-pro-touch-screen-schermo-frame-ic-intercambiabile-.1.1.957.gp.89616.uw
italiatech.it,Italy,shop,iphone 14 plus,aftermarket-soft-oled,aftermarket,no,48.55,EUR,https://www.italiatech.it/display-lcd-dd-soft-oled-per-apple-iphone-14-plus-touch-screen-vetro-schermo-frame-nero-ic-intercambiabile-.1.1.957.gp.103959.uw
italiatech.it,Italy,shop,iphone 13 mini,aftermarket-hard-oled,aftermarket,no,66.35,EUR,https://www.italiatech.it/display-lcd-dd-hard-oled-cof-per-apple-iphone-13-mini-touch-screen-vetro-schermo-frame-nero-big-notch-.1.1.957.gp.94149.uw
italiatech.it,Italy,shop,iphone 13 pro,aftermarket-soft-oled,aftermarket,no,50.0,EUR,https://www.italiatech.it/display-lcd-dd-soft-oled-per-apple-iphone-13-pro-touch-screen-vetro-schermo-frame-nero-ic-intercambiabile-.1.1.957.gp.103253.uw
italiatech.it,Italy,shop,iphone 13,aftermarket-soft-oled,aftermarket,no,43.7,EUR,https://www.italiatech.it/display-lcd-dd-soft-oled-per-apple-iphone-13-touch-screen-vetro-schermo-frame-nero-ic-intercambiabile-.1.1.957.gp.103252.uw
mobileparts.ch,Switzerland,shop,iphone 16 pro max,unknown,aftermarket,YES,11.9,CHF,https://www.mobileparts.ch/Guardline-Panzerglas-ScreenGuard-fuer-iPhone-16-Pro-Max
italiatech.it,Italy,shop,iphone 16 pro,aftermarket-hard-oled,aftermarket,no,56.65,EUR,https://www.italiatech.it/display-lcd-dd-hard-oled-per-apple-iphone-16-pro-touch-screen-vetro-schermo-frame-nero.1.1.957.gp.103388.uw
italiatech.it,Italy,shop,iphone 14,aftermarket-soft-oled,aftermarket,no,43.7,EUR,https://www.italiatech.it/display-lcd-dd-soft-oled-per-apple-iphone-14-touch-screen-vetro-schermo-frame-nero-ic-intercambiabile-.1.1.957.gp.103255.uw
italiatech.it,Italy,shop,iphone 15 pro,aftermarket-soft-oled,aftermarket,no,52.1,EUR,https://www.italiatech.it/display-lcd-dd-soft-oled-per-apple-iphone-15-pro-touch-screen-vetro-schermo-frame-nero-ic-intercambiabile-.1.1.957.gp.103017.uw
italiatech.it,Italy,shop,iphone 15 plus,aftermarket-soft-oled,aftermarket,no,65.8,EUR,https://www.italiatech.it/display-lcd-dd-soft-oled-per-apple-iphone-15-plus-touch-screen-vetro-schermo-frame-nero-ic-intercambiabile-.1.1.957.gp.103961.uw
italiatech.it,Italy,shop,iphone 14 pro max,aftermarket-soft-oled,aftermarket,no,48.3,EUR,https://www.italiatech.it/display-lcd-dd-soft-oled-per-apple-iphone-14-pro-max-touch-screen-vetro-schermo-frame-nero-ic-intercambiabile-.1.1.957.gp.103257.uw
italiatech.it,Italy,shop,iphone 15,aftermarket-soft-oled,aftermarket,no,66.25,EUR,https://www.italiatech.it/display-lcd-dd-soft-oled-per-apple-iphone-15-touch-screen-vetro-schermo-frame-nero-ic-intercambiabile-.1.1.957.gp.103258.uw
screenshelf.ie,Ireland,shop,iphone 11 pro max,unknown,aftermarket,no,24.95,EUR,https://screenshelf.ie/products/iphone-11-pro-max-lcd-screen?_pos=19&_sid=0c5b39674&_ss=r
italiatech.it,Italy,shop,iphone 16,aftermarket-soft-oled,aftermarket,no,49.35,EUR,https://www.italiatech.it/display-lcd-dd-soft-oled-per-apple-iphone-16-touch-screen-vetro-schermo-frame-nero-ic-intercambiabile-.1.1.957.gp.103260.uw
italiatech.it,Italy,shop,iphone 15 pro max,aftermarket-soft-oled,aftermarket,no,58.7,EUR,https://www.italiatech.it/display-lcd-dd-soft-oled-per-apple-iphone-15-pro-max-touch-screen-vetro-schermo-frame-nero-ic-intercambiabile-.1.1.957.gp.103259.uw
screenshelf.ie,Ireland,shop,iphone 15,aftermarket-soft-oled,aftermarket,no,62.95,EUR,https://screenshelf.ie/products/iphone-15-screen-replacement-soft-oled?_pos=2&_sid=0c5b39674&_ss=r
mobileparts.ch,Switzerland,shop,iphone 16e,unknown,aftermarket,YES,13.9,CHF,https://www.mobileparts.ch/Guardline-Panzerglas-ScreenGuard-Antireflexion-fuer-iPhone-16e
doctortel.pl,Poland,shop,iphone 15 pro max,unknown,aftermarket,no,322.76,PLN,https://www.doctortel.pl/
screenshelf.ie,Ireland,shop,iphone 11,unknown,aftermarket,no,22.95,EUR,https://screenshelf.ie/products/iphone-11-lcd?_pos=1&_sid=0c5b39674&_ss=r
screenshelf.ie,Ireland,shop,iphone 14,unknown,aftermarket,no,29.95,EUR,https://screenshelf.ie/products/iphone-14-replacement-screen?_pos=3&_sid=0c5b39674&_ss=r
italiatech.it,Italy,shop,iphone 12 pro max,aftermarket-incell,aftermarket,no,29.05,EUR,https://www.italiatech.it/display-lcd-jk-fhd-incell-cof-per-apple-iphone-12-pro-max-touch-screen-vetro-schermo-frame-nero-ic-intercambiabile-.1.1.957.gp.103391.uw
screenshelf.ie,Ireland,shop,iphone 15,unknown,aftermarket,no,36.95,EUR,https://screenshelf.ie/products/iphone-15-screen-replacement?_pos=4&_sid=0c5b39674&_ss=r
italiatech.it,Italy,shop,iphone 11 pro,aftermarket-incell,aftermarket,no,24.7,EUR,https://www.italiatech.it/display-lcd-jk-fhd-incell-cof-per-apple-iphone-11-pro-touch-screen-vetro-schermo-frame-nero-ic-intercambiabile-.1.1.957.gp.81109.uw
screenshelf.ie,Ireland,shop,iphone 12 pro,aftermarket-lcd,aftermarket,no,23.95,EUR,https://screenshelf.ie/products/iphone-12-12-pro-lcd-screen?_pos=11&_sid=0c5b39674&_ss=r
screenshelf.ie,Ireland,shop,iphone 14 pro max,aftermarket-soft-oled,aftermarket,no,79.95,EUR,https://screenshelf.ie/products/iphone-14-pro-max-screen-replacement-diagnosable-soft-oled?_pos=5&_sid=0c5b39674&_ss=r
screenshelf.ie,Ireland,shop,iphone 13 pro,unknown,aftermarket,no,36.95,EUR,https://screenshelf.ie/products/iphone-13-pro-screen-replacement?_pos=10&_sid=0c5b39674&_ss=r
screenshelf.ie,Ireland,shop,iphone 12 pro,aftermarket-soft-oled,aftermarket,no,54.95,EUR,https://screenshelf.ie/products/iphone-12-12-pro-lcd-screen-assembly-soft-oled?_pos=8&_sid=0c5b39674&_ss=r
screenshelf.ie,Ireland,shop,iphone 13,unknown,aftermarket,no,26.95,EUR,https://screenshelf.ie/products/iphone-13-lcd-screen-replacement?_pos=6&_sid=0c5b39674&_ss=r
screenshelf.ie,Ireland,shop,iphone x,aftermarket-lcd,aftermarket,no,23.95,EUR,https://screenshelf.ie/products/iphone-x-oled-lcd-black?_pos=9&_sid=0c5b39674&_ss=r
screenshelf.ie,Ireland,shop,iphone 13,aftermarket-soft-oled,aftermarket,no,49.95,EUR,https://screenshelf.ie/products/iphone-13-screen-replacement-soft-oled?_pos=14&_sid=0c5b39674&_ss=r
screenshelf.ie,Ireland,shop,iphone 14 pro max,unknown,aftermarket,no,47.95,EUR,https://screenshelf.ie/products/iphone-14-pro-max-screen-replacement?_pos=18&_sid=0c5b39674&_ss=r
screenshelf.ie,Ireland,shop,iphone 14 pro,aftermarket-soft-oled,aftermarket,no,69.95,EUR,https://screenshelf.ie/products/iphone-14-pro-screen-replacement-soft-oled?_pos=13&_sid=0c5b39674&_ss=r
screenshelf.ie,Ireland,shop,iphone 14,aftermarket-soft-oled,aftermarket,no,59.95,EUR,https://screenshelf.ie/products/iphone-14-screen-replacement-soft-oled?_pos=16&_sid=0c5b39674&_ss=r
screenshelf.ie,Ireland,shop,iphone 16 pro max,aftermarket-soft-oled,aftermarket,no,117.95,EUR,https://screenshelf.ie/collections/apple-lcd-screens/products/iphone-16-pro-max-screen-replacement-diagnosable-soft-oled
screenshelf.ie,Ireland,shop,iphone xs max,aftermarket-lcd,aftermarket,no,23.95,EUR,https://screenshelf.ie/products/iphone-xs-max-lcd?_pos=21&_sid=0c5b39674&_ss=r
phonepartner.fr,France,shop,iphone x,aftermarket-hard-oled,aftermarket,no,31.0,EUR,https://phonepartner.fr/iphone-x/19-ecran-hard-oled-iphone-x.html
screenshelf.ie,Ireland,shop,iphone 16 pro,aftermarket-incell,aftermarket,no,49.95,EUR,https://screenshelf.ie/collections/apple-lcd-screens/products/iphone-16-pro-screen-replacement-incell-diagnosable
screenshelf.ie,Ireland,shop,iphone 16,aftermarket-soft-oled,aftermarket,no,109.95,EUR,https://screenshelf.ie/collections/apple-lcd-screens/products/iphone-16-screen-replacement-diagnosable-soft-oled
screenshelf.ie,Ireland,shop,iphone 16,aftermarket-soft-oled,aftermarket,no,69.95,EUR,https://screenshelf.ie/collections/apple-lcd-screens/products/iphone-16-screen-replacement-soft-oled-120hz
screenshelf.ie,Ireland,shop,iphone 16 pro max,unknown,aftermarket,no,79.95,EUR,https://screenshelf.ie/collections/apple-lcd-screens/products/iphone-16-pro-max-screen-replacement-premium
screenshelf.ie,Ireland,shop,iphone 16 pro,unknown,aftermarket,no,69.95,EUR,https://screenshelf.ie/collections/apple-lcd-screens/products/iphone-16-pro-screen-replacement-premium
screenshelf.ie,Ireland,shop,iphone 16 plus,aftermarket-soft-oled,aftermarket,no,72.95,EUR,https://screenshelf.ie/collections/apple-lcd-screens/products/iphone-16-plus-screen-replacement-soft-oled-120hz
screenshelf.ie,Ireland,shop,iphone 16e,unknown,aftermarket,no,32.95,EUR,https://screenshelf.ie/collections/apple-lcd-screens/products/iphone-16e-screen-replacement-premium
screenshelf.ie,Ireland,shop,iphone 15 pro max,aftermarket-soft-oled,aftermarket,no,64.95,EUR,https://screenshelf.ie/collections/apple-lcd-screens/products/iphone-15-pro-max-screen-replacement-soft-oled
screenshelf.ie,Ireland,shop,iphone 16,unknown,aftermarket,no,42.95,EUR,https://screenshelf.ie/collections/apple-lcd-screens/products/iphone-16-screen-replacement-premium
screenshelf.ie,Ireland,shop,iphone 15 pro max,aftermarket-soft-oled,aftermarket,no,99.95,EUR,https://screenshelf.ie/collections/apple-lcd-screens/products/iphone-15-pro-max-screen-replacement-diagnosable-soft-oled
screenshelf.ie,Ireland,shop,iphone 16e,aftermarket-soft-oled,aftermarket,no,79.95,EUR,https://screenshelf.ie/collections/apple-lcd-screens/products/iphone-16e-screen-replacement-diagnosable-soft-oled
screenshelf.ie,Ireland,shop,iphone 15 pro,unknown,aftermarket,no,36.95,EUR,https://screenshelf.ie/collections/apple-lcd-screens/products/iphone-15-pro-screen-replacement
onstoreitalia.it,Italy,shop,iphone 14,aftermarket-lcd,aftermarket,no,34.42,EUR,https://onstoreitalia.it/products/copia-del-display-lcd-per-iphone-14-incell-premium-quality?_pos=1&_sid=14b4429a4&_ss=r
onstoreitalia.it,Italy,shop,iphone 15 pro max,aftermarket-lcd,aftermarket,no,78.91,EUR,https://onstoreitalia.it/products/display-lcd-per-iphone-15-pro-max-compatibile-premium-quality?_pos=2&_sid=14b4429a4&_ss=r
onstoreitalia.it,Italy,shop,iphone 13 mini,aftermarket-lcd,aftermarket,no,44.29,EUR,https://onstoreitalia.it/products/display-lcd-iphone-13-mini-compatibile?_pos=8&_sid=14b4429a4&_ss=r
onstoreitalia.it,Italy,shop,iphone 14 pro,aftermarket-lcd,aftermarket,no,48.51,EUR,https://onstoreitalia.it/products/display-lcd-per-iphone-14-pro-compatibile-premium-quality?_pos=11&_sid=14b4429a4&_ss=r
onstoreitalia.it,Italy,shop,iphone 13,aftermarket-hard-oled,aftermarket,no,63.41,EUR,https://onstoreitalia.it/products/display-lcd-per-iphone-13-hard-oled?_pos=9&_sid=14b4429a4&_ss=r
onstoreitalia.it,Italy,shop,iphone 11,aftermarket-lcd,aftermarket,no,21.94,EUR,https://onstoreitalia.it/products/display-iphone-11-compatibile?_pos=12&_sid=14b4429a4&_ss=r
onstoreitalia.it,Italy,shop,iphone xs,aftermarket-lcd,aftermarket,no,27.0,EUR,https://onstoreitalia.it/products/display-iphone-xs-oem?_pos=7&_sid=14b4429a4&_ss=r
onstoreitalia.it,Italy,shop,iphone xs max,aftermarket-lcd,aftermarket,no,24.16,EUR,https://onstoreitalia.it/products/display-iphone-xs-max-compatibile?_pos=14&_sid=14b4429a4&_ss=r
onstoreitalia.it,Italy,shop,iphone 13 pro,aftermarket-hard-oled,aftermarket,no,96.62,EUR,https://onstoreitalia.it/products/display-lcd-per-iphone-13-pro-hard-oled?_pos=13&_sid=14b4429a4&_ss=r
onstoreitalia.it,Italy,shop,iphone 13 pro,aftermarket-lcd,aftermarket,no,40.06,EUR,https://onstoreitalia.it/products/display-lcd-per-iphone-13-pro-incell-premium-quality?_pos=10&_sid=14b4429a4&_ss=r
onstoreitalia.it,Italy,shop,iphone 12 pro max,aftermarket-lcd,aftermarket,no,37.64,EUR,https://onstoreitalia.it/products/display-iphone-12-pro-max-compatibile?_pos=17&_sid=14b4429a4&_ss=r
onstoreitalia.it,Italy,shop,iphone x,aftermarket-lcd,aftermarket,no,21.94,EUR,https://onstoreitalia.it/products/display-iphone-x-compatibile?_pos=15&_sid=14b4429a4&_ss=r
onstoreitalia.it,Italy,shop,iphone 12 pro,aftermarket-lcd,aftermarket,no,27.78,EUR,https://onstoreitalia.it/products/display-iphone-12-12-pro-compatibile?_pos=20&_sid=14b4429a4&_ss=r
onstoreitalia.it,Italy,shop,iphone xr,aftermarket-lcd,aftermarket,no,19.53,EUR,https://onstoreitalia.it/products/display-iphone-xr-compatibile?_pos=21&_sid=14b4429a4&_ss=r
onstoreitalia.it,Italy,shop,iphone 13,aftermarket-lcd,aftermarket,no,32.01,EUR,https://onstoreitalia.it/products/display-lcd-iphone-13-compatibile?_pos=16&_sid=14b4429a4&_ss=r
startdistribuzione.it,Italy,shop,iphone 16 pro,unknown,aftermarket,no,4.0,EUR,https://www.startdistribuzione.it/vetri-temperati/economici-9h/apple/vetro-temperato-og-full-screen-per-iphone-16-pro-17-bordo-nero.1.11.2046.gp.12780.uw
onstoreitalia.it,Italy,shop,iphone xr,aftermarket-lcd,aftermarket,no,24.0,EUR,https://onstoreitalia.it/products/display-iphone-xr-oem?_pos=24&_sid=14b4429a4&_ss=r
startdistribuzione.it,Italy,shop,iphone 13 pro,aftermarket-soft-oled,aftermarket,no,22.9,EUR,https://www.startdistribuzione.it/ricambi-telefonia/apple-ricerca-ad-albero/display-lcd-e-touch/iphone/ricambi-telefonia/apple-ricerca-ad-albero/display-lcd-e-touch/iphone/iphone-13-pro-gx-soft-oled-display-lcd-apple-compatibile-con-alloggiamenti.1.11.3536.gp.12810.uw
startdistribuzione.it,Italy,shop,iphone 16 pro max,unknown,aftermarket,no,4.0,EUR,https://www.startdistribuzione.it/vetri-temperati/economici-9h/apple/vetro-temperato-og-full-screen-per-iphone-16-pro-max-bordo-nero.1.11.2046.gp.12777.uw
startdistribuzione.it,Italy,shop,iphone 12 pro max,aftermarket-incell,aftermarket,no,25.0,EUR,https://www.startdistribuzione.it/ricambi-telefonia/apple-ricerca-ad-albero/display-lcd-e-touch/iphone/ricambi-telefonia/apple-ricerca-ad-albero/display-lcd-e-touch/iphone/iphone-12-pro-max-la-display-lcd-incell-apple-compatibile-con-alloggiamenti.1.11.3536.gp.12746.uw
startdistribuzione.it,Italy,shop,iphone 15 pro max,aftermarket-incell,aftermarket,no,29.5,EUR,https://www.startdistribuzione.it/ricambi-telefonia/apple-ricerca-ad-albero/display-lcd-e-touch/iphone/ricambi-telefonia/apple-ricerca-ad-albero/display-lcd-e-touch/iphone/iphone-15-pro-max-incell-display-lcd-apple-compatibile.1.11.3536.gp.12758.uw
startdistribuzione.it,Italy,shop,iphone 13,aftermarket-incell,aftermarket,no,22.9,EUR,https://www.startdistribuzione.it/ricambi-telefonia/apple-ricerca-ad-albero/display-lcd-e-touch/iphone/ricambi-telefonia/apple-ricerca-ad-albero/display-lcd-e-touch/iphone/iphone-13-gx-incell-cof-display-lcd-apple-compatibile-con-alloggiamenti.1.11.3536.gp.12809.uw
deltamobile.lv,Latvia,shop,iphone 13 pro max,aftermarket-incell,aftermarket,no,29.9,EUR,https://deltamobile.lv/product/apple-iphone-13-pro-max-lcd-incell-v/
startdistribuzione.it,Italy,shop,iphone 16 pro,aftermarket-incell,aftermarket,no,47.001,EUR,https://www.startdistribuzione.it/ricambi-telefonia/apple-ricerca-ad-albero/display-lcd-e-touch/iphone/ricambi-telefonia/apple-ricerca-ad-albero/display-lcd-e-touch/iphone/iphone-16-pro-gx-cof-display-lcd-incell-apple-compatibile-con-alloggiamenti-120hz.1.11.3536.gp.12761.uw
repuestosparatumovil.es,Spain,shop,iphone 15,aftermarket-incell,aftermarket,no,15.0,EUR,https://repuestosparatumovil.es/p15-pantalla-incell-tft-fhd-para-iphone-15
startdistribuzione.it,Italy,shop,iphone 13,aftermarket-soft-oled,aftermarket,no,57.0,EUR,https://www.startdistribuzione.it/ricambi-telefonia/apple-ricerca-ad-albero/display-lcd-e-touch/iphone/ricambi-telefonia/apple-ricerca-ad-albero/display-lcd-e-touch/iphone/iphone-13-gx-display-lcd-apple-soft-oled-120hz.1.11.3536.gp.12749.uw
startdistribuzione.it,Italy,shop,iphone 15 pro,aftermarket-incell,aftermarket,no,38.001,EUR,https://www.startdistribuzione.it/ricambi-telefonia/apple-ricerca-ad-albero/display-lcd-e-touch/iphone/ricambi-telefonia/apple-ricerca-ad-albero/display-lcd-e-touch/iphone/iphone-15-pro-gx-incell-cof-display-lcd-apple-compatibile-con-alloggiamenti-120hz.1.11.3536.gp.12757.uw
startdistribuzione.it,Italy,shop,iphone 13,aftermarket-incell,aftermarket,no,22.0,EUR,https://www.startdistribuzione.it/ricambi-telefonia/apple-ricerca-ad-albero/display-lcd-e-touch/iphone/ricambi-telefonia/apple-ricerca-ad-albero/display-lcd-e-touch/iphone/iphone-13-incell-display-lcd-apple-compatibile-con-alloggiamenti.1.11.3536.gp.12748.uw
startdistribuzione.it,Italy,shop,iphone 16e,aftermarket-soft-oled,aftermarket,no,63.0,EUR,https://www.startdistribuzione.it/ricambi-telefonia/apple-ricerca-ad-albero/display-lcd-e-touch/iphone/ricambi-telefonia/apple-ricerca-ad-albero/display-lcd-e-touch/iphone/iphone-16e-17e-gx-display-lcd-apple-soft-oled.1.11.3536.gp.12732.uw
startdistribuzione.it,Italy,shop,iphone 16 pro max,aftermarket-soft-oled,aftermarket,no,69.0,EUR,https://www.startdistribuzione.it/ricambi-telefonia/apple-ricerca-ad-albero/display-lcd-e-touch/iphone/ricambi-telefonia/apple-ricerca-ad-albero/display-lcd-e-touch/iphone/iphone-16-pro-max-gx-display-lcd-apple-soft-oled-120hz.1.11.3536.gp.12731.uw
startdistribuzione.it,Italy,shop,iphone 12 pro max,aftermarket-soft-oled,aftermarket,no,57.0,EUR,https://www.startdistribuzione.it/ricambi-telefonia/apple-ricerca-ad-albero/display-lcd-e-touch/iphone/ricambi-telefonia/apple-ricerca-ad-albero/display-lcd-e-touch/iphone/iphone-12-pro-max-gx-display-lcd-apple-soft-oled.1.11.3536.gp.12747.uw
startdistribuzione.it,Italy,shop,iphone 11 pro max,aftermarket-incell,aftermarket,no,17.49,EUR,https://www.startdistribuzione.it/ricambi-telefonia/apple-ricerca-ad-albero/display-lcd-e-touch/iphone/ricambi-telefonia/apple-ricerca-ad-albero/display-lcd-e-touch/iphone/iphone-11-pro-max-imisu-hd-display-lcd-incell-con-metal-plate-ic-intercambiabile.1.11.3536.gp.12255.uw
startdistribuzione.it,Italy,shop,iphone 16,aftermarket-soft-oled,aftermarket,no,53.0,EUR,https://www.startdistribuzione.it/ricambi-telefonia/apple-ricerca-ad-albero/display-lcd-e-touch/iphone/ricambi-telefonia/apple-ricerca-ad-albero/display-lcd-e-touch/iphone/iphone-16-soft-oled-display-lcd-apple-compatibile-con-alloggiamenti.1.11.3536.gp.12503.uw
startdistribuzione.it,Italy,shop,iphone 13,aftermarket-incell,aftermarket,no,18.62,EUR,https://www.startdistribuzione.it/ricambi-telefonia/apple-ricerca-ad-albero/display-lcd-e-touch/iphone/ricambi-telefonia/apple-ricerca-ad-albero/display-lcd-e-touch/iphone/iphone-13-imisu-hd-display-lcd-incell-con-metal-plate-ic-intercambiabile.1.11.3536.gp.12259.uw
startdistribuzione.it,Italy,shop,iphone 16 pro,aftermarket-soft-oled,aftermarket,no,86.0,EUR,https://www.startdistribuzione.it/ricambi-telefonia/apple-ricerca-ad-albero/display-lcd-e-touch/iphone/ricambi-telefonia/apple-ricerca-ad-albero/display-lcd-e-touch/iphone/iphone-16-pro-gx-display-lcd-apple-soft-oled-120hz.1.11.3536.gp.12730.uw
startdistribuzione.it,Italy,shop,iphone 15 pro,aftermarket-soft-oled,aftermarket,no,65.0,EUR,https://www.startdistribuzione.it/ricambi-telefonia/apple-ricerca-ad-albero/display-lcd-e-touch/iphone/ricambi-telefonia/apple-ricerca-ad-albero/display-lcd-e-touch/iphone/iphone-15-pro-gx-display-lcd-apple-soft-oled-120hz.1.11.3536.gp.12734.uw
startdistribuzione.it,Italy,shop,iphone 14 pro,aftermarket-incell,aftermarket,no,22.0,EUR,https://www.startdistribuzione.it/ricambi-telefonia/apple-ricerca-ad-albero/display-lcd-e-touch/iphone/ricambi-telefonia/apple-ricerca-ad-albero/display-lcd-e-touch/iphone/iphone-14-pro-imisu-hd-display-lcd-incell-con-metal-plate-ic-intercambiabile.1.11.3536.gp.12265.uw
startdistribuzione.it,Italy,shop,iphone 15 pro,aftermarket-incell,aftermarket,no,34.0,EUR,https://www.startdistribuzione.it/ricambi-telefonia/apple-ricerca-ad-albero/display-lcd-e-touch/iphone/ricambi-telefonia/apple-ricerca-ad-albero/display-lcd-e-touch/iphone/iphone-15-pro-imisu-hd-display-lcd-incell-con-metal-plate-ic-intercambiabile.1.11.3536.gp.12269.uw
mobpartstore.lv,Latvia,shop,iphone 12 pro,aftermarket-oled,aftermarket,no,80.4,EUR,https://www.mobpartstore.lv/apple-iphone-telefonu-displeji//131926-apple-iphone-12-12-pro-ekrans-premium-oled.html
startdistribuzione.it,Italy,shop,iphone 15 plus,aftermarket-incell,aftermarket,no,31.5,EUR,https://www.startdistribuzione.it/ricambi-telefonia/apple-ricerca-ad-albero/display-lcd-e-touch/iphone/ricambi-telefonia/apple-ricerca-ad-albero/display-lcd-e-touch/iphone/iphone-15-plus-imisu-hd-display-lcd-incell-con-metal-plate.1.11.3536.gp.12268.uw
startdistribuzione.it,Italy,shop,iphone 15,aftermarket-incell,aftermarket,no,21.0,EUR,https://www.startdistribuzione.it/ricambi-telefonia/apple-ricerca-ad-albero/display-lcd-e-touch/iphone/ricambi-telefonia/apple-ricerca-ad-albero/display-lcd-e-touch/iphone/iphone-15-imisu-hd-display-lcd-incell-con-metal-plate-ic-intercambiabile.1.11.3536.gp.12267.uw
mobpartstore.lv,Latvia,shop,iphone 12 pro,aftermarket-oled,aftermarket,no,55.4,EUR,https://www.mobpartstore.lv/apple-iphone-telefonu-displeji//131925-apple-iphone-12-12-pro-ekrans-oled.html
mobpartstore.lv,Latvia,shop,iphone 13,aftermarket-oled,aftermarket,no,73.4,EUR,https://www.mobpartstore.lv/apple-iphone-telefonu-displeji//142734-apple-iphone-13-ekrans-premium-oled.html
mobpartstore.lv,Latvia,shop,iphone 12 mini,aftermarket-oled,aftermarket,no,67.3,EUR,https://www.mobpartstore.lv/apple-iphone-telefonu-displeji//131920-apple-iphone-12-mini-ekrans-oled.html
iphoneweb.es,Spain,shop,iphone 16,unknown,aftermarket,no,27.99,EUR,https://iphoneweb.es/products/pantalla-iphone-16
mobpartstore.lv,Latvia,shop,iphone 13,aftermarket-oled,aftermarket,no,59.9,EUR,https://www.mobpartstore.lv/apple-iphone-telefonu-displeji//145699-apple-iphone-13-ekrans-oled.html
mobpartstore.lv,Latvia,shop,iphone xs max,aftermarket-oled,aftermarket,no,75.7,EUR,https://www.mobpartstore.lv/apple-iphone-telefonu-displeji//117024-apple-iphone-xs-max-ekrans-oled.html
mobpartstore.lv,Latvia,shop,iphone 13 pro max,aftermarket-oled,aftermarket,no,87.2,EUR,https://www.mobpartstore.lv/apple-iphone-telefonu-displeji//145697-apple-iphone-13-pro-max-ekrans-120-hz-premium-oled.html
mobpartstore.lv,Latvia,shop,iphone 14 plus,aftermarket-oled,aftermarket,no,86.9,EUR,https://www.mobpartstore.lv/apple-iphone-telefonu-displeji//140041-apple-iphone-14-plus-ekrans-oled.html
mobpartstore.lv,Latvia,shop,iphone 13 pro max,aftermarket-oled,aftermarket,no,83.7,EUR,https://www.mobpartstore.lv/apple-iphone-telefonu-displeji//147626-apple-iphone-13-pro-max-ekrans-oled.html
mobpartstore.lv,Latvia,shop,iphone 11 pro,aftermarket-oled,aftermarket,no,74.5,EUR,https://www.mobpartstore.lv/apple-iphone-telefonu-displeji//117057-apple-iphone-11-pro-ekrans-oled.html
riparafast.it,Italy,shop,iphone 12,aftermarket-lcd,aftermarket,no,46.72,EUR,https://www.riparafast.it/ricerca?tag=LCD+TOUCH+IPHONE+12
riparafast.it,Italy,shop,iphone 12,unknown,aftermarket,no,46.72,EUR,https://www.riparafast.it/ricerca?tag=DISPLAY+IPHONE+12
riparafast.it,Italy,shop,iphone 12 pro,unknown,aftermarket,no,46.72,EUR,https://www.riparafast.it/ricerca?tag=DISPLAY+IPHONE+12+PRO
riparafast.it,Italy,shop,iphone 14 plus,aftermarket-incell,aftermarket,no,23.77,EUR,https://www.riparafast.it/display/1121-lcd-touch-screen-display-apple-iphone-14-plus-incell-pari-originale-vetro.html
riparafast.it,Italy,shop,iphone 13,aftermarket-incell,aftermarket,no,19.67,EUR,https://www.riparafast.it/display/1169-display-touch-screen-per-apple-iphone-13-lcd-vetro-nero-incell-fhd.html
riparafast.it,Italy,shop,iphone 15 plus,aftermarket-incell,aftermarket,no,31.97,EUR,https://www.riparafast.it/display/926-lcd-display-per-apple-iphone-15-plus-incell-schermo-vetro-touch-screen-7867550522122.html
riparafast.it,Italy,shop,iphone 15,unknown,aftermarket,no,31.97,EUR,https://www.riparafast.it/ricerca?tag=DISPLAY+IPHONE+15
riparafast.it,Italy,shop,iphone 15 pro max,unknown,aftermarket,no,31.97,EUR,https://www.riparafast.it/ricerca?tag=DISPLAY+IPHONE+15+PRO+MAX
riparafast.it,Italy,shop,iphone 15,unknown,aftermarket,no,31.97,EUR,https://www.riparafast.it/ricerca?tag=SCHERMO+APPLE+IPHONE+15
riparafast.it,Italy,shop,iphone 15,unknown,aftermarket,no,31.97,EUR,https://www.riparafast.it/ricerca?tag=RICAMBIO+DISPLAY+IPHONE+15
deltamobile.lv,Latvia,shop,iphone 12 pro,aftermarket-incell,aftermarket,no,22.0,EUR,https://deltamobile.lv/product/apple-iphone-12-12pro-lcd-tft-incell/
dargilita.lt,Lithuania,shop,iphone 13 pro max,aftermarket-oled,aftermarket,no,83.7,EUR,https://dargilita.lt/apple-iphone-telefonu-ekranai//147626-apple-iphone-13-pro-max-ekranas-oled.html
mobilex.es,Spain,shop,iphone 13 pro,unknown,aftermarket,no,21.99,EUR,https://mobilex.es/es/6750-bateria-para-iphone-13-pro-3095mah-ti-oem-premium-pro-sin-mensaje.html
dargilita.lt,Lithuania,shop,iphone 15 pro max,aftermarket-oled,aftermarket,no,147.7,EUR,https://dargilita.lt/apple-iphone-telefonu-ekranai//150223-apple-iphone-15-pro-max-ekranas-120-hz-premium-oled.html
mobilex.es,Spain,shop,iphone x,aftermarket-incell,aftermarket,no,10.74,EUR,https://mobilex.es/es/919-pantalla-iphone-x-incell-standard-3401126436761.html
deltamobile.lv,Latvia,shop,iphone xs max,aftermarket-tft,aftermarket,no,26.0,EUR,https://deltamobile.lv/product/apple-iphone-xs-max-lcd-displejs-tft/
deltamobile.lv,Latvia,shop,iphone 14 plus,aftermarket-incell,aftermarket,no,53.0,EUR,https://deltamobile.lv/product/apple-iphone-14-plus-lcd-modulis-incell-fhd-zy/
dargilita.lt,Lithuania,shop,iphone 15 plus,aftermarket-oled,aftermarket,no,129.1,EUR,https://dargilita.lt/apple-iphone-telefonu-ekranai//144236-apple-iphone-15-plus-ekranas-premium-oled.html
dargilita.lt,Lithuania,shop,iphone x,aftermarket-oled,aftermarket,no,42.6,EUR,https://dargilita.lt/apple-iphone-telefonu-ekranai//131957-apple-iphone-x-ekranas-premium-oled.html
deltamobile.lv,Latvia,shop,iphone xr,aftermarket-tft,aftermarket,no,20.9,EUR,https://deltamobile.lv/product/apple-iphone-xr-lcd-displejs-tianma-tft-melns/
dargilita.lt,Lithuania,shop,iphone 15,aftermarket-oled,aftermarket,no,129.1,EUR,https://dargilita.lt/apple-iphone-telefonu-ekranai//154091-apple-iphone-15-ekranas-premium-oled.html
dargilita.lt,Lithuania,shop,iphone 15 pro,aftermarket-incell,aftermarket,no,54.7,EUR,https://dargilita.lt/apple-iphone-telefonu-ekranai//154978-apple-iphone-15-pro-ekranas-premium-incell.html
mobilex.es,Spain,shop,iphone xr,aftermarket-incell,aftermarket,no,17.55,EUR,https://mobilex.es/es/943-pantalla-iphone-xr-placa-metalica-preinstalada-incell-standard-3401126436938.html
dargilita.lt,Lithuania,shop,iphone 15,aftermarket-incell,aftermarket,no,52.5,EUR,https://dargilita.lt/apple-iphone-telefonu-ekranai//155205-apple-iphone-15-ekranas-premium-incell.html
dargilita.lt,Lithuania,shop,iphone 12 pro,aftermarket-oled,aftermarket,no,55.4,EUR,https://dargilita.lt/apple-iphone-telefonu-ekranai//131925-apple-iphone-12-12-pro-ekranas-oled.html
dargilita.lt,Lithuania,shop,iphone 12 pro,aftermarket-oled,aftermarket,no,80.4,EUR,https://dargilita.lt/apple-iphone-telefonu-ekranai//131926-apple-iphone-12-12-pro-ekranas-premium-oled.html
mobilex.es,Spain,shop,iphone 11,aftermarket-incell,aftermarket,no,20.26,EUR,https://mobilex.es/es/1740-pantalla-iphone-11-placa-metalica-preinstalada-incell-standard-3401126445060.html
dargilita.lt,Lithuania,shop,iphone 12 mini,aftermarket-oled,aftermarket,no,67.3,EUR,https://dargilita.lt/apple-iphone-telefonu-ekranai//131920-apple-iphone-12-mini-ekranas-oled.html
dargilita.lt,Lithuania,shop,iphone 13,aftermarket-oled,aftermarket,no,74.7,EUR,https://dargilita.lt/apple-iphone-telefonu-ekranai//142734-apple-iphone-13-ekranas-premium-oled.html
dargilita.lt,Lithuania,shop,iphone 14 pro max,aftermarket-incell,aftermarket,no,65.3,EUR,https://dargilita.lt/apple-iphone-telefonu-ekranai//145700-apple-iphone-14-pro-max-ekranas-premium-incell.html
dargilita.lt,Lithuania,shop,iphone 14 plus,aftermarket-oled,aftermarket,no,86.9,EUR,https://dargilita.lt/apple-iphone-telefonu-ekranai//144230-apple-iphone-14-plus-ekranas-premium-oled.html
dargilita.lt,Lithuania,shop,iphone 13 mini,aftermarket-incell,aftermarket,no,49.9,EUR,https://dargilita.lt/apple-iphone-telefonu-ekranai//131927-apple-iphone-13-mini-ekranas-premium-incell.html
dargilita.lt,Lithuania,shop,iphone 14 plus,aftermarket-incell,aftermarket,no,54.6,EUR,https://dargilita.lt/apple-iphone-telefonu-ekranai//137846-apple-iphone-14-plus-ekranas-premium-incell.html
dargilita.lt,Lithuania,shop,iphone 13 pro,aftermarket-incell,aftermarket,no,49.9,EUR,https://dargilita.lt/apple-iphone-telefonu-ekranai//142733-apple-iphone-13-pro-ekranas-premium-incell.html
gjirafa50.com,Kosovo,shop,iphone 16 pro max,unknown,aftermarket,no,14.5,,https://gjirafa50.com/mbrojtese-ekrani-esr-armorite-per-iphone-16-pro-max-transparente
gjirafa50.com,Kosovo,shop,iphone 13 pro max,unknown,aftermarket,no,6.5,,https://gjirafa50.com/mbrojtes-ekrani-og-premium-per-iphone-13-pro-max-14-plus-xham-i-temperuar-i-zi
gjirafa50.com,Kosovo,shop,iphone 16 pro max,unknown,aftermarket,no,9.5,,https://gjirafa50.com/mbrojtes-ekrani-3mk-hardglass-per-iphone-16-pro-max-xham-i-temperuar-transparence-e-larte
dargilita.lt,Lithuania,shop,iphone 14 pro,aftermarket-incell,aftermarket,no,59.9,EUR,https://dargilita.lt/apple-iphone-telefonu-ekranai//144233-apple-iphone-14-pro-ekranas-premium-incell.html
dargilita.lt,Lithuania,shop,iphone 13 pro max,aftermarket-incell,aftermarket,no,52.2,EUR,https://dargilita.lt/apple-iphone-telefonu-ekranai//142732-apple-iphone-13-pro-max-ekranas-premium-incell.html
dargilita.lt,Lithuania,shop,iphone 14,aftermarket-incell,aftermarket,no,49.1,EUR,https://dargilita.lt/apple-iphone-telefonu-ekranai//139769-apple-iphone-14-ekranas-premium-incell.html
gjirafa50.com,Kosovo,shop,iphone xs max,aftermarket-soft-oled,aftermarket,no,49.5,,https://gjirafa50.com/ekran-zila-jk-jk-per-iphone-xs-max-soft-oled-zevendesues-i-zi
gjirafa50.com,Kosovo,shop,iphone 16 plus,unknown,aftermarket,no,4.5,,https://gjirafa50.com/mbrojtes-ekrani-5d-full-glue-per-iphone-16-plus-xham-i-temperuar-me-aplikator-i-zi
gjirafa50.com,Kosovo,shop,iphone 11 pro max,unknown,aftermarket,no,39.5,,https://gjirafa50.com/display-per-iphone-11-pro-max-zy-ltps-ekran-me-touch-i-zi
partexpert.nl,Netherlands,shop,iphone 13 pro,aftermarket-oled,aftermarket,no,69.95,EUR,https://www.partexpert.nl/en/iphone-11-display-and-lcd6-149692272.html
gjirafa50.com,Kosovo,shop,iphone x,unknown,aftermarket,no,27.5,,https://gjirafa50.com/ekran-zevendesues-per-iphone-x-zy-hd-me-prekje-i-zi
gjirafa50.com,Kosovo,shop,iphone 16 pro,unknown,aftermarket,no,14.5,,https://gjirafa50.com/mbrojtese-ekrani-esr-armorite-per-iphone-16-pro-transparente
telefonubaterijos.lt,Lithuania,shop,iphone xs,unknown,aftermarket,no,56.99,EUR,https://www.telefonubaterijos.lt/641-iphone-xs-ekranai
telefonubaterijos.lt,Lithuania,shop,iphone x,unknown,aftermarket,no,76.99,EUR,https://www.telefonubaterijos.lt/550-iphone-x-ekranai
telefonubaterijos.lt,Lithuania,shop,iphone 13,unknown,aftermarket,no,48.99,EUR,https://www.telefonubaterijos.lt/1022-iphone-13-ekranai
telefonubaterijos.lt,Lithuania,shop,iphone 13 pro,unknown,aftermarket,no,55.99,EUR,https://www.telefonubaterijos.lt/1024-iphone-13-pro-ekranai
telefonubaterijos.lt,Lithuania,shop,iphone 12 pro max,unknown,aftermarket,no,44.99,EUR,https://www.telefonubaterijos.lt/912-iphone-12-pro-max-ekranai
telefonubaterijos.lt,Lithuania,shop,iphone 12 mini,unknown,aftermarket,no,49.99,EUR,https://www.telefonubaterijos.lt/910-iphone-12-mini-ekranai
telefonubaterijos.lt,Lithuania,shop,iphone 11 pro,unknown,aftermarket,no,96.99,EUR,https://www.telefonubaterijos.lt/643-iphone-11-pro-ekranai
telefonubaterijos.lt,Lithuania,shop,iphone 13 pro max,unknown,aftermarket,no,54.99,EUR,https://www.telefonubaterijos.lt/1025-iphone-13-pro-max-ekranai
telefonubaterijos.lt,Lithuania,shop,iphone 13 mini,unknown,aftermarket,no,99.99,EUR,https://www.telefonubaterijos.lt/1023-iphone-13-mini-ekranai
telefonubaterijos.lt,Lithuania,shop,iphone 14,unknown,aftermarket,no,48.99,EUR,https://www.telefonubaterijos.lt/1026-iphone-14-ekranai
telefonubaterijos.lt,Lithuania,shop,iphone 14 plus,unknown,aftermarket,no,51.99,EUR,https://www.telefonubaterijos.lt/1027-iphone-14-plus-ekranai
telefonubaterijos.lt,Lithuania,shop,iphone 14 pro max,unknown,aftermarket,no,59.99,EUR,https://www.telefonubaterijos.lt/1029-iphone-14-pro-max-ekranai
telefonubaterijos.lt,Lithuania,shop,iphone 14 pro,unknown,aftermarket,no,59.99,EUR,https://www.telefonubaterijos.lt/1028-iphone-14-pro-ekranai
telefonubaterijos.lt,Lithuania,shop,iphone 15 plus,unknown,aftermarket,no,99.99,EUR,https://www.telefonubaterijos.lt/1031-iphone-15-plus-ekranai
telefonubaterijos.lt,Lithuania,shop,iphone 12 mini,unknown,aftermarket,no,4.99,EUR,https://www.telefonubaterijos.lt/iphone-dalys/2223-iphone-12-mini-ekrano-lipdukas-tarpine.html
telefonubaterijos.lt,Lithuania,shop,iphone 12 pro max,unknown,aftermarket,no,4.99,EUR,https://www.telefonubaterijos.lt/iphone-dalys/2225-iphone-12-pro-max-ekrano-lipdukas-tarpine.html
telefonubaterijos.lt,Lithuania,shop,iphone 11 pro max,unknown,aftermarket,no,4.99,EUR,https://www.telefonubaterijos.lt/iphone-dalys/2222-iphone-11-pro-max-ekrano-lipdukas-tarpine.html
telefonubaterijos.lt,Lithuania,shop,iphone xr,unknown,aftermarket,no,4.99,EUR,https://www.telefonubaterijos.lt/iphone-dalys/2219-iphone-xr-ekrano-lipdukas-tarpine.html
telefonubaterijos.lt,Lithuania,shop,iphone 11 pro,unknown,aftermarket,no,4.99,EUR,https://www.telefonubaterijos.lt/iphone-dalys/2221-iphone-11-pro-ekrano-lipdukas-tarpine.html
telefonubaterijos.lt,Lithuania,shop,iphone xr,unknown,aftermarket,no,59.99,EUR,https://www.telefonubaterijos.lt/556-iphone-xr-ekranai
telefonubaterijos.lt,Lithuania,shop,iphone 11 pro max,unknown,aftermarket,no,94.99,EUR,https://www.telefonubaterijos.lt/644-iphone-11-pro-max-ekranai
signalocentras.lt,Lithuania,shop,iphone 11 pro,aftermarket-incell,aftermarket,no,245.0,EUR,http://signalocentras.lt/telefonija/telefonu-ekranai-lcd/iphone-ipad/lcdtouch-screen-iphone-11-pro-juodas-black-incell-28251-25416
phonexpert78.com,Luxembourg,shop,iphone 16,aftermarket-lcd,aftermarket,no,42.9,EUR,https://www.phonexpert78.com/ecran-lcd-iphone16-c2x42429442
phonexpert78.com,Luxembourg,shop,iphone 12 pro,aftermarket-lcd,aftermarket,no,29.9,EUR,https://www.phonexpert78.com/ecran-lcd-iphone12-c2x36450750
telefonubaterijos.lt,Lithuania,shop,iphone 12,unknown,aftermarket,no,4.99,EUR,https://www.telefonubaterijos.lt/iphone-dalys/2224-iphone-1212-pro-ekrano-lipdukas-tarpine.html
telefonubaterijos.lt,Lithuania,shop,iphone 11,unknown,aftermarket,no,4.99,EUR,https://www.telefonubaterijos.lt/iphone-dalys/2220-iphone-11-ekrano-lipdukas-tarpine.html
signalocentras.lt,Lithuania,shop,iphone 12 pro,aftermarket-incell,aftermarket,no,125.0,EUR,http://signalocentras.lt/telefonija/telefonu-ekranai-lcd/iphone-ipad/lcdtouch-screen-iphone-12--12-pro-juodas-black-incell-hq-25409
signalocentras.lt,Lithuania,shop,iphone 12 pro,aftermarket-oled,aftermarket,no,125.0,EUR,http://signalocentras.lt/telefonija/telefonu-ekranai-lcd/iphone-ipad/lcdtouch-screen-iphone-12--12-pro-juodas-black-oled-25417
signalocentras.lt,Lithuania,shop,iphone 11,aftermarket-incell,aftermarket,no,85.0,EUR,http://signalocentras.lt/telefonija/telefonu-ekranai-lcd/iphone-ipad/lcdtouch-screen-iphone-11-juodas-black-incell-tft-zy-oem0101044-25448
koopjeonderdelen.nl,Netherlands,shop,iphone 11,aftermarket-incell,aftermarket,no,19.99,EUR,/products/iphone-11-incell-lcd?variant=54660564549900
signalocentras.lt,Lithuania,shop,iphone 11 pro max,aftermarket-oled,aftermarket,no,199.0,EUR,http://signalocentras.lt/telefonija/telefonu-ekranai-lcd/iphone-ipad/lcdtouch-screen-iphone-11-pro-max-juodas-black-premium-oled-o--25446
signalocentras.lt,Lithuania,shop,iphone 11 pro,aftermarket-oled,aftermarket,no,109.0,EUR,http://signalocentras.lt/telefonija/telefonu-ekranai-lcd/iphone-ipad/lcdtouch-screen-iphone-11-pro-juodas-oled-removable-ic--25387
signalocentras.lt,Lithuania,shop,iphone 11 pro max,aftermarket-incell,aftermarket,no,100.0,EUR,http://signalocentras.lt/telefonija/telefonu-ekranai-lcd/iphone-ipad/lcdtouch-screen-iphone-11-pro-max-juodas-incell-hq--25403
koopjeonderdelen.nl,Netherlands,shop,iphone 13,aftermarket-incell,aftermarket,no,24.99,EUR,/products/iphone-13-incell-lcd-scherm?variant=54661678563596
signalocentras.lt,Lithuania,shop,iphone 12 pro,aftermarket-oled,aftermarket,no,140.0,EUR,http://signalocentras.lt/telefonija/telefonu-ekranai-lcd/iphone-ipad/lcdtouch-screen-iphone-12--12-pro-juodas-self-diagnosable-premium-oled-25440
koopjeonderdelen.nl,Netherlands,shop,iphone 11,original,A,no,44.99,EUR,https://www.koopjeonderdelen.nl/products/iphone-11-origineel-scherm?_pos=2&_sid=c37fdcb6f&_ss=r
koopjeonderdelen.nl,Netherlands,shop,iphone 13 mini,aftermarket-incell,aftermarket,no,34.99,EUR,https://www.koopjeonderdelen.nl/products/iphone-13-mini-incell-lcd-scherm?_pos=3&_sid=c37fdcb6f&_ss=r
koopjeonderdelen.nl,Netherlands,shop,iphone 13,aftermarket-incell,aftermarket,no,24.99,EUR,https://www.koopjeonderdelen.nl/products/iphone-13-incell-lcd-scherm?_pos=1&_sid=c37fdcb6f&_ss=r
koopjeonderdelen.nl,Netherlands,shop,iphone 11 pro,original,A,no,99.99,EUR,https://www.koopjeonderdelen.nl/products/iphone-11-pro-origineel-scherm?_pos=12&_sid=c37fdcb6f&_ss=r
koopjeonderdelen.nl,Netherlands,shop,iphone 12,refurb,A,no,89.99,EUR,https://www.koopjeonderdelen.nl/products/iphone-12-budget-incell-lcd-scherm?_pos=11&_sid=c37fdcb6f&_ss=r
koopjeonderdelen.nl,Netherlands,shop,iphone 15,pulled,A,no,294.99,EUR,https://www.koopjeonderdelen.nl/products/iphone-15-origineel-pulled-scherm-a-grade?_pos=13&_sid=c37fdcb6f&_ss=r
koopjeonderdelen.nl,Netherlands,shop,iphone 15,aftermarket-incell,aftermarket,no,99.99,EUR,https://www.koopjeonderdelen.nl/products/iphone-15-incell-scherm?_pos=14&_sid=c37fdcb6f&_ss=r
koopjeonderdelen.nl,Netherlands,shop,iphone 13 pro,aftermarket-hard-oled,aftermarket,no,169.99,EUR,https://www.koopjeonderdelen.nl/products/iphone-13-pro-hard-oled-scherm?_pos=9&_sid=c37fdcb6f&_ss=r
koopjeonderdelen.nl,Netherlands,shop,iphone 12 mini,aftermarket-incell,aftermarket,no,52.49,EUR,https://www.koopjeonderdelen.nl/products/iphone-12-mini-incell-lcd-scherm?_pos=16&_sid=c37fdcb6f&_ss=r
koopjeonderdelen.nl,Netherlands,shop,iphone 11 pro,unknown,aftermarket,no,42.49,EUR,https://www.koopjeonderdelen.nl/products/iphone-11-scherm-zonder-ic-chip-1
koopjeonderdelen.nl,Netherlands,shop,iphone 15 pro max,aftermarket-soft-oled,aftermarket,no,244.99,EUR,https://www.koopjeonderdelen.nl/products/iphone-15-pro-max-soft-oled-scherm?_pos=22&_sid=c37fdcb6f&_ss=r
koopjeonderdelen.nl,Netherlands,shop,iphone 15 pro max,aftermarket-incell,aftermarket,no,92.49,EUR,https://www.koopjeonderdelen.nl/products/iphone-15-pro-max-incell-scherm?_pos=17&_sid=c37fdcb6f&_ss=r
koopjeonderdelen.nl,Netherlands,shop,iphone 11,aftermarket-incell,aftermarket,no,19.99,EUR,https://www.koopjeonderdelen.nl/products/iphone-11-incell-lcd?_pos=18&_sid=c37fdcb6f&_ss=r
koopjeonderdelen.nl,Netherlands,shop,iphone 14 plus,aftermarket-soft-oled,aftermarket,no,109.99,EUR,https://www.koopjeonderdelen.nl/products/iphone-14-plus-soft-oled-scherm?_pos=24&_sid=c37fdcb6f&_ss=r
koopjeonderdelen.nl,Netherlands,shop,iphone 13,aftermarket-hard-oled,aftermarket,no,54.99,EUR,https://www.koopjeonderdelen.nl/products/iphone-13-hard-oled-scherm?_pos=10&_sid=c37fdcb6f&_ss=r
telesfera.lt,Lithuania,shop,iphone 15 plus,unknown,aftermarket,no,195.0,EUR,https://telesfera.lt/telefonu-ekranai-lcd/iphone/ekranas-iphone-15-pro-originalus/
telesfera.lt,Lithuania,shop,iphone 15 pro,unknown,aftermarket,no,125.0,EUR,https://telesfera.lt/telefonu-ekranai-lcd/iphone/ekranas-iphone-15-pro-aukstos-kokybes/
koopjeonderdelen.nl,Netherlands,shop,iphone 14,pulled,A,no,114.99,EUR,https://www.koopjeonderdelen.nl/products/iphone-14-origineel-scherm?_pos=20&_sid=c37fdcb6f&_ss=r
telesfera.lt,Lithuania,shop,iphone 15 pro max,unknown,aftermarket,no,125.0,EUR,https://telesfera.lt/telefonu-ekranai-lcd/iphone/ekranas-iphone-15-pro-max-aukstos-kokybes/
telesfera.lt,Lithuania,shop,iphone 15 plus,unknown,aftermarket,no,115.0,EUR,https://telesfera.lt/telefonu-ekranai-lcd/iphone/ekranas-iphone-15-plus-aukstos-kokybes/
telesfera.lt,Lithuania,shop,iphone 14 pro max,unknown,aftermarket,no,115.0,EUR,https://telesfera.lt/telefonu-ekranai-lcd/iphone/ekranas-iphone-14-pro-max-aukstos-kokybes/
gsmdalys.lt,Lithuania,shop,iphone 12 pro max,unknown,aftermarket,no,31.25,EUR,https://gsmdalys.lt/parduotuve/iphone-dalys/iphone-12-pro-max/ekranas-iphone-12-pro-max/
gsmdalys.lt,Lithuania,shop,iphone 12 pro,unknown,aftermarket,no,54.0,EUR,https://gsmdalys.lt/parduotuve/iphone-dalys/iphone-12-dalys/iphone-12-12-pro-ekranas/
telesfera.lt,Lithuania,shop,iphone 14 pro,unknown,aftermarket,no,195.0,EUR,https://telesfera.lt/telefonu-ekranai-lcd/iphone/ekranas-iphone-14-pro-originalus/
gsmdalys.lt,Lithuania,shop,iphone 13 pro,unknown,aftermarket,no,37.45,EUR,https://gsmdalys.lt/parduotuve/iphone-dalys/iphone-13-pro/ekranas-iphone-13-pro/
gsmdalys.lt,Lithuania,shop,iphone 14,unknown,aftermarket,no,37.4,EUR,https://gsmdalys.lt/parduotuve/iphone-dalys/iphone-14/iphone-14-ekranas/
hallomobile.nl,Netherlands,shop,iphone 14 pro max,aftermarket-incell,aftermarket,no,86.0,EUR,https://hallomobile.nl/product/waeyz-iphone-14-pro-max-serie-vervangend-lcd-scherm-incell/
hallomobile.nl,Netherlands,shop,iphone 14 pro,aftermarket-incell,aftermarket,no,42.0,EUR,https://hallomobile.nl/product/waeyz-iphone-14-pro-serie-vervangend-lcd-scherm-incell/
hallomobile.nl,Netherlands,shop,iphone 14,aftermarket-incell,aftermarket,no,37.0,EUR,https://hallomobile.nl/product/waeyz-iphone-14-serie-vervangend-lcd-scherm-incell/
hallomobile.nl,Netherlands,shop,iphone xs,aftermarket-incell,aftermarket,no,19.95,EUR,https://hallomobile.nl/product/waeyz-iphone-x-10-serie-vervangend-lcd-scherm-incell-kopie/
hallomobile.nl,Netherlands,shop,iphone 15 pro,aftermarket-soft-oled,aftermarket,no,159.95,EUR,https://hallomobile.nl/product/waeyz-iphone-15-pro-vervangend-lcd-scherm-soft-oled-display-originele-kwaliteit/
hallomobile.nl,Netherlands,shop,iphone 15 plus,aftermarket-soft-oled,aftermarket,no,149.95,EUR,https://hallomobile.nl/product/waeyz-iphone-15-plus-vervangend-lcd-scherm-soft-oled-display-originele-kwaliteit/
hallomobile.nl,Netherlands,shop,iphone 15 pro max,aftermarket-soft-oled,aftermarket,no,239.95,EUR,https://hallomobile.nl/product/waeyz-iphone-15-pro-max-vervangend-lcd-scherm-soft-oled-display-originele-kwaliteit/
hallomobile.nl,Netherlands,shop,iphone 16 plus,aftermarket-soft-oled,aftermarket,no,479.95,EUR,https://hallomobile.nl/product/waeyz-iphone-16-plus-vervangend-lcd-scherm-soft-oled-display-originele-kwaliteit/
hallomobile.nl,Netherlands,shop,iphone 15,aftermarket-soft-oled,aftermarket,no,149.95,EUR,https://hallomobile.nl/product/waeyz-iphone-15-vervangend-lcd-scherm-soft-oled-display-originele-kwaliteit/
partexpert.nl,Netherlands,shop,iphone 15,unknown,aftermarket,no,99.0,EUR,https://www.partexpert.nl/en/iphone-15-display.html
hallomobile.nl,Netherlands,shop,iphone 16 pro max,aftermarket-soft-oled,aftermarket,no,669.36,EUR,https://hallomobile.nl/product/waeyz-iphone-16-pro-max-vervangend-lcd-scherm-soft-oled-display-originele-kwaliteit/
telesfera.lt,Lithuania,shop,iphone 14 pro max,unknown,aftermarket,no,235.0,EUR,https://telesfera.lt/telefonu-ekranai-lcd/iphone/ekranas-iphone-14-pro-max-originalus/
hallomobile.nl,Netherlands,shop,iphone 12,aftermarket-hard-oled,aftermarket,no,57.5,EUR,https://hallomobile.nl/product/waeyz-iphone-12-vervangend-lcd-scherm-hard-oled-display-hoge-kwaliteit/
hallomobile.nl,Netherlands,shop,iphone 13 pro max,aftermarket-hard-oled,aftermarket,no,99.95,EUR,https://hallomobile.nl/product/waeyz-iphone-13-pro-max-vervangend-lcd-scherm-hard-oled-display-hoge-kwaliteit/
hallomobile.nl,Netherlands,shop,iphone 11 pro,aftermarket-hard-oled,aftermarket,no,52.95,EUR,https://hallomobile.nl/product/waeyz-iphone-11-pro-vervangend-lcd-scherm-hard-oled-display-hoge-kwaliteit/
hallomobile.nl,Netherlands,shop,iphone 13 mini,aftermarket-hard-oled,aftermarket,no,87.95,EUR,https://hallomobile.nl/product/waeyz-iphone-13-mini-vervangend-lcd-scherm-hard-oled-display-hoge-kwaliteit/
hallomobile.nl,Netherlands,shop,iphone 12 pro max,aftermarket-hard-oled,aftermarket,no,69.95,EUR,https://hallomobile.nl/product/waeyz-iphone-12-pro-max-vervangend-lcd-scherm-hard-oled-display-hoge-kwaliteit/
hallomobile.nl,Netherlands,shop,iphone 14,aftermarket-hard-oled,aftermarket,no,59.95,EUR,https://hallomobile.nl/product/waeyz-iphone-14-vervangend-lcd-scherm-hard-oled-display-hoge-kwaliteit-kopie/
borcaden.nl,Netherlands,shop,iphone 12 mini,unknown,aftermarket,YES,6.95,EUR,https://www.borcaden.nl/product/5-4i-iphone-12-mini-9h-tempered-glass-screen-protector-screen-protector/
partexpert.nl,Netherlands,shop,iphone 11 pro max,unknown,aftermarket,no,9.95,EUR,https://www.partexpert.nl/en/iphone-11-screenprotector-complete-149692351.html
borcaden.nl,Netherlands,shop,iphone 12 pro max,unknown,aftermarket,YES,6.95,EUR,https://www.borcaden.nl/product/6-7i-iphone-12-pro-max-9h-tempered-glass-screen-protector-screen-protector/
partexpert.nl,Netherlands,shop,iphone x,aftermarket-lcd,aftermarket,no,74.95,EUR,https://www.partexpert.nl/en/iphone-x-display-replacement-lcd.html
partexpert.nl,Netherlands,shop,iphone 13 pro max,aftermarket-lcd,aftermarket,no,404.95,EUR,https://www.partexpert.nl/en/iphone-11-display-and-lcd6-149692413.html
partexpert.nl,Netherlands,shop,iphone 11 pro max,aftermarket-lcd,aftermarket,no,79.95,EUR,https://www.partexpert.nl/en/iphone-11-pro-max-display-and-lcd.html
partexpert.nl,Netherlands,shop,iphone 14 pro max,unknown,aftermarket,no,129.95,EUR,https://www.partexpert.nl/en/iphone-14promax-display.html
hallomobile.nl,Netherlands,shop,iphone 13,aftermarket-hard-oled,aftermarket,no,87.9,EUR,https://hallomobile.nl/product/waeyz-iphone-13-vervangend-lcd-scherm-hard-oled-display-hoge-kwaliteit/
partexpert.nl,Netherlands,shop,iphone 11,unknown,aftermarket,no,9.95,EUR,https://www.partexpert.nl/en/iphone-11-screenprotector-privacy.html
partexpert.nl,Netherlands,shop,iphone 14 pro,aftermarket-lcd,aftermarket,no,304.95,EUR,https://www.partexpert.nl/en/iphone-11-display-and-lcd3-149692302.html
mobilesupplies.nl,Netherlands,shop,iphone 12 pro,unknown,aftermarket,no,4.95,EUR,https://www.mobilesupplies.nl/tempered-glass-screenprotector-apple-iphone-12-12-pro.html
partexpert.nl,Netherlands,shop,iphone 11 pro,unknown,aftermarket,no,179.95,EUR,https://www.partexpert.nl/en/tags/iphone-11-pro-beeldscherm/
partexpert.nl,Netherlands,shop,iphone 11,unknown,aftermarket,no,4.95,EUR,https://www.partexpert.nl/en/iphone-11-screenprotector-standard.html
mobilesupplies.nl,Netherlands,shop,iphone 12,unknown,aftermarket,no,3.95,EUR,https://www.mobilesupplies.nl/camera-lens-beschermer-iphone-12-tempered-glass.html
icell4less.com,Norway,shop,iphone x,aftermarket-tft,aftermarket,no,54.0,NOK,https://icell4less.com/products/apple-iphone-x-lcd-replacement-tft-glass-display-screen-replacement-kit-tools?_pos=1&_sid=9183cc9e5&_ss=r
mobilesupplies.nl,Netherlands,shop,iphone 12 pro,aftermarket-incell,aftermarket,no,27.99,EUR,https://www.mobilesupplies.nl/display-module-apple-iphone-12-12-pro-v-incell.html
icell4less.com,Norway,shop,iphone x,aftermarket-tft,aftermarket,no,54.0,NOK,https://icell4less.com/collections/lcd/products/apple-iphone-x-lcd-replacement-tft-glass-display-screen-replacement-kit-tools
mobilesupplies.nl,Netherlands,shop,iphone 13 pro,unknown,aftermarket,no,2.99,EUR,https://www.mobilesupplies.nl/tempered-glass-screenprotector-apple-iphone-13-13-pro.html
icell4less.com,Norway,shop,iphone 11 pro max,aftermarket-incell,aftermarket,no,220.0,NOK,https://icell4less.com/collections/lcd/products/apple-iphone-11-pro-lcd-3d-touch-screen-digitizer-replacement-assembly-kit-incell
icell4less.com,Norway,shop,iphone xs,aftermarket-hard-oled,aftermarket,no,109.0,NOK,https://icell4less.com/collections/lcd/products/apple-iphone-xs-5-8-inch-hard-oled-touch-screen-replacements-with-assembly-tools-included
spares.no,Norway,shop,iphone xr,unknown,aftermarket,YES,399.0,NOK,https://spares.no/en/products/iphone-xr-skjerm?_pos=1&_sid=6c4e86b72&_ss=r
icell4less.com,Norway,shop,iphone xs,unknown,aftermarket,no,59.0,NOK,https://icell4less.com/collections/lcd/products/apple-iphone-xs-touch-screen-replacements-with-assembly-tools-included
spares.no,Norway,shop,iphone 14 pro,unknown,aftermarket,YES,369.0,NOK,https://spares.no/en/products/panzerglass%C2%AE-anti-blue-light-screen-protector-apple-iphone-14-pro-ultra-wide-fit-w-easyaligner-glassbeskytter?_pos=2&_sid=6c4e86b72&_ss=r
spares.no,Norway,shop,iphone 11 pro,unknown,aftermarket,YES,449.0,NOK,https://spares.no/en/products/iphone-11-pro-skjerm?_pos=4&_sid=6c4e86b72&_ss=r
spares.no,Norway,shop,iphone 12,unknown,aftermarket,YES,449.0,NOK,https://spares.no/en/products/iphone-12-12-pro-incell-lcd-skjerm-skjerm-rj?_pos=5&_sid=6c4e86b72&_ss=r
spares.no,Norway,shop,iphone 12 mini,unknown,aftermarket,YES,449.0,NOK,https://spares.no/en/products/iphone-12-mini-lcd-skjerm-skjerm-itrucolor?_pos=3&_sid=6c4e86b72&_ss=r
spares.no,Norway,shop,iphone 12 pro max,unknown,aftermarket,YES,369.0,NOK,https://spares.no/en/products/panzerglass%C2%AE-screen-protector-apple-iphone-12-pro-max-glassbeskytter?_pos=21&_sid=6c4e86b72&_ss=r
spares.no,Norway,shop,iphone 12 pro,unknown,aftermarket,YES,449.0,NOK,https://spares.no/en/products/iphone-12-12-pro-lcd-skjerm-skjerm-itrucolor?_pos=12&_sid=6c4e86b72&_ss=r
spares.no,Norway,shop,iphone 13,unknown,aftermarket,YES,1799.0,NOK,https://spares.no/en/products/iphone-13-skjerm?_pos=11&_sid=6c4e86b72&_ss=r
spares.no,Norway,shop,iphone xs,unknown,aftermarket,YES,399.0,NOK,https://spares.no/en/products/iphone-xs-myk-oled-skjerm-skjerm-itrucolor?_pos=10&_sid=6c4e86b72&_ss=r
spares.no,Norway,shop,iphone 11,unknown,aftermarket,YES,369.0,NOK,https://spares.no/en/products/panzerglass%C2%AE-screen-protector-apple-iphone-11-xr-edge-to-edge-glassbeskytter?_pos=22&_sid=6c4e86b72&_ss=r
spares.no,Norway,shop,iphone 14 pro max,unknown,aftermarket,YES,369.0,NOK,https://spares.no/en/products/panzerglass%C2%AE-anti-reflective-screen-protector-apple-iphone-14-pro-max-ultra-wide-fit-w-easyaligner-glassbeskytter?_pos=9&_sid=6c4e86b72&_ss=r
spares.no,Norway,shop,iphone xs max,unknown,aftermarket,YES,399.0,NOK,https://spares.no/en/products/iphone-xs-max-myk-oled-skjerm-skjerm-itrucolor?_pos=13&_sid=6c4e86b72&_ss=r
fmaparts.com.au,Australia,shop,iphone 16e,refurb,A,no,124.95,AUD,https://www.fmaparts.com.au/refurbished-oled-touch-screen-digitizer-assembly-for-iphone-16e-17e
spares.no,Norway,shop,iphone 13 pro,unknown,aftermarket,YES,1799.0,NOK,https://spares.no/en/products/iphone-13-pro-skjerm?_pos=14&_sid=6c4e86b72&_ss=r
fonefunshop.co.uk,UK,shop,iphone 16 pro,aftermarket-soft-oled,aftermarket,no,217.95,GBP,https://www.fonefunshop.com/products/screen-for-iphone-16-pro-soft-oled-120hz?_pos=21&_sid=e37e56552&_ss=r
fmaparts.com.au,Australia,shop,iphone 16e,aftermarket-oled,aftermarket,no,81.95,AUD,https://www.fmaparts.com.au/aftermarket-oled-soft-oled-touch-screen-digitizer-assembly-for-iphone-16e
fonefunshop.co.uk,UK,shop,iphone 16,aftermarket-soft-oled,aftermarket,no,180.95,GBP,https://www.fonefunshop.com/products/screen-for-iphone-16-soft-oled?_pos=10&_sid=e37e56552&_ss=r
fonefunshop.co.uk,UK,shop,iphone 16,unknown,aftermarket,no,395.0,GBP,https://www.fonefunshop.com/products/privacy-screen-protector-for-iphone-15-14-13-12-11-x-pro-max-plus-mini-hydrogel
fmaparts.com.au,Australia,shop,iphone 16e,aftermarket-incell,aftermarket,no,38.95,AUD,https://www.fmaparts.com.au/aftermarket-lcd-incell-lcd-touch-screen-digitizer-assembly-for-iphone-16e-17e
spares.no,Norway,shop,iphone 12 pro max,unknown,aftermarket,YES,449.0,NOK,https://spares.no/en/products/iphone-12-pro-max-lcd-skjerm-skjerm-itrucolor?_pos=16&_sid=6c4e86b72&_ss=r
spares.no,Norway,shop,iphone 11 pro max,unknown,aftermarket,YES,449.0,NOK,https://spares.no/en/products/iphone-11-pro-max-myk-oled-skjerm-skjerm-itrucolor?_pos=8&_sid=6c4e86b72&_ss=r
fmaparts.com.au,Australia,shop,iphone 16 pro max,aftermarket-oled,aftermarket,no,98.95,AUD,https://www.fmaparts.com.au/aftermarket-oled-hard-oled-touch-screen-digitizer-assembly-for-iphone-16-pro-max
fmaparts.com.au,Australia,shop,iphone 16 pro,refurb,A,no,316.95,AUD,https://www.fmaparts.com.au/refurbished-oled-touch-screen-digitizer-assembly-for-iphone-16-pro
fmaparts.com.au,Australia,shop,iphone 16 pro max,aftermarket-incell,aftermarket,no,73.95,AUD,https://www.fmaparts.com.au/aftermarket-lcd-incell-lcd-touch-screen-digitizer-assembly-for-iphone-16-pro-max-80hz
fmaparts.com.au,Australia,shop,iphone 16e,unknown,aftermarket,no,89.95,AUD,https://www.ifixit.com/Guide/iPhone+16e+Screen+Replacement/186614
fmaparts.com.au,Australia,shop,iphone 16,unknown,aftermarket,no,159.95,AUD,https://www.ifixit.com/Guide/iPhone+16+Pro+Max+Screen+Replacement/178634
el-telgsm.pl,Poland,shop,iphone 13 mini,aftermarket-lcd,aftermarket,no,139.98999,PLN,https://el-telgsm.pl/wyswietlacze-iphone/26431-wyswietlacz-lcd-iphone-13-mini-5-4-zy---ltps-czarny.html
fmaparts.com.au,Australia,shop,iphone 12 pro max,unknown,aftermarket,no,549.95,AUD,https://www.fmaparts.com.au/dl-s300-iphone-screen-tester-programmer-for-iphone-6-12-pro-max
fmaparts.com.au,Australia,shop,iphone 16 pro,aftermarket-oled,aftermarket,no,133.95,AUD,https://www.fmaparts.com.au/aftermarket-oled-soft-oled-touch-screen-digitizer-assembly-for-iphone-16-pro
el-telgsm.pl,Poland,shop,iphone 13,aftermarket-incell,aftermarket,no,125.989884,PLN,https://el-telgsm.pl/wyswietlacze-iphone/32760-wyswietlacz-lcd-iphone-13-6-1-full-hd-incell-change-ic-jk-czarny.html
el-telgsm.pl,Poland,shop,iphone 12 pro,aftermarket-lcd,aftermarket,no,338.999931,PLN,https://el-telgsm.pl/wyswietlacze-iphone/22203-wyswietlacz-lcd-iphone-12---12-pro-6-1-czarny.html
el-telgsm.pl,Poland,shop,iphone 13 pro max,aftermarket-incell,aftermarket,no,149.98989,PLN,https://el-telgsm.pl/wyswietlacze-iphone/31908-wyswietlacz-lcd-iphone-13-pro-max-6-7-full-hd-incell-change-ic-jk-czarny.html
irepart.com,China,shop,iphone 16,aftermarket-oled,aftermarket,no,62.62,USD,https://irepart.com/products/iphone-16-ultra-soft-oled-screen-replacement
el-telgsm.pl,Poland,shop,iphone 12 pro,original,A,no,338.999931,PLN,https://el-telgsm.pl/wyswietlacze-iphone/34449-wyswietlacz-lcd-iphone-12---12-pro-6-1-service-pack-czarny.html
el-telgsm.pl,Poland,shop,iphone 12 pro max,aftermarket-incell,aftermarket,no,159.989913,PLN,https://el-telgsm.pl/wyswietlacze-iphone/32759-wyswietlacz-lcd-iphone-12-pro-max-6-7-full-hd-incell-change-ic-jk-czarny.html
el-telgsm.pl,Poland,shop,iphone 12 pro max,aftermarket-incell,aftermarket,no,139.98999,PLN,https://el-telgsm.pl/wyswietlacze-iphone/31859-wyswietlacz-lcd-iphone-12-pro-max-hd-incell-czarny.html
fmaparts.com.au,Australia,shop,iphone 16 pro max,aftermarket-incell,aftermarket,no,81.95,AUD,https://www.fmaparts.com.au/aftermarket-lcd-incell-lcd-touch-screen-digitizer-assembly-for-iphone-16-pro-max-120hz
el-telgsm.pl,Poland,shop,iphone 14 pro max,aftermarket-incell,aftermarket,no,179.989959,PLN,https://el-telgsm.pl/wyswietlacze-iphone/32138-wyswietlacz-lcd-iphone-14-pro-max-6-7-full-hd-incell-change-ic-jk-czarny.html
el-telgsm.pl,Poland,shop,iphone 16 plus,aftermarket-incell,aftermarket,no,269.899884,PLN,https://el-telgsm.pl/wyswietlacze-iphone/32746-wyswietlacz-lcd-iphone-16-plus-6-7-full-hd-incell-change-ic-jk-czarny.html
euromarserwis.pl,Poland,shop,iphone 11,aftermarket-lcd,aftermarket,no,110.0,PLN,https://www.euromarserwis.pl/wymiana-wyswietlacza-ekranu-lcd-w-iphone/644-wymiana-wyswietlacza-lcd-ekranu-w-iphone-11.html
el-telgsm.pl,Poland,shop,iphone 16,aftermarket-incell,aftermarket,no,269.899884,PLN,https://el-telgsm.pl/wyswietlacze-iphone/32745-wyswietlacz-lcd-iphone-16-6-1-full-hd-incell-change-ic-jk-czarny.html
el-telgsm.pl,Poland,shop,iphone 15 pro,aftermarket-incell,aftermarket,no,159.989913,PLN,https://el-telgsm.pl/wyswietlacze-iphone/32727-wyswietlacz-lcd-iphone-15-pro-6-1-full-hd-incell-change-ic-jk-czarny.html
euromarserwis.pl,Poland,shop,iphone 11 pro,aftermarket-lcd,aftermarket,no,110.0,PLN,https://www.euromarserwis.pl/wymiana-wyswietlacza-ekranu-lcd-w-iphone/649-wymiana-wyswietlacza-lcd-ekranu-w-iphone-11-pro.html
el-telgsm.pl,Poland,shop,iphone 15 pro max,aftermarket-incell,aftermarket,no,229.989951,PLN,https://el-telgsm.pl/wyswietlacze-iphone/32726-wyswietlacz-lcd-iphone-15-pro-max-6-7-full-hd-incell-change-ic-jk-czarny.html
el-telgsm.pl,Poland,shop,iphone 14 pro max,aftermarket-incell,aftermarket,no,239.989974,PLN,https://el-telgsm.pl/wyswietlacze-iphone/33273-wyswietlacz-lcd-iphone-14-pro-max-incell-fhd-czarny.html
el-telgsm.pl,Poland,shop,iphone 16 pro,aftermarket-incell,aftermarket,no,229.989951,PLN,https://el-telgsm.pl/wyswietlacze-iphone/32748-wyswietlacz-lcd-iphone-16-pro-6-3-90-hz-full-hd-incell-change-ic-jk-czarny.html
euromarserwis.pl,Poland,shop,iphone 12 pro,aftermarket-lcd,aftermarket,no,110.0,PLN,https://www.euromarserwis.pl/wymiana-wyswietlacza-ekranu-lcd-w-iphone/1536-wymiana-wyswietlacza-lcd-ekranu-w-iphone-12-12-pro.html
el-telgsm.pl,Poland,shop,iphone 16e,aftermarket-incell,aftermarket,no,149.899977,PLN,https://el-telgsm.pl/wyswietlacze-iphone/32747-wyswietlacz-lcd-iphone-16e-6-1-full-hd-incell-change-ic-jk-czarny.html
euromarserwis.pl,Poland,shop,iphone 12 pro max,aftermarket-lcd,aftermarket,no,110.0,PLN,https://www.euromarserwis.pl/wymiana-wyswietlacza-ekranu-lcd-w-iphone/1539-wymiana-wyswietlacza-lcd-ekranu-w-iphone-12-pro-max-.html
euromarserwis.pl,Poland,shop,iphone 11 pro max,aftermarket-lcd,aftermarket,no,110.0,PLN,https://www.euromarserwis.pl/wymiana-wyswietlacza-ekranu-lcd-w-iphone/653-wymiana-wyswietlacza-lcd-ekranu-w-iphone-11-pro-max-.html
euromarserwis.pl,Poland,shop,iphone 12 mini,aftermarket-lcd,aftermarket,no,110.0,PLN,https://www.euromarserwis.pl/wymiana-wyswietlacza-ekranu-lcd-w-iphone/1531-wymiana-wyswietlacza-lcd-ekranu-w-iphone-12-mini-.html
el-telgsm.pl,Poland,shop,iphone 15,aftermarket-incell,aftermarket,no,139.98999,PLN,https://el-telgsm.pl/wyswietlacze-iphone/32724-wyswietlacz-lcd-iphone-15-6-1-full-hd-incell-change-ic-jk-czarny.html
euromarserwis.pl,Poland,shop,iphone 13 pro,aftermarket-lcd,aftermarket,no,120.0,PLN,https://www.euromarserwis.pl/wymiana-wyswietlacza-ekranu-lcd-w-iphone/2362-wymiana-wyswietlacza-lcd-ekranu-w-iphone-13-pro.html
euromarserwis.pl,Poland,shop,iphone 13 pro max,aftermarket-lcd,aftermarket,no,120.0,PLN,https://www.euromarserwis.pl/wymiana-wyswietlacza-ekranu-lcd-w-iphone/2372-wymiana-wyswietlacza-lcd-ekranu-w-iphone-13-pro-max.html
euromarserwis.pl,Poland,shop,iphone 13 pro max,aftermarket-lcd,aftermarket,no,220.0,PLN,https://www.euromarserwis.pl/wymiana-wyswietlacza-ekranu-lcd-w-iphone/2373-wymiana-wyswietlacza-lcd-ekranu-w-iphone-13-pro-max-z-przelutowaniem-ukladu-ic.html
euromarserwis.pl,Poland,shop,iphone 13 mini,aftermarket-lcd,aftermarket,no,220.0,PLN,https://www.euromarserwis.pl/wymiana-wyswietlacza-ekranu-lcd-w-iphone/2345-wymiana-wyswietlacza-lcd-ekranu-w-iphone-13-mini-z-przelutowaniem-ukladu-ic.html
euromarserwis.pl,Poland,shop,iphone 13,aftermarket-lcd,aftermarket,no,220.0,PLN,https://www.euromarserwis.pl/wymiana-wyswietlacza-ekranu-lcd-w-iphone/2360-wymiana-wyswietlacza-lcd-ekranu-w-iphone-13-z-przelutowaniem-ukladu-ic.html
euromarserwis.pl,Poland,shop,iphone 14 plus,aftermarket-lcd,aftermarket,no,120.0,PLN,https://www.euromarserwis.pl/wymiana-wyswietlacza-ekranu-lcd-w-iphone/2749-wymiana-wyswietlacza-lcd-ekranu-w-iphone-14-plus.html
euromarserwis.pl,Poland,shop,iphone 14,aftermarket-lcd,aftermarket,no,120.0,PLN,https://www.euromarserwis.pl/wymiana-wyswietlacza-ekranu-lcd-w-iphone/2365-wymiana-wyswietlacza-lcd-ekranu-w-iphone-14-.html
thescreensurgery.com,UK,shop,iphone xs,aftermarket-lcd,aftermarket,no,17.95,GBP,https://thescreensurgery.com/products/iphone-xs-lcd-incell-lcd-tft
irepart.com,China,shop,iphone 16 pro max,aftermarket-oled,aftermarket,no,56.33,USD,https://irepart.com/products/iphone-16-pro-max-ultra-soft-oled-screen-replacement?variant=42989367820497
irepart.com,China,shop,iphone 15 plus,aftermarket-oled,aftermarket,no,85.76,USD,https://irepart.com/products/iphone-15-plus-oled-screen-replacement-repart-ultra-soft-amoled-display
irepart.com,China,shop,iphone 15 pro,aftermarket-oled,aftermarket,no,85.76,USD,https://irepart.com/products/iphone-15-pro-soft-oled-screen-replacement-ultra?variant=42939952070865
euromarserwis.pl,Poland,shop,iphone 14,unknown,aftermarket,no,7.99,PLN,https://www.euromarserwis.pl/iphone-14/2368-uszczelka-tasma-montazowa-pod-wyswietlacz-iphone-14.html
fixo.com.au,Australia,shop,iphone 11 pro,refurb,A,no,98.31,EUR,/products/iphone-11-pro-lcd-screen-refurbished/products/iphone-11-pro-lcd-screen-refurbished?variant=35967548555423
irepart.com,China,shop,iphone 16 pro max,aftermarket-incell,aftermarket,no,32.0,USD,https://irepart.com/products/iphone-16-pro-max-screen-assembly-replacement-select-incell
irepart.com,China,shop,iphone 16 plus,aftermarket-oled,aftermarket,no,85.76,USD,https://irepart.com/products/iphone-16-plus-oled-screen-replacement-repart-ultra-soft-amoled-display
euromarserwis.pl,Poland,shop,iphone 14,aftermarket-soft-oled,aftermarket,no,268.49,PLN,https://www.euromarserwis.pl/iphone-14/2443-wyswietlacz-lcd-ekran-iphone-14-soft-oled-ncc-5903396351662.html
euromarserwis.pl,Poland,shop,iphone 13 mini,aftermarket-lcd,aftermarket,no,120.0,PLN,https://www.euromarserwis.pl/wymiana-wyswietlacza-ekranu-lcd-w-iphone/2344-wymiana-wyswietlacza-lcd-ekranu-w-iphone-13-mini-.html
irepart.com,China,shop,iphone 15,aftermarket-incell,aftermarket,no,27.0,USD,https://irepart.com/products/iphone-15-lcd-screen-replacement-select-incell?_pos=5&_sid=b2cfff5fe&_ss=r
irepart.com,China,shop,iphone 15,aftermarket-soft-oled,aftermarket,no,49.61,USD,https://irepart.com/products/iphone-15-soft-oled-screen-assembly-replacement?_pos=9&_sid=b2cfff5fe&_ss=r
irepart.com,China,shop,iphone 16 pro,aftermarket-oled,aftermarket,no,84.95,USD,https://irepart.com/products/iphone-16-pro-ultra-soft-oled-screen-replacement?_pos=4&_sid=b2cfff5fe&_ss=r
irepart.com,China,shop,iphone 15 pro max,aftermarket-oled,aftermarket,no,84.95,USD,https://irepart.com/products/iphone-15-pro-max-soft-oled-screen-replacement-ultra?_pos=15&_sid=b2cfff5fe&_ss=r
irepart.com,China,shop,iphone xs,aftermarket-incell,aftermarket,no,20.21,USD,https://irepart.com/products/iphone-xs-incell-screen-replacement?_pos=12&_sid=b2cfff5fe&_ss=r
irepart.com,China,shop,iphone 15 pro,aftermarket-oled,aftermarket,no,85.76,USD,https://irepart.com/products/iphone-15-pro-soft-oled-screen-replacement-ultra?_pos=6&_sid=b2cfff5fe&_ss=r
irepart.com,China,shop,iphone 13 pro max,aftermarket-incell,aftermarket,no,10.0,USD,https://irepart.com/products/iphone-13-pro-max-lcd-screen-replacement-standard-incell?_pos=16&_sid=b2cfff5fe&_ss=r
irepart.com,China,shop,iphone 15,aftermarket-hard-oled,aftermarket,no,34.2,USD,https://irepart.com/products/iphone-15-hard-oled-screen?_pos=18&_sid=b2cfff5fe&_ss=r
irepart.com,China,shop,iphone 15,aftermarket-oled,aftermarket,no,59.33,USD,https://irepart.com/products/iphone-15-ultra-soft-oled-screen-replacement
irepart.com,China,shop,iphone 16 pro max,aftermarket-oled,aftermarket,no,56.33,USD,https://irepart.com/products/iphone-16-pro-max-ultra-soft-oled-screen-replacement
irepart.com,China,shop,iphone 15,aftermarket-incell,aftermarket,no,27.0,USD,https://irepart.com/products/iphone-15-lcd-screen-replacement-select-incell
irepart.com,China,shop,iphone 16e,aftermarket-soft-oled,aftermarket,no,70.0,USD,https://irepart.com/products/iphone-16e-screen-assembly-replacement-select-incell
irepart.com,China,shop,iphone 14 plus,aftermarket-oled,aftermarket,no,45.75,USD,https://irepart.com/products/iphone-14-plus-soft-oled-screen-replacement-ultra
irepart.com,China,shop,iphone 15 pro max,aftermarket-oled,aftermarket,no,84.95,USD,https://irepart.com/products/iphone-15-pro-max-soft-oled-screen-replacement-ultra
irepart.com,China,shop,iphone 14 pro max,aftermarket-oled,aftermarket,no,69.66,USD,https://irepart.com/products/iphone-14-pro-max-soft-oled-screen-replacement-ultra
irepart.com,China,shop,iphone 15,aftermarket-oled,aftermarket,no,59.33,USD,https://irepart.com/products/iphone-15-ultra-soft-oled-screen-replacement?_pos=3&_sid=b2cfff5fe&_ss=r
capitalmovil.com.mx,Mexico,shop,iphone 11,original,A,no,220.0,MXN,https://www.capitalmovil.com.mx/products/pantalla-iphone-11-incell-para-cambio-de-ic?_pos=4&_sid=06963837b&_ss=r
capitalmovil.com.mx,Mexico,shop,iphone 16 plus,unknown,aftermarket,no,720.0,MXN,https://www.capitalmovil.com.mx/products/pantalla-iphone-16-plus-soft-oled-para-cambio-de-ic?_pos=6&_sid=06963837b&_ss=r
capitalmovil.com.mx,Mexico,shop,iphone 13,unknown,aftermarket,no,475.0,MXN,https://www.capitalmovil.com.mx/search?q=pantalla%20iphone%2013
capitalmovil.com.mx,Mexico,shop,iphone 14 pro,unknown,aftermarket,no,520.0,MXN,https://www.capitalmovil.com.mx/products/pantalla-iphone-14-pro-incell-con-cambio-de-ic?_pos=14&_sid=06963837b&_ss=r
capitalmovil.com.mx,Mexico,shop,iphone 14 pro max,unknown,aftermarket,no,1149.0,MXN,https://www.capitalmovil.com.mx/products/hzyoo-pantalla-para-iphone-14-pro-max-para-cambio-de-ic?_pos=5&_sid=06963837b&_ss=r
capitalmovil.com.mx,Mexico,shop,iphone xr,unknown,aftermarket,no,220.0,MXN,https://www.capitalmovil.com.mx/products/pantalla-iphone-xr?_pos=16&_sid=06963837b&_ss=r
capitalmovil.com.mx,Mexico,shop,iphone 16,unknown,aftermarket,no,630.0,MXN,https://www.capitalmovil.com.mx/products/pantalla-iphone-16-soft-oled-con-cambio-de-ic?_pos=13&_sid=06963837b&_ss=r
capitalmovil.com.mx,Mexico,shop,iphone 15 plus,unknown,aftermarket,no,1499.0,MXN,https://www.capitalmovil.com.mx/products/hzyoo-pantalla-para-iphone-15-plus-para-cambio-de-ic?_pos=9&_sid=06963837b&_ss=r
irepart.com,China,shop,iphone 14 pro,aftermarket-oled,aftermarket,no,70.46,USD,https://irepart.com/products/iphone-14-pro-soft-oled-screen-replacement-ultra
capitalmovil.com.mx,Mexico,shop,iphone 16 pro max,unknown,aftermarket,no,950.0,MXN,https://www.capitalmovil.com.mx/products/pantalla-iphone-16-pro-max-incell-para-cambio-de-ic?_pos=21&_sid=06963837b&_ss=r
capitalmovil.com.mx,Mexico,shop,iphone 13 pro max,unknown,aftermarket,no,449.0,MXN,https://www.capitalmovil.com.mx/products/pantalla-iphone-13-pro-max-incell-para-cambio-de-ic?_pos=10&_sid=06963837b&_ss=r
capitalmovil.com.mx,Mexico,shop,iphone xs,unknown,aftermarket,no,230.0,MXN,https://www.capitalmovil.com.mx/products/lcdipxsslin?_pos=17&_sid=06963837b&_ss=r
capitalmovil.com.mx,Mexico,shop,iphone 14,unknown,aftermarket,no,650.0,MXN,https://www.capitalmovil.com.mx/products/pantalla-iphone-14-incell-para-cambio-de-ic?_pos=20&_sid=06963837b&_ss=r
capitalmovil.com.mx,Mexico,shop,iphone 16,unknown,aftermarket,no,1040.0,MXN,https://www.capitalmovil.com.mx/products/hzyoo-pantalla-para-iphone-16-para-cambio-de-ic?_pos=22&_sid=06963837b&_ss=r
capitalmovil.com.mx,Mexico,shop,iphone 13 pro,unknown,aftermarket,no,350.0,MXN,https://www.capitalmovil.com.mx/products/pantalla-iphone-13-pro-incell-para-cambio-de-ic?_pos=1&_sid=65af8c026&_ss=r
capitalmovil.com.mx,Mexico,shop,iphone 13,unknown,aftermarket,no,940.0,MXN,https://www.capitalmovil.com.mx/products/hzyoo-pantalla-para-iphone-13-para-cambio-de-ic?_pos=2&_sid=65af8c026&_ss=r
capitalmovil.com.mx,Mexico,shop,iphone 16 pro max,unknown,aftermarket,no,1200.0,MXN,https://www.capitalmovil.com.mx/products/hzyoo-pantalla-para-iphone-16-pro-max-para-cambio-de-ic?_pos=18&_sid=06963837b&_ss=r
capitalmovil.com.mx,Mexico,shop,iphone 15 pro,unknown,aftermarket,no,349.0,MXN,https://www.capitalmovil.com.mx/products/pantalla-iphone-15-pro-soft-oled-para-cambio-de-ic?_pos=1&_sid=06963837b&_ss=r
capitalmovil.com.mx,Mexico,shop,iphone 11,original,A,no,220.0,MXN,https://www.capitalmovil.com.mx/products/pantalla-iphone-11-incell-para-cambio-de-ic?_pos=14&_sid=65af8c026&_ss=r
capitalmovil.com.mx,Mexico,shop,iphone 14 pro max,unknown,aftermarket,no,1149.0,MXN,https://www.capitalmovil.com.mx/products/hzyoo-pantalla-para-iphone-14-pro-max-para-cambio-de-ic?_pos=20&_sid=65af8c026&_ss=r
capitalmovil.com.mx,Mexico,shop,iphone 13 mini,unknown,aftermarket,no,500.0,MXN,https://www.capitalmovil.com.mx/products/hzyoo-pantalla-iphone-13-mini-para-cambio-de-ic?_pos=6&_sid=65af8c026&_ss=r
preciosadictos.com,Spain,shop,iphone 11 pro max,unknown,aftermarket,no,37.5,EUR,https://www.preciosadictos.com/pantalla-iphone-11-pro-max-bf8-p-20811.html
capitalmovil.com.mx,Mexico,shop,iphone 15 pro,unknown,aftermarket,no,349.0,MXN,https://www.capitalmovil.com.mx/products/pantalla-iphone-15-pro-soft-oled-para-cambio-de-ic?_pos=16&_sid=65af8c026&_ss=r
capitalmovil.com.mx,Mexico,shop,iphone xs,unknown,aftermarket,no,230.0,MXN,https://www.capitalmovil.com.mx/products/lcdipxsslin?_pos=19&_sid=65af8c026&_ss=r
preciosadictos.com,Spain,shop,iphone 13 pro,unknown,aftermarket,no,47.18,EUR,https://www.preciosadictos.com/pantalla-para-iphone-13-pro-bf8-p-54341.html
componentesmovil.es,Spain,shop,iphone 11,unknown,aftermarket,no,23.0,EUR,https://www.componentesmovil.es/iphone/iphone-11/pantalla-completa-iphone-11
preciosadictos.com,Spain,shop,iphone 11 pro,unknown,aftermarket,no,35.08,EUR,https://www.preciosadictos.com/pantalla-para-iphone-11-pro-bf8-p-20810.html
preciosadictos.com,Spain,shop,iphone 15 pro max,unknown,aftermarket,no,55.65,EUR,https://www.preciosadictos.com/pantalla-para-iphone-15-pro-max-bf8-p-54343.html
preciosadictos.com,Spain,shop,iphone 14 plus,unknown,aftermarket,no,48.39,EUR,https://www.preciosadictos.com/pantalla-para-iphone-14-plus-bf8-p-44697.html
componentesmovil.es,Spain,shop,iphone x,unknown,aftermarket,no,54.99,EUR,https://www.componentesmovil.es/iphone/iphone-x/pantalla-completa-iphone-x
preciosadictos.com,Spain,shop,iphone 12,unknown,aftermarket,no,277.09,EUR,https://www.preciosadictos.com/pack-91-pantallas-iphone-12-12-pro-bf8-p-65082.html
preciosadictos.com,Spain,shop,iphone 15 plus,unknown,aftermarket,no,53.23,EUR,https://www.preciosadictos.com/pantalla-para-iphone-15-plus-bf8-p-53513.html
preciosadictos.com,Spain,shop,iphone 15 pro,unknown,aftermarket,no,49.6,EUR,https://www.preciosadictos.com/pantalla-para-iphone-15-pro-bf8-p-54342.html
preciosadictos.com,Spain,shop,iphone 14,unknown,aftermarket,no,44.76,EUR,https://www.preciosadictos.com/pantalla-para-iphone-14-bf8-p-44696.html
preciosadictos.com,Spain,shop,iphone 12 pro max,unknown,aftermarket,no,47.18,EUR,https://www.preciosadictos.com/pantalla-para-iphone-12-pro-max-bf8-p-27051.html
preciosadictos.com,Spain,shop,iphone 13 mini,unknown,aftermarket,no,48.39,EUR,https://www.preciosadictos.com/pantalla-para-iphone-13-mini-bf8-p-36572.html
preciosadictos.com,Spain,shop,iphone 14 pro,unknown,aftermarket,no,49.6,EUR,https://www.preciosadictos.com/pantalla-para-iphone-14-pro-bf8-p-54352.html
preciosadictos.com,Spain,shop,iphone 16 pro,unknown,aftermarket,no,67.75,EUR,https://www.preciosadictos.com/pantalla-para-iphone-16-pro-bf8-p-62255.html
preciosadictos.com,Spain,shop,iphone 16e,unknown,aftermarket,no,48.39,EUR,https://www.preciosadictos.com/pantalla-para-iphone-16e-bf8-p-62990.html
repuestostic.com,Spain,shop,iphone 11,unknown,aftermarket,no,2.0,EUR,https://www.repuestostic.com/en/spare-parts-iphone-11/22804-adhesivo-pantalla-iphone-11.html
repuestostic.com,Spain,shop,iphone 11,aftermarket-lcd,aftermarket,no,26.95,EUR,https://www.repuestostic.com/en/spare-parts-iphone-11/9598-pantalla-completa-lcd-aaa-iphone-11.html
repuestostic.com,Spain,shop,iphone 11,aftermarket-incell,aftermarket,no,19.95,EUR,https://www.repuestostic.com/en/spare-parts-iphone-11/22533-pantalla-iphone-11-jk-incell.html
preciosadictos.com,Spain,shop,iphone xr,unknown,aftermarket,no,27.82,EUR,https://www.preciosadictos.com/pantalla-para-iphone-xr-bf8-p-20790.html
preciosadictos.com,Spain,shop,iphone xs max,unknown,aftermarket,no,30.240000000000002,EUR,https://www.preciosadictos.com/pantalla-para-iphone-xs-max-bf8-p-20791.html
preciosadictos.com,Spain,shop,iphone xr,aftermarket-incell,aftermarket,no,19.35,EUR,https://www.preciosadictos.com/pantalla-para-iphone-xr-incell-p-15194.html
preciosadictos.com,Spain,shop,iphone xr,unknown,aftermarket,no,27.82,EUR,https://www.preciosadictos.com/pantalla-para-iphone-xr-jk-p-64680.html
preciosadictos.com,Spain,shop,iphone 12,unknown,aftermarket,no,79.85,EUR,https://www.preciosadictos.com/pantalla-para-iphone-12-12-pro-excellent-p-41050.html
preciosadictos.com,Spain,shop,iphone xr,unknown,aftermarket,no,38.71,EUR,https://www.preciosadictos.com/pantalla-para-iphone-xr-excellent-p-22059.html
preciosadictos.com,Spain,shop,iphone 12 pro,aftermarket-soft-oled,aftermarket,no,84.69,EUR,https://www.preciosadictos.com/pantalla-para-iphone-12-12-pro-ic-originalsoft-oled-p-64606.html
preciosadictos.com,Spain,shop,iphone 12,unknown,aftermarket,no,33.87,EUR,https://www.preciosadictos.com/pantalla-para-iphone-12-12-pro-bf8-p-27050.html
preciosadictos.com,Spain,shop,iphone xs,unknown,aftermarket,no,27.82,EUR,https://www.preciosadictos.com/pantalla-para-iphone-xs-bf8-p-20789.html
therepairplus.com,UK,shop,iphone 16,aftermarket-oled,aftermarket,no,139.98,GBP,https://therepairplus.com/products/for-iphone-16-original-super-retina-xdr-oled-screen?variant=51974679167303
preciosadictos.com,Spain,shop,iphone 11,unknown,aftermarket,no,29.03,EUR,https://www.preciosadictos.com/pantalla-para-iphone-11-jk-p-64683.html
preciosadictos.com,Spain,shop,iphone 12 pro,aftermarket-hard-oled,aftermarket,no,52.02,EUR,https://www.preciosadictos.com/pantalla-para-iphone-12-12-pro-hard-oled-p-31334.html
preciosadictos.com,Spain,shop,iphone 16 plus,unknown,aftermarket,no,61.699999999999996,EUR,https://www.preciosadictos.com/pantalla-para-iphone-16-plus-bf8-p-58890.html
preciosadictos.com,Spain,shop,iphone x,unknown,aftermarket,no,27.82,EUR,https://www.preciosadictos.com/pantalla-para-iphone-x-bf8-p-20788.html
ilevante.com,Spain,shop,iphone 11,unknown,aftermarket,no,26.5,EUR,https://www.ilevante.com/pantalla-completa-para-iphone-11
ilevante.com,Spain,shop,iphone 13 pro max,unknown,aftermarket,no,26.45,EUR,https://www.ilevante.com/pantalla-completa-para-iphone-13-pro-max
ilevante.com,Spain,shop,iphone 12,aftermarket-oled,aftermarket,no,30.9,EUR,https://www.ilevante.com/pantalla-completa-para-iphone-12-oled-como-original
therepairplus.com,UK,shop,iphone 15 pro max,aftermarket-lcd,aftermarket,no,49.98,GBP,https://therepairplus.com/products/for-iphone-15-pro-max-fhd-lcd-screen-replacement-the-repair-plus?variant=50694934790471
ilevante.com,Spain,shop,iphone 15 pro,aftermarket-oled,aftermarket,no,47.9,EUR,https://www.ilevante.com/pantalla-completa-oled-para-iphone-15-pro
ilevante.com,Spain,shop,iphone 12,unknown,aftermarket,no,18.55,EUR,https://www.ilevante.com/pantalla-completa-para-iphone-12
ilevante.com,Spain,shop,iphone 13,unknown,aftermarket,no,21.75,EUR,https://www.ilevante.com/pantalla-completa-para-iphone-13
ilevante.com,Spain,shop,iphone xr,aftermarket-lcd,aftermarket,no,15.26,EUR,https://www.ilevante.com/pantalla-lcd-y-pantalla-tactil-original-para-iphone-xr
ilevante.com,Spain,shop,iphone 14 pro max,unknown,aftermarket,no,49.9,EUR,https://www.ilevante.com/pantalla-completa-para-iphone-14-pro-max
ilevante.com,Spain,shop,iphone 14 pro max,original,A,no,81.95,EUR,https://www.ilevante.com/pantalla-completa-para-iphone-14-pro-max-oled
ilevante.com,Spain,shop,iphone 15,unknown,aftermarket,no,24.9,EUR,https://www.ilevante.com/pantalla-completa-para-iphone-15
ilevante.com,Spain,shop,iphone 11 pro,unknown,aftermarket,no,17.55,EUR,https://www.ilevante.com/pantalla-completa-para-iphone-11-pro
ilevante.com,Spain,shop,iphone 11 pro max,unknown,aftermarket,no,18.5,EUR,https://www.ilevante.com/pantalla-completa-para-iphone-11-pro-max
ilevante.com,Spain,shop,iphone 11,unknown,aftermarket,no,26.5,EUR,https://www.ilevante.com/pantalla-completa-para-iphone-11#pantalla-iphone-11-completa
ilevante.com,Spain,shop,iphone 13 pro,unknown,aftermarket,no,22.99,EUR,https://www.ilevante.com/pantalla-completa-para-iphone-13-pro#pantalla-para-iphone-13-pro-repuesto-de-calidad-premium
ilevante.com,Spain,shop,iphone xs,unknown,aftermarket,no,17.9,EUR,https://www.ilevante.com/pantalla-completa-iphone-xs
ilevante.com,Spain,shop,iphone 11,unknown,aftermarket,no,26.5,EUR,https://www.ilevante.com/pantalla-completa-para-iphone-11#consejos-iphone-11-pantalla
ilevante.com,Spain,shop,iphone 12 pro max,original,A,no,37.9,EUR,https://www.ilevante.com/pantalla-completa-para-iphone-12-pro-max-oled-como-original
ilevante.com,Spain,shop,iphone x,aftermarket-lcd,aftermarket,no,14.99,EUR,https://www.ilevante.com/pantalla-iphone-x
ilevante.com,Spain,shop,iphone 13 pro,unknown,aftermarket,no,22.99,EUR,https://www.ilevante.com/pantalla-completa-para-iphone-13-pro#por-que-elegir-esta-pantalla-iphone-13-pro-de-calidad-premium
ilevante.com,Spain,shop,iphone 13,aftermarket-oled,aftermarket,no,36.9,EUR,https://www.ilevante.com/pantalla-completa-para-iphone-13-original
ilevante.com,Spain,shop,iphone 13,aftermarket-oled,aftermarket,no,36.9,EUR,https://www.ilevante.com/pantalla-completa-para-iphone-13-original#y#10067-preguntas-frecuentes-sobre-la-pantalla-oled-para-iphone-13
ilevante.com,Spain,shop,iphone 13 pro,unknown,aftermarket,no,22.99,EUR,https://www.ilevante.com/pantalla-completa-para-iphone-13-pro#compatibilidad-y-detalles-tecnicos-de-la-pantalla-iphone-13-pro
ilevante.com,Spain,shop,iphone 13,aftermarket-oled,aftermarket,no,36.9,EUR,https://www.ilevante.com/pantalla-completa-para-iphone-13-original#y#128241-pantalla-iphone-13-oled-la-maxima-calidad-de-imagen-para-tu-reparacion
thescreensurgery.com,UK,shop,iphone 14,aftermarket-soft-oled,aftermarket,no,47.95,EUR,https://thescreensurgery.com/products/for-iphone-14-value-soft-oled?variant=55119498379637
ilevante.com,Spain,shop,iphone 11,unknown,aftermarket,no,15.53,EUR,https://www.ilevante.com/pantalla-para-iphone-11-incell#pantalla-para-iphone-11-repuesto-de-calidad-premium
thescreensurgery.com,UK,shop,iphone 11,aftermarket-lcd,aftermarket,no,14.95,EUR,https://thescreensurgery.com/products/a32663-01?variant=39731970179166
thescreensurgery.com,UK,shop,iphone 11,aftermarket-lcd,aftermarket,no,14.95,GBP,https://thescreensurgery.com/products/a32663-01
ilevante.com,Spain,shop,iphone 11,unknown,aftermarket,no,15.53,EUR,https://www.ilevante.com/pantalla-para-iphone-11-incell#por-que-elegir-una-pantalla-iphone-11-de-calidad-premium
thescreensurgery.com,UK,shop,iphone xr,aftermarket-lcd,aftermarket,no,14.95,EUR,https://thescreensurgery.com/products/a32662-01?variant=39731970146398
thescreensurgery.com,UK,shop,iphone 15,aftermarket-lcd,aftermarket,no,26.95,GBP,https://thescreensurgery.com/products/for-iphone-15-value-lcd
thescreensurgery.com,UK,shop,iphone 12 pro,aftermarket-soft-oled,aftermarket,no,47.95,GBP,https://thescreensurgery.com/products/for-iphone-12-12-pro-value-soft-oled
thescreensurgery.com,UK,shop,iphone xr,aftermarket-lcd,aftermarket,no,14.95,GBP,https://thescreensurgery.com/products/a32662-01
thescreensurgery.com,UK,shop,iphone 11 pro max,aftermarket-soft-oled,aftermarket,no,41.95,GBP,https://thescreensurgery.com/products/for-iphone-11-pro-max-value-soft-oled
thescreensurgery.com,UK,shop,iphone x,aftermarket-lcd,aftermarket,no,17.95,GBP,https://thescreensurgery.com/products/iphone-x-lcd-incell-lcd
thescreensurgery.com,UK,shop,iphone xs max,aftermarket-lcd,aftermarket,no,19.95,GBP,https://thescreensurgery.com/products/iphone-xs-max-value-incell-lcd
thescreensurgery.com,UK,shop,iphone 15 pro,aftermarket-soft-oled,aftermarket,no,53.95,GBP,https://thescreensurgery.com/products/for-iphone-15-pro-value-soft-oled-120hz
thescreensurgery.com,UK,shop,iphone 13 pro,aftermarket-soft-oled,aftermarket,no,53.95,GBP,https://thescreensurgery.com/products/for-iphone-13-pro-value-soft-oled-120hz
thescreensurgery.com,UK,shop,iphone 13 pro max,aftermarket-soft-oled,aftermarket,no,47.95,GBP,https://thescreensurgery.com/products/for-iphone-13-pro-max-value-soft-oled-120hz
thescreensurgery.com,UK,shop,iphone 15 pro,aftermarket-soft-oled,aftermarket,no,53.95,EUR,https://thescreensurgery.com/products/for-iphone-15-pro-value-soft-oled-120hz?variant=55119508341109
thescreensurgery.com,UK,shop,iphone 12 pro,aftermarket-lcd,aftermarket,no,20.95,GBP,https://thescreensurgery.com/products/for-iphone-12-12-pro-value-lcd?_pos=13&_sid=219c6541c&_ss=r
thescreensurgery.com,UK,shop,iphone 11,aftermarket-lcd,aftermarket,no,14.95,GBP,https://thescreensurgery.com/products/a32663-01?_pos=6&_sid=219c6541c&_ss=r
thescreensurgery.com,UK,shop,iphone 16e,aftermarket-lcd,aftermarket,no,23.95,GBP,https://thescreensurgery.com/products/for-iphone-16e-17e-value-lcd
thescreensurgery.com,UK,shop,iphone 12 pro,aftermarket-lcd,aftermarket,no,20.95,GBP,https://thescreensurgery.com/products/for-iphone-12-12-pro-value-lcd
thescreensurgery.com,UK,shop,iphone 15,aftermarket-lcd,aftermarket,no,26.95,GBP,https://thescreensurgery.com/products/for-iphone-15-value-lcd?_pos=4&_sid=219c6541c&_ss=r
thescreensurgery.com,UK,shop,iphone 16 pro,aftermarket-lcd,aftermarket,no,41.95,GBP,https://thescreensurgery.com/products/for-iphone-16-pro-value-lcd?_pos=5&_sid=219c6541c&_ss=r
thescreensurgery.com,UK,shop,iphone 16,aftermarket-lcd,aftermarket,no,32.95,GBP,https://thescreensurgery.com/products/for-iphone-16-value-lcd?_pos=8&_sid=219c6541c&_ss=r
thescreensurgery.com,UK,shop,iphone x,aftermarket-lcd,aftermarket,no,17.95,GBP,https://thescreensurgery.com/products/iphone-x-lcd-incell-lcd?_pos=11&_sid=219c6541c&_ss=r
thescreensurgery.com,UK,shop,iphone 14 pro max,aftermarket-lcd,aftermarket,no,35.95,GBP,https://thescreensurgery.com/products/for-iphone-14-pro-max-value-lcd?_pos=15&_sid=219c6541c&_ss=r
thescreensurgery.com,UK,shop,iphone 15 pro max,aftermarket-lcd,aftermarket,no,35.95,GBP,https://thescreensurgery.com/products/for-iphone-15-pro-max-value-lcd?_pos=16&_sid=219c6541c&_ss=r
thescreensurgery.com,UK,shop,iphone xs max,aftermarket-lcd,aftermarket,no,19.95,GBP,https://thescreensurgery.com/products/iphone-xs-max-value-incell-lcd?_pos=9&_sid=219c6541c&_ss=r
thescreensurgery.com,UK,shop,iphone 11,aftermarket-lcd,aftermarket,no,19.95,GBP,https://thescreensurgery.com/products/iphone-11-tx-pro-lcd?_pos=1&_sid=219c6541c&_ss=r
thescreensurgery.com,UK,shop,iphone 14,aftermarket-lcd,aftermarket,no,22.95,GBP,https://thescreensurgery.com/products/for-iphone-14-value-lcd?_pos=12&_sid=219c6541c&_ss=r
mdparts.com.au,Australia,shop,iphone 12 pro,unknown,aftermarket,no,3.85,AUD,https://mdparts.com.au/products/privacy-iphone-tempered-glass-screen-protector?variant=53528730599718
thescreensurgery.com,UK,shop,iphone 12 pro max,aftermarket-lcd,aftermarket,no,28.95,GBP,https://thescreensurgery.com/products/for-iphone-12-pro-max-value-lcd?_pos=17&_sid=219c6541c&_ss=r
mdparts.com.au,Australia,shop,iphone 13 mini,unknown,aftermarket,no,3.85,AUD,https://mdparts.com.au/products/privacy-iphone-tempered-glass-screen-protector?variant=53528730632486
mdparts.com.au,Australia,shop,iphone 12 pro max,unknown,aftermarket,no,3.85,AUD,https://mdparts.com.au/products/privacy-iphone-tempered-glass-screen-protector?variant=53528730566950
thescreensurgery.com,UK,shop,iphone xr,aftermarket-lcd,aftermarket,no,19.95,GBP,https://thescreensurgery.com/products/iphone-xr-tx-pro-lcd?_pos=2&_sid=219c6541c&_ss=r
mdparts.com.au,Australia,shop,iphone 13 mini,unknown,aftermarket,no,1.98,AUD,https://mdparts.com.au/products/g12-premium-iphone-tempered-glass-screen-protector?variant=53528729649446
mdparts.com.au,Australia,shop,iphone 14 pro max,unknown,aftermarket,no,1.98,AUD,https://mdparts.com.au/products/g12-premium-iphone-tempered-glass-screen-protector?variant=53528729846054
mdparts.com.au,Australia,shop,iphone 14 plus,unknown,aftermarket,no,1.98,AUD,https://mdparts.com.au/products/g12-premium-iphone-tempered-glass-screen-protector?variant=53528729813286
mdparts.com.au,Australia,shop,iphone 11,unknown,aftermarket,no,1.98,AUD,https://mdparts.com.au/products/privacy-iphone-tempered-glass-screen-protector?variant=53528730992934
mdparts.com.au,Australia,shop,iphone 11 pro,unknown,aftermarket,no,1.98,AUD,https://mdparts.com.au/products/g12-premium-iphone-tempered-glass-screen-protector?variant=53528729551142
mdparts.com.au,Australia,shop,iphone 16 pro,unknown,aftermarket,no,3.19,AUD,https://mdparts.com.au/products/privacy-iphone-tempered-glass-screen-protector?variant=53528730763558
mdparts.com.au,Australia,shop,iphone 16e,unknown,aftermarket,no,1.98,AUD,https://mdparts.com.au/products/g12-premium-iphone-tempered-glass-screen-protector?variant=53528729878822
mdparts.com.au,Australia,shop,iphone 12 mini,unknown,aftermarket,no,1.98,AUD,https://mdparts.com.au/products/g12-premium-iphone-tempered-glass-screen-protector?variant=53528729583910
mdparts.com.au,Australia,shop,iphone 11,unknown,aftermarket,no,1.98,AUD,https://mdparts.com.au/products/g12-premium-iphone-tempered-glass-screen-protector?variant=53528729682214
mdparts.com.au,Australia,shop,iphone 14 plus,unknown,aftermarket,no,3.19,AUD,https://mdparts.com.au/products/privacy-iphone-tempered-glass-screen-protector?variant=53528730861862
mdparts.com.au,Australia,shop,iphone 14,unknown,aftermarket,no,3.85,AUD,https://mdparts.com.au/products/privacy-iphone-tempered-glass-screen-protector?variant=53528730894630
mdparts.com.au,Australia,shop,iphone 15,unknown,aftermarket,no,3.85,AUD,https://mdparts.com.au/products/privacy-iphone-tempered-glass-screen-protector?variant=53528730927398
mdparts.com.au,Australia,shop,iphone 16 plus,unknown,aftermarket,no,3.85,AUD,https://mdparts.com.au/products/privacy-iphone-tempered-glass-screen-protector?variant=53528730665254
mdparts.com.au,Australia,shop,iphone 11 pro max,unknown,aftermarket,no,1.98,AUD,https://mdparts.com.au/products/g12-premium-iphone-tempered-glass-screen-protector?variant=53528729747750
mdparts.com.au,Australia,shop,iphone 15 pro,unknown,aftermarket,no,3.19,AUD,https://mdparts.com.au/products/privacy-iphone-tempered-glass-screen-protector?variant=53528730730790
mdparts.com.au,Australia,shop,iphone 11 pro,unknown,aftermarket,no,1.98,AUD,https://mdparts.com.au/products/privacy-iphone-tempered-glass-screen-protector?variant=53528730960166
mdparts.com.au,Australia,shop,iphone 15 pro max,unknown,aftermarket,no,1.98,AUD,https://mdparts.com.au/products/g12-premium-iphone-tempered-glass-screen-protector?variant=53528730009894
mdparts.com.au,Australia,shop,iphone 16 pro max,unknown,aftermarket,no,2.2,AUD,https://mdparts.com.au/products/g12-premium-iphone-tempered-glass-screen-protector?variant=53528730042662
mdparts.com.au,Australia,shop,iphone 12 pro,unknown,aftermarket,no,1.09,AUD,https://mdparts.com.au/products/g10-iphone-tempered-glass-screen-protector?variant=53528728174886
mdparts.com.au,Australia,shop,iphone 11 pro,unknown,aftermarket,no,1.09,AUD,https://mdparts.com.au/products/g10-iphone-tempered-glass-screen-protector?variant=53528728207654
mdparts.com.au,Australia,shop,iphone 11,unknown,aftermarket,no,1.09,AUD,https://mdparts.com.au/products/g10-iphone-tempered-glass-screen-protector?variant=53528728240422
mdparts.com.au,Australia,shop,iphone 14 plus,unknown,aftermarket,no,1.09,AUD,https://mdparts.com.au/products/g10-iphone-tempered-glass-screen-protector?variant=53528728338726
mdparts.com.au,Australia,shop,iphone 12 pro max,unknown,aftermarket,no,1.09,AUD,https://mdparts.com.au/products/g10-iphone-tempered-glass-screen-protector?variant=53528728305958
mecimart.se,SE,shop,iphone 15 pro max,aftermarket-lcd,aftermarket,no,499.0,,https://mecimart.se/produkt/jk-lcd-skarm-for-iphone-15-pro-max
mdparts.com.au,Australia,shop,iphone 16e,unknown,aftermarket,no,1.09,AUD,https://mdparts.com.au/products/g10-iphone-tempered-glass-screen-protector?variant=53528728404262
mdparts.com.au,Australia,shop,iphone 15 plus,unknown,aftermarket,no,1.09,AUD,https://mdparts.com.au/products/g10-iphone-tempered-glass-screen-protector?variant=53528728437030
etradesupply.com,China,shop,iphone 11,unknown,aftermarket,no,150.3,USD,https://www.etradesupply.com/apple-iphone-11-digitizer-touch-screen-with-oca-replacement-with-3d-touch-function-grade-s.html
cdx.de,Germany,shop,iphone 15,unknown,aftermarket,YES,145.0,EUR,https://www.cdx.de/store/IPHONE-ERSATZTEILE/IPHONE-15-DISPLAYS
witrigs.com,China,shop,iphone 15 pro max,original,A,no,278.0,USD,https://witrigs.com/en-fi/products/oem-screen-replacement-for-iphone-15-pro-max?variant=47013060215038
witrigs.com,China,shop,iphone 15 pro max,unknown,aftermarket,no,278.0,USD,https://witrigs.com/en-fi/products/oem-screen-replacement-for-iphone-15-pro-max
mdparts.com.au,Australia,shop,iphone 14 pro max,unknown,aftermarket,no,1.09,AUD,https://mdparts.com.au/products/g10-iphone-tempered-glass-screen-protector?variant=53528728371494
mecimart.se,SE,shop,iphone 14 pro max,aftermarket-lcd,aftermarket,no,1400.0,,https://mecimart.se/produkt/dd-lcd-skarm-for-iphone-14-pro-14-pro-max
mdparts.com.au,Australia,shop,iphone 16 pro,unknown,aftermarket,no,2.2,AUD,https://mdparts.com.au/products/g12-premium-iphone-tempered-glass-screen-protector?variant=53528729452838
witrigs.com,China,shop,iphone 12 pro max,original,A,no,135.0,USD,https://witrigs.com/en-fi/products/oem-screen-replacement-for-apple-iphone-12-pro-max?_pos=11&_sid=13c59c92d&_ss=r
witrigs.com,China,shop,iphone 13 pro max,unknown,aftermarket,no,139.0,USD,https://witrigs.com/en-fi/products/oem-screen-replacement-for-iphone-13-pro-max?_pos=18&_sid=13c59c92d&_ss=r
witrigs.com,China,shop,iphone xr,unknown,aftermarket,no,27.5,USD,https://witrigs.com/en-fi/products/oem-screen-replacement-for-iphone-xr-black?_pos=10&_sid=13c59c92d&_ss=r
iphonescreenwholesale.com,China,shop,iphone 11 pro,unknown,aftermarket,YES,19.56,USD,https://iphonescreenwholesale.com/product/iphone-11-pro-screen/
witrigs.com,China,shop,iphone 11,unknown,aftermarket,no,25.0,USD,https://witrigs.com/en-fi/products/custom-screen-replacement-for-iphone-11?_pos=8&_sid=13c59c92d&_ss=r
witrigs.com,China,shop,iphone 14,original,A,no,109.0,USD,https://witrigs.com/en-fi/products/oem-screen-replacement-for-iphone-14?_pos=6&_sid=13c59c92d&_ss=r
witrigs.com,China,shop,iphone 12 mini,unknown,aftermarket,no,85.0,USD,https://witrigs.com/en-fi/products/oem-screen-replacement-for-iphone-12-mini?_pos=19&_sid=13c59c92d&_ss=r
iphonescreenwholesale.com,China,shop,iphone 12,unknown,aftermarket,YES,24.01,USD,https://iphonescreenwholesale.com/product/iphone-12-screen/
pulledparts.co.uk,UK,shop,iphone xs,refurb,A,no,50.0,GBP,https://pulledparts.co.uk/product/apple-iphone-xs-lcd-display-refurbished-original/
mobilexperten.se,SE,shop,iphone 15,unknown,aftermarket,no,189.0,,https://www.mobilexperten.se/produkt/3mk-iphone-15-plastfilm-skarmskydd-arc-plus-fullscreen/
mobilexperten.se,SE,shop,iphone 16 pro,unknown,aftermarket,no,179.0,,https://www.mobilexperten.se/produkt/myscreen-iphone-16-pro-skarmskydd-hybrid-glas/
pulledparts.co.uk,UK,shop,iphone 11 pro,refurb,A,no,60.0,GBP,https://pulledparts.co.uk/product/apple-iphone-11-pro-lcd-display-refurbished-original/
pulledparts.co.uk,UK,shop,iphone x,refurb,A,no,50.0,GBP,https://pulledparts.co.uk/product/apple-iphone-x-lcd-display-refurbished-original/
iphonescreenwholesale.com,China,shop,iphone 12 pro,unknown,aftermarket,YES,24.01,USD,https://iphonescreenwholesale.com/product/iphone-12-pro-screen/
witrigs.com,China,shop,iphone 15 plus,original,A,no,169.0,USD,https://witrigs.com/en-fi/products/original-screen-replacement-for-iphone-15-plus?_pos=21&_sid=13c59c92d&_ss=r
iparts-4u.co.uk,UK,shop,iphone 16 plus,aftermarket-soft-oled,aftermarket,YES,119.99,GBP,https://www.iparts-4u.co.uk/for-iphone-16-plus-screen-assembly-ip9-soft-oled-diagnostic-calibration
mobilexperten.se,SE,shop,iphone 16,unknown,aftermarket,no,179.0,,https://www.mobilexperten.se/produkt/myscreen-iphone-16-skarmskydd-hybrid-glas/
iphonescreenwholesale.com,China,shop,iphone 12 mini,unknown,aftermarket,YES,34.79,USD,https://iphonescreenwholesale.com/product/iphone-12-mini-screen/
witrigs.com,China,shop,iphone 12,unknown,aftermarket,no,75.0,USD,https://witrigs.com/en-fi/products/oem-screen-replacement-for-iphone-12?_pos=12&_sid=13c59c92d&_ss=r
iparts-4u.eu,Ireland,shop,iphone 16,aftermarket-soft-oled,aftermarket,no,44.99,EUR,https://www.iparts-4u.eu/for-iphone-16-screen-assembly-soft-oled-ip9
teevo.com,China,shop,iphone xr,refurb,A,no,16.86,USD,https://www.teevo.com/products/1474273?_pos=8&_sid=e42fb8b4b&_ss=r
iparts-4u.eu,Ireland,shop,iphone 16 plus,aftermarket-incell,aftermarket,no,31.99,EUR,https://www.iparts-4u.eu/for-iphone-16-plus-screen-assembly-incell-lcd-ip9-fhd-range
iparts-4u.eu,Ireland,shop,iphone 16 plus,unknown,aftermarket,no,5.99,EUR,https://www.iparts-4u.eu/for-iphone-16-plus-display-screen-adhesive-clear-10-pack
iparts-4u.co.uk,UK,shop,iphone 16,aftermarket-incell,aftermarket,YES,35.99,GBP,https://www.iparts-4u.co.uk/for-iphone-16-screen-assembly-incell-lcd-ip9-fhd-range
iparts-4u.eu,Ireland,shop,iphone 16,aftermarket-soft-oled,aftermarket,no,119.99,EUR,https://www.iparts-4u.eu/for-iphone-16-screen-assembly-ip9-soft-oled-diagnostic-calibration
iparts-4u.co.uk,UK,shop,iphone 16,aftermarket-hard-oled,aftermarket,YES,47.99,GBP,https://www.iparts-4u.co.uk/for-iphone-16-screen-assembly-hard-oled-ip9
iparts-4u.eu,Ireland,shop,iphone 16,aftermarket-incell,aftermarket,no,26.99,EUR,https://www.iparts-4u.eu/for-iphone-16-screen-assembly-incell-lcd-ip9-fhd-range
teevo.com,China,shop,iphone 11,aftermarket-lcd,aftermarket,no,1.4,USD,https://www.teevo.com/products/1326851?_pos=7&_sid=e42fb8b4b&_ss=r
iparts-4u.eu,Ireland,shop,iphone 16e,unknown,aftermarket,no,5.99,EUR,https://www.iparts-4u.eu/for-iphone-14-display-screen-adhesive-clear-10-pack
teevo.com,China,shop,iphone 14 pro,aftermarket-lcd,aftermarket,no,37.8,USD,https://www.teevo.com/products/1562907?_pos=9&_sid=e42fb8b4b&_ss=r
iparts-4u.co.uk,UK,shop,iphone 16,aftermarket-soft-oled,aftermarket,YES,54.99,GBP,https://www.iparts-4u.co.uk/for-iphone-16-screen-assembly-soft-oled-ip9
teevo.com,China,shop,iphone 14 pro max,aftermarket-lcd,aftermarket,no,47.56,USD,https://www.teevo.com/products/1562908?_pos=3&_sid=e42fb8b4b&_ss=r
iparts-4u.eu,Ireland,shop,iphone 16,aftermarket-hard-oled,aftermarket,no,37.99,EUR,https://www.iparts-4u.eu/for-iphone-16-screen-assembly-hard-oled-ip9
lltrader.com,China,shop,iphone 16 plus,aftermarket-lcd,aftermarket,no,34.99,GBP,https://www.lltrader.com/products/iphone-16-plus-screen-replacement-lcd-display-touch-digitizer-assembly
teevo.com,China,shop,iphone 15 pro,aftermarket-lcd,aftermarket,no,50.94,USD,https://www.teevo.com/products/1562909?_pos=10&_sid=e42fb8b4b&_ss=r
iparts-4u.eu,Ireland,shop,iphone 16 plus,aftermarket-soft-oled,aftermarket,no,51.99,EUR,https://www.iparts-4u.eu/for-iphone-16-plus-screen-assembly-soft-oled-ip9
lltrader.com,China,shop,iphone xs max,aftermarket-lcd,aftermarket,no,15.99,USD,https://www.lltrader.com/products/iphone-xs-max-screen-replacement-display-assembly?_pos=6&_sid=39dab29fd&_ss=r
lltrader.com,China,shop,iphone 14 pro,aftermarket-lcd,aftermarket,no,24.99,USD,https://www.lltrader.com/products/iphone-14-pro-screen-replacement-lcd-display-touch-digitizer-assembly?_pos=5&_sid=39dab29fd&_ss=r
lltrader.com,China,shop,iphone 12 pro,aftermarket-lcd,aftermarket,no,15.99,USD,https://www.lltrader.com/products/iphone-12-12-pro-screen-replacement-lcd-display-touch-digitizer-assembly?_pos=3&_sid=39dab29fd&_ss=r
lltrader.com,China,shop,iphone x,aftermarket-lcd,aftermarket,no,13.99,USD,https://www.lltrader.com/products/iphone-x-screen-replacement-display-assembly?_pos=8&_sid=39dab29fd&_ss=r
lltrader.com,China,shop,iphone 13 pro max,aftermarket-lcd,aftermarket,no,29.99,USD,https://www.lltrader.com/products/iphone-13-pro-max-lcd-screen-replacement?_pos=11&_sid=39dab29fd&_ss=r
lltrader.com,China,shop,iphone 11 pro,aftermarket-lcd,aftermarket,no,14.99,USD,https://www.lltrader.com/products/iphone-11-pro-screen-replacement-oled-display-assembly?_pos=12&_sid=39dab29fd&_ss=r
lltrader.com,China,shop,iphone 11 pro max,aftermarket-lcd,aftermarket,no,17.99,USD,https://www.lltrader.com/collections/for-iphone-lcd-screen-replacement/products/iphone-11-pro-max-screen-replacement-oled-display-assembly
lltrader.com,China,shop,iphone xs,aftermarket-lcd,aftermarket,no,13.99,USD,https://www.lltrader.com/products/iphone-xs-screen-replacement-display-assembly?_pos=7&_sid=39dab29fd&_ss=r
lltrader.com,China,shop,iphone 14 plus,aftermarket-lcd,aftermarket,no,22.99,USD,https://www.lltrader.com/products/iphone-14-plus-screen-replacement-lcd-display-touch-digitizer-assembly?_pos=15&_sid=39dab29fd&_ss=r
lltrader.com,China,shop,iphone 12 pro max,aftermarket-lcd,aftermarket,no,19.99,USD,https://www.lltrader.com/collections/for-iphone-lcd-screen-replacement/products/iphone-12-pro-max-screen-replacement-lcd-display-touch-digitizer-assembly
lltrader.com,China,shop,iphone 11 pro max,aftermarket-lcd,aftermarket,no,17.99,USD,https://www.lltrader.com/products/iphone-11-pro-max-screen-replacement-oled-display-assembly?_pos=14&_sid=39dab29fd&_ss=r
lltrader.com,China,shop,iphone 14,aftermarket-lcd,aftermarket,no,19.99,USD,https://www.lltrader.com/products/iphone-14-screen-replacement-lcd-display-touch-digitizer-assembly?_pos=9&_sid=39dab29fd&_ss=r
lltrader.com,China,shop,iphone 14 pro max,aftermarket-lcd,aftermarket,no,29.99,USD,https://www.lltrader.com/products/iphone-14-pro-max-screen-replacement-lcd-display-touch-digitizer-assembly?_pos=13&_sid=39dab29fd&_ss=r
lltrader.com,China,shop,iphone xr,aftermarket-lcd,aftermarket,no,14.99,USD,https://www.lltrader.com/collections/for-iphone-lcd-screen-replacement/products/iphone-xr-screen-replacement-lcd-display-assembly
lltrader.com,China,shop,iphone 11,aftermarket-lcd,aftermarket,no,14.99,USD,https://www.lltrader.com/collections/for-iphone-lcd-screen-replacement/products/iphone-11-screen-replacement-lcd-display-assembly
lltrader.com,China,shop,iphone xr,aftermarket-lcd,aftermarket,no,14.99,USD,https://www.lltrader.com/products/iphone-xr-screen-replacement-lcd-display-assembly?_pos=4&_sid=39dab29fd&_ss=r
parts-store.pl,Poland,shop,iphone 13,aftermarket-lcd,aftermarket,no,469.9,PLN,https://parts-store.pl/product-pol-5456-Oryginalny-wyswietlacz-LCD-do-Apple-iPhone-13-Wymieniona-szybka-BEZ-IC.html
parts-store.pl,Poland,shop,iphone 13 pro,unknown,aftermarket,no,459.0,PLN,https://parts-store.pl/product-pol-5330-Oryginalny-wyswietlacz-do-Apple-iPhone-13-Pro-120Hz-Wymieniona-Szybka-z-tasma-Diagnostic.html
parts-store.pl,Poland,shop,iphone 14 pro,unknown,aftermarket,no,739.0,PLN,https://parts-store.pl/product-pol-5335-Oryginalny-wyswietlacz-do-Apple-iPhone-14-Pro-120Hz-Wymieniona-Szybka-z-tasma-Diagnostic.html
parts-store.pl,Poland,shop,iphone 15,unknown,aftermarket,no,689.0,PLN,https://parts-store.pl/product-pol-5337-Oryginalny-wyswietlacz-do-Apple-iPhone-15-Wymieniona-Szybka-z-tasma-Diagnostic.html
parts-store.pl,Poland,shop,iphone 14 plus,aftermarket-lcd,aftermarket,no,849.99,PLN,https://parts-store.pl/product-pol-5457-Oryginalny-wyswietlacz-LCD-do-Apple-iPhone-14-Plus-Wymieniona-szybka-BEZ-IC.html
parts-store.pl,Poland,shop,iphone 13 mini,aftermarket-lcd,aftermarket,no,699.99,PLN,https://parts-store.pl/product-pol-5454-Oryginalny-wyswietlacz-LCD-do-Apple-iPhone-13-Mini-Wymieniona-szybka-BEZ-IC.html
parts-store.pl,Poland,shop,iphone 16 pro max,unknown,aftermarket,no,629.99,PLN,https://parts-store.pl/product-pol-5326-Wyswietlacz-do-iPhone-16-Pro-Max-120Hz-z-tasma-Light-Sensor-Diagnostic.html
parts-store.pl,Poland,shop,iphone 13,unknown,aftermarket,no,329.0,PLN,https://parts-store.pl/product-pol-5329-Oryginalny-wyswietlacz-do-Apple-iPhone-13-Wymieniona-Szybka-z-tasma-Diagnostic.html
parts-store.pl,Poland,shop,iphone 14 pro max,unknown,aftermarket,no,909.9,PLN,https://parts-store.pl/product-pol-5336-Oryginalny-wyswietlacz-do-Apple-iPhone-14-Pro-Max-120Hz-Wymieniona-Szybka-z-tasma-Diagnostic.html
parts-store.pl,Poland,shop,iphone 14,unknown,aftermarket,no,369.99,PLN,https://parts-store.pl/product-pol-5332-Oryginalny-wyswietlacz-do-Apple-iPhone-14-Wymieniona-Szybka-z-tasma-Diagnostic.html
parts-store.pl,Poland,shop,iphone 15 pro,unknown,aftermarket,no,499.9,PLN,https://parts-store.pl/product-pol-5321-Wyswietlacz-do-Apple-iPhone-15-Pro-120Hz-z-tasma-Light-Sensor-Diagnostic.html
parts-store.pl,Poland,shop,iphone 15 pro,aftermarket-lcd,aftermarket,no,1249.99,PLN,https://parts-store.pl/product-pol-5316-Oryginalny-wyswietlacz-LCD-do-Apple-iPhone-15-Pro-Wymieniona-szybka-BEZ-IC.html
parts-store.pl,Poland,shop,iphone 15,unknown,aftermarket,no,489.0,PLN,https://parts-store.pl/product-pol-5319-Wyswietlacz-do-Apple-iPhone-15-z-tasma-Proximity-Light-Sensor-Diagnostic.html
parts-store.pl,Poland,shop,iphone 15 plus,unknown,aftermarket,no,599.0,PLN,https://parts-store.pl/product-pol-5320-Wyswietlacz-do-Apple-iPhone-15-Plus-z-tasma-Proximity-Sensor-Diagnostic.html
lltrader.com,China,shop,iphone xs max,aftermarket-lcd,aftermarket,no,15.99,USD,https://www.lltrader.com/collections/for-iphone-lcd-screen-replacement/products/iphone-xs-max-screen-replacement-display-assembly
parts-store.pl,Poland,shop,iphone 16 plus,aftermarket-lcd,aftermarket,no,759.9,PLN,https://parts-store.pl/product-pol-5118-Oryginalny-wyswietlacz-LCD-do-Apple-iPhone-16-Plus-Wymieniona-szybka-BEZ-IC.html
parts-store.pl,Poland,shop,iphone 14 plus,aftermarket-soft-oled,aftermarket,no,289.9,PLN,https://parts-store.pl/product-pol-5113-Wyswietlacz-Soft-OLED-Programowalny-jak-Oryginal-do-Apple-iPhone-14-Plus.html
parts-store.pl,Poland,shop,iphone 13,aftermarket-soft-oled,aftermarket,no,269.0,PLN,https://parts-store.pl/product-pol-5110-Wyswietlacz-LCD-Soft-OLED-Programowalny-jak-Oryginal-do-Apple-iPhone-13.html
parts-store.pl,Poland,shop,iphone 14 pro max,aftermarket-soft-oled,aftermarket,no,369.0,PLN,https://parts-store.pl/product-pol-5114-Wyswietlacz-Soft-OLED-Programowalny-LCD-do-Apple-iPhone-14-Pro-Max-120Hz.html
parts-store.pl,Poland,shop,iphone 13 pro,aftermarket-soft-oled,aftermarket,no,319.0,PLN,https://parts-store.pl/product-pol-5111-Wyswietlacz-Soft-OLED-Diagnostic-jak-Oryginal-do-Apple-iPhone-13-Pro-120Hz.html
cdx.de,Germany,shop,iphone 13,unknown,aftermarket,YES,19.0,EUR,https://www.cdx.de/store/IPHONE-ERSATZTEILE/IPHONE-13-DISPLAYS
parts-store.pl,Poland,shop,iphone 13 pro max,unknown,aftermarket,no,599.0,PLN,https://parts-store.pl/product-pol-4521-Oryginalny-wyswietlacz-do-Apple-iPhone-13-Pro-Max-Wymieniona-szybka-BEZ-IC-120Hz.html
parts-store.pl,Poland,shop,iphone 12 pro,aftermarket-soft-oled,aftermarket,no,247.0,PLN,https://parts-store.pl/product-pol-5108-Wyswietlacz-Soft-OLED-Programowalny-jako-Oryginal-do-Apple-iPhone-12-12-Pro.html
parts-store.pl,Poland,shop,iphone 13 pro max,aftermarket-soft-oled,aftermarket,no,309.9,PLN,https://parts-store.pl/product-pol-5107-Wyswietlacz-Soft-OLED-Programowalny-LCD-do-Apple-iPhone-13-Pro-Max-120Hz.html
cdx.de,Germany,shop,iphone 14,unknown,aftermarket,YES,29.0,EUR,https://www.cdx.de/store/IPHONE-ERSATZTEILE/IPHONE-14-DISPLAYS
parts-store.pl,Poland,shop,iphone 15 pro max,aftermarket-soft-oled,aftermarket,no,599.0,PLN,https://parts-store.pl/product-pol-5115-Wyswietlacz-Soft-OLED-Programowalny-LCD-do-Apple-iPhone-15-Pro-Max-120Hz.html
parts-store.pl,Poland,shop,iphone 12 pro max,aftermarket-soft-oled,aftermarket,no,289.0,PLN,https://parts-store.pl/product-pol-5109-Wyswietlacz-Soft-OLED-Programowalny-jak-Oryginal-do-Apple-iPhone-12-Pro-Max.html
parts-store.pl,Poland,shop,iphone 13,aftermarket-lcd,aftermarket,no,349.9,PLN,https://parts-store.pl/product-pol-4519-Oryginalny-wyswietlacz-LCD-do-Apple-iPhone-13-Wymieniona-szybka-BEZ-IC.html
parts-store.pl,Poland,shop,iphone 14,aftermarket-soft-oled,aftermarket,no,299.0,PLN,https://parts-store.pl/product-pol-5112-Wyswietlacz-LCD-Soft-OLED-Programowalny-jak-Oryginal-do-Apple-iPhone-14.html
parts-store.pl,Poland,shop,iphone 12 pro max,unknown,aftermarket,no,599.0,PLN,https://parts-store.pl/product-pol-4517-Oryginalny-wyswietlacz-do-Apple-iPhone-12-Pro-Max-Wymieniona-szybka-BEZ-IC.html
parts-store.pl,Poland,shop,iphone 15 plus,aftermarket-soft-oled,aftermarket,no,559.0,PLN,https://parts-store.pl/product-pol-5301-Wyswietlacz-Soft-OLED-Programowalny-LCD-do-Apple-iPhone-15-Plus-Diagnostic.html
cdx.de,Germany,shop,iphone 15,original,A,YES,145.0,EUR,https://www.cdx.de/store/products/IPHONE-ERSATZTEILE/IPHONE-15-DISPLAYS/iPhone-15-Display-Original-Erstausruester-1.html
cdx.de,Germany,shop,iphone 11,unknown,aftermarket,YES,89.0,EUR,https://www.cdx.de/store/products/IPHONE-REPARATUR/IPHONE-DISPLAY-REPARATUR/iPhone-11-Display-Reparatur-Black-Grade-A.html
cdx.de,Germany,shop,iphone 11,unknown,aftermarket,YES,49.0,EUR,https://www.cdx.de/store/products/IPHONE-REPARATUR/IPHONE-DISPLAY-REPARATUR/iPhone-11-Display-Reparatur-Black-HighCopy.html
cdx.de,Germany,shop,iphone 12 pro,unknown,aftermarket,YES,139.0,EUR,https://www.cdx.de/store/products/IPHONE-REPARATUR/IPHONE-DISPLAY-REPARATUR/iPhone-12-12-Pro-Display-Reparatur-Black-Grade-A.html
cdx.de,Germany,shop,iphone 11 pro,unknown,aftermarket,YES,69.0,EUR,https://www.cdx.de/store/products/IPHONE-REPARATUR/IPHONE-DISPLAY-REPARATUR/iPhone-11-Pro-Display-Reparatur-Black-High-Copy.html
cdx.de,Germany,shop,iphone 11,unknown,aftermarket,YES,158.0,EUR,https://www.cdx.de/store/products/IPHONE-REPARATUR/IPHONE-DISPLAY-REPARATUR/iPhone-11-Display-Reparatur-Black-Erstausruester-Qualitaet.html
cdx.de,Germany,shop,iphone 12 mini,unknown,aftermarket,YES,79.0,EUR,https://www.cdx.de/store/products/IPHONE-REPARATUR/IPHONE-DISPLAY-REPARATUR/iPhone-12-mini-Display-Reparatur-Black-High-Copy.html
cdx.de,Germany,shop,iphone 12 pro max,unknown,aftermarket,YES,89.0,EUR,https://www.cdx.de/store/products/IPHONE-REPARATUR/IPHONE-DISPLAY-REPARATUR/iPhone-12-Pro-Max-Display-Reparatur-Black-High-Copy.html
cdx.de,Germany,shop,iphone 12 pro max,unknown,aftermarket,YES,189.0,EUR,https://www.cdx.de/store/products/IPHONE-REPARATUR/IPHONE-DISPLAY-REPARATUR/iPhone-12-Pro-Max-Display-Reparatur-Black-Grade-A-Qualitaet.html
cdx.de,Germany,shop,iphone 12 mini,original,A,YES,269.0,EUR,https://www.cdx.de/store/products/IPHONE-REPARATUR/IPHONE-DISPLAY-REPARATUR/iPhone-12-mini-Display-Reparatur-Black-Original-Apple.html
mytrendyphone.eu,Denmark,shop,iphone 12,unknown,aftermarket,YES,21.6,DKK,https://www.mytrendyphone.eu/shop/iphone-12-screen-protectors-292626c1.html
cdx.de,Germany,shop,iphone 12 pro,original,A,YES,339.0,EUR,https://www.cdx.de/store/products/IPHONE-REPARATUR/IPHONE-DISPLAY-REPARATUR/iPhone-12-12-Pro-Display-Reparatur-Black-Original-Apple.html
mytrendyphone.eu,Denmark,shop,iphone 12 pro,unknown,aftermarket,YES,8.8,DKK,https://www.mytrendyphone.eu/shop/iphone-12-pro-tempered-glass-screen-protector-259304p.html
mytrendyphone.eu,Denmark,shop,iphone 11,unknown,aftermarket,YES,22.8,DKK,https://www.mytrendyphone.eu/shop/iphone-11-screen-protectors-288856c1.html
cdx.de,Germany,shop,iphone 12 mini,unknown,aftermarket,YES,129.0,EUR,https://www.cdx.de/store/products/IPHONE-REPARATUR/IPHONE-DISPLAY-REPARATUR/iPhone-12-mini-Display-Reparatur-Black-Grade-A.html
phonepartner.fr,France,shop,iphone 11,aftermarket-hard-oled,aftermarket,no,42.0,EUR,https://phonepartner.fr/iphone-11-pro-max/89-ecran-hard-oled-iphone-11-pro-max.html
cdx.de,Germany,shop,iphone 12 pro,unknown,aftermarket,YES,3.95,EUR,https://www.cdx.de/store/products/IPHONE-ERSATZTEILE/IPHONE-AKKUS/iPhone-12-12-Pro-Display-Dichtung-1.html
mytrendyphone.eu,Denmark,shop,iphone 12,unknown,aftermarket,YES,11.4,DKK,https://www.mytrendyphone.eu/shop/iphone-12-bluedefend-344497p.html
mytrendyphone.eu,Denmark,shop,iphone 12 pro,unknown,aftermarket,YES,33.1,DKK,https://www.mytrendyphone.eu/shop/iphone-12-12-pro-panzerglass-case-friendly-swarovski-camslider-screen-protector-333650p.html
mytrendyphone.eu,Denmark,shop,iphone 12 pro,unknown,aftermarket,YES,7.5,DKK,https://www.mytrendyphone.eu/shop/iphone-12-12-325765p.html
mytrendyphone.eu,Denmark,shop,iphone 12 pro,unknown,aftermarket,YES,6.3,DKK,https://www.mytrendyphone.eu/shop/old-iphone-12-pro-ceramic-tempered-glass-screen-protector-318344p.html
mytrendyphone.eu,Denmark,shop,iphone 12 pro,unknown,aftermarket,YES,19.0,DKK,https://www.mytrendyphone.eu/shop/iphone-12-pro-spigen-glas-tr-ez-fit-tempered-glass-screen-protector-324480p.html
mytrendyphone.eu,Denmark,shop,iphone 12 pro,unknown,aftermarket,YES,8.8,DKK,https://www.mytrendyphone.eu/shop/iphone-12-pro-privacy-tempered-glass-screen-protector-304639p.html
mytrendyphone.eu,Denmark,shop,iphone 12 pro,unknown,aftermarket,YES,25.4,DKK,https://www.mytrendyphone.eu/shop/panzerglass-privacy-cf-iphone-12-pro-screen-protector-265539p.html
mytrendyphone.eu,Denmark,shop,iphone 12 pro,unknown,aftermarket,YES,8.8,DKK,https://www.mytrendyphone.eu/shop/iphone-12-12-362692p.html
mytrendyphone.eu,Denmark,shop,iphone 12 pro,unknown,aftermarket,YES,26.7,DKK,https://www.mytrendyphone.eu/shop/iphone-12-12-pro-panzerglass-case-friendly-screen-protector-312121p.html
mytrendyphone.eu,Denmark,shop,iphone 12 pro,unknown,aftermarket,YES,10.1,DKK,https://www.mytrendyphone.eu/shop/prio-3d-iphone-12-pro-tempered-glass-screen-protector-260632p.html
mytrendyphone.eu,Denmark,shop,iphone 12 pro,unknown,aftermarket,YES,8.8,DKK,https://www.mytrendyphone.eu/shop/iphone-12-pro-tempered-glass-screen-protector-312056p.html
mytrendyphone.eu,Denmark,shop,iphone 11,unknown,aftermarket,YES,7.5,DKK,https://www.mytrendyphone.eu/shop/iphone-11-xr-hofi-premium-pro-plus-tempered-glass-screen-protector-311891p.html
mytrendyphone.eu,Denmark,shop,iphone 11,unknown,aftermarket,YES,8.8,DKK,https://www.mytrendyphone.eu/shop/iphone-11-tempered-glass-screen-protector-9h-298462p.html
mytrendyphone.eu,Denmark,shop,iphone 11,unknown,aftermarket,YES,12.6,DKK,https://www.mytrendyphone.eu/shop/prio-3d-iphone-xr-11-tempered-glass-screen-protector-315100p.html
mytrendyphone.eu,Denmark,shop,iphone 12 pro,unknown,aftermarket,YES,8.8,DKK,https://www.mytrendyphone.eu/shop/iphone-12-pro-screen-protector-311964p.html
mytrendyphone.eu,Denmark,shop,iphone 11,unknown,aftermarket,YES,8.8,DKK,https://www.mytrendyphone.eu/shop/iphone-11-bluedefend-344493p.html
mytrendyphone.eu,Denmark,shop,iphone 11,unknown,aftermarket,YES,22.8,DKK,https://www.mytrendyphone.eu/shop/panzerglass-case-friendly-iphone-11-tempered-glass-screen-protector-250015p.html
mytrendyphone.eu,Denmark,shop,iphone 12 pro,unknown,aftermarket,YES,22.8,DKK,https://www.mytrendyphone.eu/shop/iphone-12-12-pro-panzerglass-standard-fit-privacy-screen-protector-312134p.html
mytrendyphone.eu,Denmark,shop,iphone 11,unknown,aftermarket,YES,27.9,DKK,https://www.mytrendyphone.eu/shop/panzerglass-privacy-cf-iphone-xr-11-screen-protector-257923p.html
reparatur-werk.com,Germany,shop,iphone 15 pro,unknown,aftermarket,no,209.0,EUR,https://www.reparatur-werk.com/p/iphone-15-pro-display-reparaturset
mytrendyphone.eu,Denmark,shop,iphone 11,unknown,aftermarket,YES,40.7,DKK,https://www.mytrendyphone.eu/shop/iphone-11-xr-panzerglass-case-friendly-swarovski-camslider-screen-protector-333715p.html
reparatur-werk.com,Germany,shop,iphone x,unknown,aftermarket,no,34.9,EUR,https://www.reparatur-werk.com/p/iphone-x-display-reparaturset
mytrendyphone.eu,Denmark,shop,iphone 11,unknown,aftermarket,YES,17.7,DKK,https://www.mytrendyphone.eu/shop/iphone-11-case-2x-tempered-glass-screen-protector-253765p.html
mytrendyphone.eu,Denmark,shop,iphone 11,unknown,aftermarket,YES,7.5,DKK,https://www.mytrendyphone.eu/shop/panzer-curved-iphone-11-tempered-glass-screen-protector-247859p.html
reparatur-werk.com,Germany,shop,iphone xs,unknown,aftermarket,no,49.9,EUR,https://www.reparatur-werk.com/p/iphone-xs-display-reparaturset
mytrendyphone.eu,Denmark,shop,iphone 11,unknown,aftermarket,YES,22.2,DKK,https://www.mytrendyphone.eu/shop/panzerglass-iphone-11-tempered-glass-screen-protector-250008p.html
reparatur-werk.com,Germany,shop,iphone 12 mini,unknown,aftermarket,no,74.9,EUR,https://www.reparatur-werk.com/p/iphone-12-mini-display-reparaturset
reparatur-werk.com,Germany,shop,iphone 12,unknown,aftermarket,no,63.9,EUR,https://www.reparatur-werk.com/p/iphone-12-display-reparaturset
reparatur-werk.com,Germany,shop,iphone 11 pro,aftermarket-oled,aftermarket,no,54.9,EUR,https://www.reparatur-werk.com/p/iphone-11-pro-display-oled-touchscreen-reparaturset
reparatur-werk.com,Germany,shop,iphone 14,unknown,aftermarket,no,129.0,EUR,https://www.reparatur-werk.com/p/iphone-14-display-reparaturset
reparatur-werk.com,Germany,shop,iphone 14 pro,unknown,aftermarket,no,149.0,EUR,https://www.reparatur-werk.com/p/iphone-14-pro-display-reparaturset
reparatur-werk.com,Germany,shop,iphone 12 pro max,unknown,aftermarket,no,84.9,EUR,https://www.reparatur-werk.com/p/iphone-12-pro-max-display-reparaturset
reparatur-werk.com,Germany,shop,iphone 14 plus,original,A,no,129.0,EUR,https://www.reparatur-werk.com/p/apple-iphone-14-plus-original-display-reparaturset
mytrendyphone.eu,Denmark,shop,iphone 11,unknown,aftermarket,YES,8.8,DKK,https://www.mytrendyphone.eu/shop/iphone-11-tpu-screen-protector-346889p.html
mytrendyphone.eu,Denmark,shop,iphone 11,unknown,aftermarket,YES,8.8,DKK,https://www.mytrendyphone.eu/shop/iphone-11-xr-hat-prince-full-size-tempered-glass-screen-protector-368343p.html
reparatur-werk.com,Germany,shop,iphone 14 pro,aftermarket-oled,aftermarket,no,89.9,EUR,https://www.reparatur-werk.com/p/iphone-14-pro-display-oled-aftermarket-set
reparatur-werk.com,Germany,shop,iphone xs max,unknown,aftermarket,no,69.9,EUR,https://www.reparatur-werk.com/p/iphone-xs-max-display
fixshop.at,Austria,shop,iphone 11,aftermarket-oled,aftermarket,no,19.49,EUR,https://fixshop.at/ersatzteile-apple-iphone-apple-iphone-11/display-in-cell-fhd-fur-iphone-11-touchscreen-glas-mit-rahmen-fixpremium/#iPhoneOLEDBildschirme
fixshop.at,Austria,shop,iphone 12 pro,aftermarket-lcd,aftermarket,no,2.42,EUR,https://fixshop.at/ersatzteile-apple-iphone-apple-iphone-12/apple-iphone-12-12-pro-lcd-klebestreifen-sticker-adhesive/
fixshop.at,Austria,shop,iphone 12,aftermarket-tft,aftermarket,no,2.42,EUR,https://fixshop.at/ersatzteile-apple-iphone-apple-iphone-12/apple-iphone-12-12-pro-lcd-klebestreifen-sticker-adhesive/#iPhoneIPSTFTBildschirme
fixshop.at,Austria,shop,iphone 12,aftermarket-oled,aftermarket,no,2.42,EUR,https://fixshop.at/ersatzteile-apple-iphone-apple-iphone-12/apple-iphone-12-12-pro-lcd-klebestreifen-sticker-adhesive/#iPhoneOLEDBildschirme
mobileparts.ch,Switzerland,shop,iphone 16 pro,unknown,aftermarket,YES,13.9,CHF,https://www.mobileparts.ch/Guardline-Panzerglas-ScreenGuard-Antireflexion-fuer-iPhone-16-Pro
reparatur-werk.com,Germany,shop,iphone 12,aftermarket-lcd,aftermarket,no,49.9,EUR,https://www.reparatur-werk.com/p/iphone-12-lcd-display-reparaturset
mobileparts.ch,Switzerland,shop,iphone 12 pro max,unknown,aftermarket,YES,13.9,CHF,https://www.mobileparts.ch/Guardline-Panzerglas-ScreenGuard-Antireflexion-fuer-iPhone-12-Pro-Max
mobileparts.ch,Switzerland,shop,iphone 12 pro,unknown,aftermarket,YES,13.9,CHF,https://www.mobileparts.ch/Guardline-Panzerglas-ScreenGuard-Antireflexion-fuer-iPhone-12-12-Pro
mobileparts.ch,Switzerland,shop,iphone 16 plus,unknown,aftermarket,YES,13.9,CHF,https://www.mobileparts.ch/Guardline-Panzerglas-ScreenGuard-Antireflexion-fuer-iPhone-14-Pro-Max-15-Plus-16-Plus
mobileparts.ch,Switzerland,shop,iphone 16 pro,unknown,aftermarket,YES,11.9,CHF,https://www.mobileparts.ch/Guardline-Panzerglas-ScreenGuard-fuer-iPhone-16-Pro
mobileparts.ch,Switzerland,shop,iphone 15 pro,unknown,aftermarket,YES,13.9,CHF,https://www.mobileparts.ch/Guardline-Panzerglas-ScreenGuard-Antireflexion-fuer-iPhone-15-Pro
mobileparts.ch,Switzerland,shop,iphone 14 pro,unknown,aftermarket,YES,13.9,CHF,https://www.mobileparts.ch/Guardline-Panzerglas-ScreenGuard-Antireflexion-fuer-iPhone-14-Pro
mobileparts.ch,Switzerland,shop,iphone 14 plus,unknown,aftermarket,YES,13.9,CHF,https://www.mobileparts.ch/Guardline-Panzerglas-ScreenGuard-Antireflexion-fuer-iPhone-13-Pro-Max-14-Plus
mobileparts.ch,Switzerland,shop,iphone 13 mini,unknown,aftermarket,YES,13.9,CHF,https://www.mobileparts.ch/Guardline-Panzerglas-ScreenGuard-Antireflexion-fuer-iPhone-13-Mini
reparatur-werk.com,Germany,shop,iphone 13,unknown,aftermarket,no,74.9,EUR,https://www.reparatur-werk.com/p/iphone-13-display-aftermarket-reparaturset
mobileparts.ch,Switzerland,shop,iphone 15,unknown,aftermarket,YES,13.9,CHF,https://www.mobileparts.ch/Guardline-Panzerglas-ScreenGuard-Antireflexion-fuer-iPhone-15
mobileparts.ch,Switzerland,shop,iphone 14 plus,unknown,aftermarket,YES,11.9,CHF,https://www.mobileparts.ch/Guardline-Panzerglas-ScreenGuard-fuer-iPhone-13-Pro-Max-14-Plus
phonepartner.fr,France,shop,iphone 12,aftermarket-lcd,aftermarket,no,54.08,EUR,https://phonepartner.fr/iphone-12-pro/86-kit-de-reparation-ecran-lcd-iphone-12-ecran-outils-adhesif.html
mobileparts.ch,Switzerland,shop,iphone 15 pro,unknown,aftermarket,YES,11.9,CHF,https://www.mobileparts.ch/Guardline-Panzerglas-ScreenGuard-fuer-iPhone-15-Pro
phonepartner.fr,France,shop,iphone x,aftermarket-lcd,aftermarket,no,15.0,EUR,https://phonepartner.fr/iphone-x/81-ecran-lcd-iphone-x.html
mobileparts.ch,Switzerland,shop,iphone 16 pro max,unknown,aftermarket,YES,13.9,CHF,https://www.mobileparts.ch/Guardline-Panzerglas-ScreenGuard-Antireflexion-fuer-iPhone-16-Pro-Max
phonepartner.fr,France,shop,iphone 14,aftermarket-lcd,aftermarket,no,111.0,EUR,https://phonepartner.fr/iphone-14/38-ecran-lcd-iphone-14.html
phonepartner.fr,France,shop,iphone 13 mini,aftermarket-lcd,aftermarket,no,46.0,EUR,https://phonepartner.fr/iphone-13-mini/35-ecran-lcd-iphone-13-mini.html
phonepartner.fr,France,shop,iphone xs,aftermarket-lcd,aftermarket,no,17.0,EUR,https://phonepartner.fr/iphone-xs/25-ecran-lcd-iphone-xs.html
phonepartner.fr,France,shop,iphone 12 pro max,aftermarket-lcd,aftermarket,no,50.0,EUR,https://phonepartner.fr/iphone-12-pro-max/33-ecran-lcd-iphone-12-pro-max.html
phonepartner.fr,France,shop,iphone 11 pro,aftermarket-lcd,aftermarket,no,28.0,EUR,https://phonepartner.fr/iphone-11-pro/29-ecran-lcd-iphone-11-pro.html
phonepartner.fr,France,shop,iphone 11 pro max,aftermarket-lcd,aftermarket,no,26.0,EUR,https://phonepartner.fr/iphone-11-pro-max/30-ecran-lcd-iphone-11-pro-max.html
phonepartner.fr,France,shop,iphone 12,aftermarket-hard-oled,aftermarket,no,69.0,EUR,https://phonepartner.fr/ecran-iPhone/94-ecran-iphone-hard-oled-12-pro-max.html
phonepartner.fr,France,shop,iphone 12 mini,aftermarket-hard-oled,aftermarket,no,56.0,EUR,https://phonepartner.fr/iphone-12-mini/96-ecran-hard-oled-iphone-12-mini.html
phonepartner.fr,France,shop,iphone 11 pro,aftermarket-hard-oled,aftermarket,no,38.0,EUR,https://phonepartner.fr/iphone-11-pro/91-ecran-hard-oled-iphone-11-pro.html
phonepartner.fr,France,shop,iphone 11,unknown,aftermarket,no,15.0,EUR,https://phonepartner.fr/iphone-11/28-ecran-iphone-11.html
mobileparts.ch,Switzerland,shop,iphone 15 pro max,unknown,aftermarket,YES,11.9,CHF,https://www.mobileparts.ch/Guardline-Panzerglas-ScreenGuard-fuer-iPhone-15-Pro-Max
phonepartner.fr,France,shop,iphone 11,aftermarket-soft-oled,aftermarket,no,70.0,EUR,https://phonepartner.fr/ecran-iPhone/90-ecran-soft-oled-iphone-11-pro-max.html
phonepartner.fr,France,shop,iphone xs max,aftermarket-soft-oled,aftermarket,no,61.0,EUR,https://phonepartner.fr/iphone-xs-max/83-ecran-soft-oled-iphone-xs-max.html
phonepartner.fr,France,shop,iphone xs,aftermarket-soft-oled,aftermarket,no,57.0,EUR,https://phonepartner.fr/iphone-xs/85-ecran-soft-oled-iphone-xs.html
phonepartner.fr,France,shop,iphone xs,aftermarket-hard-oled,aftermarket,no,28.0,EUR,https://phonepartner.fr/iphone-xs/84-ecran-hard-oled-iphone-xs.html
repuestosparatumovil.es,Spain,shop,iphone x,unknown,aftermarket,no,2.42,EUR,https://repuestosparatumovil.es/sx-x112-set-chapas-y-tornillos-solo-pantalla-para-iphone-x
repuestosparatumovil.es,Spain,shop,iphone 13 pro max,aftermarket-incell,aftermarket,no,3.0,EUR,https://repuestosparatumovil.es/p13pm-pantalla-incell-tft-hd-iphone-13-pro-max
iphoneweb.es,Spain,shop,iphone 14,unknown,aftermarket,no,22.99,EUR,https://iphoneweb.es/products/pantalla-iphone-14
iphoneweb.es,Spain,shop,iphone 13,unknown,aftermarket,no,21.99,EUR,https://iphoneweb.es/products/comprar-pantalla-iphone-13
iphoneweb.es,Spain,shop,iphone 11,unknown,aftermarket,no,15.99,EUR,https://iphoneweb.es/products/pantalla-iphone-11-pro
iphoneweb.es,Spain,shop,iphone 13,unknown,aftermarket,no,21.99,EUR,https://iphoneweb.es/products/comprar-pantalla-iphone-13?variant=56542424432965
iphoneweb.es,Spain,shop,iphone 15,unknown,aftermarket,no,24.99,EUR,https://iphoneweb.es/products/pantalla-iphone-15
iphoneweb.es,Spain,shop,iphone 11,unknown,aftermarket,no,15.99,EUR,https://iphoneweb.es/products/pantalla-iphone-11-pro?_pos=1&_sid=82649ce04&_ss=r
iphoneweb.es,Spain,shop,iphone 14,unknown,aftermarket,no,22.99,EUR,https://iphoneweb.es/products/pantalla-iphone-14?_pos=4&_sid=82649ce04&_ss=r
iphoneweb.es,Spain,shop,iphone 12,unknown,aftermarket,no,20.99,EUR,https://iphoneweb.es/products/pantalla-iphone-12-mini-pro-max
iphoneweb.es,Spain,shop,iphone 14,unknown,aftermarket,no,22.99,EUR,https://iphoneweb.es/products/pantalla-iphone-14?variant=56542467555653
iphoneweb.es,Spain,shop,iphone 16,unknown,aftermarket,no,27.99,EUR,https://iphoneweb.es/products/pantalla-iphone-16?variant=56592605380933
iphoneweb.es,Spain,shop,iphone x,unknown,aftermarket,no,14.99,EUR,https://iphoneweb.es/products/pantalla-iphone-x
iphoneweb.es,Spain,shop,iphone 12,unknown,aftermarket,no,20.99,EUR,https://iphoneweb.es/products/pantalla-iphone-12-mini-pro-max?_pos=2&_sid=82649ce04&_ss=r
iphoneweb.es,Spain,shop,iphone x,unknown,aftermarket,no,14.99,EUR,https://iphoneweb.es/products/pantalla-iphone-x?_pos=3&_sid=82649ce04&_ss=r
iphoneweb.es,Spain,shop,iphone xr,unknown,aftermarket,no,14.99,EUR,https://iphoneweb.es/products/pantalla-iphone-xr-liquid-retina
techcomponentes.com,Portugal,shop,iphone 11,unknown,aftermarket,no,17.0,EUR,https://www.techcomponentes.com/es/inicio/17181-pantalla-completa-para-iphone-11-zy-incell-chip-ic-removible-.html
techcomponentes.com,Portugal,shop,iphone 13,unknown,aftermarket,no,22.0,EUR,https://www.techcomponentes.com/es/inicio/21862-pantalla-completa-720p-hd-para-iphone-13-chip-ic-removible-n27.html
iphoneweb.es,Spain,shop,iphone 13 mini,unknown,aftermarket,no,59.99,EUR,https://iphoneweb.es/collections/pantallas-iphone-13
techcomponentes.com,Portugal,shop,iphone x,unknown,aftermarket,no,16.8,EUR,https://www.techcomponentes.com/es/inicio/15685-pantalla-completa-para-iphone-x-zy-a-si-incell-lcd.html
techcomponentes.com,Portugal,shop,iphone xs,unknown,aftermarket,no,15.0,EUR,https://www.techcomponentes.com/es/inicio/21809-pantalla-completa-720p-hd-para-iphone-xs-chip-ic-removible-n93.html
techcomponentes.com,Portugal,shop,iphone 14 pro,unknown,aftermarket,no,34.0,EUR,https://www.techcomponentes.com/es/inicio/21852-pantalla-completa-720p-hd-para-iphone-14-pro-chip-ic-removible-n95.html
techcomponentes.com,Portugal,shop,iphone 11 pro,unknown,aftermarket,no,20.0,EUR,https://www.techcomponentes.com/es/inicio/15687-12796-pantalla-completa-para-iphone-11-pro-zy-incell-cof-chip-ic-removible-.html#/11-color-negro
techcomponentes.com,Portugal,shop,iphone xs,unknown,aftermarket,no,17.0,EUR,https://www.techcomponentes.com/es/inicio/15686-pantalla-completa-para-iphone-xs-zy-incell.html
techcomponentes.com,Portugal,shop,iphone 15,unknown,aftermarket,no,30.0,EUR,https://www.techcomponentes.com/es/inicio/21606-pantalla-completa-para-iphone-15-zy-incell.html
techcomponentes.com,Portugal,shop,iphone 12 mini,unknown,aftermarket,no,30.0,EUR,https://www.techcomponentes.com/es/inicio/15352-pantalla-completa-zy-incell-para-iphone-12-mini-negra.html
phoneassist.net,Italy,shop,iphone xs max,original,A,no,81.39,EUR,https://www.phoneassist.net/it/ricambi-display-lcd/display-lcd-per-apple-iphone-xs-max-hard-oled-originale-gx__p925.html
iswitch.pt,Portugal,shop,iphone x,aftermarket-lcd,aftermarket,no,59.99,EUR,https://www.iswitch.pt/reparacoes-telemoveis-lisboa/reparações-apple/reparacoes-iphone/reparações-iphone-x/108-1387-vidrolcd-iphone-x.html#/54-lcd-lcd_compativel
phoneassist.net,Italy,shop,iphone xr,aftermarket-incell,aftermarket,no,44.39,EUR,https://www.phoneassist.net/it/ricambi-display-lcd/display-lcd-vetro-touch-screen-per-apple-iphone-xr-originale-tianma__p675.html
phoneassist.net,Italy,shop,iphone 13,aftermarket-incell,aftermarket,no,145.39,EUR,https://www.phoneassist.net/it/ricambi-display-lcd/display-lcd-per-apple-iphone-13-touch-screen-vetro-schermo-originale-zy-in-cell__p2857.html
moxedostore.com,Italy,shop,iphone 14 pro,aftermarket-lcd,aftermarket,no,1.5,EUR,https://www.moxedostore.com/home/home/biadesivo-waterproof-impermeabile-display-lcd-schermo-vetro-touch-per-apple-iphone-14-pro.1.20.386.gp.6281.uw
iphoneweb.es,Spain,shop,iphone 15,unknown,aftermarket,no,24.99,EUR,https://iphoneweb.es/products/pantalla-iphone-15?_pos=5&_sid=82649ce04&_ss=r
phoneassist.net,Italy,shop,iphone 11 pro max,aftermarket-incell,aftermarket,no,51.39,EUR,https://www.phoneassist.net/it/ricambi-display-lcd/display-lcd-originale-in-cell-per-apple-iphone-11-pro-nero-black__p2852.html
phoneassist.net,Italy,shop,iphone 12 pro,original,A,no,94.39,EUR,https://www.phoneassist.net/it/ricambi-display-lcd/display-lcd-oled-touch-screen-originale-zy-apple-iphone-12-12-pro-schermo-vetro__p2854.html
phoneassist.net,Italy,shop,iphone 11 pro,aftermarket-oled,aftermarket,no,62.39,EUR,https://www.phoneassist.net/it/ricambi-display-lcd/display-lcd-hard-oled-per-apple-iphone-11-pro-originale-gx-nero-black__p2001.html
fixservis.sk,Slovakia,shop,iphone 12 pro,aftermarket-lcd,aftermarket,no,2.48,,https://www.fixservis.sk/nahradne-diely-apple-iphone-apple-iphone-12/apple-iphone-12-12-pro-lepka-pod-lcd-adhesive/
fixservis.sk,Slovakia,shop,iphone 11,aftermarket-incell,aftermarket,no,19.98,,https://www.fixservis.sk/nahradne-diely-apple-iphone-apple-iphone-11/displej-in-cell-fhd-pre-iphone-11-dotykove-sklo-s-ramom-fixpremium/
moka-gsm.ro,Romania,shop,iphone 11,aftermarket-incell,aftermarket,YES,88.18,RON,https://www.moka-gsm.ro/ecran-iphone/ecran-display-iphone-11-incell.html
phoneassist.net,Italy,shop,iphone xs,aftermarket-incell,aftermarket,no,43.39,EUR,https://www.phoneassist.net/it/ricambi-display-lcd/display-lcd-per-apple-iphone-xs-originale-in-cell__p2162.html
fixservis.sk,Slovakia,shop,iphone 12,aftermarket-tft,aftermarket,no,2.48,,https://www.fixservis.sk/nahradne-diely-apple-iphone-apple-iphone-12/apple-iphone-12-12-pro-lepka-pod-lcd-adhesive/#iPhonedisplay
smartstores.sk,Slovakia,shop,iphone xr,original,A,no,39.9,EUR,https://www.smartstores.sk/apple-iphone-xr-lcd-displej-dotykova-plocha-ram-original/
phoneassist.net,Italy,shop,iphone 11 pro max,aftermarket-oled,aftermarket,no,84.39,EUR,https://www.phoneassist.net/it/ricambi-display-lcd/display-lcd-hard-oled-per-apple-iphone-11-pro-max-originale-gx__p2771.html
fixservis.sk,Slovakia,shop,iphone 11,aftermarket-oled,aftermarket,no,19.98,,https://www.fixservis.sk/nahradne-diely-apple-iphone-apple-iphone-11/displej-in-cell-fhd-pre-iphone-11-dotykove-sklo-s-ramom-fixpremium/#iPhoneOLEDdisplay
smartstores.sk,Slovakia,shop,iphone 11 pro max,aftermarket-incell,aftermarket,no,24.9,EUR,https://www.smartstores.sk/apple-iphone-11-pro-max-lcd-displej-dotykova-plocha-ram-smartpremium-incell/
moka-gsm.ro,Romania,shop,iphone xs,aftermarket-incell,aftermarket,YES,74.52,RON,https://www.moka-gsm.ro/ecran-iphone/ecran-display-iphone-xs-incell.html
phoneassist.net,Italy,shop,iphone 11 pro,aftermarket-incell,aftermarket,no,45.39,EUR,https://www.phoneassist.net/it/ricambi-display-lcd/display-lcd-originale-in-cell-per-apple-iphone-11-pro-nero-black__p2160.html
smartstores.sk,Slovakia,shop,iphone 16 pro,aftermarket-incell,aftermarket,no,94.9,EUR,https://www.smartstores.sk/apple-iphone-16-pro-lcd-displej-dotykova-plocha-ram-smartpremium-incell/
fixservis.sk,Slovakia,shop,iphone 11,aftermarket-tft,aftermarket,no,19.98,,https://www.fixservis.sk/nahradne-diely-apple-iphone-apple-iphone-11/displej-in-cell-fhd-pre-iphone-11-dotykove-sklo-s-ramom-fixpremium/#iPhonedisplay
moka-gsm.ro,Romania,shop,iphone 13 pro,aftermarket-incell,aftermarket,YES,136.62,RON,https://www.moka-gsm.ro/ecran-iphone/ecran-display-iphone-13-pro-hd-incell-kd.html
moka-gsm.ro,Romania,shop,iphone 15 pro,aftermarket-incell,aftermarket,YES,173.88,RON,https://www.moka-gsm.ro/ecran-iphone/ecran-display-iphone-15-pro-incell-120hz-premium.html
moka-gsm.ro,Romania,shop,iphone 14 pro,aftermarket-incell,aftermarket,YES,149.04,RON,https://www.moka-gsm.ro/ecran-iphone/ecran-display-iphone-14-pro-incell-compatibil-kw.html
moka-gsm.ro,Romania,shop,iphone 11 pro max,aftermarket-incell,aftermarket,YES,120.47,RON,https://www.moka-gsm.ro/ecran-iphone/ecran-display-iphone-11-pro-max-incell.html
moka-gsm.ro,Romania,shop,iphone 15,aftermarket-incell,aftermarket,YES,111.78,RON,https://www.moka-gsm.ro/ecran-iphone/ecran-display-iphone-15-hd-incell.html
moka-gsm.ro,Romania,shop,iphone 11,aftermarket-incell,aftermarket,YES,124.2,RON,https://www.moka-gsm.ro/ecran-iphone/ecran-display-iphone-11-gx-incell.html
moka-gsm.ro,Romania,shop,iphone 14,aftermarket-incell,aftermarket,YES,124.2,RON,https://www.moka-gsm.ro/ecran-iphone/ecran-display-iphone-14-hd-incell-kd-small-notch.html
moka-gsm.ro,Romania,shop,iphone 11,aftermarket-incell,aftermarket,YES,124.2,RON,https://www.moka-gsm.ro/ecrane-iphone-11/ecran-display-iphone-11-gx-incell.html
moka-gsm.ro,Romania,shop,iphone 16 pro max,aftermarket-soft-oled,aftermarket,YES,540.0,RON,https://www.moka-gsm.ro/ecran-iphone/ecran-display-iphone-16-pro-max-soft-oled-120hz-premium.html
moka-gsm.ro,Romania,shop,iphone 13,aftermarket-incell,aftermarket,YES,149.04,RON,https://www.moka-gsm.ro/ecran-iphone/ecran-display-iphone-13-incell.html
moka-gsm.ro,Romania,shop,iphone 11,unknown,aftermarket,YES,80.73,RON,https://www.moka-gsm.ro/ecrane-iphone-11/ecran-display-iphone-7-negru-tianma.html
moka-gsm.ro,Romania,shop,iphone xs max,aftermarket-oled,aftermarket,YES,204.93,RON,https://www.moka-gsm.ro/ecran-iphone/ecran-display-iphone-xs-max-oled.html
moka-gsm.ro,Romania,shop,iphone 11,aftermarket-incell,aftermarket,YES,176.8,RON,https://www.moka-gsm.ro/ecrane-iphone-11/ecran-display-iphone-11-tft-incell-hd.html
moka-gsm.ro,Romania,shop,iphone 11,aftermarket-incell,aftermarket,YES,111.78,RON,https://www.moka-gsm.ro/ecrane-iphone-11/ecran-display-iphone-11-compatibil-gx-incell-high-quality.html
moka-gsm.ro,Romania,shop,iphone 11 pro,aftermarket-gx,aftermarket,YES,186.3,RON,https://www.moka-gsm.ro/ecrane-iphone-11-pro/ecran-display-iphone-11-pro-oled.html
moka-gsm.ro,Romania,shop,iphone 11,aftermarket-incell,aftermarket,YES,142.83,RON,https://www.moka-gsm.ro/ecrane-iphone-11/ecran-display-iphone-11-tft-hd-incell-kd.html
moka-gsm.ro,Romania,shop,iphone 11,unknown,aftermarket,YES,80.73,RON,https://www.moka-gsm.ro/ecrane-iphone-11-pro/ecran-display-iphone-7-negru-tianma.html
moka-gsm.ro,Romania,shop,iphone 11 pro,aftermarket-incell,aftermarket,YES,170.49,RON,https://www.moka-gsm.ro/ecrane-iphone-11-pro/ecran-display-iphone-11-pro-incell-hd.html
moka-gsm.ro,Romania,shop,iphone 12 pro max,aftermarket-incell,aftermarket,YES,130.41,RON,https://www.moka-gsm.ro/ecran-iphone/ecran-display-iphone-12-pro-max-oled-incell.html
moka-gsm.ro,Romania,shop,iphone 11,unknown,aftermarket,YES,80.73,RON,https://www.moka-gsm.ro/ecrane-iphone-11-pro-max/ecran-display-iphone-7-negru-tianma.html
moka-gsm.ro,Romania,shop,iphone 11 pro max,aftermarket-incell,aftermarket,YES,120.47,RON,https://www.moka-gsm.ro/ecrane-iphone-11-pro-max/ecran-display-iphone-11-pro-max-incell.html
moka-gsm.ro,Romania,shop,iphone 11 pro,aftermarket-incell,aftermarket,YES,111.78,RON,https://www.moka-gsm.ro/ecrane-iphone-11-pro/ecran-display-iphone-11-pro-hd-incell-kd.html
moka-gsm.ro,Romania,shop,iphone 12 pro,aftermarket-incell,aftermarket,YES,106.81,RON,https://www.moka-gsm.ro/ecrane-iphone-12/ecran-display-iphone-12-iphone-12-pro-incell.html
moka-gsm.ro,Romania,shop,iphone 11 pro max,aftermarket-oled,aftermarket,YES,248.4,RON,https://www.moka-gsm.ro/ecrane-iphone-11-pro-max/ecran-display-iphone-11-pro-max.html
moka-gsm.ro,Romania,shop,iphone 11 pro max,aftermarket-incell,aftermarket,YES,176.8,RON,https://www.moka-gsm.ro/ecrane-iphone-11-pro-max/ecran-display-iphone-11-pro-max-incell-hd.html
ch-ios.ro,Romania,shop,iphone 16 pro max,refurb,A,YES,1435.0,RON,https://www.ch-ios.ro/display-cu-touchscreen-și-ramă-iphone-16-pro-max-original-reconditionat.html
ch-ios.ro,Romania,shop,iphone 15 pro max,refurb,A,YES,1260.0,RON,https://www.ch-ios.ro/display-cu-touchscreen-și-ramă-iphone-15-pro-max.html
ch-ios.ro,Romania,shop,iphone 16 pro,refurb,A,YES,1220.0,RON,https://www.ch-ios.ro/display-cu-touchscreen-și-ramă-iphone-16-pro.html
ch-ios.ro,Romania,shop,iphone 16,refurb,A,YES,950.0,RON,https://www.ch-ios.ro/display-cu-touchscreen-și-ramă-iphone-16-original-reconditionat.html
ch-ios.ro,Romania,shop,iphone 16 plus,refurb,A,YES,950.0,RON,https://www.ch-ios.ro/display-cu-touchscreen-și-ramă-iphone-16-plus-original-reconditionat.html
ch-ios.ro,Romania,shop,iphone 15,aftermarket-soft-oled,aftermarket,YES,420.0,RON,https://www.ch-ios.ro/display-cu-touchscreen-și-ramă-iphone-15.html
ch-ios.ro,Romania,shop,iphone 15 plus,refurb,A,YES,877.0,RON,https://www.ch-ios.ro/display-cu-touchscreen-și-ramă-iphone-15-plus.html
ch-ios.ro,Romania,shop,iphone 13 mini,refurb,A,YES,679.0,RON,https://www.ch-ios.ro/display-cu-touchscreen-și-ramă-iphone-13-mini-original-reconditionat.html
ch-ios.ro,Romania,shop,iphone 15 pro,refurb,A,YES,1185.0,RON,https://www.ch-ios.ro/display-cu-touchscreen-și-ramă-iphone-15-pro.html
ch-ios.ro,Romania,shop,iphone 14,aftermarket-soft-oled,aftermarket,YES,340.0,RON,https://www.ch-ios.ro/display-cu-touchscreen-și-ramă-iphone-14-soft-oled.html
ch-ios.ro,Romania,shop,iphone 13,refurb,A,YES,417.0,RON,https://www.ch-ios.ro/display-cu-touchscreen-și-ramă-iphone-13-oled-original-reconditionat.html
ch-ios.ro,Romania,shop,iphone 14 plus,aftermarket-soft-oled,aftermarket,YES,330.0,RON,https://www.ch-ios.ro/display-cu-touchscreen-și-ramă-iphone-14-plus.html
ch-ios.ro,Romania,shop,iphone 12 pro,refurb,A,YES,383.0,RON,https://www.ch-ios.ro/display-cu-touchscreen-și-ramă-iphone-12-12-pro-oled-original-reconditionat.html
ch-ios.ro,Romania,shop,iphone 11 pro max,refurb,A,YES,392.0,RON,https://www.ch-ios.ro/display-cu-touchscreen-și-ramă-iphone-11-pro-max-oled-original-reconditionat.html
ch-ios.ro,Romania,shop,iphone 11,refurb,A,YES,195.0,RON,https://www.ch-ios.ro/display-cu-touchscreen-și-ramă-iphone-11-original-reconditionat.html
ch-ios.ro,Romania,shop,iphone xr,refurb,A,YES,195.0,RON,https://www.ch-ios.ro/display-cu-touchscreen-și-ramă-iphone-xr-original-reconditionat.html
ch-ios.ro,Romania,shop,iphone 16 plus,refurb,A,YES,950.0,RON,https://www.ch-ios.ro/componente-109/display-cu-touchscreen-și-ramă-iphone-16-plus-original-reconditionat.html
ch-ios.ro,Romania,shop,iphone 11,refurb,A,YES,195.0,RON,https://www.ch-ios.ro/componente-109/display-cu-touchscreen-și-ramă-iphone-11-original-reconditionat.html
ch-ios.ro,Romania,shop,iphone xs max,refurb,A,YES,370.0,RON,https://www.ch-ios.ro/display-cu-touchscreen-și-ramă-iphone-xs-max-oled-original-reconditionat.html
ch-ios.ro,Romania,shop,iphone xs,refurb,A,YES,265.0,RON,https://www.ch-ios.ro/display-cu-touchscreen-și-ramă-iphone-xs-oled-original-reconditionat.html
ch-ios.ro,Romania,shop,iphone 11 pro,refurb,A,YES,380.0,RON,https://www.ch-ios.ro/display-cu-touchscreen-și-ramă-iphone-11-pro-oled-original-reconditionat.html
ch-ios.ro,Romania,shop,iphone 16 pro,refurb,A,YES,1220.0,RON,https://www.ch-ios.ro/componente-109/display-cu-touchscreen-și-ramă-iphone-16-pro.html
ch-ios.ro,Romania,shop,iphone 16,refurb,A,YES,950.0,RON,https://www.ch-ios.ro/componente-109/display-cu-touchscreen-și-ramă-iphone-16-original-reconditionat.html
ch-ios.ro,Romania,shop,iphone 15 pro max,refurb,A,YES,1260.0,RON,https://www.ch-ios.ro/componente-109/display-cu-touchscreen-și-ramă-iphone-15-pro-max.html
celo.ro,Romania,shop,iphone 14 plus,aftermarket-soft-oled,aftermarket,YES,299.0,RON,https://www.celo.ro/display-soft-oled-iphone-14-plus-cu-diagnoza-garantie-12-luni.html
celo.ro,Romania,shop,iphone 15,aftermarket-soft-oled,aftermarket,YES,449.0,RON,https://www.celo.ro/display-soft-oled-iphone-15-cu-diagnoza-garantie-12-luni.html
celo.ro,Romania,shop,iphone 15 pro,aftermarket-soft-oled,aftermarket,YES,499.0,RON,https://www.celo.ro/display-soft-oled-iphone-15-pro-120hz-cu-diagnoza-garantie-12-luni.html
celo.ro,Romania,shop,iphone 13,aftermarket-soft-oled,aftermarket,YES,299.0,RON,https://www.celo.ro/display-soft-oled-iphone-13-cu-diagnoza-garantie-12-luni.html
celo.ro,Romania,shop,iphone 14,aftermarket-soft-oled,aftermarket,YES,299.0,RON,https://www.celo.ro/display-soft-oled-iphone-14-cu-diagnoza-garantie-12-luni.html
ch-ios.ro,Romania,shop,iphone 12 mini,refurb,A,YES,425.0,RON,https://www.ch-ios.ro/display-cu-touchscreen-și-ramă-iphone-12-mini-oled-original-reconditionat.html
celo.ro,Romania,shop,iphone 15 pro,aftermarket-soft-oled,aftermarket,YES,499.0,RON,https://www.celo.ro/piese-accesorii-iphone/display-soft-oled-iphone-15-pro-120hz-cu-diagnoza-garantie-12-luni.html
hugmie.ie,Ireland,shop,iphone 11 pro max,unknown,aftermarket,no,15.99,EUR,https://hugmie.ie/products/hugmie-2-5d-tempered-glass-screen-protector-for-iphone?variant=55302225854813
celo.ro,Romania,shop,iphone 12,unknown,aftermarket,YES,129.0,RON,https://www.celo.ro/display-iphone/display-iphone-11-pro-max-ltps-premium-garantie-12-luni.html
celo.ro,Romania,shop,iphone 13,aftermarket-soft-oled,aftermarket,YES,299.0,RON,https://www.celo.ro/piese-accesorii-iphone/display-soft-oled-iphone-13-cu-diagnoza-garantie-12-luni.html
hugmie.ie,Ireland,shop,iphone 16 plus,unknown,aftermarket,no,15.99,EUR,https://hugmie.ie/products/hugmie-2-5d-tempered-glass-screen-protector-for-iphone?variant=52376666472797
hugmie.ie,Ireland,shop,iphone 11 pro,unknown,aftermarket,no,15.99,EUR,https://hugmie.ie/products/hugmie-2-5d-tempered-glass-screen-protector-for-iphone?variant=62835010306397
hugmie.ie,Ireland,shop,iphone 16,unknown,aftermarket,no,15.99,EUR,https://hugmie.ie/products/hugmie-2-5d-tempered-glass-screen-protector-for-iphone?variant=52376749343069
hugmie.ie,Ireland,shop,iphone 16e,unknown,aftermarket,no,15.99,EUR,https://hugmie.ie/products/hugmie-2-5d-tempered-glass-screen-protector-for-iphone?variant=52376749474141
hugmie.ie,Ireland,shop,iphone 13 mini,unknown,aftermarket,no,15.99,EUR,https://hugmie.ie/products/hugmie-2-5d-tempered-glass-screen-protector-for-iphone?variant=62835010404701
celo.ro,Romania,shop,iphone 14 plus,aftermarket-soft-oled,aftermarket,YES,299.0,RON,https://www.celo.ro/piese-accesorii-iphone/display-soft-oled-iphone-14-plus-cu-diagnoza-garantie-12-luni.html
celo.ro,Romania,shop,iphone 15,aftermarket-soft-oled,aftermarket,YES,449.0,RON,https://www.celo.ro/piese-accesorii-iphone/display-soft-oled-iphone-15-cu-diagnoza-garantie-12-luni.html
hugmie.ie,Ireland,shop,iphone 14 plus,unknown,aftermarket,no,15.99,EUR,https://hugmie.ie/products/hugmie-2-5d-tempered-glass-screen-protector-for-iphone?variant=55302225822045
hugmie.ie,Ireland,shop,iphone 12 pro max,unknown,aftermarket,no,15.99,EUR,https://hugmie.ie/products/hugmie-2-5d-tempered-glass-screen-protector-for-iphone?variant=62835010371933
hugmie.ie,Ireland,shop,iphone 14 pro max,unknown,aftermarket,no,15.99,EUR,https://hugmie.ie/products/hugmie-2-5d-tempered-glass-screen-protector-for-iphone?variant=52376749375837
hugmie.ie,Ireland,shop,iphone 12 mini,unknown,aftermarket,no,15.99,EUR,https://hugmie.ie/products/hugmie-2-5d-tempered-glass-screen-protector-for-iphone?variant=62835010339165
hugmie.ie,Ireland,shop,iphone 11,unknown,aftermarket,no,15.99,EUR,https://hugmie.ie/products/hugmie-2-5d-tempered-glass-screen-protector-for-iphone?variant=52376749605213
celo.ro,Romania,shop,iphone 12,unknown,aftermarket,YES,119.0,RON,https://www.celo.ro/display-iphone/display-iphone-xr-ltps-garantie-12-luni.html
hugmie.ie,Ireland,shop,iphone 15 pro,unknown,aftermarket,no,22.99,EUR,https://hugmie.ie/products/hugmie-iphone-corning-glass-screen-protector?variant=52377957597533
hugmie.ie,Ireland,shop,iphone 16e,unknown,aftermarket,no,22.99,EUR,https://hugmie.ie/products/hugmie-iphone-corning-glass-screen-protector?variant=52377957990749
hugmie.ie,Ireland,shop,iphone 15 pro max,unknown,aftermarket,no,159.99,EUR,https://hugmie.ie/products/iphone-15-pro-max-screen-repair?_pos=2&_sid=15ee2ba5d&_ss=r
hugmie.ie,Ireland,shop,iphone 15 pro max,unknown,aftermarket,no,22.99,EUR,https://hugmie.ie/products/hugmie-iphone-corning-glass-screen-protector?variant=52377957564765
hugmie.ie,Ireland,shop,iphone 16,unknown,aftermarket,no,22.99,EUR,https://hugmie.ie/products/hugmie-iphone-corning-glass-screen-protector?variant=52377957663069
hugmie.ie,Ireland,shop,iphone 11,unknown,aftermarket,no,69.0,EUR,https://hugmie.ie/products/iphone-11-screen-repair?variant=48407133159773
hugmie.ie,Ireland,shop,iphone 15,unknown,aftermarket,no,199.0,EUR,https://hugmie.ie/products/iphone-15-screen-repair?_pos=8&_sid=15ee2ba5d&_ss=r
hugmie.ie,Ireland,shop,iphone 11,unknown,aftermarket,no,69.0,EUR,https://hugmie.ie/products/iphone-11-screen-repair
hugmie.ie,Ireland,shop,iphone 11 pro max,unknown,aftermarket,no,99.0,EUR,https://hugmie.ie/products/iphone-11-pro-max-screen-repair?_pos=15&_sid=15ee2ba5d&_ss=r
hugmie.ie,Ireland,shop,iphone 11,unknown,aftermarket,no,69.0,EUR,https://hugmie.ie/products/iphone-11-series-screen-repair?_pos=13&_sid=15ee2ba5d&_ss=r
hugmie.ie,Ireland,shop,iphone 16,unknown,aftermarket,no,19.99,EUR,https://hugmie.ie/products/hugmie-dustproof-glass-screen-protector-for-iphone-16-series
hugmie.ie,Ireland,shop,iphone 11,unknown,aftermarket,no,69.0,EUR,https://hugmie.ie/products/iphone-11-screen-repair?_pos=7&_sid=15ee2ba5d&_ss=r
hugmie.ie,Ireland,shop,iphone 14,unknown,aftermarket,no,185.0,EUR,https://hugmie.ie/products/iphone-14-series-screen-repair?_pos=18&_sid=15ee2ba5d&_ss=r
hugmie.ie,Ireland,shop,iphone 12 pro,unknown,aftermarket,no,22.99,EUR,https://hugmie.ie/products/hugmie-iphone-corning-glass-screen-protector?variant=52377958220125
hugmie.ie,Ireland,shop,iphone x,unknown,aftermarket,no,69.0,EUR,https://hugmie.ie/products/iphone-x-series-screen-repair?_pos=6&_sid=15ee2ba5d&_ss=r
hugmie.ie,Ireland,shop,iphone 16,unknown,aftermarket,no,22.99,EUR,https://hugmie.ie/products/hugmie-corning-glass-screen-protector-for-iphone-16-series
hugmie.ie,Ireland,shop,iphone 13,unknown,aftermarket,no,129.0,EUR,https://hugmie.ie/products/iphone-13-screen-repair?_pos=21&_sid=15ee2ba5d&_ss=r
hugmie.ie,Ireland,shop,iphone 12,unknown,aftermarket,no,99.0,EUR,https://hugmie.ie/products/iphone-12-series-screen-repair
hugmie.ie,Ireland,shop,iphone 12,unknown,aftermarket,no,99.0,EUR,https://hugmie.ie/products/iphone-12-series-screen-repair?_pos=22&_sid=15ee2ba5d&_ss=r
hugmie.ie,Ireland,shop,iphone 11,unknown,aftermarket,no,99.0,EUR,https://hugmie.ie/products/iphone-11-screen-repair?variant=48407133258077
unlockr.ca,Canada,shop,iphone xr,refurb,A,no,41.99,CAD,https://unlockr.ca/products/iphone-xr-lcd-screen-and-digitizer?variant=40787361956014
unlockr.ca,Canada,shop,iphone 11,aftermarket-incell,aftermarket,no,27.99,CAD,https://unlockr.ca/products/iphone-11-lcd-screen-and-digitizer?variant=40787375718574
unlockr.ca,Canada,shop,iphone 15 pro max,unknown,aftermarket,no,14.99,CAD,https://unlockr.ca/products/tempered-glass-screen-protector-for-iphone-10-pack?variant=44256084656302
unlockr.ca,Canada,shop,iphone 16 pro,unknown,aftermarket,no,13.99,CAD,https://unlockr.ca/products/tempered-glass-screen-protector-for-iphone-10-pack?variant=45731293298862
unlockr.ca,Canada,shop,iphone 13 mini,unknown,aftermarket,no,14.99,CAD,https://unlockr.ca/products/tempered-glass-screen-protector-for-iphone-10-pack?variant=41340152610990
unlockr.ca,Canada,shop,iphone 14 pro max,unknown,aftermarket,no,14.99,CAD,https://unlockr.ca/products/tempered-glass-screen-protector-for-iphone-10-pack?variant=43376428843182
unlockr.ca,Canada,shop,iphone 14 plus,unknown,aftermarket,no,14.99,CAD,https://unlockr.ca/products/tempered-glass-screen-protector-for-iphone-10-pack?variant=41340168929454
unlockr.ca,Canada,shop,iphone 16 plus,unknown,aftermarket,no,14.99,CAD,https://unlockr.ca/products/tempered-glass-screen-protector-for-iphone-10-pack?variant=44256082034862
unlockr.ca,Canada,shop,iphone 11,refurb,A,no,42.99,CAD,https://unlockr.ca/products/iphone-11-lcd-screen-and-digitizer?variant=40787375685806
unlockr.ca,Canada,shop,iphone 12 pro max,unknown,aftermarket,no,12.99,CAD,https://unlockr.ca/products/tempered-glass-screen-protector-for-iphone-10-pack?variant=37619957334190
unlockr.ca,Canada,shop,iphone 15 pro,unknown,aftermarket,no,14.99,CAD,https://unlockr.ca/products/tempered-glass-screen-protector-for-iphone-10-pack?variant=44256083148974
unlockr.ca,Canada,shop,iphone 16e,unknown,aftermarket,no,14.99,CAD,https://unlockr.ca/products/tempered-glass-screen-protector-for-iphone-10-pack?variant=41340123873454
unlockr.ca,Canada,shop,iphone 12 pro,unknown,aftermarket,no,14.99,CAD,https://unlockr.ca/products/tempered-glass-screen-protector-for-iphone-10-pack?variant=40291208134830
unlockr.ca,Canada,shop,iphone 12 mini,unknown,aftermarket,no,14.99,CAD,https://unlockr.ca/products/tempered-glass-screen-protector-for-iphone-10-pack?variant=42937031426222
unlockr.ca,Canada,shop,iphone 11,unknown,aftermarket,no,14.99,CAD,https://unlockr.ca/products/tempered-glass-screen-protector-for-iphone-10-pack?variant=21890681765993
unlockr.ca,Canada,shop,iphone 16,unknown,aftermarket,no,14.99,CAD,https://unlockr.ca/products/tempered-glass-screen-protector-for-iphone-10-pack?variant=44256080199854
unlockr.ca,Canada,shop,iphone xr,aftermarket-incell,aftermarket,no,27.99,CAD,https://unlockr.ca/products/iphone-xr-lcd-screen-and-digitizer?variant=40787361988782
unlockr.ca,Canada,shop,iphone 15 pro,aftermarket-oled,aftermarket,no,39.99,CAD,https://unlockr.ca/products/oled-screen-and-digitizer-assembly-compatible-for-iphone-15-pro?_pos=2&_sid=e3489a708&_ss=r
unlockr.ca,Canada,shop,iphone xs,unknown,aftermarket,no,27.99,CAD,https://unlockr.ca/products/iphone-xs-lcd-screen-and-digitizer?_pos=6&_sid=e3489a708&_ss=r
unlockr.ca,Canada,shop,iphone 14 pro,aftermarket-oled,aftermarket,no,39.99,CAD,https://unlockr.ca/products/oled-screen-and-digitizer-assembly-compatible-for-iphone-14-pro?_pos=1&_sid=e3489a708&_ss=r
unlockr.ca,Canada,shop,iphone 11,aftermarket-lcd,aftermarket,no,27.99,CAD,https://unlockr.ca/products/iphone-11-lcd-screen-and-digitizer?_pos=4&_sid=e3489a708&_ss=r
unlockr.ca,Canada,shop,iphone 16,unknown,aftermarket,no,34.99,CAD,https://unlockr.ca/products/oled-screen-and-digitizer-assembly-compatible-for-iphone-16?_pos=19&_sid=e3489a708&_ss=r
unlockr.ca,Canada,shop,iphone 13 pro,aftermarket-oled,aftermarket,no,39.99,CAD,https://unlockr.ca/products/oled-screen-and-digitizer-assembly-compatible-for-iphone-13-pro?_pos=11&_sid=e3489a708&_ss=r
onlinemobileparts.com.au,Australia,shop,iphone xr,unknown,aftermarket,no,50.0,AUD,https://www.onlinemobileparts.com.au/iphone-xr-screen-replacements
unlockr.ca,Canada,shop,iphone 12 pro,unknown,aftermarket,no,29.99,CAD,https://unlockr.ca/products/screen-and-digitizer-assembly-compatible-for-iphone-12-12-pro?_pos=3&_sid=e3489a708&_ss=r
unlockr.ca,Canada,shop,iphone 16 pro max,unknown,aftermarket,no,59.99,CAD,https://unlockr.ca/products/oled-screen-and-digitizer-assembly-compatible-for-iphone-16-pro-1?_pos=20&_sid=e3489a708&_ss=r
unlockr.ca,Canada,shop,iphone 16 pro,unknown,aftermarket,no,59.99,CAD,https://unlockr.ca/products/oled-screen-and-digitizer-assembly-compatible-for-iphone-16-pro?_pos=17&_sid=e3489a708&_ss=r
unlockr.ca,Canada,shop,iphone 14 pro max,aftermarket-oled,aftermarket,no,49.99,CAD,https://unlockr.ca/products/oled-screen-and-digitizer-assembly-compatible-for-iphone-14-pro-max?_pos=9&_sid=e3489a708&_ss=r
onlinemobileparts.com.au,Australia,shop,iphone x,aftermarket-lcd,aftermarket,no,47.0,AUD,https://www.onlinemobileparts.com.au/iphone-x-screen-replacements
onlinemobileparts.com.au,Australia,shop,iphone 15,unknown,aftermarket,no,72.0,AUD,https://www.onlinemobileparts.com.au/iphone-15-screen-replacements
onlinemobileparts.com.au,Australia,shop,iphone 12 pro max,unknown,aftermarket,no,88.0,AUD,https://www.onlinemobileparts.com.au/iphone-12-pro-max-screen-replacements
unlockr.ca,Canada,shop,iphone 13,aftermarket-oled,aftermarket,no,30.99,CAD,https://unlockr.ca/products/oled-screen-and-digitizer-assembly-compatible-for-iphone-13?_pos=13&_sid=e3489a708&_ss=r
onlinemobileparts.com.au,Australia,shop,iphone 11,unknown,aftermarket,no,50.0,AUD,https://www.onlinemobileparts.com.au/iphone-11-screen-replacements
onlinemobileparts.com.au,Australia,shop,iphone 14 pro,unknown,aftermarket,no,76.0,AUD,https://www.onlinemobileparts.com.au/iphone-14-pro-screen-replacements
unlockr.ca,Canada,shop,iphone 15,aftermarket-oled,aftermarket,no,34.99,CAD,https://unlockr.ca/products/oled-screen-and-digitizer-assembly-compatible-for-iphone-15?_pos=21&_sid=e3489a708&_ss=r
unlockr.ca,Canada,shop,iphone 11,aftermarket-lcd,aftermarket,no,27.99,CAD,https://unlockr.ca/products/iphone-11-lcd-screen-and-digitizer
onlinemobileparts.com.au,Australia,shop,iphone 16 plus,aftermarket-lcd,aftermarket,no,97.0,AUD,https://www.onlinemobileparts.com.au/iphone-16-plus-screen-replacements
onlinemobileparts.com.au,Australia,shop,iphone 16 pro max,aftermarket-soft-oled,aftermarket,no,479.0,AUD,https://www.onlinemobileparts.com.au/iphone-16-pro-max-diagnostic-soft-oled-screen-replacements
onlinemobileparts.com.au,Australia,shop,iphone 16 pro max,aftermarket-lcd,aftermarket,no,133.0,AUD,https://www.onlinemobileparts.com.au/iphone-16-pro-max-screen-replacements
onlinemobileparts.com.au,Australia,shop,iphone 16,aftermarket-soft-oled,aftermarket,no,339.0,AUD,https://www.onlinemobileparts.com.au/iphone-16-diagnostic-soft-oled-screen-replacements
onlinemobileparts.com.au,Australia,shop,iphone 16 pro,aftermarket-soft-oled,aftermarket,no,198.0,AUD,https://www.onlinemobileparts.com.au/iphone-16-pro-soft-oled-screen-replacements
onlinemobileparts.com.au,Australia,shop,iphone 16 plus,aftermarket-soft-oled,aftermarket,no,165.0,AUD,https://www.onlinemobileparts.com.au/iphone-16-plus-soft-oled-screen-replacements
onlinemobileparts.com.au,Australia,shop,iphone 16,aftermarket-lcd,aftermarket,no,97.0,AUD,https://www.onlinemobileparts.com.au/iphone-16-screen-replacements
onlinemobileparts.com.au,Australia,shop,iphone 15 pro max,refurb,A,no,512.0,AUD,https://www.onlinemobileparts.com.au/iphone-15-pro-max-refurbished-oem-screen-replacements
onlinemobileparts.com.au,Australia,shop,iphone 15 pro max,aftermarket-soft-oled,aftermarket,no,298.0,AUD,https://www.onlinemobileparts.com.au/iphone-15-pro-max-diagnostic-soft-oled-screen-replacements
onlinemobileparts.com.au,Australia,shop,iphone 16,aftermarket-soft-oled,aftermarket,no,145.0,AUD,https://www.onlinemobileparts.com.au/iphone-16-soft-oled-screen-replacements
onlinemobileparts.com.au,Australia,shop,iphone 15 pro,aftermarket-lcd,aftermarket,no,76.0,AUD,https://www.onlinemobileparts.com.au/iphone-15-pro-screen-replacements
onlinemobileparts.com.au,Australia,shop,iphone 15 pro,refurb,A,no,475.0,AUD,https://www.onlinemobileparts.com.au/iphone-15-pro-refurbished-oem-screen-replacements
onlinemobileparts.com.au,Australia,shop,iphone 15 pro max,aftermarket-lcd,aftermarket,no,122.0,AUD,https://www.onlinemobileparts.com.au/iphone-15-pro-max-screen-replacements
mobilex.es,Spain,shop,iphone 11,unknown,aftermarket,no,9.25,EUR,https://mobilex.es/es/5485-tag-on-flex-iphone-11-qianli-3401126481235.html
onlinemobileparts.com.au,Australia,shop,iphone 15 pro,aftermarket-soft-oled,aftermarket,no,159.0,AUD,https://www.onlinemobileparts.com.au/iphone-15-pro-soft-oled-screen-replacements
onlinemobileparts.com.au,Australia,shop,iphone 15 pro,aftermarket-soft-oled,aftermarket,no,309.0,AUD,https://www.onlinemobileparts.com.au/iphone-15-pro-diagnostic-soft-oled-screen-replacements
onlinemobileparts.com.au,Australia,shop,iphone 11 pro max,unknown,aftermarket,no,8.0,AUD,https://www.onlinemobileparts.com.au/iphone-11-pro-max-clear-tempered-glass-screen-protectors
mobilex.es,Spain,shop,iphone 12 mini,unknown,aftermarket,no,9.25,EUR,https://mobilex.es/es/5490-tag-on-flex-iphone-12-mini-qianli-3401126481280.html
onlinemobileparts.com.au,Australia,shop,iphone 11,unknown,aftermarket,no,8.0,AUD,https://www.onlinemobileparts.com.au/iphone-11-clear-tempered-glass-screen-protectors
onlinemobileparts.com.au,Australia,shop,iphone 13,unknown,aftermarket,no,8.0,AUD,https://www.onlinemobileparts.com.au/iphone-13-clear-tempered-glass-screen-protectors
onlinemobileparts.com.au,Australia,shop,iphone 14,unknown,aftermarket,no,8.0,AUD,https://www.onlinemobileparts.com.au/iphone-14-clear-tempered-glass-screen-protectors
onlinemobileparts.com.au,Australia,shop,iphone 13 pro max,unknown,aftermarket,no,8.0,AUD,https://www.onlinemobileparts.com.au/iphone-13-pro-max-clear-tempered-glass-screen-protectors
wgp.com,USA,shop,iphone 14,unknown,aftermarket,no,49.99,USD,https://wgp.com/
onlinemobileparts.com.au,Australia,shop,iphone 13 pro,unknown,aftermarket,no,8.0,AUD,https://www.onlinemobileparts.com.au/iphone-13-pro-clear-tempered-glass-screen-protectors
wgp.com,USA,shop,iphone 11,aftermarket-incell,aftermarket,no,17.72,USD,https://wgp.com/
wgp.com,USA,shop,iphone 13 pro max,unknown,aftermarket,no,16.74,USD,https://wgp.com/
fonefunshop.com,UK,shop,iphone 14 pro,aftermarket-soft-oled,aftermarket,no,266.95,GBP,https://www.fonefunshop.com/collections/iphone-screens
wgp.com,USA,shop,iphone 11,unknown,aftermarket,no,39.99,USD,https://wgp.com/
wgp.com,USA,shop,iphone 15 plus,unknown,aftermarket,no,29.99,USD,https://wgp.com/
fonefunshop.com,UK,shop,iphone 15 pro,aftermarket-soft-oled,aftermarket,no,280.95,GBP,https://www.fonefunshop.com/collections/iphone-screens
fonefunshop.com,UK,shop,iphone 16 pro max,aftermarket-soft-oled,aftermarket,no,230.95,GBP,https://www.fonefunshop.com/collections/iphone-screens
fonefunshop.com,UK,shop,iphone 14 pro max,aftermarket-soft-oled,aftermarket,no,299.95,GBP,https://www.fonefunshop.com/collections/iphone-screens
fonefunshop.com,UK,shop,iphone 16,aftermarket-incell,aftermarket,no,124.95,GBP,https://www.fonefunshop.com/collections/iphone-screens
fonefunshop.com,UK,shop,iphone 16 pro max,aftermarket-incell,aftermarket,no,180.95,GBP,https://www.fonefunshop.com/collections/iphone-screens
fonefunshop.com,UK,shop,iphone 16 plus,aftermarket-incell,aftermarket,no,124.95,GBP,https://www.fonefunshop.com/collections/iphone-screens
fonefunshop.com,UK,shop,iphone 15 plus,aftermarket-soft-oled,aftermarket,no,251.95,GBP,https://www.fonefunshop.com/collections/iphone-screens
fonefunshop.com,UK,shop,iphone 16,aftermarket-soft-oled,aftermarket,no,180.95,GBP,https://www.fonefunshop.com/collections/iphone-screens
repairsuniverse.com,USA,shop,iphone xr,aftermarket-lcd,aftermarket,no,13.94,USD,https://www.repairsuniverse.com/collections/iphone-replacement-parts
fonefunshop.com,UK,shop,iphone 13,original,A,no,113.95,GBP,https://www.fonefunshop.com/collections/iphone-screens
fonefunshop.com,UK,shop,iphone 12 pro max,aftermarket-soft-oled,aftermarket,no,99.95,GBP,https://www.fonefunshop.com/collections/iphone-screens
fonefunshop.com,UK,shop,iphone 15 pro max,aftermarket-soft-oled,aftermarket,no,87.95,GBP,https://www.fonefunshop.com/collections/iphone-screens
fonefunshop.com,UK,shop,iphone 16e,aftermarket-soft-oled,aftermarket,no,87.95,GBP,https://www.fonefunshop.com/collections/iphone-screens
fonefunshop.com,UK,shop,iphone 11 pro max,aftermarket-soft-oled,aftermarket,no,99.95,GBP,https://www.fonefunshop.com/collections/iphone-screens
fonefunshop.com,UK,shop,iphone 13 mini,aftermarket-soft-oled,aftermarket,no,124.95,GBP,https://www.fonefunshop.com/collections/iphone-screens
fonefunshop.com,UK,shop,iphone 14,aftermarket-soft-oled,aftermarket,no,93.95,GBP,https://www.fonefunshop.com/collections/iphone-screens
24hshop.fr,France,shop,iPhone XR,aftermarket-incell,aftermarket,no,68.98,EUR,https://24hshop.fr/ecran-lcd-sur-chassis-iphone-xr-incell-apple-premium-super-retina-61-in-vitre-smartphone-affichage-true-tone-cristaux-liquides-2454.html
appleparts.nl,Netherlands,shop,iPhone 14 Pro Max,aftermarket-soft-oled,aftermarket,no,89,EUR,https://appleparts.nl/products/premium-soft-oled-scherm-voor-iphone-14-pro-max?_pos=1&_sid=433506182&_ss=r
digitalteck.it,Italy,shop,iPhone X,aftermarket-hard-oled,aftermarket,no,25,EUR,https://www.digitalteck.it/iphone-x/852-lcd-display-per-apple-iphone-x-hard-oled-nuovo-con-frame-0764022300158.html
dutchrepair.nl,Netherlands,shop,iPhone 11,original,A,no,45.99,EUR,https://www.dutchrepair.nl/products/kopie-van-iphone-11-scherm-a-kwaliteit-gratis-tempered-glass-screen-protector-gereedschap-framesticker-scherm-touchscreen-hoge-kwaliteit
a-parts.com.pl,Poland,shop,iPhone 13 Pro Max,aftermarket-oled,aftermarket,no,240.45,PLN,"https://www.a-parts.com.pl/produkty/wyswietlacz-lcd-ekran-dotykowy-iphone-13-pro-max,3,32499,39799"
appleparts.nl,Netherlands,shop,iPhone 16,pulled,A,no,198,EUR,https://appleparts.nl/products/beeldscherm-scherm-voor-iphone-16-origineel-pulled?_pos=5&_sid=433506182&_ss=r
a-parts.com.pl,Poland,shop,iPhone 14 Pro,aftermarket-incell,aftermarket,no,112.96,PLN,"https://www.a-parts.com.pl/produkty/wyswietlacz-lcd-ekran-dotykowy-do-iphone-14-pro,3,32499,43466"
componentidigitali.com,Italy,shop,iPhone X,aftermarket-incell,aftermarket,no,12.75,EUR,https://www.componentidigitali.com/it/componenti-digitali-home-page/ricambi-per-cellulari-tablet/ricambi-per-apple-iphone/iphone-x/display-lcd-per-iphone-x-incell-zy-ffhd-.1.39.581.gp.41175.uw
componentidigitali.com,Italy,shop,iPhone XR,aftermarket-incell,aftermarket,no,13.2,EUR,https://www.componentidigitali.com/it/componenti-digitali-home-page/ricambi-per-cellulari-tablet/ricambi-per-apple-iphone/iphone-xr/display-lcd-per-iphone-xr-incell-zy-ffhd-.1.39.627.gp.41122.uw
fonefunshop.com,UK,shop,iphone 12 pro max,aftermarket-lcd,aftermarket,no,120.95,GBP,https://www.fonefunshop.com/collections/iphone-screens
repairpartsusa.com,Austria,shop,iPhone XS Max,aftermarket-hard-oled,aftermarket,no,42.39,USD,https://repairpartsusa.com/products/iphone-xs-max-hard-oled
phonepartsrus.com,Czechia,shop,iPhone 14,aftermarket-hard-oled,aftermarket,no,36,USD,https://phonepartsrus.com/products/copy-of-iphone-14-lcd-premium-incell-cof
hurtlcd.pl,Poland,shop,iphone x,unknown,aftermarket,no,63.0,PLN,https://hurtlcd.pl/
gjirafa50.al,Albania,shop,iPhone 12 / 12 Pro,unknown,aftermarket,no,2690,ALL,https://gjirafa50.al/ekran-zevendesues-per-iphone-12-12-pro-zy-hd-touch-screen-i-zi
mobifixbg.com,Bulgaria,shop,iPhone XR,aftermarket-incell,aftermarket,no,19.17,EUR,https://mobifixbg.com/product/displey-za-iphone-xr-jk-incell
mobifixbg.com,Bulgaria,shop,iPhone 14,aftermarket-incell,aftermarket,no,23.75,EUR,https://mobifixbg.com/product/displey-za-iphone-14g-2022-jk-incell
da-pieces.com,France,shop,iPhone 11,aftermarket-incell,aftermarket,no,15.9,EUR,https://da-pieces.com/products/ecran-iphone-11-incell-jk?_pos=5&_sid=c78f624bf&_ss=r
ilevante.fr,France,shop,iPhone 15 Pro Max,unknown,aftermarket,no,33.9,EUR,https://www.ilevante.fr/Ecran-complet-pour-iphone-15-pro-max-p-20770.html
ab-mobiteli.com,Croatia,shop,iPhone XR,pulled,A,no,110,EUR,https://ab-mobiteli.com/products/apple-iphone-xr-lcd-touch-skinuti-original
bokmanev.com,Denmark,shop,iPhone XS Max,aftermarket-lcd,aftermarket,no,27.99,EUR,https://www.bokmanev.com/products/bokman-for-iphone-xs-max-lcd-screen-replacement-parts-display-assembly-front-panel?_pos=15&_sid=71bd2e7ea&_ss=r
mobilnidily.cz,Czechia,shop,iPhone X,aftermarket-incell,aftermarket,YES,499,CZK,https://www.mobilnidily.cz/lcd-displej-pro-apple-iphone-x--incell/
nordviks.se,Denmark,shop,iPhone 15 Pro Max,aftermarket-soft-oled,aftermarket,YES,611.65,SEK,https://www.nordviks.se/products/iphone-15-pro-max-display-soft-oled-repart-prime-120hz
piecegsm.com,France,shop,iPhone 11,unknown,aftermarket,no,15,EUR,https://piecegsm.com/iphone-11/3527-ecran-pour-iphone-11-marque-jk-fhd1080p.html
24hshop.fr,France,shop,iPhone XS,aftermarket-oled,aftermarket,no,55.98,EUR,https://24hshop.fr/super-retina-58-pouces-apple-a2098-iphone-xs-soft-oled-vitre-original-smartphone-affichage-true-tone-changer-ecran-lg-oleophobe-2707.html
reparation-iphone.com,France,shop,iPhone 14 Pro,aftermarket-lcd,aftermarket,no,69.9,EUR,https://www.reparation-iphone.com/accueil/2380-ecran-iphone-14-pro-complet-vitre-tactile-lcd-compatible.html
gbishop.de,Germany,shop,iPhone 15 Plus,aftermarket-soft-oled,aftermarket,no,67,EUR,https://gbishop.de/displays/14712-dd-auto-diagnostic-display-soft-oled-60-hz-fur-iphone-15-plus-4255839222215.html
handyschmiede.de,Germany,shop,iPhone X,aftermarket-soft-oled,aftermarket,no,47.41,EUR,https://handyschmiede.de/products/lcd-touch-fur-apple-iphone-x-soft-oled-black?_pos=7&_sid=5ef32a854&_ss=r
fonix.at,Austria,shop,iPhone 15,pulled,A,YES,154.9,EUR,https://fonix.at/products/lcd-display-fuer-iphone-15-pulled-ori-qualitaet?_pos=1&_sid=3e7624f42&_ss=r
repairpartsusa.com,Austria,shop,iPhone 15 Pro Max,aftermarket-soft-oled,aftermarket,no,95.99,USD,https://repairpartsusa.com/products/iphone-15-pro-max-premium-soft-oled-and-glass-screen-replacement
repairpartsusa.com,Austria,shop,iPhone 11,aftermarket-incell,aftermarket,no,15.19,USD,https://repairpartsusa.com/products/iphone-11-grade-a-incell-lcd-and-digitizer-glass-screen-replacement-with-back-plate
gsmparts.bg,Bulgaria,shop,iPhone 16 Pro,aftermarket-oled,aftermarket,no,70,EUR,https://www.gsmparts.bg/дисплей-тъч-скрийн-за-iphone-16-pro-dd-oled-120hz
isn-parts.com,Bulgaria,shop,iPhone 14,aftermarket-lcd,aftermarket,no,29.99,EUR,https://isn-parts.com/produkt/iphone-14-lcd-displei
yodoit.com,Croatia,shop,iPhone 12 Pro Max,aftermarket-lcd,aftermarket,no,49.99,EUR,https://www.yodoit.com/products/for-apple-iphone-12-pro-max-screen-replacement-lcd-display-assembly
phonepartsbg.com,Bulgaria,shop,iPhone 11,aftermarket-lcd,aftermarket,YES,38,BGN,https://www.phonepartsbg.com/index.php?route=product/product&product_id=1490
lemes.cz,Czechia,shop,iPhone XR,aftermarket-tft,aftermarket,YES,599,CZK,https://www.lemes.cz/apple-iphone-xr-displej-dotykova-plocha-cerna-tft/
yodoit.com,Croatia,shop,iPhone 14,aftermarket-lcd,aftermarket,no,99.99,EUR,https://www.yodoit.com/products/iphone-14-screen-replacement-lcd-cof-full-hd-display-assembly
phonepartsbg.com,Bulgaria,shop,iPhone 11 Pro Max,aftermarket-lcd,aftermarket,YES,48,BGN,https://www.phonepartsbg.com/index.php?route=product/product&product_id=1492
mobifixbg.com,Bulgaria,shop,iPhone 11 Pro Max,aftermarket-incell,aftermarket,no,21.25,EUR,https://mobifixbg.com/product/displey-za-iphone-11g-pro-max-2019-jk-incell
phonepartsbg.com,Bulgaria,shop,iPhone 16 Pro,aftermarket-lcd,aftermarket,YES,626,BGN,https://www.phonepartsbg.com/index.php?route=product/product&product_id=1870
servisnidily.cz,Czechia,shop,iPhone 13,pulled,A,YES,2066,CZK,https://www.servisnidily.cz/Servisni-dily/iPhone-13-LCD-displej-dotykove-sklo-originalni-PULL-diagnostic
ieasyservice.fi,Finland,shop,iPhone 12,aftermarket-incell,aftermarket,no,39.99,EUR,https://www.ieasyservice.fi/product/177/iphone-premium-incell-lcd-naytto?variation_id=232
mobishop.ee,Estonia,shop,iPhone 16 Pro Max,original,A,YES,393.25,EUR,https://mobishop.ee/toode/display-original-apple-iphone-16-pro-max-661-44955-varuosa/
ieasyservice.fi,Finland,shop,iPhone XR,aftermarket-incell,aftermarket,no,24.9,EUR,https://www.ieasyservice.fi/product/177/iphone-premium-incell-lcd-naytto?variation_id=229
da-pieces.com,France,shop,iPhone 11,aftermarket-incell,aftermarket,no,14.99,EUR,https://da-pieces.com/products/ecran-iphone-11-incell-st?_pos=2&_sid=c78f624bf&_ss=r
ieasyservice.fi,Finland,shop,iPhone 11,aftermarket-incell,aftermarket,no,24.99,EUR,https://www.ieasyservice.fi/product/177/iphone-premium-incell-lcd-naytto?variation_id=226
nordviks.se,Denmark,shop,iPhone 14 Pro Max,aftermarket-soft-oled,aftermarket,YES,600.83,SEK,https://www.nordviks.se/products/iphone-14-pro-max-display-soft-oled-repart-prime-120hz
lcd-phone.com,France,shop,iPhone 13 Pro Max,unknown,aftermarket,YES,24,EUR,https://lcd-phone.com/en/-repair-parts/32390-screen-iphone-13-pro-max-ltps-jk-support-ic-change-fhd1080p-6975471920420.html
handyschmiede.de,Germany,shop,iPhone 15 Pro,pulled,A,no,806.53,EUR,https://handyschmiede.de/products/iphone-15-pro-pulled-displayeinheit-schwarz-programmierbar
lcd-phone.com,France,shop,iPhone 12 / 12 Pro,aftermarket-incell,aftermarket,YES,12,EUR,https://lcd-phone.com/en/-repair-parts/15206-ecran-iphone-12-12-pro-in-cell-8771621429335.html
world-itech.com,France,shop,iPhone 15 Pro Max,original,A,no,399.9,EUR,https://www.world-itech.com/gb/iphone-15-pro-max/4225-iphone-15-pro-max-screen-officialapplee-service-pack-free-tools.html
amdetech.gr,Greece,shop,iPhone 15,original,A,no,189.97,EUR,https://www.amdetech.gr/apple-antallaktika/iphone-antallaktika-el/pulled-genuine-gnisia-iphone-15-oled-othoni-and-afis-touch-screen-digitizer-antallaktiko-a-grade-el/
modchip.gr,Greece,shop,iPhone 13,aftermarket-incell,aftermarket,YES,39.9,EUR,https://modchip.gr/tilefonia/antallaktika-kiniton-iphone/antallaktika-iphone-13-pro-max/othoni-iphone-13-ultra-retina-hd-in-cell-lcd-zy/
net-one.gr,Greece,shop,iPhone 11,aftermarket-lcd,aftermarket,no,23,EUR,https://www.net-one.gr/apple-iphone-11-hyperfox-high-resolution-lcd-1-xrono-eggyhsh--110192
compuparts.ie,Ireland,shop,iPhone 14,aftermarket-incell,aftermarket,no,134.95,EUR,https://compuparts.ie/product/iphone-14-lcd-display-screen-touch-digitizer-incell-phd/
italiatech.it,Italy,shop,iPhone 13 mini,aftermarket-incell,aftermarket,no,24.6,EUR,https://www.italiatech.it/display-lcd-zy-cof-fhd-incell-per-apple-iphone-13-mini-touch-screen-schermo-frame-nero-ic-intercambiabile-.1.1.957.gp.96315.uw
firsthelptech.ie,Ireland,shop,iPhone 13 Pro,aftermarket-lcd,aftermarket,no,39.99,EUR,https://firsthelptech.ie/products/for-apple-iphone-13-pro-lcd-screen-replacement-jh-fhd-black?_pos=7&_sid=47d9912fa&_ss=r
onstoreitalia.it,Italy,shop,iPhone XS,aftermarket-lcd,aftermarket,no,22.95,EUR,https://onstoreitalia.it/products/display-iphone-xs-compatibile?_pos=5&_sid=39a43ba90&_ss=r
utopya.com,France,shop,iphone 15,unknown,aftermarket,no,18.3,EUR,https://www.utopya.com/apple/iphone/iphone-15.html
signalocentras.lt,Lithuania,shop,iPhone 12 / 12 Pro,original,A,no,160,EUR,http://signalocentras.lt/telefonija/telefonu-ekranai-lcd/iphone-ipad/lcdtouch-screen-iphone-12-juodas-black-service-pack-oem100596-25407
dargilita.lt,Lithuania,shop,iPhone 16e,aftermarket-incell,aftermarket,no,57.9,EUR,https://dargilita.lt/apple-iphone-telefonu-ekranai//155212-apple-iphone-16e-ekranas-premium-incell.html
startdistribuzione.it,Italy,shop,iPhone 13 Pro Max,aftermarket-incell,aftermarket,no,26.001,EUR,https://www.startdistribuzione.it/ricambi-telefonia/apple-ricerca-ad-albero/display-lcd-e-touch/iphone/ricambi-telefonia/apple-ricerca-ad-albero/display-lcd-e-touch/iphone/iphone-13-pro-max-incell-display-lcd-apple-compatibile-con-alloggiamenti.1.11.3536.gp.12750.uw
24hshop.fr,France,shop,iPhone 11 Pro,original,A,no,75.98,EUR,https://24hshop.fr/ecran-sur-chassis-iphone-11-pro-a2160-soft-oled-apple-original-super-retina-58-pouces-vitre-smartphone-true-tone-complet-2774.html
net-one.gr,Greece,shop,iPhone 11,aftermarket-incell,aftermarket,no,17,EUR,https://www.net-one.gr/apple-iphone-11-hyperfox-lcd-incell-touch-black-1-xrono-eggyhsh--109230
akmobilestore.com,Ireland,shop,iPhone 13,aftermarket-soft-oled,aftermarket,YES,55,EUR,https://akmobilestore.com/shop/ncc-soft-oled-iphone-13-screen/
lcd-phone.com,France,shop,iPhone X,unknown,aftermarket,YES,14,EUR,https://lcd-phone.com/en/-repair-parts/11737-screen-iphone-x-ltps-jk-fhd1080p-8771621675404.html
geekon.gr,Greece,shop,iPhone 14 Pro Max,original,A,no,399,EUR,https://www.geekon.gr/gnisia-othoni-me-michanismo-afis-lcd-with-touch-screen-gia-iphone-14-pro-max-mavro-service-pack-can-calibrate-on-ios18-1
xda.gr,Greece,shop,iPhone 13 Pro,aftermarket-soft-oled,aftermarket,no,54.44,EUR,https://www.xda.gr/ανταλλακτικα-κινητων/apple/iphone-13-series/hq-oem-for-apple-iphone-13-pro-a2638-a2483-dd-soft-oled-lcd-οθόνη-touch-screen-digitizer-black/
firsthelptech.ie,Ireland,shop,iPhone 14 Pro,aftermarket-lcd,aftermarket,no,39.99,EUR,https://firsthelptech.ie/products/for-apple-iphone-14-pro-lcd-screen-replacement-jh-fhd-black?_pos=8&_sid=47d9912fa&_ss=r
compuparts.ie,Ireland,shop,iPhone 12 Pro,aftermarket-lcd,aftermarket,no,39.95,EUR,https://compuparts.ie/product/iphone-12-pro-lcd-display-screen-touch-digitizer/
ishine.ie,Ireland,shop,iPhone 16 Pro Max,aftermarket-soft-oled,aftermarket,no,75,EUR,https://techwave.ie/product/soft-oled-screen-for-iphone-16-pro-max-display-and-touch-screen-digitizer-assembly/
onstoreitalia.it,Italy,shop,iPhone 15 Plus,aftermarket-lcd,aftermarket,no,39.45,EUR,https://onstoreitalia.it/products/display-lcd-per-iphone-15-plus-compatibile-premium-quality?_pos=3&_sid=39a43ba90&_ss=r
deltamobile.lv,Latvia,shop,iPhone 11 Pro Max,aftermarket-tft,aftermarket,no,24.9,EUR,https://deltamobile.lv/product/alpple-iphone-11-pro-max-lcd-tft-tianma/
mobpartstore.lv,Latvia,shop,iPhone X,aftermarket-oled,aftermarket,no,42.6,EUR,https://www.mobpartstore.lv/apple-iphone-telefonu-displeji//131957-apple-iphone-x-ekrans-premium-oled.html
riparafast.it,Italy,shop,iPhone 16 Pro,aftermarket-incell,aftermarket,no,28.69,EUR,https://www.riparafast.it/iphone-16-pro/2336-lcd-schermo-apple-iphone-16-pro-display-touch-screen-incell-compatibile.html
dargilita.lt,Lithuania,shop,iPhone 16 Pro,aftermarket-incell,aftermarket,no,111.3,EUR,https://dargilita.lt/apple-iphone-telefonu-ekranai//155210-apple-iphone-16-pro-ekranas-premium-incell.html
dargilita.lt,Lithuania,shop,iPhone 16 Plus,aftermarket-incell,aftermarket,no,76.7,EUR,https://dargilita.lt/apple-iphone-telefonu-ekranai//154092-apple-iphone-16-plus-ekranas-premium-incell.html
gsmteam.gr,Greece,shop,iPhone 11 Pro Max,aftermarket-soft-oled,aftermarket,YES,59.9912,EUR,https://gsmteam.gr/othones/othones-iphone/οθόνες-iphone-11-pro-max/jk-othonh-soft-oled-kai-digitizer-othonh-kai-mhxanismos-afhs-gia-iphone-11-pro-max-black-detail.html
androgeek.es,Spain,shop,iphone xs max,aftermarket-hard-oled,aftermarket,no,24.77,EUR,https://androgeek.es/
xda.gr,Greece,shop,iPhone 13 Pro Max,aftermarket-soft-oled,aftermarket,no,52.95,EUR,https://www.xda.gr/ανταλλακτικα-κινητων/apple/iphone-13-series/hq-oem-for-apple-iphone-13-pro-max-a2643-a2484-dd-soft-oled-lcd-οθόνη-touch-screen-digitizer-black/
gsm.quadra-net.pl,Poland,shop,iphone 11,unknown,aftermarket,no,93.71,PLN,"https://gsm.quadra-net.pl/apple,136,0.html"
ishine.ie,Ireland,shop,iPhone 15 Pro Max,aftermarket-soft-oled,aftermarket,no,65,EUR,https://techwave.ie/product/soft-oled-iphone-15-pro-max-display-and-touch-screen-digitizer-assembly/
onstoreitalia.it,Italy,shop,iPhone 14 Pro Max,aftermarket-lcd,aftermarket,no,67.64,EUR,https://onstoreitalia.it/products/display-lcd-per-iphone-14-pro-max-compatibile-premium-quality?_pos=6&_sid=39a43ba90&_ss=r
italiatech.it,Italy,shop,iPhone 13 Pro Max,aftermarket-incell,aftermarket,no,22.5,EUR,https://www.italiatech.it/display-lcd-zy-cof-incell-per-apple-iphone-13-pro-max-touch-screen-vetro-schermo-frame-ic-intercambiabile-.1.1.957.gp.93508.uw
ishine.ie,Ireland,shop,iPhone 16,aftermarket-soft-oled,aftermarket,no,49,EUR,https://techwave.ie/product/soft-oled-iphone-16-display-and-touch-screen-digitizer-assembly-2/
italiatech.it,Italy,shop,iPhone 13 Pro,aftermarket-incell,aftermarket,no,20.6,EUR,https://www.italiatech.it/display-lcd-zy-cof-fhd-incell-per-apple-iphone-13-pro-touch-screen-vetro-schermo-frame-nero-ic-intercambiabile-.1.1.957.gp.93507.uw
startdistribuzione.it,Italy,shop,iPhone 14 Pro Max,aftermarket-incell,aftermarket,no,28,EUR,https://www.startdistribuzione.it/ricambi-telefonia/apple-ricerca-ad-albero/display-lcd-e-touch/iphone/ricambi-telefonia/apple-ricerca-ad-albero/display-lcd-e-touch/iphone/iphone-14-pro-max-la-incell-display-lcd-apple-compatibile.1.11.3536.gp.12755.uw
riparafast.it,Italy,shop,iPhone 15 Pro Max,aftermarket-incell,aftermarket,no,31.97,EUR,https://www.riparafast.it/display/1547-display-lcd-incell-per-apple-iphone-15-pro-max-a3106-jk-pari-originale-vetro.html
mobpartstore.lv,Latvia,shop,iPhone 14 Pro Max,aftermarket-oled,aftermarket,no,143.3,EUR,https://www.mobpartstore.lv/apple-iphone-telefonu-displeji//147627-apple-iphone-14-pro-max-ekrans-120-hz-premium-oled.html
phonexpert78.com,Luxembourg,shop,iPhone 13,aftermarket-lcd,aftermarket,no,33.9,EUR,https://www.phonexpert78.com/ecran-lcd-iphone13-c2x38880107
signalocentras.lt,Lithuania,shop,iPhone 11 Pro Max,aftermarket-oled,aftermarket,no,110,EUR,http://signalocentras.lt/telefonija/telefonu-ekranai-lcd/iphone-ipad/lcdtouch-screen-iphone-11-pro-max-juodas-black-oled-o--25392
gsmok.com,Poland,shop,iphone 15,aftermarket-incell,aftermarket,no,29.1,PLN,https://gsmok.com/en/lcd-iphone-c095
appleparts.nl,Netherlands,shop,iPhone 16 Pro Max,aftermarket-soft-oled,aftermarket,no,99.95,EUR,https://appleparts.nl/products/premium-soft-oled-120hz-scherm-voor-iphone-16-pro-max?_pos=9&_sid=433506182&_ss=r
gsmdalys.lt,Lithuania,shop,iPhone 11 Pro Max,unknown,aftermarket,no,24,EUR,https://gsmdalys.lt/parduotuve/iphone-dalys/iphone-11-pro-max/iphone-11-pro-max-ekranas/
mobilebitz.co.uk,UK,shop,iphone 13 mini,unknown,aftermarket,no,12.99,GBP,https://www.mobilebitz.co.uk/
koopjeonderdelen.nl,Netherlands,shop,iPhone 13 Mini,aftermarket-incell,aftermarket,no,49.99,EUR,https://www.koopjeonderdelen.nl/products/iphone-13-mini-budget-incell-lcd-scherm
koopjeonderdelen.nl,Netherlands,shop,iPhone 11,original,A,no,44.99,EUR,https://www.koopjeonderdelen.nl/products/iphone-11-origineel-scherm?_pos=1&_sid=fd131d3be&_ss=r
el-telgsm.pl,Poland,shop,iPhone 11,aftermarket-incell,aftermarket,no,99.989898,PLN,https://el-telgsm.pl/wyswietlacze-iphone/31911-wyswietlacz-lcd-iphone-11-6-1-full-hd-incell-change-ic-jk-czarny.html
el-telgsm.pl,Poland,shop,iPhone 12 / 12 Pro,aftermarket-incell,aftermarket,no,109.989921,PLN,https://el-telgsm.pl/wyswietlacze-iphone/32758-wyswietlacz-lcd-iphone-12---12-pro-6-1-full-hd-incell-change-ic-jk-czarny.html
fixo.com.au,Australia,shop,iphone 11 pro max,refurb,A,no,106.21,AUD,https://www.fixo.com.au/collections/iphone
fixo.com.au,Australia,shop,iphone 11 pro,unknown,aftermarket,no,4.99,AUD,https://www.fixo.com.au/collections/iphone
fixo.com.au,Australia,shop,iphone 11 pro,unknown,aftermarket,no,4.37,AUD,https://www.fixo.com.au/collections/iphone
irepart.com,China,shop,iphone 15,aftermarket-incell,aftermarket,no,27.0,USD,https://irepart.com/collections/oled-screen
ioutlet.ee,Estonia,shop,iphone xs max,aftermarket-oled,aftermarket,YES,109.0,EUR,https://ioutlet.ee/shop/
ioutlet.ee,Estonia,shop,iphone 11 pro,unknown,aftermarket,YES,15.0,EUR,https://ioutlet.ee/shop/
smartech.ee,Estonia,shop,iphone 16 pro max,aftermarket-incell,aftermarket,no,72.15,EUR,https://www.smartech.ee/et/category/telefonid-nutikellad-tahvelarvutid-ja-e-lugerid/mobiiltelefonid-ja-tarvikud/lcd-ekraanid/
ioutlet.ee,Estonia,shop,iphone xs max,refurb,A,YES,9.86,EUR,https://ioutlet.ee/shop/
utopya.com,France,shop,iphone 15,original,A,no,46.9,EUR,https://www.utopya.com/apple/iphone/iphone-15.html
mobishop.ee,Estonia,shop,iphone 13,unknown,aftermarket,YES,57.39,EUR,https://mobishop.ee/kategooria/varuosad/apple-varuosad/iphone-13-seeria-varuosad/iphone-13-varuosad/
utopya.com,France,shop,iphone 15,original,A,no,45.78,EUR,https://www.utopya.com/apple/iphone/iphone-15.html
utopya.com,France,shop,iphone 15,pulled,A,no,41.0,EUR,https://www.utopya.com/apple/iphone/iphone-15.html
appleparts.nl,Netherlands,shop,iPhone 15,pulled,A,no,175,EUR,https://appleparts.nl/products/beeldscherm-voor-iphone-15-origineel-pulled?_pos=4&_sid=433506182&_ss=r
gadgetfix.com,USA,shop,iphone 15 pro max,unknown,aftermarket,no,97.95,USD,https://www.gadgetfix.com/
signalocentras.lt,Lithuania,shop,iPhone 11 Pro Max,aftermarket-incell,aftermarket,no,295,EUR,http://signalocentras.lt/telefonija/telefonu-ekranai-lcd/iphone-ipad/lcdtouch-screen-iphone-11-pro-max-juodas-incell-hq--25403
fmaparts.com.au,Australia,shop,iphone 16 pro max,aftermarket-oled,aftermarket,no,118.95,AUD,https://www.fmaparts.com.au/
mobpartstore.lv,Latvia,shop,iphone 16 pro,aftermarket-incell,aftermarket,no,111.3,EUR,https://www.mobpartstore.lv/17-apple-iphone-telefonu-displeji
mobpartstore.lv,Latvia,shop,iphone 13,aftermarket-oled,aftermarket,no,82.5,EUR,https://www.mobpartstore.lv/17-apple-iphone-telefonu-displeji
mobpartstore.lv,Latvia,shop,iphone 16 plus,aftermarket-incell,aftermarket,no,76.7,EUR,https://www.mobpartstore.lv/17-apple-iphone-telefonu-displeji
mobpartstore.lv,Latvia,shop,iphone 15 pro,aftermarket-incell,aftermarket,no,61.5,EUR,https://www.mobpartstore.lv/17-apple-iphone-telefonu-displeji
ioutlet.ee,Estonia,shop,iphone 11,unknown,aftermarket,YES,7.57,EUR,https://ioutlet.ee/shop/
deltamobile.lv,Latvia,shop,iphone xr,aftermarket-tft,aftermarket,no,16.0,EUR,https://deltamobile.lv/category/lcd-un-skarienjutigie-paneli-apple-iphone/
ioutlet.ee,Estonia,shop,iphone 11 pro,refurb,A,YES,12.36,EUR,https://ioutlet.ee/shop/
utopya.com,France,shop,iphone 15,unknown,aftermarket,no,27.7,EUR,https://www.utopya.com/apple/iphone/iphone-15.html
mobilemonsters.lv,Latvia,shop,iphone 16 pro,aftermarket-oled,aftermarket,no,109.4,EUR,https://www.mobilemonsters.lv/displeji-iphone.html
mobpartstore.lv,Latvia,shop,iphone 13 pro,aftermarket-oled,aftermarket,no,75.9,EUR,https://www.mobpartstore.lv/17-apple-iphone-telefonu-displeji
mobpartstore.lv,Latvia,shop,iphone 11,aftermarket-incell,aftermarket,no,44.2,EUR,https://www.mobpartstore.lv/17-apple-iphone-telefonu-displeji
ioutlet.ee,Estonia,shop,iphone xs max,unknown,aftermarket,YES,2.5,EUR,https://ioutlet.ee/shop/
dargilita.lt,Lithuania,shop,iphone 14 pro,aftermarket-oled,aftermarket,no,146.9,EUR,https://dargilita.lt/17-apple-iphone-telefonu-ekranai
dargilita.lt,Lithuania,shop,iphone 15,aftermarket-oled,aftermarket,no,129.1,EUR,https://dargilita.lt/17-apple-iphone-telefonu-ekranai
mobpartstore.lv,Latvia,shop,iphone 13 mini,aftermarket-incell,aftermarket,no,49.9,EUR,https://www.mobpartstore.lv/17-apple-iphone-telefonu-displeji
appleparts.nl,Netherlands,shop,iPhone 16,original,A,no,349,EUR,https://appleparts.nl/products/beeldscherm-scherm-voor-iphone-16-origineel-service-pack-661-44797?_pos=5&_sid=433506182&_ss=r
mobilebitz.co.uk,UK,shop,iphone 13 mini,unknown,aftermarket,no,11.99,GBP,https://www.mobilebitz.co.uk/
icell4less.com,Norway,shop,iPhone X,aftermarket-tft,aftermarket,no,54,USD,https://icell4less.com/products/apple-iphone-x-lcd-replacement-tft-glass-display-screen-replacement-kit-tools?_pos=1&_sid=285167960&_ss=r
icell4less.com,Norway,shop,iPhone XS Max,aftermarket-lcd,aftermarket,no,89,USD,https://icell4less.com/collections/lcd/products/apple-iphone-xs-max-lcd-touch-screen-replacement-with-assembly-tools-included
fixo.com.au,Australia,shop,iphone xr,refurb,A,no,43.7,AUD,https://www.fixo.com.au/collections/iphone
fonefunshop.co.uk,UK,shop,iphone 15,unknown,aftermarket,no,261.95,GBP,https://www.fonefunshop.co.uk/
koopjeonderdelen.nl,Netherlands,shop,iPhone 11,aftermarket-incell,aftermarket,no,19.99,EUR,https://www.koopjeonderdelen.nl/products/iphone-11-incell-lcd
el-telgsm.pl,Poland,shop,iPhone 11,original,A,no,234.989901,PLN,https://el-telgsm.pl/wyswietlacze-iphone/24403-wyswietlacz-lcd-iphone-11-6-1-service-pack-czarny.html
fixo.com.au,Australia,shop,iphone 11,unknown,aftermarket,no,4.37,AUD,https://www.fixo.com.au/collections/iphone
mobishop.ee,Estonia,shop,iphone 13,unknown,aftermarket,YES,57.98,EUR,https://mobishop.ee/kategooria/varuosad/apple-varuosad/iphone-13-seeria-varuosad/iphone-13-varuosad/
mobishop.ee,Estonia,shop,iphone 13,original,A,YES,23.54,EUR,https://mobishop.ee/kategooria/varuosad/apple-varuosad/iphone-13-seeria-varuosad/iphone-13-varuosad/
irepart.com,China,shop,iphone 16 plus,aftermarket-incell,aftermarket,no,30.0,USD,https://irepart.com/collections/lcd-screen
mobishop.ee,Estonia,shop,iphone 13,aftermarket-incell,aftermarket,YES,36.46,EUR,https://mobishop.ee/kategooria/varuosad/apple-varuosad/iphone-13-seeria-varuosad/iphone-13-varuosad/
mobishop.ee,Estonia,shop,iphone 13,aftermarket-incell,aftermarket,YES,38.81,EUR,https://mobishop.ee/kategooria/varuosad/apple-varuosad/iphone-13-seeria-varuosad/iphone-13-varuosad/
mobishop.ee,Estonia,shop,iphone 13,aftermarket-oled,aftermarket,YES,69.44,EUR,https://mobishop.ee/kategooria/varuosad/apple-varuosad/iphone-13-seeria-varuosad/iphone-13-varuosad/
utopya.com,France,shop,iphone 15,unknown,aftermarket,no,12.4,EUR,https://www.utopya.com/apple/iphone/iphone-15.html
ioutlet.ee,Estonia,shop,iphone x,refurb,A,YES,7.4,EUR,https://ioutlet.ee/shop/
deltamobile.lv,Latvia,shop,iphone xs max,aftermarket-tft,aftermarket,no,26.0,EUR,https://deltamobile.lv/category/lcd-un-skarienjutigie-paneli-apple-iphone/
deltamobile.lv,Latvia,shop,iphone 12 pro,aftermarket-incell,aftermarket,no,22.0,EUR,https://deltamobile.lv/category/lcd-un-skarienjutigie-paneli-apple-iphone/
mobilemonsters.lv,Latvia,shop,iphone 16 pro max,unknown,aftermarket,no,84.5,EUR,https://www.mobilemonsters.lv/displeji-iphone.html
deltamobile.lv,Latvia,shop,iphone 12 pro max,aftermarket-incell,aftermarket,no,27.0,EUR,https://deltamobile.lv/category/lcd-un-skarienjutigie-paneli-apple-iphone/
utopya.com,France,shop,iphone 15,unknown,aftermarket,no,1.4,EUR,https://www.utopya.com/apple/iphone/iphone-15.html
mobpartstore.lv,Latvia,shop,iphone 16e,aftermarket-incell,aftermarket,no,57.9,EUR,https://www.mobpartstore.lv/17-apple-iphone-telefonu-displeji
mobilemonsters.lv,Latvia,shop,iphone 16 plus,aftermarket-oled,aftermarket,no,170.9,EUR,https://www.mobilemonsters.lv/displeji-iphone.html
mobpartstore.lv,Latvia,shop,iphone 14 pro max,aftermarket-oled,aftermarket,no,143.3,EUR,https://www.mobpartstore.lv/17-apple-iphone-telefonu-displeji
mobpartstore.lv,Latvia,shop,iphone 15 pro,aftermarket-oled,aftermarket,no,177.0,EUR,https://www.mobpartstore.lv/17-apple-iphone-telefonu-displeji
mobpartstore.lv,Latvia,shop,iphone 14 plus,aftermarket-oled,aftermarket,no,86.9,EUR,https://www.mobpartstore.lv/17-apple-iphone-telefonu-displeji
mobpartstore.lv,Latvia,shop,iphone 12 pro,aftermarket-oled,aftermarket,no,62.3,EUR,https://www.mobpartstore.lv/17-apple-iphone-telefonu-displeji
mobpartstore.lv,Latvia,shop,iphone 12 pro max,aftermarket-oled,aftermarket,no,101.0,EUR,https://www.mobpartstore.lv/17-apple-iphone-telefonu-displeji
mobpartstore.lv,Latvia,shop,iphone 13 pro max,aftermarket-incell,aftermarket,no,52.2,EUR,https://www.mobpartstore.lv/17-apple-iphone-telefonu-displeji
mobpartstore.lv,Latvia,shop,iphone 14 plus,aftermarket-oled,aftermarket,no,97.6,EUR,https://www.mobpartstore.lv/17-apple-iphone-telefonu-displeji
dargilita.lt,Lithuania,shop,iphone 16 plus,aftermarket-incell,aftermarket,no,86.2,EUR,https://dargilita.lt/17-apple-iphone-telefonu-ekranai
dargilita.lt,Lithuania,shop,iphone 14 pro max,aftermarket-oled,aftermarket,no,161.0,EUR,https://dargilita.lt/17-apple-iphone-telefonu-ekranai
dargilita.lt,Lithuania,shop,iphone 15 pro,aftermarket-oled,aftermarket,no,157.5,EUR,https://dargilita.lt/17-apple-iphone-telefonu-ekranai
dargilita.lt,Lithuania,shop,iphone 13 pro,aftermarket-oled,aftermarket,no,85.3,EUR,https://dargilita.lt/17-apple-iphone-telefonu-ekranai
dargilita.lt,Lithuania,shop,iphone 12 mini,aftermarket-oled,aftermarket,no,75.6,EUR,https://dargilita.lt/17-apple-iphone-telefonu-ekranai
mobilemonsters.lv,Latvia,shop,iphone 16,unknown,aftermarket,no,58.5,EUR,https://www.mobilemonsters.lv/displeji-iphone.html
mobpartstore.lv,Latvia,shop,iphone 13 pro max,aftermarket-oled,aftermarket,no,87.2,EUR,https://www.mobpartstore.lv/17-apple-iphone-telefonu-displeji
mobpartstore.lv,Latvia,shop,iphone x,aftermarket-oled,aftermarket,no,47.9,EUR,https://www.mobpartstore.lv/17-apple-iphone-telefonu-displeji
mobpartstore.lv,Latvia,shop,iphone 13,aftermarket-incell,aftermarket,no,50.5,EUR,https://www.mobpartstore.lv/17-apple-iphone-telefonu-displeji
dargilita.lt,Lithuania,shop,iphone 16 plus,aftermarket-oled,aftermarket,no,99.6,EUR,https://dargilita.lt/17-apple-iphone-telefonu-ekranai
mobpartstore.lv,Latvia,shop,iphone 15 plus,aftermarket-incell,aftermarket,no,59.0,EUR,https://www.mobpartstore.lv/17-apple-iphone-telefonu-displeji
dargilita.lt,Lithuania,shop,iphone 13 pro max,aftermarket-oled,aftermarket,no,87.2,EUR,https://dargilita.lt/17-apple-iphone-telefonu-ekranai
mobpartstore.lv,Latvia,shop,iphone 13 pro max,aftermarket-incell,aftermarket,no,58.7,EUR,https://www.mobpartstore.lv/17-apple-iphone-telefonu-displeji
dargilita.lt,Lithuania,shop,iphone 12 pro max,aftermarket-oled,aftermarket,no,74.9,EUR,https://dargilita.lt/17-apple-iphone-telefonu-ekranai
dargilita.lt,Lithuania,shop,iphone 14 pro,aftermarket-oled,aftermarket,no,165.0,EUR,https://dargilita.lt/17-apple-iphone-telefonu-ekranai
dargilita.lt,Lithuania,shop,iphone 13,aftermarket-incell,aftermarket,no,44.9,EUR,https://dargilita.lt/17-apple-iphone-telefonu-ekranai
dargilita.lt,Lithuania,shop,iphone 13 pro,aftermarket-incell,aftermarket,no,49.9,EUR,https://dargilita.lt/17-apple-iphone-telefonu-ekranai
dargilita.lt,Lithuania,shop,iphone 13,aftermarket-oled,aftermarket,no,83.9,EUR,https://dargilita.lt/17-apple-iphone-telefonu-ekranai
dargilita.lt,Lithuania,shop,iphone 12 mini,aftermarket-incell,aftermarket,no,58.3,EUR,https://dargilita.lt/17-apple-iphone-telefonu-ekranai
dargilita.lt,Lithuania,shop,iphone 11,aftermarket-incell,aftermarket,no,39.3,EUR,https://dargilita.lt/17-apple-iphone-telefonu-ekranai
dargilita.lt,Lithuania,shop,iphone 12 mini,aftermarket-oled,aftermarket,no,67.3,EUR,https://dargilita.lt/17-apple-iphone-telefonu-ekranai
dargilita.lt,Lithuania,shop,iphone xs max,aftermarket-incell,aftermarket,no,32.8,EUR,https://dargilita.lt/17-apple-iphone-telefonu-ekranai
doctortel.pl,Poland,shop,iphone 15 pro,unknown,aftermarket,no,306.0,PLN,https://www.doctortel.pl/
dargilita.lt,Lithuania,shop,iphone 14,aftermarket-incell,aftermarket,no,55.2,EUR,https://dargilita.lt/17-apple-iphone-telefonu-ekranai
gsmdalys.lt,Lithuania,shop,iphone 12 pro max,unknown,aftermarket,no,31.25,EUR,https://gsmdalys.lt/kategorija/iphone-ekranai/
dargilita.lt,Lithuania,shop,iphone 14,aftermarket-oled,aftermarket,no,64.2,EUR,https://dargilita.lt/17-apple-iphone-telefonu-ekranai
mobiservis.lt,Lithuania,shop,iphone 13 pro max,aftermarket-incell,aftermarket,no,33.92,EUR,https://mobiservis.lt/mobiliuju-telefonu-dalys/lcd-ekranai-lieciamieji-ekranai
signalocentras.lt,Lithuania,shop,iphone 12 pro,aftermarket-oled,aftermarket,no,140.0,EUR,https://signalocentras.lt/telefonija/telefonu-ekranai-lcd/iphone-ipad
mobiservis.lt,Lithuania,shop,iphone 11,aftermarket-incell,aftermarket,no,22.45,EUR,https://mobiservis.lt/mobiliuju-telefonu-dalys/lcd-ekranai-lieciamieji-ekranai
gsmdalys.lt,Lithuania,shop,iphone 14,unknown,aftermarket,no,37.4,EUR,https://gsmdalys.lt/kategorija/iphone-ekranai/
signalocentras.lt,Lithuania,shop,iphone 11 pro,aftermarket-oled,aftermarket,no,80.0,EUR,https://signalocentras.lt/telefonija/telefonu-ekranai-lcd/iphone-ipad
telefonubaterijos.lt,Lithuania,shop,iphone 12 pro max,unknown,aftermarket,no,4.99,EUR,https://www.telefonubaterijos.lt/167-iphone-ekranai
telefonubaterijos.lt,Lithuania,shop,iphone 11 pro,unknown,aftermarket,no,4.99,EUR,https://www.telefonubaterijos.lt/167-iphone-ekranai
gsmok.com,Poland,shop,iphone 11,fog,B,no,26.28,PLN,https://gsmok.com/en/lcd-iphone-c095
gsmok.com,Poland,shop,iphone 12 pro max,aftermarket-incell,aftermarket,no,28.27,PLN,https://gsmok.com/en/lcd-iphone-c095
gsmok.com,Poland,shop,iphone 13 pro max,aftermarket-incell,aftermarket,no,47.23,PLN,https://gsmok.com/en/lcd-iphone-c095
gsmok.com,Poland,shop,iphone 13,fog,B,no,70.45,PLN,https://gsmok.com/en/lcd-iphone-c095
gsmok.com,Poland,shop,iphone 13 pro,glass-changed,A,no,117.0,PLN,https://gsmok.com/en/lcd-iphone-c095
gsmok.com,Poland,shop,iphone 13 pro max,aftermarket-oled,aftermarket,no,45.53,PLN,https://gsmok.com/en/lcd-iphone-c095
gsmok.com,Poland,shop,iphone 14,aftermarket-oled,aftermarket,no,53.69,PLN,https://gsmok.com/en/lcd-iphone-c095
gsmok.com,Poland,shop,iphone 14 plus,glass-changed,A,no,161.94,PLN,https://gsmok.com/en/lcd-iphone-c095
gsmok.com,Poland,shop,iphone 14 plus,aftermarket-oled,aftermarket,no,58.73,PLN,https://gsmok.com/en/lcd-iphone-c095
signalocentras.lt,Lithuania,shop,iphone 11,aftermarket-incell,aftermarket,no,85.0,EUR,https://signalocentras.lt/telefonija/telefonu-ekranai-lcd/iphone-ipad
dargilita.lt,Lithuania,shop,iphone 11 pro,aftermarket-incell,aftermarket,no,44.2,EUR,https://dargilita.lt/17-apple-iphone-telefonu-ekranai
mobiservis.lt,Lithuania,shop,iphone 11 pro max,aftermarket-hard-oled,aftermarket,no,44.78,EUR,https://mobiservis.lt/mobiliuju-telefonu-dalys/lcd-ekranai-lieciamieji-ekranai
signalocentras.lt,Lithuania,shop,iphone 12,original,A,no,128.0,EUR,https://signalocentras.lt/telefonija/telefonu-ekranai-lcd/iphone-ipad
dargilita.lt,Lithuania,shop,iphone 14 pro,aftermarket-incell,aftermarket,no,67.3,EUR,https://dargilita.lt/17-apple-iphone-telefonu-ekranai
dargilita.lt,Lithuania,shop,iphone 12,aftermarket-incell,aftermarket,no,46.6,EUR,https://dargilita.lt/17-apple-iphone-telefonu-ekranai
gsmok.com,Poland,shop,iphone 13,aftermarket-incell,aftermarket,no,27.49,PLN,https://gsmok.com/en/lcd-iphone-c095
gsmok.com,Poland,shop,iphone 13 pro max,aftermarket-oled,aftermarket,no,52.63,PLN,https://gsmok.com/en/lcd-iphone-c095
gsmok.com,Poland,shop,iphone 12 pro max,fog,B,no,86.3,PLN,https://gsmok.com/en/lcd-iphone-c095
gsmok.com,Poland,shop,iphone 12 pro max,aftermarket-lcd,aftermarket,no,63.28,PLN,https://gsmok.com/en/lcd-iphone-c095
gsmok.com,Poland,shop,iphone 12,aftermarket-incell,aftermarket,no,29.47,PLN,https://gsmok.com/en/lcd-iphone-c095
gsmok.com,Poland,shop,iphone 11 pro max,aftermarket-incell,aftermarket,no,23.96,PLN,https://gsmok.com/en/lcd-iphone-c095
gsmok.com,Poland,shop,iphone 13 pro,aftermarket-oled,aftermarket,no,59.12,PLN,https://gsmok.com/en/lcd-iphone-c095
gsmok.com,Poland,shop,iphone 14 pro max,aftermarket-oled,aftermarket,no,47.31,PLN,https://gsmok.com/en/lcd-iphone-c095
gsmok.com,Poland,shop,iphone 14 plus,aftermarket-incell,aftermarket,no,34.8,PLN,https://gsmok.com/en/lcd-iphone-c095
gsmok.com,Poland,shop,iphone 14,glass-changed,A,no,84.53,PLN,https://gsmok.com/en/lcd-iphone-c095
gsmok.com,Poland,shop,iphone 15,aftermarket-incell,aftermarket,no,35.79,PLN,https://gsmok.com/en/lcd-iphone-c095
gsmok.com,Poland,shop,iphone 15 pro,aftermarket-incell,aftermarket,no,41.2,PLN,https://gsmok.com/en/lcd-iphone-c095
gsmok.com,Poland,shop,iphone 15,aftermarket-incell,aftermarket,no,31.41,PLN,https://gsmok.com/en/lcd-iphone-c095
telefonubaterijos.lt,Lithuania,shop,iphone 12 mini,unknown,aftermarket,no,4.99,EUR,https://www.telefonubaterijos.lt/167-iphone-ekranai
signalocentras.lt,Lithuania,shop,iphone 11,refurb,A,no,76.0,EUR,https://signalocentras.lt/telefonija/telefonu-ekranai-lcd/iphone-ipad
gsmok.com,Poland,shop,iphone 11 pro max,glass-changed,A,no,93.23,PLN,https://gsmok.com/en/lcd-iphone-c095
gsmok.com,Poland,shop,iphone 11 pro max,aftermarket-incell,aftermarket,no,29.47,PLN,https://gsmok.com/en/lcd-iphone-c095
gsmok.com,Poland,shop,iphone 11 pro,aftermarket-oled,aftermarket,no,36.91,PLN,https://gsmok.com/en/lcd-iphone-c095
gsmok.com,Poland,shop,iphone 12 mini,aftermarket-incell,aftermarket,no,37.31,PLN,https://gsmok.com/en/lcd-iphone-c095
gsmok.com,Poland,shop,iphone 12 mini,aftermarket-oled,aftermarket,no,68.36,PLN,https://gsmok.com/en/lcd-iphone-c095
gsmok.com,Poland,shop,iphone 13 pro max,glass-changed,A,no,118.48,PLN,https://gsmok.com/en/lcd-iphone-c095
gsmok.com,Poland,shop,iphone 12 mini,aftermarket-oled,aftermarket,no,55.58,PLN,https://gsmok.com/en/lcd-iphone-c095
gsmok.com,Poland,shop,iphone 14 pro max,aftermarket-lcd,aftermarket,no,80.37,PLN,https://gsmok.com/en/lcd-iphone-c095
gsmok.com,Poland,shop,iphone 14 pro max,glass-changed,A,no,167.2,PLN,https://gsmok.com/en/lcd-iphone-c095
gsmok.com,Poland,shop,iphone 15 pro max,aftermarket-incell,aftermarket,no,32.74,PLN,https://gsmok.com/en/lcd-iphone-c095
gsmok.com,Poland,shop,iphone 15 pro,aftermarket-oled,aftermarket,no,55.12,PLN,https://gsmok.com/en/lcd-iphone-c095
gsmok.com,Poland,shop,iphone 16 plus,aftermarket-oled,aftermarket,no,56.18,PLN,https://gsmok.com/en/lcd-iphone-c095
gsmok.com,Poland,shop,iphone 14 pro max,aftermarket-incell,aftermarket,no,31.41,PLN,https://gsmok.com/en/lcd-iphone-c095
gsmok.com,Poland,shop,iphone 15 pro max,aftermarket-oled,aftermarket,no,64.64,PLN,https://gsmok.com/en/lcd-iphone-c095
gsmok.com,Poland,shop,iphone 15 pro,glass-changed,A,no,229.07,PLN,https://gsmok.com/en/lcd-iphone-c095
doctortel.pl,Poland,shop,iphone 15 pro,unknown,aftermarket,no,248.78,PLN,https://www.doctortel.pl/
preciosadictos.com,Spain,shop,iphone 12,unknown,aftermarket,no,266.2,EUR,https://www.preciosadictos.com/pack-mixto-55-pantallas-iphone-12-12-pro-y-iphone-11-p-65080.html
gsmok.com,Poland,shop,iphone 16 plus,aftermarket-oled,aftermarket,no,62.31,PLN,https://gsmok.com/en/lcd-iphone-c095
gsmok.com,Poland,shop,iphone 16,aftermarket-oled,aftermarket,no,69.1,PLN,https://gsmok.com/en/lcd-iphone-c095
impextrom.com,Spain,shop,iphone 15,unknown,aftermarket,no,3.43,EUR,https://www.impextrom.com/es/repuestos-iphone-15-a3090-f11232
preciosadictos.com,Spain,shop,iphone 11,aftermarket-incell,aftermarket,no,21.770000000000003,EUR,https://www.preciosadictos.com/pantalla-para-iphone-11-incell-p-23365.html
gsmok.com,Poland,shop,iphone 16 plus,aftermarket-oled,aftermarket,no,128.75,PLN,https://gsmok.com/en/lcd-iphone-c095
preciosadictos.com,Spain,shop,iphone 11,unknown,aftermarket,no,9.67,EUR,https://www.preciosadictos.com/flex-de-carga-para-iphone-11-blanco-p-21042.html
repuestosfuentes.es,Spain,shop,iphone 11,unknown,aftermarket,no,11.11,EUR,https://www.repuestosfuentes.es/5287-iphone-11
repuestosfuentes.es,Spain,shop,iphone 11,unknown,aftermarket,no,19.36,EUR,https://www.repuestosfuentes.es/5287-iphone-11
repuestosfuentes.es,Spain,shop,iphone 11,unknown,aftermarket,no,4.16,EUR,https://www.repuestosfuentes.es/5287-iphone-11
repuestosfuentes.es,Spain,shop,iphone 11,unknown,aftermarket,no,7.15,EUR,https://www.repuestosfuentes.es/5287-iphone-11
repuestosfuentes.es,Spain,shop,iphone 11,unknown,aftermarket,no,7.1,EUR,https://www.repuestosfuentes.es/5287-iphone-11
repuestosfuentes.es,Spain,shop,iphone 11,unknown,aftermarket,no,90.0,EUR,https://www.repuestosfuentes.es/5287-iphone-11
repuestosfuentes.es,Spain,shop,iphone 11,unknown,aftermarket,no,260.15,EUR,https://www.repuestosfuentes.es/5287-iphone-11
repuestosfuentes.es,Spain,shop,iphone 11,unknown,aftermarket,no,10.1,EUR,https://www.repuestosfuentes.es/5287-iphone-11
repuestostic.com,Spain,shop,iphone 12,unknown,aftermarket,no,4.7,EUR,https://www.repuestostic.com/es/repuestos-iphone-12/21779-flex-con-flash-de-camaras-traseras-y-microfono-iphone-12.html
repuestostic.com,Spain,shop,iphone 12,unknown,aftermarket,no,3.95,EUR,https://www.repuestostic.com/es/repuestos-iphone-12/19556-antena-wifi-iphone-12-12-pro.html
repuestostic.com,Spain,shop,iphone 12,aftermarket-oled,aftermarket,no,210.0,EUR,https://www.repuestostic.com/es/repuestos-iphone-12/10011-reparacion-pantalla-completa-tapa-trasera-bateria-iphone-12.html
repuestostic.com,Spain,shop,iphone 12 pro,aftermarket-oled,aftermarket,no,41.95,EUR,https://www.repuestostic.com/es/repuestos-iphone-12/9972-pantalla-completa-iphone-12-pro-oled-tactil-aaa.html
gsmok.com,Poland,shop,iphone 16,aftermarket-incell,aftermarket,no,49.49,PLN,https://gsmok.com/en/lcd-iphone-c095
impextrom.com,Spain,shop,iphone 15,unknown,aftermarket,no,14.02,EUR,https://www.impextrom.com/es/repuestos-iphone-15-a3090-f11232
preciosadictos.com,Spain,shop,iphone 11,unknown,aftermarket,no,6.99,EUR,https://www.preciosadictos.com/chip-ic-sn2611a0-de-carga-para-iphone-11-11-pro-11-pro-max-p-52837.html
impextrom.com,Spain,shop,iphone 15,unknown,aftermarket,no,5.12,EUR,https://www.impextrom.com/es/repuestos-iphone-15-a3090-f11232
gsmok.com,Poland,shop,iphone 16 pro,fog,B,no,197.47,PLN,https://gsmok.com/en/lcd-iphone-c095
gsmok.com,Poland,shop,iphone 16 plus,aftermarket-oled,aftermarket,no,158.36,PLN,https://gsmok.com/en/lcd-iphone-c095
preciosadictos.com,Spain,shop,iphone 11,unknown,aftermarket,no,228.69,EUR,https://www.preciosadictos.com/pack-91-pantallas-iphone-11-p-65081.html
gsmok.com,Poland,shop,iphone 16 plus,glass-changed,A,no,131.39,PLN,https://gsmok.com/en/lcd-iphone-c095
repuestosfuentes.es,Spain,shop,iphone 11,aftermarket-lcd,aftermarket,no,4.24,EUR,https://www.repuestosfuentes.es/5287-iphone-11
repuestosfuentes.es,Spain,shop,iphone 11,aftermarket-lcd,aftermarket,no,5.45,EUR,https://www.repuestosfuentes.es/5287-iphone-11
repuestostic.com,Spain,shop,iphone 12,unknown,aftermarket,no,4.5,EUR,https://www.repuestostic.com/es/repuestos-iphone-12/9956-flex-volumen-y-encendido-iphone-12-12-pro.html
repuestostic.com,Spain,shop,iphone 12,unknown,aftermarket,no,2.95,EUR,https://www.repuestostic.com/es/repuestos-iphone-12-pro/10174-vibrador-iphone-12-12-pro.html
repuestosfuentes.es,Spain,shop,iphone 11,unknown,aftermarket,no,229.9,EUR,https://www.repuestosfuentes.es/5287-iphone-11
repuestosfuentes.es,Spain,shop,iphone 11,unknown,aftermarket,no,8.04,EUR,https://www.repuestosfuentes.es/5287-iphone-11
repuestostic.com,Spain,shop,iphone 12,original,A,no,2.9,EUR,https://www.repuestostic.com/es/repuestos-iphone-12/22314-set-tornillos-inferiores-iphone-12-pentagonal-pentalobe-original-apple-plata.html
repuestostic.com,Spain,shop,iphone x,unknown,aftermarket,no,3.9,EUR,https://www.repuestostic.com/es/accesorios-iphone-7/4810-destornillador-para-iphone-7-7-plus-y-apple-watch-y-06-07-tres-puntas-3.html
thescreensurgery.com,UK,shop,iphone 15 pro,aftermarket-soft-oled,aftermarket,no,53.95,GBP,https://thescreensurgery.com/collections/value-screens
thescreensurgery.com,UK,shop,iphone xs max,original,A,no,19.95,GBP,https://thescreensurgery.com/collections/value-screens
repairpartsusa.com,USA,shop,iphone 16 pro max,aftermarket-lcd,aftermarket,no,44.99,USD,https://repairpartsusa.com/collections/iphone-screens
repairpartsusa.com,USA,shop,iphone 15 plus,aftermarket-soft-oled,aftermarket,no,79.59,USD,https://repairpartsusa.com/collections/iphone-screens
therepairplus.com,UK,shop,iphone 15 pro,unknown,aftermarket,no,25.98,GBP,https://therepairplus.com/collections/iphone-screen-replacement
repuestosfuentes.es,Spain,shop,iphone 11,unknown,aftermarket,no,264.08,EUR,https://www.repuestosfuentes.es/5287-iphone-11
repuestosfuentes.es,Spain,shop,iphone 11,unknown,aftermarket,no,10.68,EUR,https://www.repuestosfuentes.es/5287-iphone-11
repuestosfuentes.es,Spain,shop,iphone 11,unknown,aftermarket,no,20.57,EUR,https://www.repuestosfuentes.es/5287-iphone-11
repuestosfuentes.es,Spain,shop,iphone 11,unknown,aftermarket,no,251.45,EUR,https://www.repuestosfuentes.es/5287-iphone-11
therepairplus.com,UK,shop,iphone 14 pro,unknown,aftermarket,no,39.98,GBP,https://therepairplus.com/collections/iphone-screen-replacement
repuestosfuentes.es,Spain,shop,iphone 11,unknown,aftermarket,no,90.75,EUR,https://www.repuestosfuentes.es/5287-iphone-11
repuestostic.com,Spain,shop,iphone 12,unknown,aftermarket,no,5.0,EUR,https://www.repuestostic.com/es/repuestos-iphone-12/10080-funda-gel-silicona-transparente-iphone-12-12-pro.html
therepairplus.com,UK,shop,iphone 16 pro,aftermarket-oled,aftermarket,no,149.98,GBP,https://therepairplus.com/collections/iphone-screen-replacement
ilevante.com,Spain,shop,iphone 13,unknown,aftermarket,no,7.25,EUR,https://www.ilevante.com/repuestos-iphone-13
goodtech.co.nz,New Zealand,shop,iphone 12 mini,unknown,aftermarket,no,99.0,,https://www.goodtech.co.nz/collections/repairs
repairpartsusa.com,USA,shop,iphone 15 plus,aftermarket-lcd,aftermarket,no,29.99,USD,https://repairpartsusa.com/collections/iphone-screens
goodtech.co.nz,New Zealand,shop,iphone xs max,unknown,aftermarket,no,109.0,,https://www.goodtech.co.nz/collections/repairs
goodtech.co.nz,New Zealand,shop,iphone 11,unknown,aftermarket,no,99.0,,https://www.goodtech.co.nz/collections/repairs
repairpartsusa.com,USA,shop,iphone 14 pro,aftermarket-soft-oled,aftermarket,no,82.39,USD,https://repairpartsusa.com/collections/iphone-screens
repairpartsusa.com,USA,shop,iphone 13,aftermarket-lcd,aftermarket,no,21.59,USD,https://repairpartsusa.com/collections/iphone-screens
repairpartsusa.com,USA,shop,iphone 13 mini,aftermarket-soft-oled,aftermarket,no,65.59,USD,https://repairpartsusa.com/collections/iphone-screens
doctortel.pl,Poland,shop,iphone 12,unknown,aftermarket,no,71.0,PLN,https://www.doctortel.pl/
repairpartsusa.com,USA,shop,iphone 12 pro,aftermarket-hard-oled,aftermarket,no,35.59,USD,https://repairpartsusa.com/collections/iphone-screens
ilevante.com,Spain,shop,iphone x,unknown,aftermarket,no,2.95,EUR,https://www.ilevante.com/repuestos-iphone-13
goodtech.co.nz,New Zealand,shop,iphone 13 pro max,unknown,aftermarket,no,119.0,,https://www.goodtech.co.nz/collections/repairs
therepairplus.com,UK,shop,iphone 14 pro,aftermarket-oled,aftermarket,no,99.98,GBP,https://therepairplus.com/collections/iphone-screen-replacement
repairpartsusa.com,USA,shop,iphone 16 plus,aftermarket-soft-oled,aftermarket,no,79.19,USD,https://repairpartsusa.com/collections/iphone-screens
repairpartsusa.com,USA,shop,iphone 14 plus,aftermarket-soft-oled,aftermarket,no,49.99,USD,https://repairpartsusa.com/collections/iphone-screens
repairpartsusa.com,USA,shop,iphone xs,aftermarket-lcd,aftermarket,no,14.79,USD,https://repairpartsusa.com/collections/iphone-screens
ifixit.com,USA,shop,iphone 16,unknown,aftermarket,no,216.0,USD,https://www.ifixit.com/Parts/iPhone/Screens
repairpartsusa.com,USA,shop,iphone 12 pro,aftermarket-incell,aftermarket,no,19.99,USD,https://repairpartsusa.com/collections/iphone-screens
goodtech.co.nz,New Zealand,shop,iphone xs,unknown,aftermarket,no,99.0,,https://www.goodtech.co.nz/collections/repairs
ifixit.com,USA,shop,iphone 14 pro,unknown,aftermarket,no,31.0,USD,https://www.ifixit.com/Parts/iPhone/Screens
ifixit.com,USA,shop,iphone 13 pro,unknown,aftermarket,no,356.0,USD,https://www.ifixit.com/Parts/iPhone/Screens
mobiiliabi.ee,Estonia,shop,iphone 13 pro max,aftermarket-oled,aftermarket,YES,64.99,EUR,https://mobiiliabi.ee/toode/lcd-screen-for-iphone-13-pro-max-with-touch-screen-premium-oled-120hz-removable-ic/
etradesupply.com,China,shop,iphone 11,aftermarket-lcd,aftermarket,no,150.3,USD,https://www.etradesupply.com/apple-iphone-11-lcd-screen-digitizer-assembly-frame-black-grade-r.html
mobiiliabi.ee,Estonia,shop,iphone 12 pro,aftermarket-oled,aftermarket,YES,60.99,EUR,https://mobiiliabi.ee/toode/lcd-screen-for-iphone-12-12-pro-with-touch-screen-premium-oled-removable-ic/
mobiiliabi.ee,Estonia,shop,iphone 11 pro max,aftermarket-oled,aftermarket,YES,44.99,EUR,https://mobiiliabi.ee/toode/lcd-screen-for-iphone-11-pro-max-with-touch-screen-oled-removable-ic/
discountcell.com,USA,shop,iphone 15,unknown,aftermarket,no,71.99,USD,https://www.discountcell.com/
mecimart.se,SE,shop,iphone 12,unknown,aftermarket,no,169.0,,https://mecimart.se/mobilreservdelar-lcd-skarm-mobil/
malmoteknik.se,SE,shop,iphone 11 pro max,unknown,aftermarket,no,299.0,,https://malmoteknik.se/315-reservdelar-lcd-batterier-mm
repairpartsusa.com,USA,shop,iphone 13 pro,aftermarket-hard-oled,aftermarket,no,49.99,USD,https://repairpartsusa.com/collections/iphone-screens
ifixit.com,USA,shop,iphone 15,unknown,aftermarket,no,19.0,USD,https://www.ifixit.com/Parts/iPhone/Screens
repairpartsusa.com,USA,shop,iphone 11 pro,aftermarket-soft-oled,aftermarket,no,46.39,USD,https://repairpartsusa.com/collections/iphone-screens
mdparts.com.au,Australia,shop,iphone 15 pro max,aftermarket-soft-oled,aftermarket,no,91.85,AUD,https://mdparts.com.au/products/hx-iphone-15-pro-max-soft-oled-aftermarket-assembly
mdparts.com.au,Australia,shop,iphone 15 pro max,refurb,A,no,253.0,AUD,https://mdparts.com.au/products/iphone-15-pro-max-refurbished-screen-assembly
discountcell.com,USA,shop,iphone 15,unknown,aftermarket,no,44.99,USD,https://www.discountcell.com/
discountcell.com,USA,shop,iphone 12 pro,unknown,aftermarket,no,71.99,USD,https://www.discountcell.com/
ifixit.com,USA,shop,iphone 13 pro,unknown,aftermarket,no,22.0,USD,https://www.ifixit.com/Parts/iPhone/Screens
24hshop.dk,DK,shop,iphone 12 pro,unknown,aftermarket,no,19.0,,https://www.24hshop.dk/mobiltilbehor/reservedele/iphone
24hshop.dk,DK,shop,iphone 14 plus,unknown,aftermarket,no,279.0,,https://www.24hshop.dk/mobiltilbehor/reservedele/iphone
discountcell.com,USA,shop,iphone 16,unknown,aftermarket,no,79.99,USD,https://www.discountcell.com/
repairpartsusa.com,USA,shop,iphone x,aftermarket-hard-oled,aftermarket,no,30.39,USD,https://repairpartsusa.com/collections/iphone-screens
mdparts.com.au,Australia,shop,iphone 15 pro max,aftermarket-hard-oled,aftermarket,no,163.9,AUD,https://mdparts.com.au/products/iphone-15-pro-max-hard-oled-screen-assembly
discountcell.com,USA,shop,iphone 15,unknown,aftermarket,no,49.99,USD,https://www.discountcell.com/
malmoteknik.se,SE,shop,iphone 13 pro max,unknown,aftermarket,no,349.0,,https://malmoteknik.se/315-reservdelar-lcd-batterier-mm
mecimart.se,SE,shop,iphone 13,aftermarket-incell,aftermarket,no,499.0,,https://mecimart.se/mobilreservdelar-lcd-skarm-mobil/
24hshop.dk,DK,shop,iphone 13,unknown,aftermarket,no,149.0,,https://www.24hshop.dk/mobiltilbehor/reservedele/iphone
24hshop.dk,DK,shop,iphone 11,unknown,aftermarket,no,59.0,,https://www.24hshop.dk/mobiltilbehor/reservedele/iphone
24hshop.dk,DK,shop,iphone 12,unknown,aftermarket,no,49.0,,https://www.24hshop.dk/mobiltilbehor/reservedele/iphone
irephone.com,NO,shop,iphone x,aftermarket-oled,aftermarket,no,1799.0,,https://no.irephone.com/product-category/iphone/display-assembly/
mobifixbg.com,Bulgaria,shop,iphone 13 pro,aftermarket-incell,aftermarket,no,27.5,BGN,https://mobifixbg.com/product/displey-za-iphone-13-proincell
24hshop.dk,DK,shop,iphone 12 pro,unknown,aftermarket,no,899.0,,https://www.24hshop.dk/mobiltilbehor/reservedele/iphone
24hshop.dk,DK,shop,iphone 14 pro,unknown,aftermarket,no,209.0,,https://www.24hshop.dk/mobiltilbehor/reservedele/iphone
24hshop.dk,DK,shop,iphone xs max,aftermarket-lcd,aftermarket,no,179.0,,https://www.24hshop.dk/mobiltilbehor/reservedele/iphone
techcomponentes.com,Portugal,shop,iphone 13 mini,unknown,aftermarket,no,28.0,EUR,https://www.techcomponentes.com/es/inicio/21863-pantalla-completa-720p-hd-para-iphone-13-mini-chip-ic-removible-n7.html
iphoneweb.es,Spain,shop,iphone 13,unknown,aftermarket,no,21.99,EUR,https://iphoneweb.es/products/comprar-pantalla-iphone-13?_pos=8&_sid=82649ce04&_ss=r
mobilex.es,Spain,shop,iphone 13,unknown,aftermarket,no,10.57,EUR,https://mobilex.es/es/5491-tag-on-flex-iphone-13-13-mini-qianli-3401126481297.html
iphoneweb.es,Spain,shop,iphone 16,unknown,aftermarket,no,27.99,EUR,https://iphoneweb.es/products/pantalla-iphone-16?_pos=9&_sid=82649ce04&_ss=r
techcomponentes.com,Portugal,shop,iphone 15 plus,unknown,aftermarket,no,33.0,EUR,https://www.techcomponentes.com/es/inicio/22975-n521-pantalla-completa-in-cell-zy-1080p-calidad-premium-para-iphone-15-plus-.html
moka-gsm.ro,Romania,shop,iphone 11,aftermarket-incell,aftermarket,YES,136.62,RON,https://www.moka-gsm.ro/ecrane-iphone-11/ecran-display-iphone-11-tft.html
moka-gsm.ro,Romania,shop,iphone 11 pro max,aftermarket-incell,aftermarket,YES,126.28,RON,https://www.moka-gsm.ro/ecrane-iphone-11-pro-max/ecran-premium-display-iphone-11-pro-max-hd-incell-kd.html
moka-gsm.ro,Romania,shop,iphone 11 pro,aftermarket-incell,aftermarket,YES,86.94,RON,https://www.moka-gsm.ro/ecrane-iphone-11-pro/ecran-display-iphone-11-pro-incell.html
ch-ios.ro,Romania,shop,iphone 13 pro max,refurb,A,YES,720.0,RON,https://www.ch-ios.ro/display-cu-touchscreen-și-ramă-iphone-13-pro-max-oled-original-reconditionat.html
ch-ios.ro,Romania,shop,iphone x,refurb,A,YES,265.0,RON,https://www.ch-ios.ro/display-cu-touchscreen-și-ramă-iphone-x-oled-original-reconditionat.html
ch-ios.ro,Romania,shop,iphone 14 pro max,aftermarket-soft-oled,aftermarket,YES,676.0,RON,https://www.ch-ios.ro/display-cu-touchscreen-și-ramă-iphone-14-pro-max-aftermarket-soft-oled.html
doctortel.pl,Poland,shop,iphone 12,unknown,aftermarket,no,57.72,PLN,https://www.doctortel.pl/
mobilesentrix.eu,Germany,shop,iphone 14 plus,aftermarket-incell,aftermarket,no,13.64,EUR,https://www.mobilesentrix.eu/replacement-parts/apple/iphone-parts/all-iphone-lcds
mobilesentrix.eu,Germany,shop,iphone 15,refurb,A,no,81.5,EUR,https://www.mobilesentrix.eu/replacement-parts/apple/iphone-parts/all-iphone-lcds
mobilesentrix.eu,Germany,shop,iphone 14 plus,unknown,aftermarket,no,28.87,EUR,https://www.mobilesentrix.eu/replacement-parts/apple/iphone-parts/all-iphone-lcds
mobilesentrix.eu,Germany,shop,iphone 16 pro,unknown,aftermarket,no,91.89,EUR,https://www.mobilesentrix.eu/replacement-parts/apple/iphone-parts/all-iphone-lcds
mobilesentrix.eu,Germany,shop,iphone 13 pro,original,A,no,218.77,EUR,https://www.mobilesentrix.eu/replacement-parts/apple/iphone-parts/all-iphone-lcds
mobilesentrix.eu,Germany,shop,iphone xs max,aftermarket-incell,aftermarket,no,9.27,EUR,https://www.mobilesentrix.eu/replacement-parts/apple/iphone-parts/all-iphone-lcds
irepart.com,China,shop,iphone 16 plus,aftermarket-incell,aftermarket,no,30.0,USD,https://irepart.com/collections/screen
partsfixit.com,USA,shop,iphone 15,aftermarket-lcd,aftermarket,no,128.0,USD,https://www.partsfixit.com/apple-spare-parts/iphone-repair-parts
partsfixit.com,USA,shop,iphone 16 pro max,aftermarket-oled,aftermarket,no,348.0,USD,https://www.partsfixit.com/apple-spare-parts/iphone-repair-parts
irepart.com,China,shop,iphone 15 plus,aftermarket-soft-oled,aftermarket,no,63.66,USD,https://irepart.com/collections/screen
mobilesentrix.eu,Germany,shop,iphone 12,refurb,A,no,37.75,EUR,https://www.mobilesentrix.eu/replacement-parts/apple/iphone-parts/all-iphone-lcds
irepart.com,China,shop,iphone 11 pro,aftermarket-incell,aftermarket,no,7.3,USD,https://irepart.com/collections/screen
4repair.pl,Poland,shop,iphone 16 plus,aftermarket-soft-oled,aftermarket,no,787.49,PLN,https://4repair.pl/zamiennik-apl-wyswietlacz-soft-oled-apple-iphone-16-plus-run-diagnostic-original-size-bez-komunikatu-p-2968.html
pulledparts.co.uk,UK,shop,iphone xs max,refurb,A,no,55.0,GBP,https://pulledparts.co.uk/product-category/iphone-parts
mobilesentrix.eu,Germany,shop,iphone 16 pro max,original,A,no,312.93,EUR,https://www.mobilesentrix.eu/replacement-parts/apple/iphone-parts/all-iphone-lcds
mobilesentrix.eu,Germany,shop,iphone 16 plus,unknown,aftermarket,no,33.39,EUR,https://www.mobilesentrix.eu/replacement-parts/apple/iphone-parts/all-iphone-lcds
mobilesentrix.eu,Germany,shop,iphone 16,refurb,A,no,106.52,EUR,https://www.mobilesentrix.eu/replacement-parts/apple/iphone-parts/all-iphone-lcds
mobilesentrix.eu,Germany,shop,iphone 15 plus,original,A,no,258.65,EUR,https://www.mobilesentrix.eu/replacement-parts/apple/iphone-parts/all-iphone-lcds
mobilesentrix.eu,Germany,shop,iphone 11 pro,aftermarket-incell,aftermarket,no,9.86,EUR,https://www.mobilesentrix.eu/replacement-parts/apple/iphone-parts/all-iphone-lcds
mobilesentrix.eu,Germany,shop,iphone 14 plus,refurb,A,no,80.69,EUR,https://www.mobilesentrix.eu/replacement-parts/apple/iphone-parts/all-iphone-lcds
mobilesentrix.eu,Germany,shop,iphone 11 pro,aftermarket-oled,aftermarket,no,31.8,EUR,https://www.mobilesentrix.eu/replacement-parts/apple/iphone-parts/all-iphone-lcds
mobilesentrix.eu,Germany,shop,iphone 15,original,A,no,247.14,EUR,https://www.mobilesentrix.eu/replacement-parts/apple/iphone-parts/all-iphone-lcds
mobilesentrix.eu,Germany,shop,iphone 13 pro,refurb,A,no,62.9,EUR,https://www.mobilesentrix.eu/replacement-parts/apple/iphone-parts/all-iphone-lcds
mobilesentrix.eu,Germany,shop,iphone xs,aftermarket-oled,aftermarket,no,22.99,EUR,https://www.mobilesentrix.eu/replacement-parts/apple/iphone-parts/all-iphone-lcds
mobilesentrix.eu,Germany,shop,iphone xr,aftermarket-incell,aftermarket,no,11.87,EUR,https://www.mobilesentrix.eu/replacement-parts/apple/iphone-parts/all-iphone-lcds
mobilesentrix.eu,Germany,shop,iphone 14 pro,unknown,aftermarket,no,1.29,EUR,https://www.mobilesentrix.eu/replacement-parts/apple/iphone-parts/all-iphone-lcds
irepart.com,China,shop,iphone 15 pro,aftermarket-hard-oled,aftermarket,no,34.2,USD,https://irepart.com/collections/screen
irepart.com,China,shop,iphone 13 pro max,aftermarket-incell,aftermarket,no,10.0,USD,https://irepart.com/collections/screen
irepart.com,China,shop,iphone 16 pro,aftermarket-incell,aftermarket,no,31.66,USD,https://irepart.com/collections/screen
bukuwireless.com,USA,shop,iphone 13 pro,original,A,no,288.9,USD,https://www.bukuwireless.com/iphone-13-pro-screen-oem-service-pack
mobilesentrix.eu,Germany,shop,iphone 16e,aftermarket-incell,aftermarket,no,12.4,EUR,https://www.mobilesentrix.eu/replacement-parts/apple/iphone-parts/all-iphone-lcds
mobilesentrix.eu,Germany,shop,iphone 15 pro max,unknown,aftermarket,no,30.42,EUR,https://www.mobilesentrix.eu/replacement-parts/apple/iphone-parts/all-iphone-lcds
mobilesentrix.eu,Germany,shop,iphone 16 plus,aftermarket-incell,aftermarket,no,17.9,EUR,https://www.mobilesentrix.eu/replacement-parts/apple/iphone-parts/all-iphone-lcds
mobilesentrix.eu,Germany,shop,iphone 15 pro max,aftermarket-incell,aftermarket,no,19.8,EUR,https://www.mobilesentrix.eu/replacement-parts/apple/iphone-parts/all-iphone-lcds
mobilesentrix.eu,Germany,shop,iphone 14 pro max,aftermarket-incell,aftermarket,no,27.54,EUR,https://www.mobilesentrix.eu/replacement-parts/apple/iphone-parts/all-iphone-lcds
mobilesentrix.eu,Germany,shop,iphone 14 pro max,original,A,no,349.93,EUR,https://www.mobilesentrix.eu/replacement-parts/apple/iphone-parts/all-iphone-lcds
mobilesentrix.eu,Germany,shop,iphone 15 plus,unknown,aftermarket,no,32.66,EUR,https://www.mobilesentrix.eu/replacement-parts/apple/iphone-parts/all-iphone-lcds
mobilesentrix.eu,Germany,shop,iphone 14 pro,aftermarket-incell,aftermarket,no,15.14,EUR,https://www.mobilesentrix.eu/replacement-parts/apple/iphone-parts/all-iphone-lcds
mobilesentrix.eu,Germany,shop,iphone 15 plus,unknown,aftermarket,no,54.97,EUR,https://www.mobilesentrix.eu/replacement-parts/apple/iphone-parts/all-iphone-lcds
mobilesentrix.eu,Germany,shop,iphone 12 pro max,unknown,aftermarket,no,30.79,EUR,https://www.mobilesentrix.eu/replacement-parts/apple/iphone-parts/all-iphone-lcds
mobilesentrix.eu,Germany,shop,iphone 13,aftermarket-oled,aftermarket,no,31.09,EUR,https://www.mobilesentrix.eu/replacement-parts/apple/iphone-parts/all-iphone-lcds
mobilesentrix.eu,Germany,shop,iphone 12,aftermarket-incell,aftermarket,no,10.17,EUR,https://www.mobilesentrix.eu/replacement-parts/apple/iphone-parts/all-iphone-lcds
mobilesentrix.eu,Germany,shop,iphone 13 pro max,unknown,aftermarket,no,41.61,EUR,https://www.mobilesentrix.eu/replacement-parts/apple/iphone-parts/all-iphone-lcds
mobilesentrix.eu,Germany,shop,iphone 13 pro,aftermarket-oled,aftermarket,no,52.42,EUR,https://www.mobilesentrix.eu/replacement-parts/apple/iphone-parts/all-iphone-lcds
mobilesentrix.eu,Germany,shop,iphone 13,aftermarket-lcd,aftermarket,no,21.58,EUR,https://www.mobilesentrix.eu/replacement-parts/apple/iphone-parts/all-iphone-lcds
mobilesentrix.eu,Germany,shop,iphone 13 pro max,aftermarket-incell,aftermarket,no,14.67,EUR,https://www.mobilesentrix.eu/replacement-parts/apple/iphone-parts/all-iphone-lcds
mobilesentrix.eu,Germany,shop,iphone 12,original,A,no,256.6,EUR,https://www.mobilesentrix.eu/replacement-parts/apple/iphone-parts/all-iphone-lcds
partsfixit.com,USA,shop,iphone 15 pro,aftermarket-lcd,aftermarket,no,312.0,USD,https://www.partsfixit.com/apple-spare-parts/iphone-repair-parts
irepart.com,China,shop,iphone 13,aftermarket-incell,aftermarket,no,9.5,USD,https://irepart.com/collections/screen
mobilesentrix.eu,Germany,shop,iphone xs max,original,A,no,59.0,EUR,https://www.mobilesentrix.eu/replacement-parts/apple/iphone-parts/all-iphone-lcds
twhouse.co.uk,UK,shop,iphone 11,unknown,aftermarket,no,1.62,GBP,https://www.twhouse.co.uk/ven-dens-tempered-glass-screen-protector-with-easy-installation-tool-for-iphone-11-iphone-xr-6-1
twhouse.co.uk,UK,shop,iphone 13 pro max,unknown,aftermarket,no,0.32,GBP,https://www.twhouse.co.uk/camera-lens-glass-screen-protector-for-iphone-13-pro-max
twhouse.co.uk,UK,shop,iphone 13 pro,aftermarket-lcd,aftermarket,no,31.25,GBP,https://www.twhouse.co.uk/ven-dens-replacement-lcd-platinum-series-for-iphone-13-pro
iparts-4u.co.uk,UK,shop,iphone 14 pro,original,A,YES,239.99,GBP,https://www.iparts-4u.co.uk/genuine-iphone-14-pro-screen-assembly-original-service-pack-ll661-29370
twhouse.co.uk,UK,shop,iphone 12 mini,aftermarket-lcd,aftermarket,no,21.25,GBP,https://www.twhouse.co.uk/ven-dens-replacement-lcd-platinum-series-for-iphone-12-mini
fhrparts.com,France,shop,iphone 16,unknown,aftermarket,no,192.0,EUR,https://fhrparts.com/apple/iphone-reservdelar/iphone-16/iphone-16-screens.html
iparts-4u.co.uk,UK,shop,iphone 11,refurb,A,YES,35.99,GBP,https://www.iparts-4u.co.uk/for-iphone-11-lcd-screen-assembly-refurbished-with-back-plate
fhrparts.com,France,shop,iphone 13 pro max,unknown,aftermarket,no,309.2,EUR,https://fhrparts.com/apple/iphone-reservdelar/iphone-13-pro-max/iphone-13-pro-max-skarmar.html
iparts-4u.eu,Ireland,shop,iphone 16 pro,unknown,aftermarket,no,5.99,EUR,https://www.iparts-4u.eu/for-iphone-16-pro-display-screen-adhesive-clear-10-pack?search=iPhone%20Display%20Screen%20Adhesive&description=true
phonelcdparts.com,USA,shop,iphone 14 pro max,aftermarket-incell,aftermarket,no,36.0,USD,https://www.phonelcdparts.com/iphone-14-pro-max-lcd-assembly-incell-qv7-14pm-qv7-inc
fhrparts.com,France,shop,iphone xr,unknown,aftermarket,no,82.73,EUR,https://fhrparts.com/apple/iphone-reservdelar/iphone-xr/lcd-screens.html
bukuwireless.com,USA,shop,iphone 15 plus,aftermarket-oled,aftermarket,no,134.9,USD,https://www.bukuwireless.com/iphone-15-plus-screen-oled
bukuwireless.com,USA,shop,iphone 12 pro max,unknown,aftermarket,no,88.9,USD,https://www.bukuwireless.com/iphone-12-pro-max-screen-oem
24hshop.fr,France,shop,iphone xs,aftermarket-incell,aftermarket,no,29.5,EUR,https://24hshop.fr/lcd-iphone-xs-a2100-ecran-incell-apple-premium-super-retina-58-pouces-vitre-smartphone-affichage-true-tone-cristaux-liquides-2191.html
twhouse.co.uk,UK,shop,iphone 14,unknown,aftermarket,no,0.32,GBP,https://www.twhouse.co.uk/tempered-glass-screen-protectors/camera-lens-protector-for-iphone/camera-lens-glass-screen-protector-for-iphone-14-6-1
iparts-4u.eu,Ireland,shop,iphone 11 pro max,unknown,aftermarket,no,5.99,EUR,https://www.iparts-4u.eu/for-iphone-11-pro-max-display-screen-adhesive-purple-10-pack?search=iPhone%20Display%20Screen%20Adhesive&description=true
iparts-4u.co.uk,UK,shop,iphone xs max,aftermarket-soft-oled,aftermarket,YES,35.99,GBP,https://www.iparts-4u.co.uk/iphone-xs-max-soft-oled-screen-assembly-clearance-30-day-warranty
bukuwireless.com,USA,shop,iphone 11,aftermarket-incell,aftermarket,no,13.9,USD,https://www.bukuwireless.com/iphone-11-lcd-incell
bukuwireless.com,USA,shop,iphone 15 pro,pulled,A,no,279.0,USD,https://www.bukuwireless.com/iphone-15-pro-screen-oem-pull-a-grade
bukuwireless.com,USA,shop,iphone 12 pro max,aftermarket-incell,aftermarket,no,19.9,USD,https://www.bukuwireless.com/iphone-12-pro-max-lcd-assembly-incell
iparts-4u.eu,Ireland,shop,iphone 13 mini,unknown,aftermarket,no,5.99,EUR,https://www.iparts-4u.eu/for-iphone-13-mini-display-screen-adhesive-purple-10-pack?search=iPhone%20Display%20Screen%20Adhesive&description=true
teevo.com,China,shop,iphone 16 pro,aftermarket-incell,aftermarket,no,94.0,USD,https://www.teevo.com/products/1569487
bukuwireless.com,USA,shop,iphone 13 pro max,aftermarket-incell,aftermarket,no,43.9,USD,https://www.bukuwireless.com/iphone-13-pro-max-screen-premium-incell
phonelcdparts.com,USA,shop,iphone 12 pro max,aftermarket-incell,aftermarket,no,25.0,USD,https://www.phonelcdparts.com/iphone-12-pro-max-lcd-assembly-incell-qv7-12mx-qv7-inc
bukuwireless.com,USA,shop,iphone 14 pro,aftermarket-incell,aftermarket,no,42.9,USD,https://www.bukuwireless.com/iphone-14-pro-screen-premium-incell
bukuwireless.com,USA,shop,iphone 13,aftermarket-oled,aftermarket,no,42.9,USD,https://www.bukuwireless.com/iphone-13-screen-oled
teevo.com,China,shop,iphone 12 pro,aftermarket-incell,aftermarket,no,19.2,USD,https://www.teevo.com/products/1554254
teevo.com,China,shop,iphone 13 pro max,aftermarket-incell,aftermarket,no,27.7,USD,https://www.teevo.com/products/1569078
teevo.com,China,shop,iphone 14 pro max,aftermarket-incell,aftermarket,no,34.1,USD,https://www.teevo.com/products/1569076
twhouse.co.uk,UK,shop,iphone 11 pro max,unknown,aftermarket,no,0.15,GBP,https://www.twhouse.co.uk/tempered-glass-screen-protectors/iphone-screen-protectors/full-glue-6d-tempered-glass-for-iphone-xs-max-11-pro-max-6-5-black
iparts-4u.co.uk,UK,shop,iphone 16 plus,refurb,A,YES,155.99,GBP,https://www.iparts-4u.co.uk/for-iphone-16-plus-screen-assembly-refurbished
iparts-4u.co.uk,UK,shop,iphone 16,original,A,YES,275.95,GBP,https://www.iparts-4u.co.uk/genuine-iphone-16-screen-assembly-original-service-pack-ll661-44797
iparts-4u.co.uk,UK,shop,iphone 15,original,A,YES,275.95,GBP,https://www.iparts-4u.co.uk/genuine-iphone-15-screen-assembly-original-service-pack-ll661-36706
iparts-4u.eu,Ireland,shop,iphone 16,unknown,aftermarket,no,5.99,EUR,https://www.iparts-4u.eu/for-iphone-16-display-screen-adhesive-clear-10-pack?search=iPhone%20Display%20Screen%20Adhesive&description=true
iparts-4u.eu,Ireland,shop,iphone 16e,unknown,aftermarket,no,5.99,EUR,https://www.iparts-4u.eu/for-iphone-14-display-screen-adhesive-clear-10-pack?search=iPhone%20Display%20Screen%20Adhesive&description=true
ishine-trade.com,UK,shop,iphone 11 pro,aftermarket-incell,aftermarket,no,12.67,GBP,https://ishine-trade.com/product/jk-incell-apple-iphone-11-pro-lcd-module-display-and-touch-screen-digitizer-assembly/
fhrparts.com,France,shop,iphone 14 pro,unknown,aftermarket,no,331.0,EUR,https://fhrparts.com/apple/iphone-reservdelar/iphone-14-pro/screens.html
fhrparts.com,France,shop,iphone 13 pro,unknown,aftermarket,no,348.5,EUR,https://fhrparts.com/apple/iphone-reservdelar/iphone-13-pro/iphone-13-pro-skarmar.html
fhrparts.com,France,shop,iphone 11 pro max,unknown,aftermarket,no,104.3,EUR,https://fhrparts.com/apple/iphone-reservdelar/iphone-11-pro-max/iphone-11-pro-max-screens.html
fhrparts.com,France,shop,iphone 13 mini,unknown,aftermarket,no,12.74,EUR,https://fhrparts.com/tillbehor/screenguard/screen-guard/iphone-13-screen-guards.html
phonelcdparts.com,USA,shop,iphone 11,aftermarket-incell,aftermarket,no,14.0,USD,https://www.phonelcdparts.com/iphone-11-lcd-assembly-with-plate-incell-qv7
bukuwireless.com,USA,shop,iphone 12 pro max,aftermarket-oled,aftermarket,no,49.9,USD,https://www.bukuwireless.com/iphone-12-pro-max-screen-oled
phonelcdparts.com,USA,shop,iphone 13,aftermarket-incell,aftermarket,no,18.0,USD,https://www.phonelcdparts.com/iphone-13-lcd-assembly-incell-qv7-13-qv7-inc
phonelcdparts.com,USA,shop,iphone 15 plus,aftermarket-incell,aftermarket,no,23.0,USD,https://www.phonelcdparts.com/iphone-15-plus-lcd-assembly-incell-qv7-15pl-qv7-inc
bukuwireless.com,USA,shop,iphone x,aftermarket-oled,aftermarket,no,24.9,USD,https://www.bukuwireless.com/iphone-x-screen-oled
bukuwireless.com,USA,shop,iphone 15 pro max,aftermarket-oled,aftermarket,no,169.9,USD,https://www.bukuwireless.com/iphone-15-pro-max-screen-oled
bukuwireless.com,USA,shop,iphone 15 pro max,pulled,A,no,309.0,USD,https://www.bukuwireless.com/iphone-15-pro-max-screen-oem-pull-a-grade
teevo.com,China,shop,iphone 13,aftermarket-incell,aftermarket,no,20.6,USD,https://www.teevo.com/products/1554257
teevo.com,China,shop,iphone 12,aftermarket-hard-oled,aftermarket,no,35.35,USD,https://www.teevo.com/products/1554262
teevo.com,China,shop,iphone 15,aftermarket-soft-oled,aftermarket,no,56.7,USD,https://www.teevo.com/products/1558052
bukuwireless.com,USA,shop,iphone 15 plus,aftermarket-incell,aftermarket,no,33.9,USD,https://www.bukuwireless.com/iphone-15-plus-screen-premium-incell
bukuwireless.com,USA,shop,iphone 13 pro max,original,A,no,328.9,USD,https://www.bukuwireless.com/iphone-13-pro-max-screen-oem-service-pack
lltrader.com,China,shop,iphone 16 pro,aftermarket-lcd,aftermarket,no,54.99,USD,https://www.lltrader.com/collections/best-sell-iphone-screen-1/products/iphone-16-pro-screen-replacement-lcd-display-touch-digitizer-assembly
screen-stocks.com,USA,shop,iphone 14 pro,aftermarket-oled,aftermarket,no,20.34,EUR,https://screen-stocks.com/bulk-iphone-14-pro-oled-display-screens-factory-direct-wholesale/
m9parts.pl,Poland,shop,iphone 15 pro,unknown,aftermarket,no,7.32,PLN,https://m9parts.pl/
hlcwholesale.com,USA,shop,iphone 11 pro,aftermarket-lcd,aftermarket,YES,32.68,USD,https://www.hlcwholesale.com/repair-tools/apple-lcd-screen-parts-replacements.html
m9parts.pl,Poland,shop,iphone 11,unknown,aftermarket,no,93.5,PLN,https://m9parts.pl/
parts-store.pl,Poland,shop,iphone 13 mini,aftermarket-lcd,aftermarket,no,699.99,PLN,https://parts-store.pl/pol_m_Wyswietlacze_Wyswietlacze-iPhone-524.html
parts-store.pl,Poland,shop,iphone 12 pro max,unknown,aftermarket,no,599.0,PLN,https://parts-store.pl/pol_m_Wyswietlacze_Wyswietlacze-iPhone-524.html
teknikdele.dk,Denmark,shop,iphone 11,aftermarket-lcd,aftermarket,no,159.0,DKK,https://www.teknikdele.dk/kategori/mobilreservdelar/iphone
teknikdele.dk,Denmark,shop,iphone 11 pro max,aftermarket-lcd,aftermarket,no,199.0,DKK,https://www.teknikdele.dk/kategori/mobilreservdelar/iphone
mytrendyphone.eu,Denmark,shop,iphone 14 plus,aftermarket-lcd,aftermarket,YES,63.7,DKK,https://www.mytrendyphone.eu/shop/iphone-spares-38278s1.html
mytrendyphone.eu,Denmark,shop,iphone xr,aftermarket-lcd,aftermarket,YES,8.8,DKK,https://www.mytrendyphone.eu/shop/iphone-spares-38278s1.html
mytrendyphone.eu,Denmark,shop,iphone 13 mini,aftermarket-lcd,aftermarket,YES,81.6,DKK,https://www.mytrendyphone.eu/shop/iphone-spares-38278s1.html
mytrendyphone.eu,Denmark,shop,iphone 14 pro,aftermarket-lcd,aftermarket,YES,318.9,DKK,https://www.mytrendyphone.eu/shop/iphone-spares-38278s1.html
teevo.com,China,shop,iphone 15,pulled,A,no,271.49,USD,https://www.teevo.com/products/1557263
teevo.com,China,shop,iphone 15 pro max,original,A,no,352.94,USD,https://www.teevo.com/products/1557266
spainsellers.com,Spain,shop,iphone 11,aftermarket-lcd,aftermarket,no,3.73,EUR,https://www.spainsellers.com/conector-fpc-lcd-para-iphone-11-a2111-a2221-a2223-calidad-premium-p-31592.html
lltrader.com,China,shop,iphone 12 pro max,aftermarket-lcd,aftermarket,no,19.99,USD,https://www.lltrader.com/products/iphone-12-pro-max-screen-replacement-lcd-display-touch-digitizer-assembly?_pos=12&_sid=4a3084294&_ss=r
lltrader.com,China,shop,iphone 12 mini,aftermarket-lcd,aftermarket,no,21.99,USD,https://www.lltrader.com/collections/for-iphone-lcd-screen-replacement/products/for-iphone-12-mini-screen-replacement-lcd-display-touch-digitizer-assembly
lltrader.com,China,shop,iphone 12 pro,aftermarket-lcd,aftermarket,no,15.99,USD,https://www.lltrader.com/products/iphone-12-12-pro-screen-replacement-lcd-display-touch-digitizer-assembly?_pos=7&_sid=4a3084294&_ss=r
hlcwholesale.com,USA,shop,iphone 11 pro,aftermarket-gx,aftermarket,YES,52.12,USD,https://www.hlcwholesale.com/repair-tools/apple-lcd-screen-parts-replacements.html
m9parts.pl,Poland,shop,iphone 16 pro,unknown,aftermarket,no,341.46,PLN,https://m9parts.pl/
iphonescreenwholesale.com,China,shop,iphone 14 plus,unknown,aftermarket,YES,105.15,USD,https://iphonescreenwholesale.com/product/iphone14-plus-screen/
dacein.de,Germany,shop,iphone xr,unknown,aftermarket,no,16.0,EUR,https://www.dacein.de/en
m9parts.pl,Poland,shop,iphone 15 pro,unknown,aftermarket,no,142.28,PLN,https://m9parts.pl/
m9parts.pl,Poland,shop,iphone 14 pro,unknown,aftermarket,no,126.02,PLN,https://m9parts.pl/
parts-store.pl,Poland,shop,iphone 14,aftermarket-lcd,aftermarket,no,359.9,PLN,https://parts-store.pl/pol_m_Wyswietlacze_Wyswietlacze-iPhone-524.html
parts-store.pl,Poland,shop,iphone 16 pro max,unknown,aftermarket,no,1399.0,PLN,https://parts-store.pl/pol_m_Wyswietlacze_Wyswietlacze-iPhone-524.html
parts-store.pl,Poland,shop,iphone 14 plus,aftermarket-soft-oled,aftermarket,no,289.9,PLN,https://parts-store.pl/pol_m_Wyswietlacze_Wyswietlacze-iPhone-524.html
mytrendyphone.eu,Denmark,shop,iphone 13 pro max,unknown,aftermarket,YES,68.8,DKK,https://www.mytrendyphone.eu/shop/iphone-spares-38278s1.html
gsm-club.pl,Poland,shop,iphone 12 mini,unknown,aftermarket,no,14.99,PLN,https://gsm-club.pl/
mytrendyphone.eu,Denmark,shop,iphone 11 pro max,unknown,aftermarket,YES,127.5,DKK,https://www.mytrendyphone.eu/shop/iphone-spares-38278s1.html
meintrendyhandy.de,Germany,shop,iphone 11 pro max,unknown,aftermarket,YES,15.2,EUR,https://www.meintrendyhandy.de/shop/old-iphone-11-pro-max-lichtsensor-flexkabel-287927p.html
cdx.de,Germany,shop,iphone 16 plus,original,A,YES,70.0,EUR,https://www.cdx.de/store/IPHONE-ERSATZTEILE
meintrendyhandy.de,Germany,shop,iphone xr,original,A,YES,63.7,EUR,https://www.meintrendyhandy.de/shop/old-iphone-xr-lcd-display-original-qualitat-350148p.html
dacein.de,Germany,shop,iphone xs,unknown,aftermarket,no,16.0,EUR,https://www.dacein.de/en
24hshop.fr,France,shop,iphone 11,aftermarket-incell,aftermarket,no,35.98,EUR,https://24hshop.fr/verre-tactile-ecran-complet-iphone-11-pro-a2215-incell-qualite-premium-reparation-smartphone-affichage-true-tone-lcd-retina-2492.html
dacein.de,Germany,shop,iphone 15 pro max,unknown,aftermarket,no,246.0,EUR,https://www.dacein.de/en
dacein.de,Germany,shop,iphone x,unknown,aftermarket,no,8.33,EUR,https://www.dacein.de/en
iphonescreenwholesale.com,China,shop,iphone 14,unknown,aftermarket,YES,105.15,USD,https://iphonescreenwholesale.com/product/iphone-14-screen/
m9parts.pl,Poland,shop,iphone 12,unknown,aftermarket,no,8.94,PLN,https://m9parts.pl/
parts-store.pl,Poland,shop,iphone 13 pro,unknown,aftermarket,no,459.0,PLN,https://parts-store.pl/pol_m_Wyswietlacze_Wyswietlacze-iPhone-524.html
parts-store.pl,Poland,shop,iphone 15,unknown,aftermarket,no,489.0,PLN,https://parts-store.pl/pol_m_Wyswietlacze_Wyswietlacze-iPhone-524.html
teknikdele.dk,Denmark,shop,iphone 13,aftermarket-lcd,aftermarket,no,199.0,DKK,https://www.teknikdele.dk/kategori/mobilreservdelar/iphone
parts-store.pl,Poland,shop,iphone 16 plus,aftermarket-lcd,aftermarket,no,759.9,PLN,https://parts-store.pl/pol_m_Wyswietlacze_Wyswietlacze-iPhone-524.html
mytrendyphone.eu,Denmark,shop,iphone 11 pro,aftermarket-lcd,aftermarket,YES,8.8,DKK,https://www.mytrendyphone.eu/shop/iphone-spares-38278s1.html
mytrendyphone.eu,Denmark,shop,iphone 11,aftermarket-lcd,aftermarket,YES,22.8,DKK,https://www.mytrendyphone.eu/shop/iphone-spares-38278s1.html
teknikdele.dk,Denmark,shop,iphone 11,aftermarket-incell,aftermarket,no,179.0,DKK,https://www.teknikdele.dk/kategori/mobilreservdelar/iphone
mytrendyphone.eu,Denmark,shop,iphone 11,unknown,aftermarket,YES,24.1,DKK,https://www.mytrendyphone.eu/shop/iphone-spares-38278s1.html
mytrendyphone.eu,Denmark,shop,iphone 15 plus,aftermarket-lcd,aftermarket,YES,34.3,DKK,https://www.mytrendyphone.eu/shop/iphone-spares-38278s1.html
meintrendyhandy.de,Germany,shop,iphone 12 pro,aftermarket-lcd,aftermarket,YES,22.8,EUR,https://www.meintrendyhandy.de/shop/iphone-12-iphone-12-pro-lcd-display-grad-a-354188p.html
meintrendyhandy.de,Germany,shop,iphone 14,original,A,YES,127.5,EUR,https://www.meintrendyhandy.de/shop/iphone-14-lcd-display-original-qualitat-306016p.html
meintrendyhandy.de,Germany,shop,iphone 13,unknown,aftermarket,YES,6.3,EUR,https://www.meintrendyhandy.de/shop/iphone-13-sim-karten-halter-302769p.html
meintrendyhandy.de,Germany,shop,iphone 16 pro max,aftermarket-lcd,aftermarket,YES,49.6,EUR,https://www.meintrendyhandy.de/shop/iphone-16-pro-max-lcd-display-grad-a-354002p.html
mytrendyphone.eu,Denmark,shop,iphone 15 pro max,aftermarket-lcd,aftermarket,YES,255.1,DKK,https://www.mytrendyphone.eu/shop/iphone-spares-38278s1.html
mytrendyphone.eu,Denmark,shop,iphone 16 pro,aftermarket-lcd,aftermarket,YES,49.6,DKK,https://www.mytrendyphone.eu/shop/iphone-spares-38278s1.html
cdx.de,Germany,shop,iphone 11 pro max,original,A,YES,36.0,EUR,https://www.cdx.de/store/IPHONE-ERSATZTEILE
meintrendyhandy.de,Germany,shop,iphone 12 mini,aftermarket-lcd,aftermarket,YES,31.8,EUR,https://www.meintrendyhandy.de/shop/iphone-12-mini-lcd-display-original-qualitat-270119p.html
fixshop.at,Austria,shop,iphone 12,unknown,aftermarket,no,8.76,EUR,https://fixshop.at/
reparatur-werk.com,Germany,shop,iphone 15 pro max,unknown,aftermarket,no,26.9,EUR,https://www.reparatur-werk.com/p/iphone-15-pro-max-ladebuchse-reparaturset
meintrendyhandy.de,Germany,shop,iphone 13 mini,aftermarket-lcd,aftermarket,YES,35.6,EUR,https://www.meintrendyhandy.de/shop/iphone-13-mini-lcd-display-grad-a-354119p.html
meintrendyhandy.de,Germany,shop,iphone 16 pro max,original,A,YES,433.8,EUR,https://www.meintrendyhandy.de/shop/iphone-16-pro-max-lcd-display-original-qualitat-344273p.html
meintrendyhandy.de,Germany,shop,iphone 16 plus,unknown,aftermarket,YES,15.2,EUR,https://www.meintrendyhandy.de/shop/iphone-16-plus-lautsprechermodul-345433p.html
phoneassist.net,Italy,shop,iphone 12 pro max,aftermarket-incell,aftermarket,no,115.39,EUR,https://www.phoneassist.net/it/ricambi-display-lcd/display-lcd-per-apple-iphone-12-pro-max-touch-screen-vetro-originale-zy-in-cell__p2856.html
moxedostore.com,Italy,shop,iphone 14 pro,aftermarket-hard-oled,aftermarket,no,84.0,EUR,https://www.moxedostore.com/home/display-lcd-gx-hard-oled-per-apple-iphone-14-pro-touch-screen-vetro-schermo-frame-nero.1.20.270.gp.4744.uw
moka-gsm.ro,Romania,shop,iphone xs max,aftermarket-incell,aftermarket,YES,105.57,RON,https://www.moka-gsm.ro/ecran-iphone/ecran-display-iphone-xs-max-incell.html
moka-gsm.ro,Romania,shop,iphone 12 pro,aftermarket-incell,aftermarket,YES,106.81,RON,https://www.moka-gsm.ro/ecran-iphone/ecran-display-iphone-12-iphone-12-pro-incell.html
meintrendyhandy.de,Germany,shop,iphone 14 pro max,unknown,aftermarket,YES,31.8,EUR,https://www.meintrendyhandy.de/shop/old-iphone-14-pro-max-frontkamera-modul-311267p.html
fixshop.at,Austria,shop,iphone 15 pro,unknown,aftermarket,no,9.74,EUR,https://fixshop.at/
reparatur-werk.com,Germany,shop,iphone 11 pro max,unknown,aftermarket,no,54.9,EUR,https://www.reparatur-werk.com/p/iphone-11-pro-max-display-reparaturset
reparatur-werk.com,Germany,shop,iphone 12 mini,unknown,aftermarket,no,19.9,EUR,https://www.reparatur-werk.com/p/iphone-12-mini-ladebuchse-mikrofon-charging-port-dock-reparaturset
fixservis.sk,Slovakia,shop,iphone 12,aftermarket-oled,aftermarket,no,2.48,,https://www.fixservis.sk/nahradne-diely-apple-iphone-apple-iphone-12/apple-iphone-12-12-pro-lepka-pod-lcd-adhesive/#iPhoneOLEDdisplay
moka-gsm.ro,Romania,shop,iphone 14 pro,aftermarket-soft-oled,aftermarket,YES,313.2,RON,https://www.moka-gsm.ro/ecran-iphone/ecran-display-iphone-14-pro-soft-oled-120hz-premium-xo7.html
phoneassist.net,Italy,shop,iphone xs max,aftermarket-incell,aftermarket,no,45.39,EUR,https://www.phoneassist.net/it/ricambi-display-lcd/display-lcd-per-apple-iphone-xs-max-originale-in-cell__p2161.html
moka-gsm.ro,Romania,shop,iphone x,aftermarket-incell,aftermarket,YES,86.94,RON,https://www.moka-gsm.ro/ecran-iphone/ecran-display-iphone-x-incell.html
moka-gsm.ro,Romania,shop,iphone 11 pro,aftermarket-oled,aftermarket,YES,172.8,RON,https://www.moka-gsm.ro/ecrane-iphone-11-pro/ecran-display-iphone-11-pro-soft-oled.html
celo.ro,Romania,shop,iphone 15 plus,aftermarket-soft-oled,aftermarket,YES,349.0,RON,https://www.celo.ro/display-soft-oled-iphone-15-plus-cu-diagnoza-garantie-12-luni.html
hugmie.ie,Ireland,shop,iphone 12 pro,unknown,aftermarket,no,15.99,EUR,https://hugmie.ie/products/hugmie-2-5d-tempered-glass-screen-protector-for-iphone?variant=52376749539677
mobileparts.ch,Switzerland,shop,iphone 15,original,A,YES,305.0,CHF,https://www.mobileparts.ch/GOGX-PRIME-Service-Pack-fuer-iPhone-15
phonepartner.fr,France,shop,iphone x,aftermarket-lcd,aftermarket,no,15.0,EUR,https://phonepartner.fr/10-pieces-detachees-iphone
phonepartner.fr,France,shop,iphone 13 mini,aftermarket-lcd,aftermarket,no,46.0,EUR,https://phonepartner.fr/10-pieces-detachees-iphone
phonepartner.fr,France,shop,iphone x,aftermarket-hard-oled,aftermarket,no,31.0,EUR,https://phonepartner.fr/10-pieces-detachees-iphone
phonepartner.fr,France,shop,iphone 11,aftermarket-hard-oled,aftermarket,no,42.0,EUR,https://phonepartner.fr/10-pieces-detachees-iphone
phonepartner.fr,France,shop,iphone 13 mini,unknown,aftermarket,no,15.0,EUR,https://phonepartner.fr/10-pieces-detachees-iphone
phonepartner.fr,France,shop,iphone xr,unknown,aftermarket,no,8.0,EUR,https://phonepartner.fr/10-pieces-detachees-iphone
phonepartner.fr,France,shop,iphone x,aftermarket-soft-oled,aftermarket,no,47.0,EUR,https://phonepartner.fr/10-pieces-detachees-iphone
phonepartner.fr,France,shop,iphone xs,aftermarket-lcd,aftermarket,no,17.0,EUR,https://phonepartner.fr/10-pieces-detachees-iphone
phonepartner.fr,France,shop,iphone xs max,aftermarket-soft-oled,aftermarket,no,61.0,EUR,https://phonepartner.fr/10-pieces-detachees-iphone
phonepartner.fr,France,shop,iphone 11,unknown,aftermarket,no,9.0,EUR,https://phonepartner.fr/10-pieces-detachees-iphone
phonepartner.fr,France,shop,iphone 12,unknown,aftermarket,no,24.92,EUR,https://phonepartner.fr/10-pieces-detachees-iphone
pieces2mobile.com,France,shop,iphone 15,unknown,aftermarket,no,6.0,EUR,https://www.pieces2mobile.com/
repuestosparatumovil.es,Spain,shop,iphone 13 pro,aftermarket-incell,aftermarket,no,25.0,EUR,https://repuestosparatumovil.es/
netfix.tech,Italy,shop,iphone 14 pro,aftermarket-oled,aftermarket,no,405.0,EUR,https://www.netfix.tech/servizi/riparazione-schermo
phoneassist.net,Italy,shop,iphone 11 pro max,aftermarket-incell,aftermarket,no,51.39,EUR,https://www.phoneassist.net/it/ricambi-telefonia/iphone/
moxedostore.com,Italy,shop,iphone 13,refurb,A,no,330.0,EUR,https://www.moxedostore.com/
web-sm.it,Italy,shop,iphone 12,unknown,aftermarket,no,1.55,EUR,https://web-sm.it/marchi/apple.html
techcomponentes.com,Portugal,shop,iphone 14,unknown,aftermarket,no,52.0,EUR,https://www.techcomponentes.com/pt/23-pecas-de-reposicao-iphone
netfix.tech,Italy,shop,iphone 12 mini,aftermarket-oled,aftermarket,no,269.0,EUR,https://www.netfix.tech/servizi/riparazione-schermo
moxedostore.com,Italy,shop,iphone 12,refurb,A,no,260.0,EUR,https://www.moxedostore.com/
netfix.tech,Italy,shop,iphone 15,aftermarket-oled,aftermarket,no,489.0,EUR,https://www.netfix.tech/servizi/riparazione-schermo
lifone.store,France,shop,iphone 15 pro,unknown,aftermarket,no,1229.0,EUR,https://lifone.store/
lifone.store,France,shop,iphone 16 pro,unknown,aftermarket,no,744.0,EUR,https://lifone.store/
repuestosparatumovil.es,Spain,shop,iphone 14,unknown,aftermarket,no,15.0,EUR,https://repuestosparatumovil.es/
iphoneweb.es,Spain,shop,iphone 13 pro max,refurb,A,no,599.84,EUR,https://iphoneweb.es/
iphoneweb.es,Spain,shop,iphone 15 pro max,refurb,A,no,940.75,EUR,https://iphoneweb.es/
iphoneweb.es,Spain,shop,iphone 14,unknown,aftermarket,no,22.99,EUR,https://iphoneweb.es/
netfix.tech,Italy,shop,iphone 16 pro max,aftermarket-oled,aftermarket,no,369.0,EUR,https://www.netfix.tech/servizi/riparazione-schermo
ioutlet.pt,Portugal,shop,iphone 14,unknown,aftermarket,no,1000.0,EUR,https://ioutlet.pt/substituicao-e-reparacao-do-ecra-do-iphone/
iphoneweb.es,Spain,shop,iphone 12,original,A,no,12.99,EUR,https://iphoneweb.es/
netfix.tech,Italy,shop,iphone 13 mini,aftermarket-oled,aftermarket,no,405.0,EUR,https://www.netfix.tech/servizi/riparazione-schermo
netfix.tech,Italy,shop,iphone 14 plus,aftermarket-oled,aftermarket,no,339.0,EUR,https://www.netfix.tech/servizi/riparazione-schermo
netfix.tech,Italy,shop,iphone 12 pro max,aftermarket-oled,aftermarket,no,339.0,EUR,https://www.netfix.tech/servizi/riparazione-schermo
netfix.tech,Italy,shop,iphone 15,aftermarket-oled,aftermarket,no,339.0,EUR,https://www.netfix.tech/servizi/riparazione-schermo
netfix.tech,Italy,shop,iphone 11,aftermarket-lcd,aftermarket,no,139.0,EUR,https://www.netfix.tech/servizi/riparazione-schermo
al-gsm.pl,Poland,shop,iphone x,unknown,aftermarket,no,20.0,PLN,https://www.al-gsm.pl/czesci-serwisowe-iphone-c-4357_4621.html
iphoneweb.es,Spain,shop,iphone 13,unknown,aftermarket,no,21.99,EUR,https://iphoneweb.es/
phoneassist.net,Italy,shop,iphone 12 mini,aftermarket-incell,aftermarket,no,94.39,EUR,https://www.phoneassist.net/it/ricambi-telefonia/iphone/
netfix.tech,Italy,shop,iphone 15 plus,aftermarket-oled,aftermarket,no,144.0,EUR,https://www.netfix.tech/servizi/riparazione-schermo
netfix.tech,Italy,shop,iphone 16e,aftermarket-oled,aftermarket,no,249.0,EUR,https://www.netfix.tech/servizi/riparazione-schermo
netfix.tech,Italy,shop,iphone 16 plus,aftermarket-oled,aftermarket,no,339.0,EUR,https://www.netfix.tech/servizi/riparazione-schermo
phoneassist.net,Italy,shop,iphone 12 pro max,unknown,aftermarket,no,119.15,EUR,https://www.phoneassist.net/it/ricambi-telefonia/iphone/
netfix.tech,Italy,shop,iphone 13 pro,aftermarket-oled,aftermarket,no,104.0,EUR,https://www.netfix.tech/servizi/riparazione-schermo
fixservis.sk,Slovakia,shop,iphone 11,aftermarket-incell,aftermarket,no,16.98,,https://www.fixservis.sk/nahradne-displeje-iphone/
fixservis.sk,Slovakia,shop,iphone 13 mini,aftermarket-incell,aftermarket,no,21.98,,https://www.fixservis.sk/nahradne-displeje-iphone/
fixservis.sk,Slovakia,shop,iphone 12,unknown,aftermarket,no,24.98,,https://www.fixservis.sk/nahradne-displeje-iphone/
smartexstore.it,Italy,shop,iphone x,unknown,aftermarket,no,6.34,EUR,https://www.smartexstore.it/b2b/
netfix.tech,Italy,shop,iphone 15,unknown,aftermarket,no,144.0,EUR,https://www.netfix.tech/servizi/riparazione-schermo
al-gsm.pl,Poland,shop,iphone xs,unknown,aftermarket,no,30.0,PLN,https://www.al-gsm.pl/czesci-serwisowe-iphone-c-4357_4621.html
fixservis.sk,Slovakia,shop,iphone 11,refurb,A,no,34.98,,https://www.fixservis.sk/nahradne-displeje-iphone/
ch-ios.ro,Romania,shop,iphone 15 pro,aftermarket-incell,aftermarket,YES,240.0,RON,https://www.ch-ios.ro/display-uri-si-touchscreen-iphone/display-cu-touchscreen-și-ramă-iphone-15-pro-1618.html
ch-ios.ro,Romania,shop,iphone 13 pro max,aftermarket-soft-oled,aftermarket,YES,370.0,RON,https://www.ch-ios.ro/display-uri-si-touchscreen-iphone/display-cu-touchscreen-și-ramă-iphone-13-pro-max-oled-original-reconditionat-1099.html
ch-ios.ro,Romania,shop,iphone 12 pro,aftermarket-soft-oled,aftermarket,YES,295.0,RON,https://www.ch-ios.ro/display-uri-si-touchscreen-iphone/display-cu-touchscreen-și-ramă-iphone-12-12-pro-oled-original-reconditionat-1612.html
ch-ios.ro,Romania,shop,iphone 15 pro max,refurb,A,YES,1260.0,RON,https://www.ch-ios.ro/display-uri-si-touchscreen-iphone/display-cu-touchscreen-și-ramă-iphone-15-pro-max.html
ch-ios.ro,Romania,shop,iphone xs max,aftermarket-soft-oled,aftermarket,YES,240.0,RON,https://www.ch-ios.ro/display-uri-si-touchscreen-iphone/display-cu-touchscreen-și-ramă-iphone-xs-max-oled-original-reconditionat-807.html
ch-ios.ro,Romania,shop,iphone 13,refurb,A,YES,417.0,RON,https://www.ch-ios.ro/display-uri-si-touchscreen-iphone/display-cu-touchscreen-și-ramă-iphone-13-oled-original-reconditionat.html
g-sp.se,Sweden,shop,iphone 16,unknown,aftermarket,YES,189.0,SEK,https://www.g-sp.se/privat/rv-battery-iphone-16-3561mah-premium.html
g-sp.se,Sweden,shop,iphone 12 pro max,original,A,YES,189.0,SEK,https://www.g-sp.se/privat/rv-battery-iphone-12-pro-max-3687mah-diagnostic-pass-original.html
teknikdelar.se,Sweden,shop,iphone 11 pro,aftermarket-lcd,aftermarket,no,249.0,SEK,https://www.teknikdelar.se/kategori/mobilreservdelar/iphone-reservdelar
24.se,Sweden,shop,iphone 11 pro max,aftermarket-lcd,aftermarket,no,199.0,SEK,https://www.24.se/mobiltillbehor/reservdelar/apple
24.se,Sweden,shop,iphone 14,unknown,aftermarket,no,299.0,SEK,https://www.24.se/mobiltillbehor/reservdelar/apple
24.se,Sweden,shop,iphone x,unknown,aftermarket,no,209.0,SEK,https://www.24.se/mobiltillbehor/reservdelar/apple
24.se,Sweden,shop,iphone 12,unknown,aftermarket,no,69.0,SEK,https://www.24.se/mobiltillbehor/reservdelar/apple
24.se,Sweden,shop,iphone 15 plus,unknown,aftermarket,no,499.0,SEK,https://www.24.se/mobiltillbehor/reservdelar/apple
24.se,Sweden,shop,iphone x,unknown,aftermarket,no,79.0,SEK,https://www.24.se/mobiltillbehor/reservdelar/apple
moka-gsm.ro,Romania,shop,iphone 13 pro,aftermarket-incell,aftermarket,YES,136.62,RON,https://www.moka-gsm.ro/display-uri-si-touchscreen-uri/ecran-display-iphone-13-pro-hd-incell-kd.html
celo.ro,Romania,shop,iphone 13 pro,unknown,aftermarket,YES,189.0,RON,https://www.celo.ro/display-iphone/display-iphone-13-pro-120-hz-ltps-cu-diagnoza.html
touchscreen.bg,Bulgaria,shop,iphone xs,unknown,aftermarket,no,350.0,BGN,https://touchscreen.bg/komplekt-tach-s-ekran/komplekt-tach-s-ekran-apple
touchscreen.bg,Bulgaria,shop,iphone x,unknown,aftermarket,no,200.0,BGN,https://touchscreen.bg/komplekt-tach-s-ekran/komplekt-tach-s-ekran-apple
smartstores.sk,Slovakia,shop,iphone 11 pro max,aftermarket-incell,aftermarket,no,24.9,,https://www.smartstores.sk/
g-sp.se,Sweden,shop,iphone xs,unknown,aftermarket,YES,159.0,SEK,https://www.g-sp.se/privat/rv-battery-iphone-xs-2750mah-premium.html
teknikdelar.se,Sweden,shop,iphone 12,unknown,aftermarket,no,139.0,SEK,https://www.teknikdelar.se/kategori/mobilreservdelar/iphone-reservdelar
touchscreen.bg,Bulgaria,shop,iphone x,unknown,aftermarket,no,180.0,BGN,https://touchscreen.bg/komplekt-tach-s-ekran/komplekt-tach-s-ekran-apple
ch-ios.ro,Romania,shop,iphone 13 pro max,refurb,A,YES,720.0,RON,https://www.ch-ios.ro/display-uri-si-touchscreen-iphone/display-cu-touchscreen-și-ramă-iphone-13-pro-max-oled-original-reconditionat.html
24.se,Sweden,shop,iphone 13,aftermarket-lcd,aftermarket,no,249.0,SEK,https://www.24.se/mobiltillbehor/reservdelar/apple
teknikdelar.se,Sweden,shop,iphone 13,aftermarket-lcd,aftermarket,no,279.0,SEK,https://www.teknikdelar.se/kategori/mobilreservdelar/iphone-reservdelar
24.se,Sweden,shop,iphone 13,unknown,aftermarket,no,19.0,SEK,https://www.24.se/mobiltillbehor/reservdelar/apple
24.se,Sweden,shop,iphone 12,unknown,aftermarket,no,29.0,SEK,https://www.24.se/mobiltillbehor/reservdelar/apple
g-sp.se,Sweden,shop,iphone 11,unknown,aftermarket,YES,159.0,SEK,https://www.g-sp.se/privat/rv-battery-iphone-11-3110mah-premium.html
24.se,Sweden,shop,iphone 11,unknown,aftermarket,no,89.0,SEK,https://www.24.se/mobiltillbehor/reservdelar/apple
24.se,Sweden,shop,iphone xr,aftermarket-lcd,aftermarket,no,249.0,SEK,https://www.24.se/mobiltillbehor/reservdelar/apple
mobilex.es,Spain,shop,iphone 11 pro,unknown,aftermarket,no,9.25,EUR,https://mobilex.es/es/5773-tag-on-flex-bateria-iphone-11-pro-jcid-3401126483994.html
smartstores.sk,Slovakia,shop,iphone 13 mini,aftermarket-lcd,aftermarket,no,2.8,,https://www.smartstores.sk/
ch-ios.ro,Romania,shop,iphone 16 pro,refurb,A,YES,1220.0,RON,https://www.ch-ios.ro/display-uri-si-touchscreen-iphone/display-cu-touchscreen-și-ramă-iphone-16-pro.html
ch-ios.ro,Romania,shop,iphone 14 pro max,aftermarket-soft-oled,aftermarket,YES,676.0,RON,https://www.ch-ios.ro/display-uri-si-touchscreen-iphone/display-cu-touchscreen-și-ramă-iphone-14-pro-max-aftermarket-soft-oled.html
g-sp.se,Sweden,shop,iphone 14 plus,unknown,aftermarket,YES,179.0,SEK,https://www.g-sp.se/privat/rv-battery-iphone-14-plus-4325mah-premium.html
touchscreen.bg,Bulgaria,shop,iphone 11 pro,unknown,aftermarket,no,230.0,BGN,https://touchscreen.bg/komplekt-tach-s-ekran/komplekt-tach-s-ekran-apple
g-sp.se,Sweden,shop,iphone 13 pro max,original,A,YES,209.0,SEK,https://www.g-sp.se/privat/rv-battery-iphone-13-pro-max-4352mah-diagnostic-pass-original.html
24.se,Sweden,shop,iphone 15 pro,aftermarket-lcd,aftermarket,no,289.0,SEK,https://www.24.se/mobiltillbehor/reservdelar/apple
24.se,Sweden,shop,iphone 12 mini,aftermarket-lcd,aftermarket,no,349.0,SEK,https://www.24.se/mobiltillbehor/reservdelar/apple
24.se,Sweden,shop,iphone 11 pro,unknown,aftermarket,no,699.0,SEK,https://www.24.se/mobiltillbehor/reservdelar/apple
mobilverkstedet.no,Norway,shop,iphone 16,unknown,aftermarket,no,16.0,NOK,https://mobilverkstedet.no/produktkategori/deler/iphone-deler/
24hshop.fi,Finland,shop,iphone 12 pro,unknown,aftermarket,no,129.0,EUR,https://www.24hshop.fi/puhelintarvikkeet/varaosat/iphone/
24.se,Sweden,shop,iphone x,unknown,aftermarket,no,999.0,SEK,https://www.24.se/mobiltillbehor/reservdelar/apple
teknikkdeler.no,Norway,shop,iphone 11,aftermarket-lcd,aftermarket,no,239.0,NOK,https://www.teknikkdeler.no/reservedeler-apple/
teknikkdeler.no,Norway,shop,iphone 11 pro max,aftermarket-lcd,aftermarket,no,299.0,NOK,https://www.teknikkdeler.no/reservedeler-apple/
24hshop.fi,Finland,shop,iphone 11 pro,unknown,aftermarket,no,1.9,EUR,https://www.24hshop.fi/puhelintarvikkeet/varaosat/iphone/
tekniikkaosat.fi,Finland,shop,iphone 11,aftermarket-lcd,aftermarket,no,21.52,EUR,https://www.tekniikkaosat.fi/kategoria/mobiilivaraosat/iphone
24hshop.fi,Finland,shop,iphone xs,unknown,aftermarket,no,10.9,EUR,https://www.24hshop.fi/puhelintarvikkeet/varaosat/iphone/
tekniikkaosat.fi,Finland,shop,iphone 11 pro,aftermarket-lcd,aftermarket,no,24.46,EUR,https://www.tekniikkaosat.fi/kategoria/mobiilivaraosat/iphone
teknikkdeler.no,Norway,shop,iphone 11,unknown,aftermarket,no,149.0,NOK,https://www.teknikkdeler.no/reservedeler-apple/
24hshop.fi,Finland,shop,iphone 14,unknown,aftermarket,no,32.9,EUR,https://www.24hshop.fi/puhelintarvikkeet/varaosat/iphone/
24hshop.fi,Finland,shop,iphone 14 plus,unknown,aftermarket,no,39.9,EUR,https://www.24hshop.fi/puhelintarvikkeet/varaosat/iphone/
motivs.lv,Latvia,shop,iphone 16 pro max,refurb,A,no,371.6,EUR,https://motivs.lv/en/lcd-screens-displays
telo24.ee,Estonia,shop,iphone 16 plus,unknown,aftermarket,no,269.0,EUR,https://telo24.ee/iphone-ekraani-vahetus/
shop.cec.lv,Latvia,shop,iphone 16e,unknown,aftermarket,no,589.0,EUR,https://www.shop.cec.lv/iphone
shop.cec.lv,Latvia,shop,iphone 15,unknown,aftermarket,no,889.0,EUR,https://www.shop.cec.lv/iphone
mobilesentrix.co.uk,UK,shop,iphone 16,aftermarket-oled,aftermarket,no,34.69,GBP,https://www.mobilesentrix.co.uk/replacement-parts/apple/iphone-parts/all-iphone-lcds
mobitelas.lt,Lithuania,shop,iphone 11 pro,unknown,aftermarket,no,1.99,EUR,https://mobitelas.lt/c/apsauginis-tinkliukas-nuo-dulkiu-apple-iphone-11-pro-11-pro-max-org_6973196/
motivs.lv,Latvia,shop,iphone 14 plus,aftermarket-incell,aftermarket,no,40.0,EUR,https://motivs.lv/en/lcd-screens-displays
motivs.lv,Latvia,shop,iphone 14 pro,aftermarket-incell,aftermarket,no,36.8,EUR,https://motivs.lv/en/lcd-screens-displays
24hshop.fi,Finland,shop,iphone 15 plus,unknown,aftermarket,no,30.9,EUR,https://www.24hshop.fi/puhelintarvikkeet/varaosat/iphone/
24hshop.fi,Finland,shop,iphone 11 pro,unknown,aftermarket,no,6.9,EUR,https://www.24hshop.fi/puhelintarvikkeet/varaosat/iphone/
24hshop.fi,Finland,shop,iphone 15 pro,unknown,aftermarket,no,99.0,EUR,https://www.24hshop.fi/puhelintarvikkeet/varaosat/iphone/
vapaakauppa.net,Finland,shop,iphone 15 plus,unknown,aftermarket,no,36.95,EUR,https://www.vapaakauppa.net/mobiilituotteet/naytto-varaosat/naytot-iphone.html
telo24.ee,Estonia,shop,iphone 14 pro max,unknown,aftermarket,no,269.0,EUR,https://telo24.ee/iphone-ekraani-vahetus/
telo24.ee,Estonia,shop,iphone 12 pro,unknown,aftermarket,no,139.0,EUR,https://telo24.ee/iphone-ekraani-vahetus/
mobiilitukku.fi,Finland,shop,iphone 12 mini,unknown,aftermarket,no,79.99,EUR,https://mobiilitukku.fi/varaosat/apple-naytot-ja-varaosat
mobiilitukku.fi,Finland,shop,iphone x,aftermarket-oled,aftermarket,no,49.99,EUR,https://mobiilitukku.fi/varaosat/apple-naytot-ja-varaosat
teknikkdeler.no,Norway,shop,iphone 11 pro,aftermarket-lcd,aftermarket,no,279.0,NOK,https://www.teknikkdeler.no/reservedeler-apple/
tekniikkaosat.fi,Finland,shop,iphone 13,unknown,aftermarket,no,13.71,EUR,https://www.tekniikkaosat.fi/kategoria/mobiilivaraosat/iphone
24hshop.fi,Finland,shop,iphone xs,unknown,aftermarket,no,11.9,EUR,https://www.24hshop.fi/puhelintarvikkeet/varaosat/iphone/
24hshop.fi,Finland,shop,iphone xs,aftermarket-lcd,aftermarket,no,24.9,EUR,https://www.24hshop.fi/puhelintarvikkeet/varaosat/iphone/
puhelinshop.fi,Finland,shop,iphone 13 pro,unknown,aftermarket,no,27.99,EUR,https://www.puhelinshop.fi/category/9/apple
puhelinshop.fi,Finland,shop,iphone 12,aftermarket-incell,aftermarket,no,29.99,EUR,https://www.puhelinshop.fi/category/9/apple
puhelinshop.fi,Finland,shop,iphone 13,unknown,aftermarket,no,34.99,EUR,https://www.puhelinshop.fi/category/9/apple
puhelinshop.fi,Finland,shop,iphone 13,unknown,aftermarket,no,3.18,EUR,https://www.puhelinshop.fi/category/9/apple
vapaakauppa.net,Finland,shop,iphone 16,unknown,aftermarket,no,59.95,EUR,https://www.vapaakauppa.net/mobiilituotteet/naytto-varaosat/naytot-iphone.html
telo24.ee,Estonia,shop,iphone 15 pro,unknown,aftermarket,no,299.0,EUR,https://telo24.ee/iphone-ekraani-vahetus/
telo24.ee,Estonia,shop,iphone x,unknown,aftermarket,no,99.0,EUR,https://telo24.ee/iphone-ekraani-vahetus/
motivs.lv,Latvia,shop,iphone 16,aftermarket-soft-oled,aftermarket,no,130.8,EUR,https://motivs.lv/en/lcd-screens-displays
motivs.lv,Latvia,shop,iphone 13 pro max,aftermarket-oled,aftermarket,no,70.1,EUR,https://motivs.lv/en/lcd-screens-displays
motivs.lv,Latvia,shop,iphone 13 pro max,aftermarket-incell,aftermarket,no,89.6,EUR,https://motivs.lv/en/lcd-screens-displays
motivs.lv,Latvia,shop,iphone 13 mini,aftermarket-incell,aftermarket,no,43.5,EUR,https://motivs.lv/en/lcd-screens-displays
mobitelas.lt,Lithuania,shop,iphone 14,aftermarket-soft-oled,aftermarket,no,50.99,EUR,https://mobitelas.lt/c/ekranas-apple-iphone-14-su-lietimui-jautriu-stikliuku-kelai-oem-soft-oled-removable-ic_6958788/
motivs.lv,Latvia,shop,iphone 16e,aftermarket-soft-oled,aftermarket,no,52.3,EUR,https://motivs.lv/en/lcd-screens-displays
mobilesentrix.co.uk,UK,shop,iphone 16 pro max,original,A,no,289.43,GBP,https://www.mobilesentrix.co.uk/replacement-parts/apple/iphone-parts/all-iphone-lcds
puhelinshop.fi,Finland,shop,iphone 15 pro max,aftermarket-soft-oled,aftermarket,no,109.99,EUR,https://www.puhelinshop.fi/category/9/apple
vapaakauppa.net,Finland,shop,iphone 13,unknown,aftermarket,no,79.95,EUR,https://www.vapaakauppa.net/mobiilituotteet/naytto-varaosat/naytot-iphone.html
vapaakauppa.net,Finland,shop,iphone 16 pro max,unknown,aftermarket,no,108.95,EUR,https://www.vapaakauppa.net/mobiilituotteet/naytto-varaosat/naytot-iphone.html
puhelinshop.fi,Finland,shop,iphone 12,aftermarket-incell,aftermarket,no,23.9,EUR,https://www.puhelinshop.fi/category/9/apple
puhelinshop.fi,Finland,shop,iphone 13,unknown,aftermarket,no,23.9,EUR,https://www.puhelinshop.fi/category/9/apple
puhelinshop.fi,Finland,shop,iphone 11,unknown,aftermarket,no,17.99,EUR,https://www.puhelinshop.fi/category/9/apple
imaster.lv,Latvia,shop,iphone 11 pro,unknown,aftermarket,no,2.0,EUR,https://imaster.lv/shop/?path=381&route=product%2Fcategory
motivs.lv,Latvia,shop,iphone 16 plus,aftermarket-soft-oled,aftermarket,no,91.5,EUR,https://motivs.lv/en/lcd-screens-displays
motivs.lv,Latvia,shop,iphone 11 pro,aftermarket-oled,aftermarket,no,37.0,EUR,https://motivs.lv/en/lcd-screens-displays
motivs.lv,Latvia,shop,iphone 16 pro,aftermarket-incell,aftermarket,no,69.0,EUR,https://motivs.lv/en/lcd-screens-displays
motivs.lv,Latvia,shop,iphone 16e,aftermarket-soft-oled,aftermarket,no,61.4,EUR,https://motivs.lv/en/lcd-screens-displays
motivs.lv,Latvia,shop,iphone 12 pro max,unknown,aftermarket,no,43.5,EUR,https://motivs.lv/en/lcd-screens-displays
mobitelas.lt,Lithuania,shop,iphone 14 pro max,aftermarket-soft-oled,aftermarket,no,75.99,EUR,https://mobitelas.lt/c/ekranas-skirtas-iphone-14-pro-max-su-lietimui-jautriu-stikliuku-oem-soft-oled-120hz-self-diagnosable_6974690/
vapaakauppa.net,Finland,shop,iphone 15,unknown,aftermarket,no,39.95,EUR,https://www.vapaakauppa.net/mobiilituotteet/naytto-varaosat/naytot-iphone.html
mobilesentrix.co.uk,UK,shop,iphone 16 plus,original,A,no,250.81,GBP,https://www.mobilesentrix.co.uk/replacement-parts/apple/iphone-parts/all-iphone-lcds
mobilesentrix.co.uk,UK,shop,iphone 15 pro,unknown,aftermarket,no,36.47,GBP,https://www.mobilesentrix.co.uk/replacement-parts/apple/iphone-parts/all-iphone-lcds
mobilesentrix.co.uk,UK,shop,iphone 16 pro,aftermarket-incell,aftermarket,no,27.7,GBP,https://www.mobilesentrix.co.uk/replacement-parts/apple/iphone-parts/all-iphone-lcds
mobilesentrix.co.uk,UK,shop,iphone 16 plus,unknown,aftermarket,no,42.67,GBP,https://www.mobilesentrix.co.uk/replacement-parts/apple/iphone-parts/all-iphone-lcds
mobilesentrix.co.uk,UK,shop,iphone 13,original,A,no,225.52,GBP,https://www.mobilesentrix.co.uk/replacement-parts/apple/iphone-parts/all-iphone-lcds
mobilesentrix.co.uk,UK,shop,iphone 12 pro,original,A,no,87.37,GBP,https://www.mobilesentrix.co.uk/replacement-parts/apple/iphone-parts/all-iphone-lcds
mobilesentrix.co.uk,UK,shop,iphone 16 plus,original,A,no,238.53,GBP,https://www.mobilesentrix.co.uk/replacement-parts/apple/iphone-parts/all-iphone-lcds
mobilesentrix.co.uk,UK,shop,iphone 13 pro,aftermarket-oled,aftermarket,no,31.95,GBP,https://www.mobilesentrix.co.uk/replacement-parts/apple/iphone-parts/all-iphone-lcds
mobilesentrix.co.uk,UK,shop,iphone 11 pro max,aftermarket-incell,aftermarket,no,11.46,GBP,https://www.mobilesentrix.co.uk/replacement-parts/apple/iphone-parts/all-iphone-lcds
mobilesentrix.co.uk,UK,shop,iphone xr,aftermarket-incell,aftermarket,no,10.37,GBP,https://www.mobilesentrix.co.uk/replacement-parts/apple/iphone-parts/all-iphone-lcds
moka-gsm.ro,Romania,shop,iphone 11 pro max,aftermarket-soft-oled,aftermarket,YES,216.0,RON,https://www.moka-gsm.ro/ecrane-iphone-11-pro-max/ecran-display-iphone-11-pro-max-soft-oled-premium.html
expresstech.ie,Ireland,shop,iphone 16,unknown,aftermarket,no,149.0,EUR,https://www.expresstech.ie/collections/iphone-screen-repair-replacement
moka-gsm.ro,Romania,shop,iphone 11 pro,aftermarket-incell,aftermarket,YES,115.51,RON,https://www.moka-gsm.ro/ecrane-iphone-11-pro/ecran-display-iphone-11-pro-incell-kd-premium.html
mobilesentrix.co.uk,UK,shop,iphone 14 pro,unknown,aftermarket,no,1.29,GBP,https://www.mobilesentrix.co.uk/replacement-parts/apple/iphone-parts/all-iphone-lcds
moka-gsm.ro,Romania,shop,iphone 15 pro,aftermarket-soft-oled,aftermarket,YES,302.4,RON,https://www.moka-gsm.ro/ecran-iphone/ecran-display-iphone-15-pro-soft-oled-120hz.html
celo.ro,Romania,shop,iphone 15 plus,aftermarket-soft-oled,aftermarket,YES,349.0,RON,https://www.celo.ro/piese-accesorii-iphone/display-soft-oled-iphone-15-plus-cu-diagnoza-garantie-12-luni.html
hugmie.ie,Ireland,shop,iphone 16 pro,unknown,aftermarket,no,15.99,EUR,https://hugmie.ie/products/hugmie-2-5d-tempered-glass-screen-protector-for-iphone?variant=65170168447325
ch-ios.ro,Romania,shop,iphone 13 pro,refurb,A,YES,570.0,RON,https://www.ch-ios.ro/display-cu-touchscreen-și-ramă-iphone-13-pro-oled-original-reconditionat.html
hugmie.ie,Ireland,shop,iphone 12 pro max,unknown,aftermarket,no,22.99,EUR,https://hugmie.ie/products/hugmie-iphone-corning-glass-screen-protector?variant=52377958056285
unlockr.ca,Canada,shop,iphone 14,aftermarket-oled,aftermarket,no,28.99,CAD,https://unlockr.ca/products/oled-screen-and-digitizer-assembly-compatible-for-iphone-14?_pos=8&_sid=e3489a708&_ss=r
repairdepot.com,USA,shop,iphone 15 pro max,aftermarket-soft-oled,aftermarket,no,79.99,USD,https://www.repairdepot.com/detail/iphone-15-pro-max-120hz-screen-soft-oled
hugmie.ie,Ireland,shop,iphone 13,unknown,aftermarket,no,129.0,EUR,https://hugmie.ie/products/iphone-13-series-screen-repair?_pos=16&_sid=15ee2ba5d&_ss=r
hugmie.ie,Ireland,shop,iphone 14 pro max,unknown,aftermarket,no,539.0,EUR,https://hugmie.ie/products/iphone-14-pro-max-screen-repair?_pos=3&_sid=15ee2ba5d&_ss=r
mobilesentrix.co.uk,UK,shop,iphone 14 plus,aftermarket-incell,aftermarket,no,17.47,GBP,https://www.mobilesentrix.co.uk/replacement-parts/apple/iphone-parts/all-iphone-lcds
mobilesentrix.co.uk,UK,shop,iphone 14 plus,unknown,aftermarket,no,33.34,GBP,https://www.mobilesentrix.co.uk/replacement-parts/apple/iphone-parts/all-iphone-lcds
mobilesentrix.co.uk,UK,shop,iphone 14 plus,original,A,no,227.53,GBP,https://www.mobilesentrix.co.uk/replacement-parts/apple/iphone-parts/all-iphone-lcds
mobilesentrix.co.uk,UK,shop,iphone 12,aftermarket-incell,aftermarket,no,11.99,GBP,https://www.mobilesentrix.co.uk/replacement-parts/apple/iphone-parts/all-iphone-lcds
mobilesentrix.co.uk,UK,shop,iphone 11 pro,aftermarket-oled,aftermarket,no,35.82,GBP,https://www.mobilesentrix.co.uk/replacement-parts/apple/iphone-parts/all-iphone-lcds
mobilesentrix.co.uk,UK,shop,iphone 12,refurb,A,no,45.79,GBP,https://www.mobilesentrix.co.uk/replacement-parts/apple/iphone-parts/all-iphone-lcds
mobilesentrix.co.uk,UK,shop,iphone 13 mini,original,A,no,157.36,GBP,https://www.mobilesentrix.co.uk/replacement-parts/apple/iphone-parts/all-iphone-lcds
ch-ios.ro,Romania,shop,iphone 16 pro max,refurb,A,YES,1435.0,RON,https://www.ch-ios.ro/componente-109/display-cu-touchscreen-și-ramă-iphone-16-pro-max-original-reconditionat.html
expresstech.ie,Ireland,shop,iphone 16 pro,unknown,aftermarket,no,159.0,EUR,https://www.expresstech.ie/collections/iphone-screen-repair-replacement
mobilesentrix.co.uk,UK,shop,iphone xr,refurb,A,no,19.37,GBP,https://www.mobilesentrix.co.uk/replacement-parts/apple/iphone-parts/all-iphone-lcds
celo.ro,Romania,shop,iphone 16,aftermarket-soft-oled,aftermarket,YES,449.0,RON,https://www.celo.ro/display-soft-oled-iphone-16-120hz-diagnostic-recunoscut-de-ios-cu-diagnoza-fara-eroare-garantie-12-luni.html
shop.cec.lv,Latvia,shop,iphone 16e,unknown,aftermarket,no,19.99,EUR,https://www.shop.cec.lv/ideal-by-epico-flexiglass-screen-protector-iphone-17e-16e-14-13-pro-13-60312151000010
repairdepot.com,USA,shop,iphone 16 pro,aftermarket-incell,aftermarket,no,35.99,USD,https://www.repairdepot.com/detail/repart-iphone-16-pro-incell-lcd-screen
hugmie.ie,Ireland,shop,iphone 16 pro max,unknown,aftermarket,no,15.99,EUR,https://hugmie.ie/products/hugmie-2-5d-tempered-glass-screen-protector-for-iphone?variant=65170168480093
unlockr.ca,Canada,shop,iphone 14 pro,unknown,aftermarket,no,14.99,CAD,https://unlockr.ca/products/tempered-glass-screen-protector-for-iphone-10-pack?variant=43376426746030
hugmie.ie,Ireland,shop,iphone 14 pro,unknown,aftermarket,no,15.99,EUR,https://hugmie.ie/products/hugmie-2-5d-tempered-glass-screen-protector-for-iphone?variant=62835010437469
unlockr.ca,Canada,shop,iphone 11 pro,unknown,aftermarket,no,14.99,CAD,https://unlockr.ca/products/tempered-glass-screen-protector-for-iphone-10-pack?variant=21890681733225
unlockr.ca,Canada,shop,iphone 16 pro max,unknown,aftermarket,no,13.99,CAD,https://unlockr.ca/products/tempered-glass-screen-protector-for-iphone-10-pack?variant=45731293429934
mobilesentrix.co.uk,UK,shop,iphone 14 pro max,refurb,A,no,138.3,GBP,https://www.mobilesentrix.co.uk/replacement-parts/apple/iphone-parts/all-iphone-lcds
mobilesentrix.co.uk,UK,shop,iphone 14 pro max,aftermarket-incell,aftermarket,no,24.73,GBP,https://www.mobilesentrix.co.uk/replacement-parts/apple/iphone-parts/all-iphone-lcds
mobilesentrix.co.uk,UK,shop,iphone 13,original,A,no,192.45,GBP,https://www.mobilesentrix.co.uk/replacement-parts/apple/iphone-parts/all-iphone-lcds
mobilesentrix.co.uk,UK,shop,iphone 13 pro max,aftermarket-incell,aftermarket,no,19.15,GBP,https://www.mobilesentrix.co.uk/replacement-parts/apple/iphone-parts/all-iphone-lcds
mobilesentrix.co.uk,UK,shop,iphone 14 pro,unknown,aftermarket,no,36.45,GBP,https://www.mobilesentrix.co.uk/replacement-parts/apple/iphone-parts/all-iphone-lcds
mobilesentrix.co.uk,UK,shop,iphone 14 plus,original,A,no,266.52,GBP,https://www.mobilesentrix.co.uk/replacement-parts/apple/iphone-parts/all-iphone-lcds
mobilesentrix.co.uk,UK,shop,iphone 13,aftermarket-incell,aftermarket,no,13.5,GBP,https://www.mobilesentrix.co.uk/replacement-parts/apple/iphone-parts/all-iphone-lcds
expresstech.ie,Ireland,shop,iphone 12 pro max,unknown,aftermarket,no,119.0,EUR,https://www.expresstech.ie/collections/iphone-screen-repair-replacement
hugmie.ie,Ireland,shop,iphone 12 mini,unknown,aftermarket,no,19.99,EUR,https://hugmie.ie/
mobilesentrix.co.uk,UK,shop,iphone xs max,aftermarket-oled,aftermarket,no,25.47,GBP,https://www.mobilesentrix.co.uk/replacement-parts/apple/iphone-parts/all-iphone-lcds
expresstech.ie,Ireland,shop,iphone 14 pro,unknown,aftermarket,no,119.0,EUR,https://www.expresstech.ie/collections/iphone-screen-repair-replacement
mobilesentrix.co.uk,UK,shop,iphone 13,original,A,no,119.41,GBP,https://www.mobilesentrix.co.uk/replacement-parts/apple/iphone-parts/all-iphone-lcds
repairdepot.com,USA,shop,iphone 15 pro max,unknown,aftermarket,no,79.99,USD,https://www.repairdepot.com/
expresstech.ie,Ireland,shop,iphone xs,unknown,aftermarket,no,89.0,EUR,https://www.expresstech.ie/collections/iphone-screen-repair-replacement
expresstech.ie,Ireland,shop,iphone 11 pro max,unknown,aftermarket,no,129.0,EUR,https://www.expresstech.ie/collections/iphone-screen-repair-replacement
mobilesentrix.co.uk,UK,shop,iphone xs,refurb,A,no,38.83,GBP,https://www.mobilesentrix.co.uk/replacement-parts/apple/iphone-parts/all-iphone-lcds
expresstech.ie,Ireland,shop,iphone 16 plus,unknown,aftermarket,no,129.0,EUR,https://www.expresstech.ie/collections/iphone-screen-repair-replacement
repairdepot.com,USA,shop,iphone 16,unknown,aftermarket,no,999.0,USD,https://www.repairdepot.com/
repairdepot.com,USA,shop,iphone 16,unknown,aftermarket,no,11.99,USD,https://www.repairdepot.com/
repairdepot.com,USA,shop,iphone 15 plus,unknown,aftermarket,no,47.99,USD,https://www.repairdepot.com/
onlinemobileparts.com.au,Australia,shop,iphone xs max,unknown,aftermarket,no,39.0,AUD,https://www.onlinemobileparts.com.au/
canadiancellparts.com,Canada,shop,iphone 12 mini,aftermarket-oled,aftermarket,no,110.0,CAD,https://www.canadiancellparts.com/all-iphone-lcds/
unlockr.ca,Canada,shop,iphone 11 pro,unknown,aftermarket,no,27.99,CAD,https://unlockr.ca/collections/iphone-repair-parts
a-parts.com.pl,Poland,shop,iphone 14 pro max,aftermarket-oled,aftermarket,no,312.75,PLN,"https://www.a-parts.com.pl/produkty/wyswietlacz-lcd-ekran-dotykowy-iphone-14-pro-max,3,32499,41542"
4repair.pl,Poland,shop,iphone 15,aftermarket-incell,aftermarket,no,136.49,PLN,https://4repair.pl/zamiennik-wyswietlacz-jk-incell-fhd-apple-iphone-15-p-589.html
a-parts.com.pl,Poland,shop,iphone 11,aftermarket-incell,aftermarket,no,77.26,PLN,"https://www.a-parts.com.pl/produkty/wyswietlacz-lcd-ekran-dotykowy-do-iphone-11-ince,3,32499,43484"
mobilyskalka.cz,CZ,shop,iphone 16 plus,aftermarket-gx,aftermarket,YES,1770.0,CZK,https://mobilyskalka.cz/dotykova-deska-iphone-16-plus-lcd-black-gx-oled-hard/
canadiancellparts.com,Canada,shop,iphone 16 plus,aftermarket-incell,aftermarket,no,85.0,CAD,https://www.canadiancellparts.com/all-iphone-lcds/
canadiancellparts.com,Canada,shop,iphone 11 pro max,aftermarket-incell,aftermarket,no,40.0,CAD,https://www.canadiancellparts.com/all-iphone-lcds/
canadiancellparts.com,Canada,shop,iphone 11 pro max,aftermarket-oled,aftermarket,no,100.0,CAD,https://www.canadiancellparts.com/all-iphone-lcds/
onlinemobileparts.com.au,Australia,shop,iphone xs,unknown,aftermarket,no,39.0,AUD,https://www.onlinemobileparts.com.au/
canadiancellparts.com,Canada,shop,iphone 14 plus,aftermarket-oled,aftermarket,no,125.0,CAD,https://www.canadiancellparts.com/all-iphone-lcds/
onlinemobileparts.com.au,Australia,shop,iphone x,aftermarket-lcd,aftermarket,no,47.0,AUD,https://www.onlinemobileparts.com.au/
canadiancellparts.com,Canada,shop,iphone 11 pro,aftermarket-oled,aftermarket,no,115.0,CAD,https://www.canadiancellparts.com/all-iphone-lcds/
canadiancellparts.com,Canada,shop,iphone 16,aftermarket-incell,aftermarket,no,70.0,CAD,https://www.canadiancellparts.com/all-iphone-lcds/
24hshop.fr,France,shop,iphone xs max,aftermarket-incell,aftermarket,no,39.5,EUR,https://3winfoelec.fr/ecran-complet-verre-incell-iphone-xs-max-in-cell-lcd-qualite-cristaux-liquides-premium-smartphone-vitre-3d-touch-hdr-oleophobe-2549.html
a-parts.com.pl,Poland,shop,iphone 16 plus,aftermarket-incell,aftermarket,no,163.96,PLN,"//www.a-parts.com.pl/wyswietlacz-lcd-ekran-dotykowy-iphone-16-plus-in,3,27841,40876"
a-parts.com.pl,Poland,shop,iphone 14 pro,aftermarket-incell,aftermarket,no,138.46,PLN,"https://www.a-parts.com.pl/produkty/wyswietlacz-lcd-ekran-dotykowy-do-iphone-14-pro,3,32499,43465"
a-parts.com.pl,Poland,shop,iphone 16 pro,aftermarket-incell,aftermarket,no,174.16,PLN,"//www.a-parts.com.pl/wyswietlacz-lcd-ekran-dotykowy-iphone-16-pro-inc,3,27837,40877"
a-parts.com.pl,Poland,shop,iphone 16 pro,aftermarket-incell,aftermarket,no,161.41,PLN,"https://www.a-parts.com.pl/produkty/wyswietlacz-lcd-ekran-dotykowy-do-iphone-16-pro,3,32499,43453"
a-parts.com.pl,Poland,shop,iphone 15 pro max,aftermarket-oled,aftermarket,no,306.33,PLN,"https://www.a-parts.com.pl/produkty/wyswietlacz-lcd-ekran-dotykowy-iphone-15-pro-max,3,32499,41544"
appleparts.nl,Netherlands,shop,iphone 16e,aftermarket-incell,aftermarket,no,51.95,EUR,https://appleparts.nl/products/iphone-14-16e-repart-incell-select-lcd-scherm-assembly?_pos=15&_sid=7fc136858&_ss=r
appleparts.nl,Netherlands,shop,iphone 13 pro,aftermarket-incell,aftermarket,no,119.95,EUR,https://appleparts.nl/products/repart-incell-select-lcd-scherm-assembly-voor-iphone-13-pro?_pos=8&_sid=7fc136858&_ss=r
dutchrepair.nl,Netherlands,shop,iphone 14 pro,aftermarket-soft-oled,aftermarket,no,169.99,EUR,https://www.dutchrepair.nl/products/iphone-14-soft-oled-reparatie-set-gereedschap-screenprotector-framesticker-oled-scherm-kopie?_pos=16&_sid=fa3ea38a9&_ss=r
digitalteck.it,Italy,shop,iphone 16e,aftermarket-soft-oled,aftermarket,no,120.0,EUR,https://www.digitalteck.it/iphone-16-e/2101-riparazione-display-anteriore-lcd-iphone-16e-soft-oled-9145374794849.html
componentidigitali.com,Italy,shop,iphone xs,aftermarket-incell,aftermarket,no,14.05,EUR,https://www.componentidigitali.com/it/componenti-digitali-home-page/ricambi-per-cellulari-tablet/ricambi-per-apple-iphone/iphone-xs/display-lcd-per-iphone-xs-incell-zy-ltps-cog-.1.39.625.gp.26554.uw
componentidigitali.com,Italy,shop,iphone 11,aftermarket-incell,aftermarket,no,11.65,EUR,https://www.componentidigitali.com/it/componenti-digitali-home-page/ricambi-per-cellulari-tablet/ricambi-per-apple-iphone/iphone-11/display-lcd-per-iphone-11-incell-zy-a-si-hd-ic-intercambiabile-.1.39.663.gp.29927.uw
componentidigitali.com,Italy,shop,iphone 11 pro max,aftermarket-incell,aftermarket,no,13.8,EUR,https://www.componentidigitali.com/it/componenti-digitali-home-page/ricambi-per-cellulari-tablet/ricambi-per-apple-iphone/iphone-11-pro-max/display-lcd-per-iphone-11-pro-max-incell-zy-a-si-hd-ic-intercambiabile-.1.39.665.gp.34657.uw
appleparts.nl,Netherlands,shop,iphone 15 pro max,aftermarket-soft-oled,aftermarket,no,79.95,EUR,https://appleparts.nl/products/premium-soft-oled-120hz-scherm-voor-iphone-15-pro-max?_pos=14&_sid=7fc136858&_ss=r
dutchrepair.nl,Netherlands,shop,iphone 12 pro max,aftermarket-lcd,aftermarket,no,59.99,EUR,https://www.dutchrepair.nl/products/kopie-van-iphone-12-12-pro-scherm-gereedschap-screen-protector-frame-sticker-alles-in-1-reparatie-set-a-kwaliteit-lcd-display?_pos=17&_sid=fa3ea38a9&_ss=r
dutchrepair.nl,Netherlands,shop,iphone 15,aftermarket-soft-oled,aftermarket,no,149.95,EUR,https://www.dutchrepair.nl/products/iphone-15-soft-oled-scherm-hoge-kwaliteit-vervangbare-ic-true-tone-support?_pos=6&_sid=fa3ea38a9&_ss=r
dutchrepair.nl,Netherlands,shop,iphone xs,aftermarket-lcd,aftermarket,no,29.99,EUR,https://www.dutchrepair.nl/products/iphone-xs-tft-display-c-grade
isn-parts.com,Bulgaria,shop,iphone 12 pro,aftermarket-oled,aftermarket,no,44.0,BGN,https://isn-parts.com/produkt/iphone-12-pro-displei-oled
mobifixbg.com,Bulgaria,shop,iphone xr,aftermarket-incell,aftermarket,no,20.0,BGN,https://mobifixbg.com/product/displey-za-iphone-xr-jk-incell
reparacaomobile.pt,Portugal,shop,iphone 13 pro max,aftermarket-oled,aftermarket,no,53.89,EUR,https://www.reparacaomobile.pt/en/componentes-variados/componentes-telemóveis/displays-e-lcds/displays-apple/display-lcd-e-touch-para-apple-iphone-13-pro-max-premium-oled-preto.php
mobifixbg.com,Bulgaria,shop,iphone xs,aftermarket-gx,aftermarket,no,28.75,BGN,https://mobifixbg.com/product/displey-za-iphone-xs-2018-incell
isn-parts.com,Bulgaria,shop,iphone 13,aftermarket-oled,aftermarket,no,50.0,BGN,https://isn-parts.com/produkt/iphone-13-displei-oled
mobifixbg.com,Bulgaria,shop,iphone 11,original,A,no,23.75,BGN,https://mobifixbg.com/product/displey-za-iphone-11-originalen-s-reciklirano-staklo
repairpartsusa.com,USA,shop,iphone 16,aftermarket-incell,aftermarket,no,34.99,USD,https://repairpartsusa.com/products/iphone-16-grade-a-incell-lcd-and-digitizer-glass-screen-replacement
componentidigitali.com,Italy,shop,iphone xs,aftermarket-hard-oled,aftermarket,no,21.05,EUR,https://www.componentidigitali.com/it/componenti-digitali-home-page/ricambi-per-cellulari-tablet/ricambi-per-apple-iphone/iphone-xs/display-lcd-per-iphone-xs-hard-oled-gx-s-.1.39.625.gp.23160.uw
repairpartsusa.com,USA,shop,iphone 15,aftermarket-incell,aftermarket,no,23.99,USD,https://repairpartsusa.com/products/iphone-15-grade-a-incell-lcd-and-digitizer-glass-screen-replacement?_pos=23&_sid=80aad75e7&_ss=r
mobifixbg.com,Bulgaria,shop,iphone 11 pro max,aftermarket-oled,aftermarket,no,37.65,BGN,https://mobifixbg.com/product/displey-za-iphone-11-pro-max-dd-oled
repairpartsusa.com,USA,shop,iphone 14,aftermarket-incell,aftermarket,no,22.39,USD,https://repairpartsusa.com/products/iphone-14-grade-a-incell-lcd-and-digitizer-glass-screen-replacement?_pos=7&_sid=80aad75e7&_ss=r
mobilestar.at,Austria,shop,iphone 14,aftermarket-oled,aftermarket,no,69.9,EUR,https://www.mobilestar.at/lcd-display-soft-oled-touchscreen-kompatibel-mit-apple-iphone-14-pro-ic-removable-schwarz.html
dutchrepair.nl,Netherlands,shop,iphone x,aftermarket-lcd,aftermarket,no,29.0,EUR,https://www.dutchrepair.nl/products/iphone-x-lcd-display?_pos=2&_sid=fa3ea38a9&_ss=r
digitalteck.it,Italy,shop,iphone x,aftermarket-lcd,aftermarket,no,3.99,EUR,https://www.digitalteck.it/iphone-x/885-cornice-biadesiva-lcd-iphone-x.html
componentidigitali.com,Italy,shop,iphone 11 pro max,aftermarket-incell,aftermarket,no,17.6,EUR,https://www.componentidigitali.com/it/componenti-digitali-home-page/ricambi-per-cellulari-tablet/ricambi-per-apple-iphone/iphone-11-pro-max/display-lcd-per-iphone-11-pro-max-incell-zy-ltps-cof-ic-intercambiabile-.1.39.665.gp.34656.uw
componentidigitali.com,Italy,shop,iphone 13 pro,aftermarket-hard-oled,aftermarket,no,38.45,EUR,https://www.componentidigitali.com/it/componenti-digitali-home-page/ricambi-per-cellulari-tablet/ricambi-per-apple-iphone/iphone-13-pro/display-lcd-per-iphone-13-pro-hard-oled-gx-ic-intercambiabile-.1.39.795.gp.39698.uw
fonix.at,Austria,shop,iphone 15 pro,pulled,A,YES,255.9,EUR,https://fonix.at/products/iphone-15-pro-lcd-display-original-pulled-premium?_pos=2&_sid=a208426e9&_ss=r
componentidigitali.com,Italy,shop,iphone x,aftermarket-hard-oled,aftermarket,no,21.1,EUR,https://www.componentidigitali.com/it/componenti-digitali-home-page/ricambi-per-cellulari-tablet/ricambi-per-apple-iphone/iphone-x/display-lcd-per-iphone-x-hard-oled-gx-3-.1.39.581.gp.27697.uw
reparacaomobile.pt,Portugal,shop,iphone 12 mini,aftermarket-incell,aftermarket,no,33.89,EUR,https://www.reparacaomobile.pt/en/componentes-variados/componentes-telemóveis/displays-e-lcds/displays-apple/display-iphone-12-mini-a2399-a2176-a2398-a2400-preto-in-cell-ips.php
fonix.at,Austria,shop,iphone 11,pulled,A,YES,34.9,EUR,https://fonix.at/products/lcd-display-fuer-iphone-11-dtp-c3f-pulled-ori-schwarz?_pos=9&_sid=a208426e9&_ss=r
fonix.at,Austria,shop,iphone 14 pro,pulled,A,YES,139.9,EUR,https://fonix.at/products/lcd-display-fuer-iphone-14-pro-neu-pulled-ori-qualitaet?_pos=5&_sid=a208426e9&_ss=r
isn-parts.com,Bulgaria,shop,iphone 11 pro,aftermarket-oled,aftermarket,no,37.99,BGN,https://isn-parts.com/produkt/iphone-11-pro-displei-oled
isn-parts.com,Bulgaria,shop,iphone 14 pro max,aftermarket-oled,aftermarket,no,107.0,BGN,https://isn-parts.com/produkt/iphone-14-pro-max-oled-120hz-displei
mobifixbg.com,Bulgaria,shop,iphone 12 pro max,aftermarket-incell,aftermarket,no,23.75,BGN,https://mobifixbg.com/product/displey-za-iphone-12-pro-max-sq-hd-incell
isn-parts.com,Bulgaria,shop,iphone 15 pro max,aftermarket-oled,aftermarket,no,123.0,BGN,https://isn-parts.com/produkt/iphone-15-pro-max-oled-120hz-displei
ab-mobiteli.com,Croatia,shop,iphone 14 plus,original,A,no,250.0,EUR,https://ab-mobiteli.com/products/lcd-original-apple-iphone-14-plus?_pos=8&_sid=33c5b9a4a&_ss=r
ab-mobiteli.com,Croatia,shop,iphone 15,aftermarket-lcd,aftermarket,no,80.0,EUR,https://ab-mobiteli.com/products/lcd-ovi-za-apple-iphone-15?_pos=20&_sid=33c5b9a4a&_ss=r
mobifixbg.com,Bulgaria,shop,iphone 14 pro,aftermarket-incell,aftermarket,no,27.5,BGN,https://mobifixbg.com/product/displey-za-iphone-14-pro-jk-incell
alphamobile.eu,Bulgaria,shop,iphone 12 mini,unknown,aftermarket,no,19.94,BGN,http://www.alphamobile.eu/instrimenti-gsm/lcd-display-repair/iphone-display-frame/front-lcd-frame-bezel-iphone-12-mini
repairpartsusa.com,USA,shop,iphone 15 pro max,aftermarket-incell,aftermarket,no,41.59,USD,https://repairpartsusa.com/products/iphone-15-pro-max-grade-a-incell-lcd-and-digitizer-glass-screen-replacement
gjirafa50.al,Albania,shop,iphone 16 pro max,unknown,aftermarket,no,1990.0,,https://gjirafa50.al/mbrojtes-ekrani-mobile-origin-per-iphone-16-pro-max-xham-asahi-2-cope-transparent
repairpartsusa.com,USA,shop,iphone 11,aftermarket-incell,aftermarket,no,15.19,USD,https://repairpartsusa.com/products/iphone-11-grade-a-incell-lcd-and-digitizer-glass-screen-replacement-with-back-plate?_pos=1&_sid=80aad75e7&_ss=r
repairpartsusa.com,USA,shop,iphone 14,aftermarket-hard-oled,aftermarket,no,39.19,USD,https://repairpartsusa.com/products/iphone-14-premium-hard-oled-and-digitizer-glass-screen-replacement?_pos=13&_sid=80aad75e7&_ss=r
repairpartsusa.com,USA,shop,iphone xr,aftermarket-lcd,aftermarket,no,17.99,USD,https://repairpartsusa.com/products/iphone-premium-black-lcd-and-digitizer-glass-screen-replacement?_pos=10&_sid=80aad75e7&_ss=r
repairpartsusa.com,USA,shop,iphone 16 plus,aftermarket-incell,aftermarket,no,37.99,USD,https://repairpartsusa.com/products/iphone-16-plus-grade-a-incell-lcd-and-digitizer-glass-screen-replacement
repairpartsusa.com,USA,shop,iphone xr,unknown,aftermarket,no,16.39,USD,https://repairpartsusa.com/products/iphone-xr-black-premium-glass-screen-replacement-repair-kit-tools-clone?_pos=21&_sid=80aad75e7&_ss=r
isn-parts.com,Bulgaria,shop,iphone 13 mini,aftermarket-lcd,aftermarket,no,26.99,BGN,https://isn-parts.com/produkt/iphone-13-mini-lcd-displei
isn-parts.com,Bulgaria,shop,iphone 12 pro max,aftermarket-oled,aftermarket,no,52.0,BGN,https://isn-parts.com/produkt/iphone-12-pro-max-displei-oled
mobifixbg.com,Bulgaria,shop,iphone 13 mini,aftermarket-incell,aftermarket,no,30.0,BGN,https://mobifixbg.com/product/displey-za-iphone-13-mini-jk-incell
ab-mobiteli.com,Croatia,shop,iphone 14 pro,original,A,no,380.0,EUR,https://ab-mobiteli.com/products/lcd-original-apple-iphone-14-pro-skidan?_pos=6&_sid=33c5b9a4a&_ss=r
alphamobile.eu,Bulgaria,shop,iphone 16 pro max,aftermarket-gx,aftermarket,no,79.0,BGN,http://www.alphamobile.eu/iphone-16-pro-max-oled-display-gx
alphamobile.eu,Bulgaria,shop,iphone 14 plus,unknown,aftermarket,no,65.96,BGN,http://www.alphamobile.eu/instrimenti-gsm/lcd-display-repair/iphone-display-frame/front-lcd-frame-bezel-iphone-14-plus
phonepartsrus.com,Czechia,shop,iphone 15,unknown,aftermarket,no,50.0,CZK,https://phonepartsrus.com/products/iphone-15-screen-replacement-soft?_pos=4&_sid=dfbc7e7f8&_ss=r
ieasyservice.fi,Finland,shop,iphone 13,aftermarket-incell,aftermarket,no,49.9,EUR,https://www.ieasyservice.fi/product/177/iphone-premium-incell-lcd-naytto?variation_id=249
mobishop.ee,Estonia,shop,iphone 16e,unknown,aftermarket,YES,16.29,EUR,https://mobishop.ee/toode/screen-protection-glass-esd-anti-fingerprint-frosted-apple-iphone-17e-16e-14-13-13-pro-black-bulk/
mobiiliabi.ee,Estonia,shop,iphone 15 pro,aftermarket-hard-oled,aftermarket,YES,66.99,EUR,https://mobiiliabi.ee/toode/lcd-screen-apple-iphone-15-pro-with-touch-screen-gx-hard-oled-removable-ic/
alphamobile.eu,Bulgaria,shop,iphone 16 pro,aftermarket-incell,aftermarket,no,79.0,BGN,http://www.alphamobile.eu/iphone-16-pro-gx-ravy-incell-display
alphamobile.eu,Bulgaria,shop,iphone 13,unknown,aftermarket,no,30.17,BGN,http://www.alphamobile.eu/instrimenti-gsm/lcd-display-repair/iphone-display-frame/front-lcd-frame-bezel-iphone-13
alphamobile.eu,Bulgaria,shop,iphone 16 pro,aftermarket-incell,aftermarket,no,152.88,BGN,http://www.alphamobile.eu/iphone-16-pro-incell-display-hl
yodoit.com,Croatia,shop,iphone x,aftermarket-lcd,aftermarket,no,19.99,EUR,https://www.yodoit.com/products/for-iphone-x-screen-replacement-lcd-display-assembly?_pos=1&_sid=137b5c788&_ss=r
vsekmobilu.cz,Czechia,shop,iphone 12,unknown,aftermarket,YES,516.0,CZK,https://www.vsekmobilu.cz/nahradni-dily-apple/displej-pro-apple-iphone-12-12-pro-s-dotykovou-obrazovkou-cerny--zy-hd/
yodoit.com,Croatia,shop,iphone 12 pro max,aftermarket-lcd,aftermarket,no,49.99,EUR,https://www.yodoit.com/products/for-apple-iphone-12-pro-max-screen-replacement-lcd-display-assembly?_pos=10&_sid=137b5c788&_ss=r
mobishop.ee,Estonia,shop,iphone 16e,unknown,aftermarket,YES,16.6,EUR,https://mobishop.ee/toode/screen-protection-glass-privacy-esd-anti-static-dust-proof-apple-iphone-17e-16e-14-13-13-pro-black-bulk/
bokmanev.com,Denmark,shop,iphone xs max,aftermarket-oled,aftermarket,no,89.99,DKK,https://www.bokmanev.com/products/bokman-for-iphone-xs-max-oled-black-screen-replacement-parts-display-assembly-front-panel?_pos=9&_sid=6a672edef&_ss=r
ieasyservice.fi,Finland,shop,iphone 14 pro,aftermarket-incell,aftermarket,no,99.0,EUR,https://www.ieasyservice.fi/product/177/iphone-premium-incell-lcd-naytto?variation_id=279
servisnidily.cz,Czechia,shop,iphone 13 pro,aftermarket-incell,aftermarket,YES,730.0,CZK,https://www.servisnidily.cz/Servisni-dily/iPhone-13-Pro-LCD-displej-dotykove-sklo-REPART-Incell-80Hz
phonefix.fi,Finland,shop,iphone 13,aftermarket-incell,aftermarket,no,34.9,EUR,https://phonefix.fi/searchproduct/1585/iphone+screen
phonefix.fi,Finland,shop,iphone 15 pro max,unknown,aftermarket,no,22.9,EUR,https://phonefix.fi/searchproduct/1612/iphone+screen
da-pieces.com,France,shop,iphone 11 pro,aftermarket-hard-oled,aftermarket,no,50.99,EUR,https://da-pieces.com/products/ecran-iphone-11-pro-gx-hard-oled?_pos=19&_sid=1ffba179f&_ss=r
da-pieces.com,France,shop,iphone xs max,aftermarket-soft-oled,aftermarket,no,37.0,EUR,https://da-pieces.com/products/ecran-iphone-xs-max-incell-st?_pos=2&_sid=1ffba179f&_ss=r
mobishop.ee,Estonia,shop,iphone 15,unknown,aftermarket,YES,16.65,EUR,https://mobishop.ee/toode/screen-protection-glass-strength-gorilla-micro-border-apple-iphone-15-bulk/
phonefix.fi,Finland,shop,iphone 15 pro,unknown,aftermarket,no,19.9,EUR,https://phonefix.fi/searchproduct/1596/iphone+screen
phonefix.fi,Finland,shop,iphone 16 pro max,unknown,aftermarket,no,19.9,EUR,https://phonefix.fi/searchproduct/1617/iphone+screen
ilevante.fr,France,shop,iphone 11,unknown,aftermarket,no,26.5,EUR,https://www.ilevante.fr/Ecran-complet-pour-iphone-11-p-20385.html#conseils-ecran-iphone-11
alphamobile.eu,Bulgaria,shop,iphone 14 pro,unknown,aftermarket,no,17.0,BGN,http://www.alphamobile.eu/instrimenti-gsm/lcd-display-repair/iphone-display-frame/front-lcd-frame-bezel-iphone-14-pro
phonepartsrus.com,Czechia,shop,iphone 15,aftermarket-incell,aftermarket,no,25.0,CZK,https://phonepartsrus.com/products/iphone-15-oled-screen-replacement-incell?_pos=2&_sid=dfbc7e7f8&_ss=r
ptmobil.cz,Czechia,shop,iphone x,aftermarket-lcd,aftermarket,YES,54.0,CZK,https://www.ptmobil.cz/10999-samolepka-lcd-displeje-iphone-x-oem.html
bokmanev.com,Denmark,shop,iphone xs max,aftermarket-lcd,aftermarket,no,27.99,DKK,https://www.bokmanev.com/products/bokman-for-iphone-xs-max-lcd-screen-replacement-parts-display-assembly-front-panel?_pos=15&_sid=6a672edef&_ss=r
bokmanev.com,Denmark,shop,iphone xs,aftermarket-lcd,aftermarket,no,19.99,DKK,https://www.bokmanev.com/products/bokman-for-iphone-xs-black-lcd-screen-replacement-parts-display-assembly-front-panel?_pos=1&_sid=6a672edef&_ss=r
mobiiliabi.ee,Estonia,shop,iphone 15,aftermarket-oled,aftermarket,YES,95.99,EUR,https://mobiiliabi.ee/toode/lcd-screen-for-iphone-15-with-touch-screen-premium-oled-self-diagnosable/
mobishop.ee,Estonia,shop,iphone 16e,unknown,aftermarket,YES,16.42,EUR,https://mobishop.ee/toode/screen-protection-glass-gorilla-0-18mm-apple-iphone-17e-16e-14-13-13-pro-black-bulk/
mobishop.ee,Estonia,shop,iphone 13 pro,original,A,YES,103.0,EUR,https://mobishop.ee/toode/lcd-screen-for-iphone-13-pro-with-touch-screen-original-used-grade-a/
da-pieces.com,France,shop,iphone 13,aftermarket-hard-oled,aftermarket,no,93.0,EUR,https://da-pieces.com/products/ecran-iphone-13-gx-hard-oled?_pos=5&_sid=1ffba179f&_ss=r
da-pieces.com,France,shop,iphone 12,aftermarket-incell,aftermarket,no,26.95,EUR,https://da-pieces.com/products/ecran-iphone-12-12-pro-incell-jk-pro?_pos=15&_sid=1ffba179f&_ss=r
nordviks.se,Denmark,shop,iphone 15 pro max,aftermarket-soft-oled,aftermarket,YES,611.65,SEK,https://www.nordviks.se/products/iphone-15-pro-max-display-soft-oled-repart-prime-120hz?variant=52483234333014
phonefix.fi,Finland,shop,iphone xs,aftermarket-hard-oled,aftermarket,no,47.9,EUR,https://phonefix.fi/searchproduct/1335/iphone+screen
mobishop.ee,Estonia,shop,iphone 16,unknown,aftermarket,YES,16.65,EUR,https://mobishop.ee/toode/screen-protection-glass-strength-gorilla-micro-border-apple-iphone-16-black-bulk/
mobishop.ee,Estonia,shop,iphone 16 pro max,aftermarket-oled,aftermarket,YES,159.0,EUR,https://mobishop.ee/toode/lcd-screen-for-iphone-16-pro-max-with-touch-screen-premium-oled-120hz-original-size-self-diagnosable/
ilevante.fr,France,shop,iphone xr,aftermarket-lcd,aftermarket,no,15.26,EUR,https://www.ilevante.fr/Ecran-complet-pour-iphone-xr-p-20243.html
ilevante.fr,France,shop,iphone 11,unknown,aftermarket,no,26.5,EUR,https://www.ilevante.fr/Ecran-complet-pour-iphone-11-p-20385.html#ecran-iphone-11-complet
ilevante.fr,France,shop,iphone 13 pro,unknown,aftermarket,no,22.99,EUR,https://www.ilevante.fr/Ecran-complet-pour-iphone-13-pro-p-20553.html#compatibilite-et-details-techniques-de-lecran-iphone-13-pro
serviphone.net,Spain,shop,iphone 13,unknown,aftermarket,no,19.0,EUR,https://mobilex.es/es/6763-bateria-para-iphone-13-3560mah-alta-capacidad-ti-oem-premium-pro-sin-mensaje-2481643160692.html
phonefix.fi,Finland,shop,iphone 11 pro,unknown,aftermarket,no,14.9,EUR,https://phonefix.fi/searchproduct/300/iphone+screen
da-pieces.com,France,shop,iphone 11,aftermarket-incell,aftermarket,no,15.9,EUR,https://da-pieces.com/products/ecran-iphone-11-incell-jk?_pos=7&_sid=1ffba179f&_ss=r
phonefix.fi,Finland,shop,iphone 14 pro max,unknown,aftermarket,no,19.9,EUR,https://phonefix.fi/searchproduct/1616/iphone+screen
da-pieces.com,France,shop,iphone 13 pro max,aftermarket-incell,aftermarket,no,29.99,EUR,https://da-pieces.com/products/ecran-iphone-13-pro-max-incell-jk-pro
handyschmiede.de,Germany,shop,iphone 15,original,A,no,379.31,EUR,https://handyschmiede.de/products/iphone-15-displayeinheit-mit-sensorflex-service-pack-ios-18-konfiguration-used-message
piecegsm.com,France,shop,iphone 13 pro,unknown,aftermarket,no,15.0,EUR,https://piecegsm.com/iphone-13-pro/4782-verre-de-protection-decran-et-coque-iphone-13-pro-noir-transparent.html
phonefix.fi,Finland,shop,iphone 16,aftermarket-incell,aftermarket,no,49.9,EUR,https://phonefix.fi/searchproduct/1576/iphone+screen
horepa.fr,France,shop,iphone 15,unknown,aftermarket,no,1.896001,EUR,https://horepa.fr/fr/joint-d-etancheite-ecran-iphone-15-oem-new.html
iphoneersatzteileshop.de,Germany,shop,iphone 16 pro,aftermarket-lcd,aftermarket,no,79.9,EUR,https://www.iphoneersatzteileshop.de/iPhone-16-Pro-LCD-Display-Reparaturset
iphoneersatzteileshop.de,Germany,shop,iphone 16 pro max,aftermarket-lcd,aftermarket,no,89.9,EUR,https://www.iphoneersatzteileshop.de/iPhone-16-Pro-Max-LCD-Display-Reparaturset
handyschmiede.de,Germany,shop,iphone 14,original,A,no,317.14,EUR,https://handyschmiede.de/products/iphone-14-displayeinheit-mit-sensorflex-service-pack-ios-18-konfiguration
iphoneersatzteileshop.de,Germany,shop,iphone 15 pro,aftermarket-hard-oled,aftermarket,no,99.9,EUR,https://www.iphoneersatzteileshop.de/iPhone-15-Pro-Hard-OLED-Display-Reparaturset
compuparts.ie,Ireland,shop,iphone 11 pro,aftermarket-hard-oled,aftermarket,no,66.5,EUR,https://compuparts.ie/product/iphone-11-pro-max-lcd-display-screen-touch-digitizer-hard-oled-black/
compuparts.ie,Ireland,shop,iphone 11 pro max,aftermarket-lcd,aftermarket,no,66.5,EUR,https://compuparts.ie/product/iphone-11-pro-max-lcd-display-screen-touch-digitizer-oem-black-copy-copy/
world-itech.com,France,shop,iphone 15,original,A,no,219.0,EUR,https://www.world-itech.com/gb/iphone-15/3896-iphone-15-screen-original-oledapples-tools-included.html
world-itech.com,France,shop,iphone 14 pro max,unknown,aftermarket,no,14.9,EUR,https://www.world-itech.com/gb/iphone-14-pro-max/3910-double-sided-adhesive-waterproof-seal-for-iphone-14-pro-max-screen.html
world-itech.com,France,shop,iphone 11,unknown,aftermarket,no,14.9,EUR,https://www.world-itech.com/gb/iphone-11/2392-waterproof-black-seal-double-sided-adhesive-iphone-xr-11-screen.html
world-itech.com,France,shop,iphone 15 pro max,unknown,aftermarket,no,2.9,EUR,https://www.world-itech.com/gb/iphone-15-pro-max/3801-waterproof-black-seal-double-sided-adhesive-iphone-15-pro-max-screen.html
iphoneersatzteileshop.de,Germany,shop,iphone 16,aftermarket-soft-oled,aftermarket,no,129.9,EUR,https://www.iphoneersatzteileshop.de/iPhone-16-OLED-Display-Reparaturset
horepa.fr,France,shop,iphone 14,unknown,aftermarket,no,1.896001,EUR,https://horepa.fr/fr/joint-d-etancheite-ecran-iphone-14-oem-new.html
iphoneersatzteileshop.de,Germany,shop,iphone 14 plus,unknown,aftermarket,no,19.99,EUR,https://www.iphoneersatzteileshop.de/iPhone14-Plus-Panzerglas
handyschmiede.de,Germany,shop,iphone 15 pro max,original,A,no,468.56,EUR,https://handyschmiede.de/products/iphone-15-pro-max-displayeinheit-mit-sensorflex-service-pack-ios-18-konfiguration-used-message
handyschmiede.de,Germany,shop,iphone 14 pro,original,A,no,437.8,EUR,https://handyschmiede.de/products/iphone-14-pro-displayeinheit-mit-sensorflex-service-pack-ios-18-konfiguration
world-itech.com,France,shop,iphone 11 pro max,unknown,aftermarket,no,14.9,EUR,https://www.world-itech.com/gb/iphone-11-pro-max/2129-waterproof-black-seal-double-sided-adhesive-iphone-11-pro-max-screen.html
phf-shop.com,Germany,shop,iphone 16 pro max,unknown,aftermarket,no,2.26,EUR,https://phf-shop.com/apple/iphone-16-pro-max/13712/oem-adhesive-klebefolie-fuer-lc-display-fuer-iphone-16-pro-max-neu
androgeek.es,Spain,shop,iphone 15 pro max,aftermarket-soft-oled,aftermarket,no,61.0,EUR,https://androgeek.es/pantallas/9320-pantalla-iphone-15-pro-max-soft-oled-120hz-diagnostico-ok-sin-mensaje-lcddisplay-2793963446388.html
firsthelptech.ie,Ireland,shop,iphone 14,unknown,aftermarket,no,6.99,EUR,https://firsthelptech.ie/products/for-apple-iphone-14-tempered-glass-screen-protector
androgeek.es,Spain,shop,iphone xs max,aftermarket-soft-oled,aftermarket,no,31.35,EUR,https://androgeek.es/pantallas/10178-pantalla-iphone-xs-max-soft-oled-lcddisplay-1438237454836.html
italiatech.it,Italy,shop,iphone 14,aftermarket-incell,aftermarket,no,18.7,EUR,https://www.italiatech.it/display-lcd-zy-incell-cof-per-apple-iphone-14-touch-screen-vetro-schermo-frame-ic-intercambiabile-.1.1.957.gp.69943.uw
firsthelptech.ie,Ireland,shop,iphone 13 pro,unknown,aftermarket,no,14.99,EUR,https://firsthelptech.ie/products/privacy-anti-spy-screen-protector-for-apple-iphone-13-13-pro-tempered-glass
screenshelf.ie,Ireland,shop,iphone 14 pro,unknown,aftermarket,no,39.95,EUR,https://screenshelf.ie/products/iphone-14-pro-screen-replacement?_pos=12&_sid=0c5b39674&_ss=r
screenshelf.ie,Ireland,shop,iphone 16 pro,aftermarket-soft-oled,aftermarket,no,89.95,EUR,https://screenshelf.ie/collections/apple-lcd-screens/products/iphone-16-pro-screen-replacement-soft-oled
italiatech.it,Italy,shop,iphone 14 pro,aftermarket-soft-oled,aftermarket,no,50.0,EUR,https://www.italiatech.it/display-lcd-dd-soft-oled-per-apple-iphone-14-pro-touch-screen-vetro-schermo-frame-nero-ic-intercambiabile-.1.1.957.gp.103256.uw
onstoreitalia.it,Italy,shop,iphone 15,aftermarket-lcd,aftermarket,no,37.84,EUR,https://onstoreitalia.it/products/display-lcd-per-iphone-15-compatibile-premium-quality?_pos=4&_sid=14b4429a4&_ss=r
onstoreitalia.it,Italy,shop,iphone 14 plus,aftermarket-lcd,aftermarket,no,36.54,EUR,https://onstoreitalia.it/products/display-lcd-per-iphone-14-plus-compatibile?_pos=18&_sid=14b4429a4&_ss=r
ilevante.fr,France,shop,iphone 13,unknown,aftermarket,no,21.75,EUR,https://www.ilevante.fr/Ecran-complet-pour-iphone-13-p-20552.html#y#128295-quand-devez-vous-remplacer-lecran-de-votre-iphone-13-
iphoneersatzteileshop.de,Germany,shop,iphone 15,aftermarket-oled,aftermarket,no,89.9,EUR,https://www.iphoneersatzteileshop.de/iPhone-15-OLED-Display-Reparaturset
handyschmiede.de,Germany,shop,iphone 15 plus,original,A,no,425.43,EUR,https://handyschmiede.de/products/iphone-15-plus-displayeinheit-mit-sensorflex-service-pack-ios-18-konfiguration
iphoneersatzteileshop.de,Germany,shop,iphone 16,aftermarket-lcd,aftermarket,no,69.9,EUR,https://www.iphoneersatzteileshop.de/iPhone-16-Premium-LCD-Display-Reparaturset
handyschmiede.de,Germany,shop,iphone 13 pro max,original,A,no,440.9,EUR,https://handyschmiede.de/products/iphone-13-pro-max-displayeinheit-mit-sensorflex-service-pack-ios-18-konfiguration
handyschmiede.de,Germany,shop,iphone 15,aftermarket-soft-oled,aftermarket,no,62.64,EUR,https://handyschmiede.de/products/lcd-touch-fur-a3090-apple-iphone-15-soft-oled-black?_pos=2&_sid=aa65dacd6&_ss=r
handyschmiede.de,Germany,shop,iphone 14 pro,aftermarket-soft-oled,aftermarket,no,166.88,EUR,https://handyschmiede.de/products/lcd-touch-jcid-fur-a2890-apple-iphone-14-pro-soft-oled-black?_pos=9&_sid=aa65dacd6&_ss=r
phone-werk.de,Germany,shop,iphone 13,unknown,aftermarket,no,9.99,EUR,https://phone-werk.de/produkt/apple-iphone-13-mini-panzer-glas-schutz/
iphoneersatzteileshop.de,Germany,shop,iphone 15 pro max,aftermarket-oled,aftermarket,no,89.9,EUR,https://www.iphoneersatzteileshop.de/iPhone-15-Pro-Max-OLED-Display-Reparaturset
italiatech.it,Italy,shop,iphone 11 pro max,aftermarket-incell,aftermarket,no,18.7,EUR,https://www.italiatech.it/display-lcd-zy-incell-cof-per-apple-iphone-11-pro-max-touch-screen-vetro-schermo-frame-ic-intercambiabile-.1.1.957.gp.93274.uw
world-itech.com,France,shop,iphone 13 pro,unknown,aftermarket,no,6.9,EUR,https://www.world-itech.com/gb/iphone-13-pro/3090-screen-seal-compatible-with-iphone-13-pro.html
modchip.gr,Greece,shop,iphone xs,aftermarket-hard-oled,aftermarket,YES,38.9,EUR,https://modchip.gr/tilefonia/antallaktika-kiniton-iphone/antallaktika-iphone-xs/othoni-iphone-xs-hard-oled-gx-588-gx-xs/
icenter.ee,Estonia,shop,iphone 15,unknown,aftermarket,YES,1.18,EUR,https://icenter.ee/varuosad
androgeek.es,Spain,shop,iphone 14 pro max,aftermarket-soft-oled,aftermarket,no,42.95,EUR,https://androgeek.es/pantallas/9794-pantalla-iphone-14-pro-max-soft-oled-120hz-apwic-removible-lcddisplay-2716838770210.html
italiatech.it,Italy,shop,iphone 12 pro,aftermarket-hard-oled,aftermarket,no,39.45,EUR,https://www.italiatech.it/display-lcd-dd-hard-oled-per-apple-iphone-12-12-pro-touch-screen-vetro-schermo-frame-nero.1.1.957.gp.103387.uw
italiatech.it,Italy,shop,iphone 11,aftermarket-incell,aftermarket,no,16.2,EUR,https://www.italiatech.it/display-lcd-zy-fhd-incell-per-apple-iphone-11-touch-screen-vetro-schermo-frame.1.1.957.gp.93272.uw
firsthelptech.ie,Ireland,shop,iphone 12 mini,unknown,aftermarket,no,6.99,EUR,https://firsthelptech.ie/products/apple-iphone-12-mini-tempered-glass-screen-protector
androgeek.es,Spain,shop,iphone 15 pro,aftermarket-soft-oled,aftermarket,no,44.5,EUR,https://androgeek.es/pantallas/9735-pantalla-iphone-15-pro-soft-oled-120hz-apwic-removiblelcddisplay-7346712035163.html
modchip.gr,Greece,shop,iphone 14 pro max,unknown,aftermarket,YES,4.9,EUR,https://modchip.gr/tilefonia/axesouar-kiniton/memvranes-othonis-tempered-glass/prio-tempered-glass-screen-protector-gia-iphone-14-pro-max-clear/
screenshelf.ie,Ireland,shop,iphone 16 pro max,aftermarket-soft-oled,aftermarket,no,99.95,EUR,https://screenshelf.ie/products/iphone-16-pro-max-screen-replacement-soft-oled?_pos=17&_sid=0c5b39674&_ss=r
screenshelf.ie,Ireland,shop,iphone 14 pro max,aftermarket-soft-oled,aftermarket,no,69.95,EUR,https://screenshelf.ie/products/iphone-14-pro-max-screen-replacement-soft-oled?_pos=20&_sid=0c5b39674&_ss=r
italiatech.it,Italy,shop,iphone 12 pro max,aftermarket-hard-oled,aftermarket,no,44.3,EUR,https://www.italiatech.it/display-lcd-dd-hard-oled-per-apple-iphone-12-pro-max-touch-screen-vetro-schermo-frame-nero.1.1.957.gp.103958.uw
firsthelptech.ie,Ireland,shop,iphone 13,aftermarket-lcd,aftermarket,no,39.99,EUR,https://firsthelptech.ie/products/for-apple-iphone-13-lcd-screen-replacement-black?_pos=16&_sid=b80de3fda&_ss=r
firsthelptech.ie,Ireland,shop,iphone 13 pro,aftermarket-lcd,aftermarket,no,39.99,EUR,https://firsthelptech.ie/products/for-apple-iphone-13-pro-lcd-screen-replacement-jh-fhd-black?_pos=8&_sid=b80de3fda&_ss=r
screenshelf.ie,Ireland,shop,iphone 15 pro,aftermarket-soft-oled,aftermarket,no,67.95,EUR,https://screenshelf.ie/collections/apple-lcd-screens/products/iphone-15-pro-screen-replacement-soft-oled
screenshelf.ie,Ireland,shop,iphone 16e,aftermarket-soft-oled,aftermarket,no,59.95,EUR,https://screenshelf.ie/collections/apple-lcd-screens/products/iphone-16e-screen-replacement-soft-oled
screenshelf.ie,Ireland,shop,iphone 15 pro max,unknown,aftermarket,no,49.95,EUR,https://screenshelf.ie/collections/apple-lcd-screens/products/iphone-15-pro-max-screen-replacement
unlockr.ca,Canada,shop,iphone 11 pro max,unknown,aftermarket,no,14.99,CAD,https://unlockr.ca/products/tempered-glass-screen-protector-for-iphone-10-pack?variant=21890681798761
onstoreitalia.it,Italy,shop,iphone xs,aftermarket-lcd,aftermarket,no,22.95,EUR,https://onstoreitalia.it/products/display-iphone-xs-compatibile?_pos=5&_sid=14b4429a4&_ss=r
repairdepot.com,USA,shop,iphone 16 pro max,aftermarket-incell,aftermarket,no,39.99,USD,https://www.repairdepot.com/detail/iphone-16-pro-max-incell-lcd-screen
riparafast.it,Italy,shop,iphone 12,aftermarket-oled,aftermarket,no,46.72,EUR,https://www.riparafast.it/ricerca?tag=OLED+SCHERMO+IPHONE+12
deltamobile.lv,Latvia,shop,iphone x,aftermarket-tft,aftermarket,no,19.9,EUR,https://deltamobile.lv/product/apple-iphone-x-lcd-ekrans-tft-tianma-melns/
dargilita.lt,Lithuania,shop,iphone 12 pro max,aftermarket-oled,aftermarket,no,89.9,EUR,https://dargilita.lt/apple-iphone-telefonu-ekranai//131923-apple-iphone-12-pro-max-ekranas-premium-oled.html
unlockr.ca,Canada,shop,iphone xr,aftermarket-lcd,aftermarket,no,27.99,CAD,https://unlockr.ca/products/iphone-xr-lcd-screen-and-digitizer
onstoreitalia.it,Italy,shop,iphone 11 pro max,aftermarket-lcd,aftermarket,no,26.57,EUR,https://onstoreitalia.it/products/display-iphone-11-pro-max-compatibile?_pos=22&_sid=14b4429a4&_ss=r
screenshelf.ie,Ireland,shop,iphone 13 pro,aftermarket-soft-oled,aftermarket,no,63.95,EUR,https://screenshelf.ie/products/iphone-13-pro-screen-replacement-soft-oled?_pos=7&_sid=0c5b39674&_ss=r
onstoreitalia.it,Italy,shop,iphone 14 pro max,aftermarket-lcd,aftermarket,no,67.64,EUR,https://onstoreitalia.it/products/display-lcd-per-iphone-14-pro-max-compatibile-premium-quality?_pos=6&_sid=14b4429a4&_ss=r
italiatech.it,Italy,shop,iphone 12 pro,aftermarket-incell,aftermarket,no,20.4,EUR,https://www.italiatech.it/display-lcd-jk-fhd-incell-cof-per-apple-iphone-12-12-pro-touch-screen-vetro-schermo-frame-nero-ic-intercambiabile-.1.1.957.gp.93275.uw
onstoreitalia.it,Italy,shop,iphone 15 plus,aftermarket-lcd,aftermarket,no,39.45,EUR,https://onstoreitalia.it/products/display-lcd-per-iphone-15-plus-compatibile-premium-quality?_pos=3&_sid=14b4429a4&_ss=r
screenshelf.ie,Ireland,shop,iphone 14,aftermarket-soft-oled,aftermarket,no,69.95,EUR,https://screenshelf.ie/products/iphone-14-screen-replacement-diagnosable-soft-oled?_pos=23&_sid=0c5b39674&_ss=r
screenshelf.ie,Ireland,shop,iphone 16 pro max,aftermarket-soft-oled,aftermarket,no,117.95,EUR,https://screenshelf.ie/products/iphone-16-pro-max-screen-replacement-diagnosable-soft-oled?_pos=15&_sid=0c5b39674&_ss=r
mobpartstore.lv,Latvia,shop,iphone 12 pro max,aftermarket-oled,aftermarket,no,74.9,EUR,https://www.mobpartstore.lv/apple-iphone-telefonu-displeji//131922-apple-iphone-12-pro-max-ekrans-oled.html
startdistribuzione.it,Italy,shop,iphone 13 pro max,aftermarket-hard-oled,aftermarket,no,49.0,EUR,https://www.startdistribuzione.it/ricambi-telefonia/apple-ricerca-ad-albero/display-lcd-e-touch/iphone/ricambi-telefonia/apple-ricerca-ad-albero/display-lcd-e-touch/iphone/iphone-13-pro-max-gx-display-lcd-apple-hard-oled-compatibile-con-alloggiamenti.1.11.3536.gp.12751.uw
mobpartstore.lv,Latvia,shop,iphone 12 pro max,aftermarket-oled,aftermarket,no,89.9,EUR,https://www.mobpartstore.lv/apple-iphone-telefonu-displeji//131923-apple-iphone-12-pro-max-ekrans-premium-oled.html
unlockr.ca,Canada,shop,iphone xr,aftermarket-lcd,aftermarket,no,27.99,CAD,https://unlockr.ca/products/iphone-xr-lcd-screen-and-digitizer?_pos=16&_sid=e3489a708&_ss=r
dargilita.lt,Lithuania,shop,iphone 15 pro max,aftermarket-incell,aftermarket,no,65.9,EUR,https://dargilita.lt/apple-iphone-telefonu-ekranai//150554-apple-iphone-15-pro-max-ekranas-premium-incell.html
onlinemobileparts.com.au,Australia,shop,iphone x,refurb,A,no,118.0,AUD,https://www.onlinemobileparts.com.au/iphone-x-refurbished-oem-screen-replacements
onlinemobileparts.com.au,Australia,shop,iphone x,aftermarket-soft-oled,aftermarket,no,98.0,AUD,https://www.onlinemobileparts.com.au/iphone-x-soft-oled-screen-replacements
onlinemobileparts.com.au,Australia,shop,iphone 16 pro max,aftermarket-soft-oled,aftermarket,no,249.0,AUD,https://www.onlinemobileparts.com.au/iphone-16-pro-max-soft-oled-screen-replacements
onlinemobileparts.com.au,Australia,shop,iphone 12 mini,unknown,aftermarket,no,8.0,AUD,https://www.onlinemobileparts.com.au/iphone-12-mini-clear-tempered-glass-screen-protectors
startdistribuzione.it,Italy,shop,iphone 14 pro max,aftermarket-incell,aftermarket,no,22.9,EUR,https://www.startdistribuzione.it/ricambi-telefonia/apple-ricerca-ad-albero/display-lcd-e-touch/iphone/ricambi-telefonia/apple-ricerca-ad-albero/display-lcd-e-touch/iphone/iphone-14-pro-max-gx-incell-cof-display-lcd-apple-compatibile.1.11.3536.gp.12812.uw
startdistribuzione.it,Italy,shop,iphone 14 plus,aftermarket-incell,aftermarket,no,24.5,EUR,https://www.startdistribuzione.it/ricambi-telefonia/apple-ricerca-ad-albero/display-lcd-e-touch/iphone/ricambi-telefonia/apple-ricerca-ad-albero/display-lcd-e-touch/iphone/iphone-14-plus-incell-display-lcd-apple-compatibile-con-alloggiamenti-e-metal-plate.1.11.3536.gp.12752.uw
startdistribuzione.it,Italy,shop,iphone 14 pro,aftermarket-soft-oled,aftermarket,no,56.0,EUR,https://www.startdistribuzione.it/ricambi-telefonia/apple-ricerca-ad-albero/display-lcd-e-touch/iphone/ricambi-telefonia/apple-ricerca-ad-albero/display-lcd-e-touch/iphone/iphone-14-pro-gx-soft-oled-display-lcd-apple-compatibile-con-alloggiamenti-120hz.1.11.3536.gp.12754.uw
startdistribuzione.it,Italy,shop,iphone 14,aftermarket-incell,aftermarket,no,20.01,EUR,https://www.startdistribuzione.it/ricambi-telefonia/apple-ricerca-ad-albero/display-lcd-e-touch/iphone/ricambi-telefonia/apple-ricerca-ad-albero/display-lcd-e-touch/iphone/iphone-14-imisu-hd-display-lcd-incell-con-metal-plate-ic-intercambiabile.1.11.3536.gp.12263.uw
mobpartstore.lv,Latvia,shop,iphone 13 pro,aftermarket-oled,aftermarket,no,75.9,EUR,https://www.mobpartstore.lv/apple-iphone-telefonu-displeji//144910-apple-iphone-13-pro-ekrans-oled.html
dargilita.lt,Lithuania,shop,iphone 15 pro,aftermarket-oled,aftermarket,no,157.5,EUR,https://dargilita.lt/apple-iphone-telefonu-ekranai//156477-apple-iphone-15-pro-ekranas-120-hz-premium-oled.html
deltamobile.lv,Latvia,shop,iphone 14,aftermarket-incell,aftermarket,no,49.0,EUR,https://deltamobile.lv/product/apple-iphone-14-lcd-modulis-incell-tft-melns-zy/
onlinemobileparts.com.au,Australia,shop,iphone 16 pro,aftermarket-lcd,aftermarket,no,122.0,AUD,https://www.onlinemobileparts.com.au/iphone-16-pro-screen-replacements
onlinemobileparts.com.au,Australia,shop,iphone 12,unknown,aftermarket,no,8.0,AUD,https://www.onlinemobileparts.com.au/iphone-12-clear-tempered-glass-screen-protectors
riparafast.it,Italy,shop,iphone 12 pro,aftermarket-gx,aftermarket,no,46.72,EUR,https://www.riparafast.it/apple/1127-display-lcd-touch-oled-per-apple-iphone-12-12-pro-schermo-vetro-gx-originale.html
fonefunshop.com,UK,shop,iphone 13 pro max,aftermarket-soft-oled,aftermarket,no,124.95,GBP,https://www.fonefunshop.com/collections/iphone-screens
riparafast.it,Italy,shop,iphone 15,aftermarket-incell,aftermarket,no,44.26,EUR,https://www.riparafast.it/display/927-lcd-display-per-apple-iphone-15-incell-touch-screen-vetro-schermo-7867550497345.html
fonefunshop.com,UK,shop,iphone 12 pro,aftermarket-lcd,aftermarket,no,83.95,GBP,https://www.fonefunshop.com/collections/iphone-screens
serviphone.net,Spain,shop,iphone 14 pro max,unknown,aftermarket,no,24.9,EUR,https://mobilex.es/es/6768-bateria-para-iphone-14-pro-max-4700mah-alta-capacidad-ti-oem-premium-pro-sin-mensaje-2481643160746.html
serviphone.net,Spain,shop,iphone 13 pro,unknown,aftermarket,no,21.99,EUR,https://mobilex.es/es/6750-bateria-para-iphone-13-pro-3095mah-ti-oem-premium-pro-sin-mensaje.html
serviphone.net,Spain,shop,iphone x,aftermarket-incell,aftermarket,no,10.74,EUR,https://mobilex.es/es/919-pantalla-iphone-x-incell-standard-3401126436761.html
serwistelefonow.com.pl,Poland,shop,iphone 13 mini,unknown,aftermarket,no,340.0,PLN,https://serwistelefonow.com.pl/hurtownia-gsm-czesci-i-akcesoria-do-telefonow-wroclaw-i-cala-polska/
serwistelefonow.com.pl,Poland,shop,iphone 16,unknown,aftermarket,no,140.0,PLN,https://serwistelefonow.com.pl/hurtownia-gsm-czesci-i-akcesoria-do-telefonow-wroclaw-i-cala-polska/
pecasfuentes.pt,Portugal,shop,iphone 13 pro max,unknown,aftermarket,no,472.32,EUR,https://www.pecasfuentes.pt/
neok.pt,Portugal,shop,iphone xs max,unknown,aftermarket,no,2.99,EUR,https://neok.pt/172-iphone
sintanet.pt,Portugal,shop,iphone x,unknown,aftermarket,YES,2.63,EUR,http://www.sintanet.pt/pt/loja/170-pecas/280-componentes.html
mbitechparts.ie,Ireland,shop,iphone 16 pro max,unknown,aftermarket,no,2.3,EUR,https://www.mbitechparts.ie/
mbitechparts.ie,Ireland,shop,iphone 12 pro max,unknown,aftermarket,no,9.99,EUR,https://www.mbitechparts.ie/
mbitechparts.ie,Ireland,shop,iphone 12 mini,unknown,aftermarket,no,11.2,EUR,https://www.mbitechparts.ie/
mbitechparts.ie,Ireland,shop,iphone 16 pro max,unknown,aftermarket,no,16.99,EUR,https://www.mbitechparts.ie/
mbitechparts.ie,Ireland,shop,iphone x,unknown,aftermarket,no,4.99,EUR,https://www.mbitechparts.ie/
mbitechparts.ie,Ireland,shop,iphone 16 plus,unknown,aftermarket,no,16.99,EUR,https://www.mbitechparts.ie/
mbitechparts.ie,Ireland,shop,iphone 12 pro,unknown,aftermarket,no,10.95,EUR,https://www.mbitechparts.ie/
mobilyskalka.cz,CZ,shop,iphone 14 pro max,aftermarket-soft-oled,aftermarket,YES,2121.0,CZK,https://mobilyskalka.cz/iphone-14-pro-max-lcd-displej-dotykove-sklo-120hz-dd-soft-oled/
mobilyskalka.cz,CZ,shop,iphone 16 pro,aftermarket-soft-oled,aftermarket,YES,2585.0,CZK,https://mobilyskalka.cz/dotykova-deska-iphone-16-pro-lcd-black-ruiju-soft-oled/
mobilyskalka.cz,CZ,shop,iphone 13 pro max,aftermarket-incell,aftermarket,YES,590.0,CZK,https://mobilyskalka.cz/dotykova-deska-iphone-13-pro-max-lcd-black-kd-in-cell/
mobilyskalka.cz,CZ,shop,iphone 11 pro max,aftermarket-incell,aftermarket,YES,551.0,CZK,https://mobilyskalka.cz/dotykova-deska-iphone-11-pro-max-lcd-black-kd-in-cell/
mobilyskalka.cz,CZ,shop,iphone 16 pro,aftermarket-hard-oled,aftermarket,YES,1979.0,CZK,https://mobilyskalka.cz/iphone-16-pro-lcd-displej-dotykove-sklo-repart-hard-oled-9780201408063/
mobilyskalka.cz,CZ,shop,iphone 11 pro,aftermarket-incell,aftermarket,YES,599.0,CZK,https://mobilyskalka.cz/iphone-11-pro-lcd-display-dotykova-deska-select-incell-vyjimatelne-ic/
mobilyskalka.cz,CZ,shop,iphone 15,aftermarket-soft-oled,aftermarket,YES,2535.0,CZK,https://mobilyskalka.cz/iphone-15-lcd-displej-dotykove-sklo-soft-oled-diagnostic/
icenter.ee,Estonia,shop,iphone 14 pro max,unknown,aftermarket,YES,1.18,EUR,https://icenter.ee/varuosad
mobilyskalka.cz,CZ,shop,iphone 15,aftermarket-soft-oled,aftermarket,YES,2155.0,CZK,https://mobilyskalka.cz/iphone-15-lcd-display-dotykova-deska-diagnostic-soft-oled/
mobilyskalka.cz,CZ,shop,iphone 16 plus,aftermarket-lcd,aftermarket,YES,1690.0,CZK,https://mobilyskalka.cz/iphone-16-plus-lcd-display-dotykova-deska-diagnostic-tactical-true-color/
mobilyskalka.cz,CZ,shop,iphone 16 pro max,aftermarket-gx,aftermarket,YES,2138.0,CZK,https://mobilyskalka.cz/dotykova-deska-iphone-16-pro-max-lcd-black-gx-oled-hard/
mobilyskalka.cz,CZ,shop,iphone 15 plus,aftermarket-lcd,aftermarket,YES,1641.0,CZK,https://mobilyskalka.cz/iphone-15-plus-lcd-display-dotykova-deska-diagnostic-tactical-true-color/
mobilyskalka.cz,CZ,shop,iphone 16,aftermarket-lcd,aftermarket,YES,1544.0,CZK,https://mobilyskalka.cz/iphone-16-lcd-display-dotykova-deska-diagnostic-tactical-true-color/
mobilyskalka.cz,CZ,shop,iphone 16 pro,aftermarket-lcd,aftermarket,YES,1829.0,CZK,https://mobilyskalka.cz/iphone-16-pro-lcd-display-dotykova-deska-diagnostic-tactical-true-color/
mobilyskalka.cz,CZ,shop,iphone 15 pro max,aftermarket-lcd,aftermarket,YES,1756.0,CZK,https://mobilyskalka.cz/iphone-15-pro-max-lcd-display-dotykova-deska-diagnostic-tactical-true-color/
mobilyskalka.cz,CZ,shop,iphone 16 pro max,aftermarket-lcd,aftermarket,YES,2034.0,CZK,https://mobilyskalka.cz/iphone-16-pro-max-lcd-display-dotykova-deska-diagnostic-tactical-true-color/
emobilshop.sk,SK,shop,iphone 11,unknown,aftermarket,no,2.9,,https://www.emobilshop.sk/kategoria/nahradne-diely/
emobilshop.sk,SK,shop,iphone 11,original,A,no,39.9,,https://www.emobilshop.sk/kategoria/nahradne-diely/
emobilshop.sk,SK,shop,iphone 13,unknown,aftermarket,no,2.9,,https://www.emobilshop.sk/kategoria/nahradne-diely/
mobilyskalka.cz,CZ,shop,iphone 15,aftermarket-lcd,aftermarket,YES,1411.0,CZK,https://mobilyskalka.cz/iphone-15-lcd-display-dotykova-deska-diagnostic-tactical-true-color/
servisnamobil.sk,SK,shop,iphone 13,aftermarket-soft-oled,aftermarket,no,73.8,,https://www.servisnamobil.sk/apple-166/
servisnamobil.sk,SK,shop,iphone 16 plus,unknown,aftermarket,no,8.83,,https://www.servisnamobil.sk/apple-166/
servisnamobil.sk,SK,shop,iphone 13,aftermarket-tft,aftermarket,no,55.35,,https://www.servisnamobil.sk/apple-166/
servisnamobil.sk,SK,shop,iphone 15,aftermarket-tft,aftermarket,no,83.64,,https://www.servisnamobil.sk/apple-166/
servisnamobil.sk,SK,shop,iphone 16,aftermarket-soft-oled,aftermarket,no,95.94,,https://www.servisnamobil.sk/apple-166/
servisnamobil.sk,SK,shop,iphone 14 pro,unknown,aftermarket,no,15.99,,https://www.servisnamobil.sk/apple-166/
servisnamobil.sk,SK,shop,iphone 14,unknown,aftermarket,no,4.01,,https://www.servisnamobil.sk/apple-166/
mobilko.sk,SK,shop,iphone 16e,aftermarket-incell,aftermarket,no,59.0,,https://www.mobilko.sk/displej-na-iphone/
servisnamobil.sk,SK,shop,iphone 13 mini,unknown,aftermarket,no,4.02,,https://www.servisnamobil.sk/apple-166/
teknikhouse.se,Sweden,shop,iphone 11,original,A,no,690.0,SEK,https://teknikhouse.se/mobilreservdelar/apple/iphone-11/
teknikhouse.se,Sweden,shop,iphone 11,unknown,aftermarket,no,199.0,SEK,https://teknikhouse.se/mobilreservdelar/apple/iphone-11/
teknikhouse.se,Sweden,shop,iphone 11,unknown,aftermarket,no,69.0,SEK,https://teknikhouse.se/mobilreservdelar/apple/iphone-11/
teknikhouse.se,Sweden,shop,iphone 11,aftermarket-lcd,aftermarket,no,990.0,SEK,https://teknikhouse.se/mobilreservdelar/apple/iphone-11/
teknikhouse.se,Sweden,shop,iphone 11,aftermarket-lcd,aftermarket,no,799.0,SEK,https://teknikhouse.se/mobilreservdelar/apple/iphone-11/
teknikhouse.se,Sweden,shop,iphone 11,unknown,aftermarket,no,790.0,SEK,https://teknikhouse.se/mobilreservdelar/apple/iphone-11/
teknikhouse.se,Sweden,shop,iphone 11,unknown,aftermarket,no,49.0,SEK,https://teknikhouse.se/mobilreservdelar/apple/iphone-11/
teknikhouse.se,Sweden,shop,iphone 11,unknown,aftermarket,no,299.0,SEK,https://teknikhouse.se/mobilreservdelar/apple/iphone-11/
teknikhouse.se,Sweden,shop,iphone 11,unknown,aftermarket,no,249.0,SEK,https://teknikhouse.se/mobilreservdelar/apple/iphone-11/
teknikhouse.se,Sweden,shop,iphone 11,aftermarket-lcd,aftermarket,no,349.0,SEK,https://teknikhouse.se/mobilreservdelar/apple/iphone-11/
teknikhouse.se,Sweden,shop,iphone 11,aftermarket-lcd,aftermarket,no,99.0,SEK,https://teknikhouse.se/mobilreservdelar/apple/iphone-11/
teknikhouse.se,Sweden,shop,iphone 11,original,A,no,1290.0,SEK,https://teknikhouse.se/mobilreservdelar/apple/iphone-11/
teknikhouse.se,Sweden,shop,iphone 11,unknown,aftermarket,no,890.0,SEK,https://teknikhouse.se/mobilreservdelar/apple/iphone-11/
teknikhouse.se,Sweden,shop,iphone 11,original,A,no,1790.0,SEK,https://teknikhouse.se/mobilreservdelar/apple/iphone-11/
teknikhouse.se,Sweden,shop,iphone 11,unknown,aftermarket,no,149.0,SEK,https://teknikhouse.se/mobilreservdelar/apple/iphone-11/
teknikhouse.se,Sweden,shop,iphone 11,unknown,aftermarket,no,999.0,SEK,https://teknikhouse.se/mobilreservdelar/apple/iphone-11/
teknikhouse.se,Sweden,shop,iphone 11,unknown,aftermarket,no,279.0,SEK,https://teknikhouse.se/mobilreservdelar/apple/iphone-11/
teknikhouse.se,Sweden,shop,iphone 11,unknown,aftermarket,no,129.0,SEK,https://teknikhouse.se/mobilreservdelar/apple/iphone-11/
teknikhouse.se,Sweden,shop,iphone 11,unknown,aftermarket,no,179.0,SEK,https://teknikhouse.se/mobilreservdelar/apple/iphone-11/
teknikhouse.se,Sweden,shop,iphone 11,unknown,aftermarket,no,159.0,SEK,https://teknikhouse.se/mobilreservdelar/apple/iphone-11/
teknikhouse.se,Sweden,shop,iphone 11,unknown,aftermarket,no,229.0,SEK,https://teknikhouse.se/mobilreservdelar/apple/iphone-11/
fixdelar.se,Sweden,shop,iphone 11,unknown,aftermarket,no,319.0,SEK,https://fixdelar.se/
fixdelar.se,Sweden,shop,iphone xr,unknown,aftermarket,no,299.0,SEK,https://fixdelar.se/
fixdelar.se,Sweden,shop,iphone 12,aftermarket-soft-oled,aftermarket,no,699.0,SEK,https://fixdelar.se/
fixdelar.se,Sweden,shop,iphone 11,unknown,aftermarket,no,59.0,SEK,https://fixdelar.se/
fixdelar.se,Sweden,shop,iphone 13,unknown,aftermarket,no,89.0,SEK,https://fixdelar.se/
tokoitech.fi,Finland,shop,iphone x,aftermarket-oled,aftermarket,no,99.99,EUR,https://www.tokoitech.fi/product/3228/apple-iphone-x-naytto-oled-rungolla
tokoitech.fi,Finland,shop,iphone x,unknown,aftermarket,no,25.99,EUR,https://www.tokoitech.fi/product/3228/apple-iphone-x-naytto-oled-rungolla
tokoitech.fi,Finland,shop,iphone x,unknown,aftermarket,no,113.38,EUR,https://www.tokoitech.fi/product/3228/apple-iphone-x-naytto-oled-rungolla
tokoitech.fi,Finland,shop,iphone 12,unknown,aftermarket,no,15.99,EUR,https://www.tokoitech.fi/product/3228/apple-iphone-x-naytto-oled-rungolla
tokoitech.fi,Finland,shop,iphone x,unknown,aftermarket,no,122.98,EUR,https://www.tokoitech.fi/product/3228/apple-iphone-x-naytto-oled-rungolla
tokoitech.fi,Finland,shop,iphone x,unknown,aftermarket,no,113.98,EUR,https://www.tokoitech.fi/product/3228/apple-iphone-x-naytto-oled-rungolla
tokoitech.fi,Finland,shop,iphone 11,unknown,aftermarket,no,22.99,EUR,https://www.tokoitech.fi/product/3228/apple-iphone-x-naytto-oled-rungolla
tokoitech.fi,Finland,shop,iphone 11,unknown,aftermarket,no,19.99,EUR,https://www.tokoitech.fi/product/3228/apple-iphone-x-naytto-oled-rungolla
tokoitech.fi,Finland,shop,iphone x,unknown,aftermarket,no,125.98,EUR,https://www.tokoitech.fi/product/3228/apple-iphone-x-naytto-oled-rungolla
tokoitech.fi,Finland,shop,iphone xr,unknown,aftermarket,no,99.99,EUR,https://www.tokoitech.fi/product/3228/apple-iphone-x-naytto-oled-rungolla
tokoitech.fi,Finland,shop,iphone xr,unknown,aftermarket,no,39.95,EUR,https://www.tokoitech.fi/product/3228/apple-iphone-x-naytto-oled-rungolla
tokoitech.fi,Finland,shop,iphone x,unknown,aftermarket,no,17.45,EUR,https://www.tokoitech.fi/product/3228/apple-iphone-x-naytto-oled-rungolla
mobilemonsters.ee,Estonia,shop,iphone 16e,unknown,aftermarket,YES,115.0,EUR,https://mobilemonsters.ee/iphone-ekraani-vahetus.html
mobilemonsters.ee,Estonia,shop,iphone 16 pro,glass-changed,A,YES,121.4,EUR,https://mobilemonsters.ee/iphone-ekraani-vahetus.html
mobilemonsters.ee,Estonia,shop,iphone 16 pro max,glass-changed,A,YES,121.3,EUR,https://mobilemonsters.ee/iphone-ekraani-vahetus.html
mobilemonsters.ee,Estonia,shop,iphone 15 pro max,glass-changed,A,YES,89.9,EUR,https://mobilemonsters.ee/iphone-ekraani-vahetus.html
mobilemonsters.ee,Estonia,shop,iphone 15 pro,unknown,aftermarket,YES,86.4,EUR,https://mobilemonsters.ee/iphone-ekraani-vahetus.html
mobilemonsters.ee,Estonia,shop,iphone 14 pro,glass-changed,A,YES,70.2,EUR,https://mobilemonsters.ee/iphone-ekraani-vahetus.html
mobilemonsters.ee,Estonia,shop,iphone 14,unknown,aftermarket,YES,71.5,EUR,https://mobilemonsters.ee/iphone-ekraani-vahetus.html
icenter.ee,Estonia,shop,iphone 15 pro,unknown,aftermarket,YES,1.18,EUR,https://icenter.ee/varuosad
mobilemonsters.ee,Estonia,shop,iphone 13 pro,unknown,aftermarket,YES,81.8,EUR,https://mobilemonsters.ee/iphone-ekraani-vahetus.html
mobilemonsters.ee,Estonia,shop,iphone 13 pro max,glass-changed,A,YES,91.0,EUR,https://mobilemonsters.ee/iphone-ekraani-vahetus.html
mobilemonsters.ee,Estonia,shop,iphone 13,glass-changed,A,YES,63.2,EUR,https://mobilemonsters.ee/iphone-ekraani-vahetus.html
mobilemonsters.ee,Estonia,shop,iphone 12 pro max,unknown,aftermarket,YES,78.5,EUR,https://mobilemonsters.ee/iphone-ekraani-vahetus.html
mobilemonsters.ee,Estonia,shop,iphone 13 mini,unknown,aftermarket,YES,68.9,EUR,https://mobilemonsters.ee/iphone-ekraani-vahetus.html
mobilemonsters.ee,Estonia,shop,iphone 12 pro,glass-changed,A,YES,66.1,EUR,https://mobilemonsters.ee/iphone-ekraani-vahetus.html
icenter.ee,Estonia,shop,iphone 15 plus,unknown,aftermarket,YES,1.18,EUR,https://icenter.ee/varuosad
mobilemonsters.ee,Estonia,shop,iphone 12,glass-changed,A,YES,66.1,EUR,https://mobilemonsters.ee/iphone-ekraani-vahetus.html
mobilemonsters.ee,Estonia,shop,iphone 11 pro max,unknown,aftermarket,YES,64.1,EUR,https://mobilemonsters.ee/iphone-ekraani-vahetus.html
mobilemonsters.ee,Estonia,shop,iphone 15 plus,glass-changed,A,YES,94.9,EUR,https://mobilemonsters.ee/iphone-ekraani-vahetus.html
mobilemonsters.ee,Estonia,shop,iphone 12 mini,unknown,aftermarket,YES,63.4,EUR,https://mobilemonsters.ee/iphone-ekraani-vahetus.html
mobilemonsters.ee,Estonia,shop,iphone 15,unknown,aftermarket,YES,76.7,EUR,https://mobilemonsters.ee/iphone-ekraani-vahetus.html
mobix.ee,Estonia,shop,iphone 16 pro max,unknown,aftermarket,no,210.0,EUR,https://mobix.ee/
mobix.ee,Estonia,shop,iphone 16 pro,unknown,aftermarket,no,40.0,EUR,https://mobix.ee/
icenter.ee,Estonia,shop,iphone 14,unknown,aftermarket,YES,1.18,EUR,https://icenter.ee/varuosad
iproff.ee,Estonia,shop,iphone 14 pro,unknown,aftermarket,no,24.99,EUR,https://iproff.ee/en/
icenter.ee,Estonia,shop,iphone 14 pro,unknown,aftermarket,YES,1.18,EUR,https://icenter.ee/varuosad
mobix.ee,Estonia,shop,iphone 14 pro,unknown,aftermarket,no,3.0,EUR,https://mobix.ee/
kaup24.ee,Estonia,shop,iphone 13,unknown,aftermarket,YES,44.0,EUR,https://kaup24.ee/et/mobiiltelefonid-foto-videokaamerad/mobiiltelefonid-ja-aksessuaarid/telefoniosad-ja-parandamise-tooriistad
kaup24.ee,Estonia,shop,iphone 13,unknown,aftermarket,YES,90.0,EUR,https://kaup24.ee/et/mobiiltelefonid-foto-videokaamerad/mobiiltelefonid-ja-aksessuaarid/telefoniosad-ja-parandamise-tooriistad
kaup24.ee,Estonia,shop,iphone 12,unknown,aftermarket,YES,66.0,EUR,https://kaup24.ee/et/mobiiltelefonid-foto-videokaamerad/mobiiltelefonid-ja-aksessuaarid/telefoniosad-ja-parandamise-tooriistad
kaup24.ee,Estonia,shop,iphone x,unknown,aftermarket,YES,28.0,EUR,https://kaup24.ee/et/mobiiltelefonid-foto-videokaamerad/mobiiltelefonid-ja-aksessuaarid/telefoniosad-ja-parandamise-tooriistad
kaup24.ee,Estonia,shop,iphone xr,aftermarket-incell,aftermarket,YES,90.0,EUR,https://kaup24.ee/et/mobiiltelefonid-foto-videokaamerad/mobiiltelefonid-ja-aksessuaarid/telefoniosad-ja-parandamise-tooriistad
kaup24.ee,Estonia,shop,iphone 14,unknown,aftermarket,YES,96.0,EUR,https://kaup24.ee/et/mobiiltelefonid-foto-videokaamerad/mobiiltelefonid-ja-aksessuaarid/telefoniosad-ja-parandamise-tooriistad
kaup24.ee,Estonia,shop,iphone 12 pro max,aftermarket-incell,aftermarket,YES,16.0,EUR,https://kaup24.ee/et/mobiiltelefonid-foto-videokaamerad/mobiiltelefonid-ja-aksessuaarid/telefoniosad-ja-parandamise-tooriistad
kaup24.ee,Estonia,shop,iphone x,unknown,aftermarket,YES,63.0,EUR,https://kaup24.ee/et/mobiiltelefonid-foto-videokaamerad/mobiiltelefonid-ja-aksessuaarid/telefoniosad-ja-parandamise-tooriistad
kaup24.ee,Estonia,shop,iphone 13,unknown,aftermarket,YES,70.0,EUR,https://kaup24.ee/et/mobiiltelefonid-foto-videokaamerad/mobiiltelefonid-ja-aksessuaarid/telefoniosad-ja-parandamise-tooriistad
kaup24.ee,Estonia,shop,iphone 15,unknown,aftermarket,YES,12.0,EUR,https://kaup24.ee/et/mobiiltelefonid-foto-videokaamerad/mobiiltelefonid-ja-aksessuaarid/telefoniosad-ja-parandamise-tooriistad
kaup24.ee,Estonia,shop,iphone 11,aftermarket-incell,aftermarket,YES,50.0,EUR,https://kaup24.ee/et/mobiiltelefonid-foto-videokaamerad/mobiiltelefonid-ja-aksessuaarid/telefoniosad-ja-parandamise-tooriistad
kaup24.ee,Estonia,shop,iphone 14 pro,aftermarket-incell,aftermarket,YES,58.0,EUR,https://kaup24.ee/et/mobiiltelefonid-foto-videokaamerad/mobiiltelefonid-ja-aksessuaarid/telefoniosad-ja-parandamise-tooriistad
kaup24.ee,Estonia,shop,iphone 13 pro max,aftermarket-incell,aftermarket,YES,78.0,EUR,https://kaup24.ee/et/mobiiltelefonid-foto-videokaamerad/mobiiltelefonid-ja-aksessuaarid/telefoniosad-ja-parandamise-tooriistad
kaup24.ee,Estonia,shop,iphone 14 pro max,unknown,aftermarket,YES,5.0,EUR,https://kaup24.ee/et/mobiiltelefonid-foto-videokaamerad/mobiiltelefonid-ja-aksessuaarid/telefoniosad-ja-parandamise-tooriistad
upgreat.lv,Latvia,shop,iphone 15 pro max,unknown,aftermarket,no,609.0,EUR,https://upgreat.lv/product-category/iphone-lv/
upgreat.lv,Latvia,shop,iphone 16 plus,unknown,aftermarket,no,674.0,EUR,https://upgreat.lv/product-category/iphone-lv/
upgreat.lv,Latvia,shop,iphone 15 pro max,unknown,aftermarket,no,759.0,EUR,https://upgreat.lv/product-category/iphone-lv/
upgreat.lv,Latvia,shop,iphone 16,unknown,aftermarket,no,589.0,EUR,https://upgreat.lv/product-category/iphone-lv/
upgreat.lv,Latvia,shop,iphone 15 pro,unknown,aftermarket,no,679.0,EUR,https://upgreat.lv/product-category/iphone-lv/
upgreat.lv,Latvia,shop,iphone 15 plus,unknown,aftermarket,no,549.0,EUR,https://upgreat.lv/product-category/iphone-lv/
upgreat.lv,Latvia,shop,iphone 15 plus,unknown,aftermarket,no,469.0,EUR,https://upgreat.lv/product-category/iphone-lv/
upgreat.lv,Latvia,shop,iphone 16e,unknown,aftermarket,no,449.0,EUR,https://upgreat.lv/product-category/iphone-lv/
upgreat.lv,Latvia,shop,iphone 14 pro max,unknown,aftermarket,no,789.0,EUR,https://upgreat.lv/product-category/iphone-lv/
upgreat.lv,Latvia,shop,iphone 14 pro,unknown,aftermarket,no,419.0,EUR,https://upgreat.lv/product-category/iphone-lv/
upgreat.lv,Latvia,shop,iphone 14 pro,unknown,aftermarket,no,719.0,EUR,https://upgreat.lv/product-category/iphone-lv/
upgreat.lv,Latvia,shop,iphone 15,unknown,aftermarket,no,409.0,EUR,https://upgreat.lv/product-category/iphone-lv/
upgreat.lv,Latvia,shop,iphone 15,unknown,aftermarket,no,479.0,EUR,https://upgreat.lv/product-category/iphone-lv/
upgreat.lv,Latvia,shop,iphone 13 pro max,unknown,aftermarket,no,359.0,EUR,https://upgreat.lv/product-category/iphone-lv/
upgreat.lv,Latvia,shop,iphone 13 pro,unknown,aftermarket,no,339.0,EUR,https://upgreat.lv/product-category/iphone-lv/
upgreat.lv,Latvia,shop,iphone 13 pro,unknown,aftermarket,no,599.0,EUR,https://upgreat.lv/product-category/iphone-lv/
upgreat.lv,Latvia,shop,iphone 13 pro max,unknown,aftermarket,no,629.0,EUR,https://upgreat.lv/product-category/iphone-lv/
upgreat.lv,Latvia,shop,iphone 12 pro max,unknown,aftermarket,no,279.0,EUR,https://upgreat.lv/product-category/iphone-lv/
upgreat.lv,Latvia,shop,iphone 12 pro max,unknown,aftermarket,no,529.0,EUR,https://upgreat.lv/product-category/iphone-lv/
upgreat.lv,Latvia,shop,iphone 14 plus,unknown,aftermarket,no,569.0,EUR,https://upgreat.lv/product-category/iphone-lv/
upgreat.lv,Latvia,shop,iphone 14,unknown,aftermarket,no,519.0,EUR,https://upgreat.lv/product-category/iphone-lv/
upgreat.lv,Latvia,shop,iphone 13,unknown,aftermarket,no,439.0,EUR,https://upgreat.lv/product-category/iphone-lv/
upgreat.lv,Latvia,shop,iphone 12 pro,unknown,aftermarket,no,259.0,EUR,https://upgreat.lv/product-category/iphone-lv/
upgreat.lv,Latvia,shop,iphone 13 mini,unknown,aftermarket,no,419.0,EUR,https://upgreat.lv/product-category/iphone-lv/
upgreat.lv,Latvia,shop,iphone 12 pro,unknown,aftermarket,no,429.0,EUR,https://upgreat.lv/product-category/iphone-lv/
upgreat.lv,Latvia,shop,iphone 11 pro max,unknown,aftermarket,no,209.0,EUR,https://upgreat.lv/product-category/iphone-lv/
upgreat.lv,Latvia,shop,iphone xs max,unknown,aftermarket,no,174.0,EUR,https://upgreat.lv/product-category/iphone-lv/
upgreat.lv,Latvia,shop,iphone 11 pro max,unknown,aftermarket,no,479.0,EUR,https://upgreat.lv/product-category/iphone-lv/
upgreat.lv,Latvia,shop,iphone xs max,unknown,aftermarket,no,279.0,EUR,https://upgreat.lv/product-category/iphone-lv/
icenter.lt,Lithuania,shop,iphone 15 pro max,unknown,aftermarket,no,1.18,EUR,https://icenter.lt/atsargines-dalys
icenter.lt,Lithuania,shop,iphone 15,unknown,aftermarket,no,1.18,EUR,https://icenter.lt/atsargines-dalys
icenter.lt,Lithuania,shop,iphone 14,unknown,aftermarket,no,1.18,EUR,https://icenter.lt/atsargines-dalys
icenter.lt,Lithuania,shop,iphone 14 pro,unknown,aftermarket,no,1.18,EUR,https://icenter.lt/atsargines-dalys
skiles.lt,Lithuania,shop,iphone x,unknown,aftermarket,no,2.5,EUR,https://skiles.lt/kategorija/kitos-dalys-visos/
skiles.lt,Lithuania,shop,iphone x,original,A,no,9.49,EUR,https://skiles.lt/kategorija/kitos-dalys-visos/
skiles.lt,Lithuania,shop,iphone x,unknown,aftermarket,no,9.8,EUR,https://skiles.lt/kategorija/kitos-dalys-visos/
skiles.lt,Lithuania,shop,iphone x,original,A,no,2.0,EUR,https://skiles.lt/kategorija/kitos-dalys-visos/
skiles.lt,Lithuania,shop,iphone 11 pro,unknown,aftermarket,no,15.94,EUR,https://skiles.lt/kategorija/kitos-dalys-visos/
skiles.lt,Lithuania,shop,iphone xr,unknown,aftermarket,no,14.99,EUR,https://skiles.lt/kategorija/kitos-dalys-visos/
skiles.lt,Lithuania,shop,iphone 11,unknown,aftermarket,no,15.94,EUR,https://skiles.lt/kategorija/kitos-dalys-visos/
skiles.lt,Lithuania,shop,iphone xs max,unknown,aftermarket,no,14.99,EUR,https://skiles.lt/kategorija/kitos-dalys-visos/
skiles.lt,Lithuania,shop,iphone xs max,original,A,no,6.99,EUR,https://skiles.lt/kategorija/kitos-dalys-visos/
skiles.lt,Lithuania,shop,iphone xs,unknown,aftermarket,no,12.8,EUR,https://skiles.lt/kategorija/kitos-dalys-visos/
skiles.lt,Lithuania,shop,iphone xs,unknown,aftermarket,no,14.99,EUR,https://skiles.lt/kategorija/kitos-dalys-visos/
reach.lt,Lithuania,shop,iphone 15 pro,unknown,aftermarket,no,21.07,EUR,https://www.reach.lt/?info=categories&id2=500&level=1
skiles.lt,Lithuania,shop,iphone 13,original,A,no,9.99,EUR,https://skiles.lt/kategorija/kitos-dalys-visos/
reach.lt,Lithuania,shop,iphone 13,unknown,aftermarket,no,7.59,EUR,https://www.reach.lt/?info=categories&id2=500&level=1
reach.lt,Lithuania,shop,iphone 15,unknown,aftermarket,no,19.06,EUR,https://www.reach.lt/?info=categories&id2=500&level=1
skiles.lt,Lithuania,shop,iphone 13,unknown,aftermarket,no,21.5,EUR,https://skiles.lt/kategorija/kitos-dalys-visos/
reach.lt,Lithuania,shop,iphone 16 pro,unknown,aftermarket,no,4.74,EUR,https://www.reach.lt/?info=categories&id2=500&level=1
reach.lt,Lithuania,shop,iphone 16 pro max,unknown,aftermarket,no,4.55,EUR,https://www.reach.lt/?info=categories&id2=500&level=1
reach.lt,Lithuania,shop,iphone 16 pro max,unknown,aftermarket,no,8.42,EUR,https://www.reach.lt/?info=categories&id2=500&level=1
efix.lt,Lithuania,shop,iphone 16,unknown,aftermarket,no,169.0,EUR,https://efix.lt/en/iphone-remontas
efix.lt,Lithuania,shop,iphone 16,unknown,aftermarket,no,159.0,EUR,https://efix.lt/en/iphone-remontas
efix.lt,Lithuania,shop,iphone 16,unknown,aftermarket,no,249.0,EUR,https://efix.lt/en/iphone-remontas
efix.lt,Lithuania,shop,iphone 15,unknown,aftermarket,no,199.0,EUR,https://efix.lt/en/iphone-remontas
efix.lt,Lithuania,shop,iphone 16,unknown,aftermarket,no,269.0,EUR,https://efix.lt/en/iphone-remontas
efix.lt,Lithuania,shop,iphone 13,unknown,aftermarket,no,89.0,EUR,https://efix.lt/en/iphone-remontas
efix.lt,Lithuania,shop,iphone 13,unknown,aftermarket,no,139.0,EUR,https://efix.lt/en/iphone-remontas
efix.lt,Lithuania,shop,iphone 14,unknown,aftermarket,no,89.0,EUR,https://efix.lt/en/iphone-remontas
efix.lt,Lithuania,shop,iphone 13,unknown,aftermarket,no,69.0,EUR,https://efix.lt/en/iphone-remontas
efix.lt,Lithuania,shop,iphone 12,unknown,aftermarket,no,99.0,EUR,https://efix.lt/en/iphone-remontas
efix.lt,Lithuania,shop,iphone 13,unknown,aftermarket,no,109.0,EUR,https://efix.lt/en/iphone-remontas
efix.lt,Lithuania,shop,iphone 16,unknown,aftermarket,no,89.0,EUR,https://efix.lt/en/iphone-remontas
efix.lt,Lithuania,shop,iphone 13,unknown,aftermarket,no,59.0,EUR,https://efix.lt/en/iphone-remontas
efix.lt,Lithuania,shop,iphone 12,unknown,aftermarket,no,49.0,EUR,https://efix.lt/en/iphone-remontas
taisykla7.lt,Lithuania,shop,iphone 11,unknown,aftermarket,no,89.0,EUR,https://www.taisykla7.lt/en/iphone-remontas/
taisykla7.lt,Lithuania,shop,iphone x,unknown,aftermarket,no,79.0,EUR,https://www.taisykla7.lt/en/iphone-remontas/
taisykla7.lt,Lithuania,shop,iphone 13,unknown,aftermarket,no,109.0,EUR,https://www.taisykla7.lt/en/iphone-remontas/
taisykla7.lt,Lithuania,shop,iphone 14,unknown,aftermarket,no,149.0,EUR,https://www.taisykla7.lt/en/iphone-remontas/
taisykla7.lt,Lithuania,shop,iphone 15,unknown,aftermarket,no,179.0,EUR,https://www.taisykla7.lt/en/iphone-remontas/
efix.lt,Lithuania,shop,iphone 11,unknown,aftermarket,no,199.0,EUR,https://efix.lt/en/iphone-remontas
taisykla7.lt,Lithuania,shop,iphone 12,unknown,aftermarket,no,99.0,EUR,https://www.taisykla7.lt/en/iphone-remontas/
hamzatel.gr,Greece,shop,iphone 15 pro max,unknown,aftermarket,no,29.99,EUR,https://www.hamzatel.gr/el/
hamzatel.gr,Greece,shop,iphone 13 mini,unknown,aftermarket,no,19.89,EUR,https://www.hamzatel.gr/el/
hamzatel.gr,Greece,shop,iphone 15 plus,unknown,aftermarket,no,23.99,EUR,https://www.hamzatel.gr/el/
hamzatel.gr,Greece,shop,iphone 14 plus,unknown,aftermarket,no,18.99,EUR,https://www.hamzatel.gr/el/
hamzatel.gr,Greece,shop,iphone 15,unknown,aftermarket,no,24.99,EUR,https://www.hamzatel.gr/el/
hamzatel.gr,Greece,shop,iphone 14 pro max,unknown,aftermarket,no,19.99,EUR,https://www.hamzatel.gr/el/
hamzatel.gr,Greece,shop,iphone 16 pro,unknown,aftermarket,no,63.0,EUR,https://www.hamzatel.gr/el/
hamzatel.gr,Greece,shop,iphone 16,unknown,aftermarket,no,75.0,EUR,https://www.hamzatel.gr/el/
laptop-service.gr,Greece,shop,iphone 11,original,A,no,30.0,EUR,https://www.laptop-service.gr/e-shop/%CE%B1%CE%BD%CF%84%CE%B1%CE%BB%CE%BB%CE%B1%CE%BA%CF%84%CE%B9%CE%BA%CE%AC-iphone
laptop-service.gr,Greece,shop,iphone xr,original,A,no,80.0,EUR,https://www.laptop-service.gr/e-shop/%CE%B1%CE%BD%CF%84%CE%B1%CE%BB%CE%BB%CE%B1%CE%BA%CF%84%CE%B9%CE%BA%CE%AC-iphone
media-ram.gr,Greece,shop,iphone 15,original,A,no,99.0,EUR,https://www.media-ram.gr/smartphone-tablet-parts-greece/apple/
laptop-service.gr,Greece,shop,iphone xr,original,A,no,10.0,EUR,https://www.laptop-service.gr/e-shop/%CE%B1%CE%BD%CF%84%CE%B1%CE%BB%CE%BB%CE%B1%CE%BA%CF%84%CE%B9%CE%BA%CE%AC-iphone
gctech.gr,Greece,shop,iphone x,unknown,aftermarket,no,0.9,EUR,https://gctech.gr/antallaktika-apple
laptop-service.gr,Greece,shop,iphone 11,original,A,no,10.0,EUR,https://www.laptop-service.gr/e-shop/%CE%B1%CE%BD%CF%84%CE%B1%CE%BB%CE%BB%CE%B1%CE%BA%CF%84%CE%B9%CE%BA%CE%AC-iphone
gctech.gr,Greece,shop,iphone x,unknown,aftermarket,no,0.73,EUR,https://gctech.gr/antallaktika-apple
laptop-service.gr,Greece,shop,iphone 11,original,A,no,60.0,EUR,https://www.laptop-service.gr/e-shop/%CE%B1%CE%BD%CF%84%CE%B1%CE%BB%CE%BB%CE%B1%CE%BA%CF%84%CE%B9%CE%BA%CE%AC-iphone
laptop-service.gr,Greece,shop,iphone 11,original,A,no,50.0,EUR,https://www.laptop-service.gr/e-shop/%CE%B1%CE%BD%CF%84%CE%B1%CE%BB%CE%BB%CE%B1%CE%BA%CF%84%CE%B9%CE%BA%CE%AC-iphone
gctech.gr,Greece,shop,iphone 11,unknown,aftermarket,no,0.8,EUR,https://gctech.gr/antallaktika-apple
gctech.gr,Greece,shop,iphone 11,unknown,aftermarket,no,0.99,EUR,https://gctech.gr/antallaktika-apple
gctech.gr,Greece,shop,iphone xs,unknown,aftermarket,no,1.15,EUR,https://gctech.gr/antallaktika-apple
gctech.gr,Greece,shop,iphone xs,unknown,aftermarket,no,0.93,EUR,https://gctech.gr/antallaktika-apple
one-shop.gr,Greece,shop,iphone 15 pro,unknown,aftermarket,no,625.0,EUR,https://one-shop.gr/
one-shop.gr,Greece,shop,iphone 14,unknown,aftermarket,no,395.0,EUR,https://one-shop.gr/
one-shop.gr,Greece,shop,iphone 16 pro,unknown,aftermarket,no,845.0,EUR,https://one-shop.gr/
one-shop.gr,Greece,shop,iphone 15,unknown,aftermarket,no,515.0,EUR,https://one-shop.gr/
one-shop.gr,Greece,shop,iphone 14 pro,unknown,aftermarket,no,34.9,EUR,https://one-shop.gr/
one-shop.gr,Greece,shop,iphone 14 pro,unknown,aftermarket,no,32.9,EUR,https://one-shop.gr/
one-shop.gr,Greece,shop,iphone 16 pro max,unknown,aftermarket,no,28.41,EUR,https://one-shop.gr/
one-shop.gr,Greece,shop,iphone 16 pro max,unknown,aftermarket,no,15.98,EUR,https://one-shop.gr/
smeugsm.ro,Romania,shop,iphone x,original,A,YES,250.0,RON,https://smeugsm.ro/produs/display-iphone-x-original-inlocuire-profesionala/
one-shop.gr,Greece,shop,iphone 15,unknown,aftermarket,no,9.7,EUR,https://one-shop.gr/
ibutic.bg,Bulgaria,shop,iphone 13,unknown,aftermarket,no,81.81,BGN,https://ibutic.bg/lcd-display-apple
one-shop.gr,Greece,shop,iphone 16 pro,unknown,aftermarket,no,15.98,EUR,https://one-shop.gr/
ibutic.bg,Bulgaria,shop,iphone 11 pro,unknown,aftermarket,no,66.47,BGN,https://ibutic.bg/lcd-display-apple
ibutic.bg,Bulgaria,shop,iphone 13,unknown,aftermarket,no,66.47,BGN,https://ibutic.bg/lcd-display-apple
ibutic.bg,Bulgaria,shop,iphone 11,unknown,aftermarket,no,32.21,BGN,https://ibutic.bg/lcd-display-apple
ibutic.bg,Bulgaria,shop,iphone 12 mini,unknown,aftermarket,no,92.03,BGN,https://ibutic.bg/lcd-display-apple
ibutic.bg,Bulgaria,shop,iphone 12,unknown,aftermarket,no,63.91,BGN,https://ibutic.bg/lcd-display-apple
ibutic.bg,Bulgaria,shop,iphone 12 pro max,unknown,aftermarket,no,76.69,BGN,https://ibutic.bg/lcd-display-apple
ibutic.bg,Bulgaria,shop,iphone 12,unknown,aftermarket,no,117.6,BGN,https://ibutic.bg/lcd-display-apple
ibutic.bg,Bulgaria,shop,iphone 12 pro max,unknown,aftermarket,no,184.07,BGN,https://ibutic.bg/lcd-display-apple
ibutic.bg,Bulgaria,shop,iphone 13 mini,unknown,aftermarket,no,86.92,BGN,https://ibutic.bg/lcd-display-apple
ibutic.bg,Bulgaria,shop,iphone 14 pro,unknown,aftermarket,no,125.27,BGN,https://ibutic.bg/lcd-display-apple
ibutic.bg,Bulgaria,shop,iphone x,unknown,aftermarket,no,56.24,BGN,https://ibutic.bg/lcd-display-apple
ibutic.bg,Bulgaria,shop,iphone 14 pro max,unknown,aftermarket,no,168.73,BGN,https://ibutic.bg/lcd-display-apple
ibutic.bg,Bulgaria,shop,iphone x,unknown,aftermarket,no,48.57,BGN,https://ibutic.bg/lcd-display-apple
ibutic.bg,Bulgaria,shop,iphone xs,unknown,aftermarket,no,58.8,BGN,https://ibutic.bg/lcd-display-apple
appleking.hr,Croatia,shop,iphone x,aftermarket-oled,aftermarket,no,52.99,EUR,https://www.appleking.hr/zamjenski-oled-ekran-s-povrsinom-osjetljivom-na-dodir-i-okvirom-za-apple-iphone-x
ibutic.bg,Bulgaria,shop,iphone xs max,unknown,aftermarket,no,56.24,BGN,https://ibutic.bg/lcd-display-apple
ibutic.bg,Bulgaria,shop,iphone xs max,unknown,aftermarket,no,74.14,BGN,https://ibutic.bg/lcd-display-apple
mobyfix.hr,Croatia,shop,iphone 11,unknown,aftermarket,no,92.77,EUR,https://mobyfix.hr/proizvodi/rezervni-dijelovi/
mobyfix.hr,Croatia,shop,iphone 15,unknown,aftermarket,no,100.0,EUR,https://mobyfix.hr/proizvodi/rezervni-dijelovi/
mobyfix.hr,Croatia,shop,iphone 15 pro,unknown,aftermarket,no,100.0,EUR,https://mobyfix.hr/proizvodi/rezervni-dijelovi/
mobyfix.hr,Croatia,shop,iphone 13 pro,unknown,aftermarket,no,69.7,EUR,https://mobyfix.hr/proizvodi/rezervni-dijelovi/
duosmobil.rs,Serbia,shop,iphone xs,aftermarket-incell,aftermarket,YES,2900.0,RSD,https://www.duosmobil.rs/en/kupi/ekran-za-iphone-xs-in-cell-klasa-768
primusmedia.hr,Croatia,shop,iphone 11,unknown,aftermarket,no,59.0,EUR,https://primusmedia.hr/proizvod/iphone-11-lcd-ekran-display-touch-screen-komplet/
duosmobil.rs,Serbia,shop,iphone x,aftermarket-incell,aftermarket,YES,2900.0,RSD,https://www.duosmobil.rs/en/kupi/ekran-za-iphone-x-in-cell-klasa-765
duosmobil.rs,Serbia,shop,iphone xr,unknown,aftermarket,YES,3000.0,RSD,https://www.duosmobil.rs/en/kupi/ekran-za-iphone-xr-prva-klasa-767
outletshop.si,Slovenia,shop,iphone 11,aftermarket-lcd,aftermarket,no,31.9,,https://www.outletshop.si/Telefonija/LCD-zasloni-za-telefone/
outletshop.si,Slovenia,shop,iphone 12,aftermarket-lcd,aftermarket,no,34.9,,https://www.outletshop.si/Telefonija/LCD-zasloni-za-telefone/
outletshop.si,Slovenia,shop,iphone 13,aftermarket-lcd,aftermarket,no,41.89,,https://www.outletshop.si/Telefonija/LCD-zasloni-za-telefone/
appleking.si,Slovenia,shop,iphone x,unknown,aftermarket,no,27.99,,https://www.appleking.si/prikaze
outletshop.si,Slovenia,shop,iphone 12 mini,aftermarket-lcd,aftermarket,no,34.9,,https://www.outletshop.si/Telefonija/LCD-zasloni-za-telefone/
outletshop.si,Slovenia,shop,iphone xs max,aftermarket-lcd,aftermarket,no,34.9,,https://www.outletshop.si/Telefonija/LCD-zasloni-za-telefone/
outletshop.si,Slovenia,shop,iphone xr,aftermarket-lcd,aftermarket,no,31.9,,https://www.outletshop.si/Telefonija/LCD-zasloni-za-telefone/
outletshop.si,Slovenia,shop,iphone 11 pro,aftermarket-lcd,aftermarket,no,34.9,,https://www.outletshop.si/Telefonija/LCD-zasloni-za-telefone/
outletshop.si,Slovenia,shop,iphone xs,aftermarket-lcd,aftermarket,no,29.9,,https://www.outletshop.si/Telefonija/LCD-zasloni-za-telefone/
outletshop.si,Slovenia,shop,iphone 12 pro max,aftermarket-lcd,aftermarket,no,49.9,,https://www.outletshop.si/Telefonija/LCD-zasloni-za-telefone/
24hshop.fr,France,shop,iPhone XS,original,A,no,55.98,EUR,https://24hshop.fr/verre-tactile-iphone-xs-soft-oled-qualite-ecran-a2097-original-reparation-smartphone-affichage-true-tone-hd-super-retina-58-in-2688.html
dargilita.lt,Lithuania,shop,iphone 12 pro max,aftermarket-oled,aftermarket,no,74.9,EUR,https://dargilita.lt/apple-iphone-telefonu-ekranai//131922-apple-iphone-12-pro-max-ekranas-oled.html
dargilita.lt,Lithuania,shop,iphone 13 pro,aftermarket-oled,aftermarket,no,75.9,EUR,https://dargilita.lt/apple-iphone-telefonu-ekranai//144910-apple-iphone-13-pro-ekranas-oled.html
onlinemobileparts.com.au,Australia,shop,iphone 16 plus,aftermarket-soft-oled,aftermarket,no,271.0,AUD,https://www.onlinemobileparts.com.au/iphone-16-plus-diagnostic-soft-oled-screen-replacements
dargilita.lt,Lithuania,shop,iphone 13,aftermarket-oled,aftermarket,no,59.9,EUR,https://dargilita.lt/apple-iphone-telefonu-ekranai//145699-apple-iphone-13-ekranas-oled.html
hurtlcd.pl,Poland,shop,iphone x,aftermarket-oled,aftermarket,no,150.0,PLN,https://hurtlcd.pl/
repairpartsusa.com,Austria,shop,iPhone 11 Pro,aftermarket-soft-oled,aftermarket,no,46.39,USD,https://repairpartsusa.com/products/iphone-11-pro-premium-black-soft-oled-and-digitizer-glass-screen-replacement
gsmparts.bg,Bulgaria,shop,iPhone 15 Plus,aftermarket-incell,aftermarket,no,24,EUR,https://www.gsmparts.bg/дисплей-тъч-скрийн-за-iphone-15-plus-gx-yk-incell-hd
mobilyskalka.cz,CZ,shop,iphone 16 plus,aftermarket-soft-oled,aftermarket,YES,1807.0,CZK,https://mobilyskalka.cz/dotykova-deska-iphone-16-plus-lcd-black-dd-soft-oled/
ab-mobiteli.com,Croatia,shop,iPhone 14 Pro,original,A,no,380,EUR,https://ab-mobiteli.com/products/lcd-original-apple-iphone-14-pro-skidan
parts4cells.com,Cyprus,shop,iPhone 13,aftermarket-lcd,aftermarket,no,13,USD,https://parts4cells.com/brilliance-iphone-13-lcd-with-touch-black.html
cellparts.cz,Czechia,shop,iPhone 11,aftermarket-lcd,aftermarket,YES,449,CZK,https://www.cellparts.cz/iphone-11-lcd-displej-s-dotykovou-vrstvou/
dargilita.lt,Lithuania,shop,iphone 12,aftermarket-incell,aftermarket,no,41.5,EUR,https://dargilita.lt/apple-iphone-telefonu-ekranai//131924-apple-iphone-12-12-pro-ekranas-premium-incell.html
bokmanev.com,Denmark,shop,iPhone XS,aftermarket-lcd,aftermarket,no,19.99,EUR,https://www.bokmanev.com/products/bokman-for-iphone-xs-black-lcd-screen-replacement-parts-display-assembly-front-panel?_pos=1&_sid=71bd2e7ea&_ss=r
phonefix.fi,Finland,shop,iPhone 15,aftermarket-incell,aftermarket,no,44.9,EUR,https://phonefix.fi/product/1580/iphone-15-naytto-in-cell-lcd
mobishop.ee,Estonia,shop,iPhone 16,original,A,YES,288.75,EUR,https://mobishop.ee/toode/display-original-apple-iphone-16-661-44797-varuosa/
dargilita.lt,Lithuania,shop,iphone 15 plus,aftermarket-incell,aftermarket,no,52.5,EUR,https://dargilita.lt/apple-iphone-telefonu-ekranai//145702-apple-iphone-15-plus-ekranas-premium-incell.html
24hshop.fr,France,shop,iPhone 11 Pro Max,original,A,no,75.98,EUR,https://24hshop.fr/ecran-verre-multi-touch-soft-oled-apple-iphone-11-pro-max-a2218-original-smartphone-3d-touch-remplacement-kit-assemble-chassis-2840.html
lcd-phone.com,France,shop,iPhone XS Max,unknown,aftermarket,YES,15,EUR,https://lcd-phone.com/en/-repair-parts/11743-screen-iphone-xs-max-ltps-jk-fhd1080p-8771621675428.html
reparation-iphone.com,France,shop,iPhone 15,original,A,no,209.9,EUR,https://www.reparation-iphone.com/accueil/2386-ecran-iphone-15-complet-vitre-tactile-lcd-retina-original.html
telefonubaterijos.lt,Lithuania,shop,iphone x,unknown,aftermarket,no,34.99,EUR,https://www.telefonubaterijos.lt/telefonu-ekranai/550-iphone-x-ekranas-premium.html
telefonubaterijos.lt,Lithuania,shop,iphone xs max,unknown,aftermarket,no,97.99,EUR,https://www.telefonubaterijos.lt/642-iphone-xs-max-ekranai
modchip.gr,Greece,shop,iPhone 12 Pro Max,aftermarket-incell,aftermarket,YES,42.9,EUR,https://modchip.gr/tilefonia/antallaktika-kiniton-iphone/antallaktika-iphone-12-pro-max/o8onh-lcd-gia-iphone-12-pro-max-jk-premium-in-cell-with-ic-replacement/
compuparts.ie,Ireland,shop,iPhone 14 Plus,aftermarket-lcd,aftermarket,no,114.95,EUR,https://compuparts.ie/product/iphone-14-plus-lcd-display-screen-touch-digitizer/
mobilebitz.co.uk,UK,shop,iphone 13 pro max,refurb,A,no,329.0,GBP,https://www.mobilebitz.co.uk/
telefonubaterijos.lt,Lithuania,shop,iphone x,unknown,aftermarket,no,4.99,EUR,https://www.telefonubaterijos.lt/iphone-dalys/2216-iphone-x-ekrano-lipdukas-tarpine.html
italiatech.it,Italy,shop,iPhone 15,aftermarket-incell,aftermarket,no,21.65,EUR,https://www.italiatech.it/display-lcd-zy-cof-fhd-incell-per-apple-iphone-15-touch-screen-vetro-schermo-frame-nero-ic-intercambiabile-.1.1.957.gp.94219.uw
outletaccessori.it,Italy,shop,iPhone 11,original,A,no,60,EUR,https://www.outletaccessori.it/display-sharp/4239-display-originale-sharp-apple-iphone-11-nero-8596311249105.html
riparafast.it,Italy,shop,iPhone 12 / 12 Pro,aftermarket-gx,aftermarket,no,46.72,EUR,https://www.riparafast.it/apple/1127-display-lcd-touch-oled-per-apple-iphone-12-12-pro-schermo-vetro-gx-originale.html
signalocentras.lt,Lithuania,shop,iphone 11 pro,aftermarket-oled,aftermarket,no,140.0,EUR,http://signalocentras.lt/telefonija/telefonu-ekranai-lcd/iphone-ipad/lcdtouch-screen-iphone-11-pro-juodas-black-premium-oled--25379
koopjeonderdelen.nl,Netherlands,shop,iphone 16,aftermarket-incell,aftermarket,no,199.99,EUR,https://www.koopjeonderdelen.nl/products/iphone-16-incell-scherm?_pos=6&_sid=c37fdcb6f&_ss=r
fixo.com.au,Australia,shop,iphone 11 pro max,unknown,aftermarket,no,4.99,AUD,https://www.fixo.com.au/collections/iphone
hallomobile.nl,Netherlands,shop,iphone 14 plus,aftermarket-incell,aftermarket,no,42.0,EUR,https://hallomobile.nl/product/waeyz-iphone-13-pro-max-serie-vervangend-lcd-scherm-incell-kopie/
hallomobile.nl,Netherlands,shop,iphone xs,aftermarket-incell,aftermarket,no,19.95,EUR,https://hallomobile.nl/product/waeyz-iphone-x-xr-xs-series-vervangend-lcd-scherm-incell-basic/
hallomobile.nl,Netherlands,shop,iphone 16 pro,aftermarket-soft-oled,aftermarket,no,479.95,EUR,https://hallomobile.nl/product/waeyz-iphone-16-pro-vervangend-lcd-scherm-soft-oled-display-originele-kwaliteit/
mobpartstore.lv,Latvia,shop,iphone 15 pro max,aftermarket-oled,aftermarket,no,147.7,EUR,https://www.mobpartstore.lv/17-apple-iphone-telefonu-displeji
partexpert.nl,Netherlands,shop,iphone 15,unknown,aftermarket,no,9.95,EUR,https://www.partexpert.nl/en/iphone-15-privacy-screenprotector.html
dargilita.lt,Lithuania,shop,iphone 12 pro max,aftermarket-oled,aftermarket,no,89.9,EUR,https://dargilita.lt/17-apple-iphone-telefonu-ekranai
dargilita.lt,Lithuania,shop,iphone 11 pro,aftermarket-oled,aftermarket,no,74.5,EUR,https://dargilita.lt/17-apple-iphone-telefonu-ekranai
phone-werk.de,Germany,shop,iPhone XR,unknown,aftermarket,no,89.99,EUR,https://phone-werk.de/produkt/iphone-xr-display-touchscreen-komplette-black/
telefonubaterijos.lt,Lithuania,shop,iphone 15 pro,unknown,aftermarket,no,99.98,EUR,https://www.telefonubaterijos.lt/1032-iphone-15-pro-ekranai
italiatech.it,Italy,shop,iPhone 12 mini,aftermarket-incell,aftermarket,no,31.05,EUR,https://www.italiatech.it/display-lcd-zy-fhd-incell-per-apple-iphone-12-mini-touch-screen-schermo-frame-nero.1.1.957.gp.96313.uw
riparafast.it,Italy,shop,iPhone 16,aftermarket-incell,aftermarket,no,20.49,EUR,https://www.riparafast.it/iphone-16/2334-lcd-schermo-apple-iphone-16-display-touch-screen-incell-compatibile.html
dargilita.lt,Lithuania,shop,iPhone 14 Pro,aftermarket-oled,aftermarket,no,146.9,EUR,https://dargilita.lt/apple-iphone-telefonu-ekranai//154087-apple-iphone-14-pro-ekranas-120-hz-premium-oled.html
koopjeonderdelen.nl,Netherlands,shop,iphone 12 pro max,aftermarket-incell,aftermarket,no,37.49,EUR,https://www.koopjeonderdelen.nl/products/iphone-12-pro-max-incell-lcd-scherm?_pos=15&_sid=c37fdcb6f&_ss=r
telesfera.lt,Lithuania,shop,iphone 14 pro,unknown,aftermarket,no,125.0,EUR,https://telesfera.lt/telefonu-ekranai-lcd/iphone/ekranas-iphone-14-pro-aukstos-kokybes/
ioutlet.ee,Estonia,shop,iphone 11 pro max,unknown,aftermarket,YES,149.0,EUR,https://ioutlet.ee/shop/
hallomobile.nl,Netherlands,shop,iphone 13 pro,aftermarket-hard-oled,aftermarket,no,99.95,EUR,https://hallomobile.nl/product/waeyz-iphone-13-pro-vervangend-lcd-scherm-hard-oled-display-hoge-kwaliteit/
hallomobile.nl,Netherlands,shop,iphone 14 pro,aftermarket-hard-oled,aftermarket,no,149.95,EUR,https://hallomobile.nl/product/waeyz-iphone-x-xr-xs-series-vervangend-lcd-scherm-oled/
partexpert.nl,Netherlands,shop,iphone 12,aftermarket-lcd,aftermarket,no,114.95,EUR,https://www.partexpert.nl/en/iphone-11-display-and-lcd5-149692131.html
dargilita.lt,Lithuania,shop,iphone 13,aftermarket-oled,aftermarket,no,59.9,EUR,https://dargilita.lt/17-apple-iphone-telefonu-ekranai
dargilita.lt,Lithuania,shop,iphone 14 pro,aftermarket-incell,aftermarket,no,59.9,EUR,https://dargilita.lt/17-apple-iphone-telefonu-ekranai
icell4less.com,Norway,shop,iphone 11,aftermarket-lcd,aftermarket,no,79.0,NOK,https://icell4less.com/collections/iphone-11-models/products/apple-iphone-11-lcd-touch-screen-digitizer-replacement-assembly-kit-6-1-inch-i11-lcd
spares.no,Norway,shop,iphone 14 plus,unknown,aftermarket,YES,369.0,NOK,https://spares.no/en/products/panzerglass%C2%AE-anti-blue-light-screen-protector-apple-iphone-14-plus-13-pro-max-ultra-wide-fit-w-easyaligner-glassbeskytter?_pos=17&_sid=6c4e86b72&_ss=r
spares.no,Norway,shop,iphone 12 mini,unknown,aftermarket,YES,369.0,NOK,https://spares.no/en/products/panzerglass%C2%AE-screen-protector-apple-iphone-12-mini-glassbeskytter?_pos=20&_sid=6c4e86b72&_ss=r
gsmok.com,Poland,shop,iphone 11 pro max,aftermarket-oled,aftermarket,no,45.66,PLN,https://gsmok.com/en/lcd-iphone-c095
gsmok.com,Poland,shop,iphone 13 pro max,aftermarket-incell,aftermarket,no,29.46,PLN,https://gsmok.com/en/lcd-iphone-c095
gsmok.com,Poland,shop,iphone 14 pro max,aftermarket-incell,aftermarket,no,46.23,PLN,https://gsmok.com/en/lcd-iphone-c095
signalocentras.lt,Lithuania,shop,iphone 12 pro,aftermarket-oled,aftermarket,no,160.0,EUR,http://signalocentras.lt/telefonija/telefonu-ekranai-lcd/iphone-ipad/lcdtouch-screen-iphone-12--12-pro-juodas-premium-oled-self-diagnosable--25429
telesfera.lt,Lithuania,shop,iPhone 13 mini,unknown,aftermarket,no,134,EUR,https://telesfera.lt/telefonu-ekranai-lcd/iphone/ekranas-iphone-13-mini-originalus/
mobilebitz.co.uk,UK,shop,iphone 11 pro,unknown,aftermarket,no,12.99,GBP,https://www.mobilebitz.co.uk/
mobilesupplies.nl,Netherlands,shop,iPhone 14 Pro Max,aftermarket-soft-oled,aftermarket,no,78.99,EUR,https://www.mobilesupplies.nl/display-module-apple-iphone-14-pro-max-soft-oled.html
icell4less.com,Norway,shop,iPhone XR,aftermarket-lcd,aftermarket,no,59,USD,https://icell4less.com/collections/lcd/products/apple-iphone-xr-lcd-touch-screen-digitizer-replacement-assembly-kit
fmaparts.com.au,Australia,shop,iphone 16e,aftermarket-oled,aftermarket,no,124.95,AUD,https://www.fmaparts.com.au/
fmaparts.com.au,Australia,shop,iphone 16 pro max,unknown,aftermarket,no,73.95,AUD,https://www.fmaparts.com.au/
fixo.com.au,Australia,shop,iphone 11,refurb,A,no,42.17,AUD,https://www.fixo.com.au/collections/iphone
irepart.com,China,shop,iphone 15 pro,aftermarket-incell,aftermarket,no,27.0,USD,https://irepart.com/collections/lcd-screen
ioutlet.ee,Estonia,shop,iphone x,aftermarket-soft-oled,aftermarket,YES,89.0,EUR,https://ioutlet.ee/shop/
utopya.com,France,shop,iphone 15,unknown,aftermarket,no,6.3,EUR,https://www.utopya.com/apple/iphone/iphone-15.html
hallomobile.nl,Netherlands,shop,iphone 11 pro max,aftermarket-hard-oled,aftermarket,no,52.36,EUR,https://hallomobile.nl/product/waeyz-iphone-x-xr-xs-series-vervangend-lcd-scherm-incell/
hallomobile.nl,Netherlands,shop,iphone 12 pro,aftermarket-hard-oled,aftermarket,no,57.5,EUR,https://hallomobile.nl/product/waeyz-iphone-12-vervangend-lcd-scherm-hard-oled-display-hoge-kwaliteit-kopie/
mobpartstore.lv,Latvia,shop,iphone 12 mini,aftermarket-oled,aftermarket,no,67.3,EUR,https://www.mobpartstore.lv/17-apple-iphone-telefonu-displeji
dargilita.lt,Lithuania,shop,iphone 16,aftermarket-incell,aftermarket,no,78.0,EUR,https://dargilita.lt/17-apple-iphone-telefonu-ekranai
dargilita.lt,Lithuania,shop,iphone 15 pro max,aftermarket-oled,aftermarket,no,147.7,EUR,https://dargilita.lt/17-apple-iphone-telefonu-ekranai
dargilita.lt,Lithuania,shop,iphone 15 pro max,aftermarket-incell,aftermarket,no,74.0,EUR,https://dargilita.lt/17-apple-iphone-telefonu-ekranai
dargilita.lt,Lithuania,shop,iphone 12 pro max,aftermarket-oled,aftermarket,no,101.0,EUR,https://dargilita.lt/17-apple-iphone-telefonu-ekranai
mobiservis.lt,Lithuania,shop,iphone 13 pro max,aftermarket-incell,aftermarket,no,37.64,EUR,https://mobiservis.lt/mobiliuju-telefonu-dalys/lcd-ekranai-lieciamieji-ekranai
signalocentras.lt,Lithuania,shop,iphone 11,refurb,A,no,95.0,EUR,https://signalocentras.lt/telefonija/telefonu-ekranai-lcd/iphone-ipad
signalocentras.lt,Lithuania,shop,iphone 11 pro max,aftermarket-incell,aftermarket,no,100.0,EUR,https://signalocentras.lt/telefonija/telefonu-ekranai-lcd/iphone-ipad
telefonubaterijos.lt,Lithuania,shop,iphone xs,unknown,aftermarket,no,4.99,EUR,https://www.telefonubaterijos.lt/167-iphone-ekranai
gsmok.com,Poland,shop,iphone 13 pro,aftermarket-oled,aftermarket,no,45.83,PLN,https://gsmok.com/en/lcd-iphone-c095
repuestoinformatico.com,Spain,shop,iphone xr,aftermarket-incell,aftermarket,no,15.0,EUR,https://www.repuestoinformatico.com/
signalocentras.lt,Lithuania,shop,iphone 11 pro,aftermarket-oled,aftermarket,no,100.0,EUR,https://signalocentras.lt/telefonija/telefonu-ekranai-lcd/iphone-ipad
gsmok.com,Poland,shop,iphone 12 pro max,aftermarket-oled,aftermarket,no,51.45,PLN,https://gsmok.com/en/lcd-iphone-c095
serviphone.net,Spain,shop,iphone 11 pro,unknown,aftermarket,no,9.25,EUR,https://mobilex.es/es/5773-tag-on-flex-bateria-iphone-11-pro-jcid-3401126483994.html
repuestoinformatico.com,Spain,shop,iphone x,aftermarket-incell,aftermarket,no,15.0,EUR,https://www.repuestoinformatico.com/
fmaparts.com.au,Australia,shop,iphone 16e,aftermarket-oled,aftermarket,no,62.95,AUD,https://www.fmaparts.com.au/aftermarket-oled-hard-oled-touch-screen-digitizer-assembly-for-iphone-16e-17e
onlinemobileparts.com.au,Australia,shop,iphone 11 pro,unknown,aftermarket,no,8.0,AUD,https://www.onlinemobileparts.com.au/iphone-11-pro-clear-tempered-glass-screen-protectors
spares.no,Norway,shop,iphone 11,unknown,aftermarket,YES,369.0,NOK,https://spares.no/en/products/panzerglass%C2%AE-screen-protector-apple-iphone-11-xr-standard-fit-glassbeskytter?_pos=23&_sid=6c4e86b72&_ss=r
gsmok.com,Poland,shop,iphone 14 pro max,fog,B,no,269.76,PLN,https://gsmok.com/en/lcd-iphone-c095
gsmok.com,Poland,shop,iphone 15 pro,aftermarket-oled,aftermarket,no,72.79,PLN,https://gsmok.com/en/lcd-iphone-c095
gsmok.com,Poland,shop,iphone 16 pro,glass-changed,A,no,238.03,PLN,https://gsmok.com/en/lcd-iphone-c095
gsmok.com,Poland,shop,iphone 16 plus,aftermarket-oled,aftermarket,no,69.1,PLN,https://gsmok.com/en/lcd-iphone-c095
preciosadictos.com,Spain,shop,iphone 11,unknown,aftermarket,no,41.129999999999995,EUR,https://www.preciosadictos.com/pantalla-para-iphone-11-excellent-p-13363.html
onlinemobileparts.com.au,Australia,shop,iphone 12 pro,unknown,aftermarket,no,8.0,AUD,https://www.onlinemobileparts.com.au/iphone-12-pro-clear-tempered-glass-screen-protectors
fmaparts.com.au,Australia,shop,iphone 16 pro max,aftermarket-oled,aftermarket,no,118.95,AUD,https://www.fmaparts.com.au/aftermarket-oled-soft-oled-touch-screen-digitizer-assembly-for-iphone-16-pro-max
repuestosfuentes.es,Spain,shop,iphone 11,unknown,aftermarket,no,2.72,EUR,https://www.repuestosfuentes.es/5287-iphone-11
repuestoinformatico.com,Spain,shop,iphone xs,aftermarket-incell,aftermarket,no,15.0,EUR,https://www.repuestoinformatico.com/
repuestoinformatico.com,Spain,shop,iphone 11,aftermarket-incell,aftermarket,no,15.0,EUR,https://www.repuestoinformatico.com/
repuestosfuentes.es,Spain,shop,iphone 11,unknown,aftermarket,no,162.14,EUR,https://www.repuestosfuentes.es/5287-iphone-11
fmaparts.com.au,Australia,shop,iphone 16 pro,aftermarket-oled,aftermarket,no,98.95,AUD,https://www.fmaparts.com.au/aftermarket-oled-hard-oled-touch-screen-digitizer-assembly-for-iphone-16-pro
repuestoinformatico.com,Spain,shop,iphone 11 pro max,aftermarket-incell,aftermarket,no,20.0,EUR,https://www.repuestoinformatico.com/
repuestostic.com,Spain,shop,iphone 12,unknown,aftermarket,no,44.0,EUR,https://www.repuestostic.com/es/repuestos-iphone-12/10006-reparacion-flex-encendido-y-volumen-iphone-12-12-pro.html
ilevante.com,Spain,shop,iphone 13,unknown,aftermarket,no,21.75,EUR,https://www.ilevante.com/repuestos-iphone-13
el-telgsm.pl,Poland,shop,iphone 12 pro,aftermarket-incell,aftermarket,no,109.989921,PLN,https://el-telgsm.pl/wyswietlacze-iphone/32758-wyswietlacz-lcd-iphone-12---12-pro-6-1-full-hd-incell-change-ic-jk-czarny.html
therepairplus.com,UK,shop,iphone 14 pro max,unknown,aftermarket,no,46.98,GBP,https://therepairplus.com/collections/iphone-screen-replacement
thescreensurgery.com,UK,shop,iphone 13 pro max,aftermarket-soft-oled,aftermarket,no,47.95,GBP,https://thescreensurgery.com/collections/value-screens
thescreensurgery.com,UK,shop,iphone 11 pro max,original,A,no,21.95,GBP,https://thescreensurgery.com/collections/value-screens
el-telgsm.pl,Poland,shop,iphone 13 pro,aftermarket-incell,aftermarket,no,188.999955,PLN,https://el-telgsm.pl/wyswietlacze-iphone/31340-wyswietlacz-lcd-iphone-13-pro-6-1-full-hd-incell-czarny.html
repairpartsusa.com,USA,shop,iphone 14,aftermarket-lcd,aftermarket,no,22.39,USD,https://repairpartsusa.com/collections/iphone-screens
repairpartsusa.com,USA,shop,iphone 14 plus,aftermarket-hard-oled,aftermarket,no,46.39,USD,https://repairpartsusa.com/collections/iphone-screens
repairpartsusa.com,USA,shop,iphone 13,aftermarket-hard-oled,aftermarket,no,39.59,USD,https://repairpartsusa.com/collections/iphone-screens
mobiiliabi.ee,Estonia,shop,iphone 11,aftermarket-lcd,aftermarket,YES,35.99,EUR,https://mobiiliabi.ee/toode/lcd-screen-for-iphone-11-with-touch-screen-refurbished-copy-ic/
discountcell.com,USA,shop,iphone 15,unknown,aftermarket,no,31.46,USD,https://www.discountcell.com/
malmoteknik.se,SE,shop,iphone 14 pro max,unknown,aftermarket,no,258.0,,https://malmoteknik.se/315-reservdelar-lcd-batterier-mm
euromarserwis.pl,Poland,shop,iphone 12 pro,aftermarket-lcd,aftermarket,no,210.0,PLN,https://www.euromarserwis.pl/wymiana-wyswietlacza-ekranu-lcd-w-iphone/2033-wymiana-wyswietlacza-lcd-ekranu-w-iphone-12-12-pro-z-przelutowaniem-ukladu-ic.html
euromarserwis.pl,Poland,shop,iphone 12 pro max,aftermarket-lcd,aftermarket,no,210.0,PLN,https://www.euromarserwis.pl/wymiana-wyswietlacza-ekranu-lcd-w-iphone/2032-wymiana-wyswietlacza-lcd-ekranu-w-iphone-12-pro-max-z-przelutowaniem-ukladu-ic.html
euromarserwis.pl,Poland,shop,iphone 13 pro,aftermarket-lcd,aftermarket,no,220.0,PLN,https://www.euromarserwis.pl/wymiana-wyswietlacza-ekranu-lcd-w-iphone/2363-wymiana-wyswietlacza-lcd-ekranu-w-iphone-13-pro-z-przelutowaniem-ukladu-ic.html
recycletroop.com,Sweden,shop,iphone 12 pro max,unknown,aftermarket,YES,50.0,SEK,https://recycletroop.com/product/iphone-12-pro-max-double-sided-screen-adhesive/
irepart.com,China,shop,iphone x,aftermarket-incell,aftermarket,no,7.86,USD,https://irepart.com/products/iphone-x-lcd-screen-replacement-standard-incell?_pos=10&_sid=b2cfff5fe&_ss=r
mobilesentrix.eu,Germany,shop,iphone 12 pro,original,A,no,218.77,EUR,https://www.mobilesentrix.eu/replacement-parts/apple/iphone-parts/all-iphone-lcds
mobilesentrix.eu,Germany,shop,iphone xs,original,A,no,49.6,EUR,https://www.mobilesentrix.eu/replacement-parts/apple/iphone-parts/all-iphone-lcds
capitalmovil.com.mx,Mexico,shop,iphone 13 pro,unknown,aftermarket,no,350.0,MXN,https://www.capitalmovil.com.mx/products/pantalla-iphone-13-pro-incell-para-cambio-de-ic?_pos=2&_sid=06963837b&_ss=r
twhouse.co.uk,UK,shop,iphone 12 mini,unknown,aftermarket,no,0.5,GBP,https://www.twhouse.co.uk/tempered-glass-screen-protectors/iphone-screen-protectors/tempered-glass-screen-protector-for-iphone-12-mini-5-4-10-pack
iparts-4u.co.uk,UK,shop,iphone 12 pro,refurb,A,YES,59.95,GBP,https://www.iparts-4u.co.uk/for-iphone-12--12-pro-screen-assembly-refurbished
capitalmovil.com.mx,Mexico,shop,iphone 13 pro max,unknown,aftermarket,no,449.0,MXN,https://www.capitalmovil.com.mx/products/pantalla-iphone-13-pro-max-incell-para-cambio-de-ic?_pos=4&_sid=65af8c026&_ss=r
iparts-4u.eu,Ireland,shop,iphone 13 pro max,unknown,aftermarket,no,5.99,EUR,https://www.iparts-4u.eu/for-iphone-13-pro-max-display-screen-adhesive-purple-10-pack?search=iPhone%20Display%20Screen%20Adhesive&description=true
iparts-4u.eu,Ireland,shop,iphone 16e,aftermarket-soft-oled,aftermarket,no,49.99,EUR,https://www.iparts-4u.eu/for-iphone-16e-screen-assembly-soft-oled-ip9
el-telgsm.pl,Poland,shop,iphone 14,aftermarket-incell,aftermarket,no,149.98989,PLN,https://el-telgsm.pl/wyswietlacze-iphone/32802-wyswietlacz-lcd-iphone-14-6-1-full-hd-incell-change-ic-jk-czarny.html
recycletroop.com,Sweden,shop,iphone 13 pro,unknown,aftermarket,YES,50.0,SEK,https://recycletroop.com/product/iphone-13-pro-double-sided-screen-adhesive/
recycletroop.com,Sweden,shop,iphone 13 mini,unknown,aftermarket,YES,50.0,SEK,https://recycletroop.com/product/iphone-13-mini-double-sided-screen-adhesive/
irepart.com,China,shop,iphone 16e,aftermarket-soft-oled,aftermarket,no,70.0,USD,https://irepart.com/products/iphone-16e-screen-assembly-replacement-select-incell?_pos=2&_sid=b2cfff5fe&_ss=r
mobilesentrix.eu,Germany,shop,iphone 16 pro,unknown,aftermarket,no,46.64,EUR,https://www.mobilesentrix.eu/replacement-parts/apple/iphone-parts/all-iphone-lcds
irepart.com,China,shop,iphone 14 pro max,aftermarket-oled,aftermarket,no,69.66,USD,https://irepart.com/products/iphone-14-pro-max-soft-oled-screen-replacement-ultra?_pos=11&_sid=b2cfff5fe&_ss=r
mobilesentrix.eu,Germany,shop,iphone 15 pro max,original,A,no,337.08,EUR,https://www.mobilesentrix.eu/replacement-parts/apple/iphone-parts/all-iphone-lcds
mobilesentrix.eu,Germany,shop,iphone 14 pro max,unknown,aftermarket,no,36.13,EUR,https://www.mobilesentrix.eu/replacement-parts/apple/iphone-parts/all-iphone-lcds
mobilko.sk,SK,shop,iphone 16 plus,aftermarket-incell,aftermarket,no,95.0,,https://www.mobilko.sk/displej-na-iphone/
capitalmovil.com.mx,Mexico,shop,iphone 16 pro,unknown,aftermarket,no,920.0,MXN,https://www.capitalmovil.com.mx/products/pantalla-iphone-16-pro-incell-para-cambio-de-ic?_pos=3&_sid=06963837b&_ss=r
a-parts.com.pl,Poland,shop,iphone 14 pro,aftermarket-incell,aftermarket,no,121.88,PLN,"//www.a-parts.com.pl/wyswietlacz-lcd-ekran-dotykowy-iphone-14-pro-inc,3,27851,40869"
recycletroop.com,Sweden,shop,iphone 11 pro max,unknown,aftermarket,YES,50.0,SEK,https://recycletroop.com/product/iphone-11-pro-max-double-sided-screen-adhesive/
twhouse.co.uk,UK,shop,iphone 11 pro,unknown,aftermarket,no,0.3,GBP,https://www.twhouse.co.uk/tempered-glass-screen-protectors/iphone-screen-protectors/full-glue-tempered-glass-screen-protector-for-iphones-x-xs-11-pro
capitalmovil.com.mx,Mexico,shop,iphone 11 pro max,unknown,aftermarket,no,270.0,MXN,https://www.capitalmovil.com.mx/products/pantalla-iphone-11-pro-max-incell-para-cambio-de-ic?_pos=15&_sid=06963837b&_ss=r
el-telgsm.pl,Poland,shop,iphone 14 pro,aftermarket-incell,aftermarket,no,159.989913,PLN,https://el-telgsm.pl/wyswietlacze-iphone/32805-wyswietlacz-lcd-iphone-14-pro-6-1-full-hd-incell-change-ic-jk-czarny.html
ifixit.com,USA,shop,iphone 16,unknown,aftermarket,no,5.0,USD,https://www.ifixit.com/Parts/iPhone/Screens
mobiiliabi.ee,Estonia,shop,iphone 12 pro max,aftermarket-oled,aftermarket,YES,62.99,EUR,https://mobiiliabi.ee/toode/lcd-screen-for-iphone-12-pro-max-with-touch-screen-premium-oled-removable-ic/
fonefunshop.com,UK,shop,iphone 13 pro,aftermarket-soft-oled,aftermarket,no,215.95,GBP,https://www.fonefunshop.com/collections/iphone-screens
irephone.com,NO,shop,iphone 11,original,A,no,1499.0,,https://no.irephone.com/product-category/iphone/display-assembly/
irephone.com,NO,shop,iphone xs max,aftermarket-incell,aftermarket,no,1999.0,,https://no.irephone.com/product-category/iphone/display-assembly/
euromarserwis.pl,Poland,shop,iphone 13,aftermarket-lcd,aftermarket,no,120.0,PLN,https://www.euromarserwis.pl/wymiana-wyswietlacza-ekranu-lcd-w-iphone/2359-wymiana-wyswietlacza-lcd-ekranu-w-iphone-13.html
mobilesentrix.eu,Germany,shop,iphone 14,aftermarket-incell,aftermarket,no,12.6,EUR,https://www.mobilesentrix.eu/replacement-parts/apple/iphone-parts/all-iphone-lcds
partsfixit.com,USA,shop,iphone 16 plus,aftermarket-oled,aftermarket,no,256.0,USD,https://www.partsfixit.com/apple-spare-parts/iphone-repair-parts
fhrparts.com,France,shop,iphone 13 pro,unknown,aftermarket,no,12.68,EUR,https://fhrparts.com/catalog/category/view/s/iphone-13-13-pro-screen-guards/id/1215/
mobiiliabi.ee,Estonia,shop,iphone 11 pro,aftermarket-oled,aftermarket,YES,66.99,EUR,https://mobiiliabi.ee/toode/lcd-screen-for-iphone-11-pro-with-touch-screen-premium-oled-removable-ic/
discountcell.com,USA,shop,iphone 15,unknown,aftermarket,no,59.99,USD,https://www.discountcell.com/
euromarserwis.pl,Poland,shop,iphone 14 plus,aftermarket-lcd,aftermarket,no,220.0,PLN,https://www.euromarserwis.pl/wymiana-wyswietlacza-ekranu-lcd-w-iphone/2750-wymiana-wyswietlacza-lcd-ekranu-w-iphone-14-plus-z-przelutowaniem-ukladu-ic.html
irepart.com,China,shop,iphone 16 plus,aftermarket-oled,aftermarket,no,85.76,USD,https://irepart.com/products/iphone-16-plus-oled-screen-replacement-repart-ultra-soft-amoled-display?variant=43144980037841
irepart.com,China,shop,iphone 15 plus,aftermarket-oled,aftermarket,no,85.76,USD,https://irepart.com/products/iphone-15-plus-oled-screen-replacement-repart-ultra-soft-amoled-display?_pos=13&_sid=b2cfff5fe&_ss=r
mobilesentrix.eu,Germany,shop,iphone 16,aftermarket-incell,aftermarket,no,12.26,EUR,https://www.mobilesentrix.eu/replacement-parts/apple/iphone-parts/all-iphone-lcds
recycletroop.com,Sweden,shop,iphone 12 pro,unknown,aftermarket,YES,50.0,SEK,https://recycletroop.com/product/iphone-12-pro-double-sided-screen-adhesive/
recycletroop.com,Sweden,shop,iphone 12,unknown,aftermarket,YES,50.0,SEK,https://recycletroop.com/product/iphone-12-double-sided-screen-adhesive/
mobilesentrix.eu,Germany,shop,iphone 13 mini,aftermarket-lcd,aftermarket,no,28.47,EUR,https://www.mobilesentrix.eu/replacement-parts/apple/iphone-parts/all-iphone-lcds
mobilesentrix.eu,Germany,shop,iphone xs max,refurb,A,no,43.0,EUR,https://www.mobilesentrix.eu/replacement-parts/apple/iphone-parts/all-iphone-lcds
mobilesentrix.eu,Germany,shop,iphone x,aftermarket-incell,aftermarket,no,9.37,EUR,https://www.mobilesentrix.eu/replacement-parts/apple/iphone-parts/all-iphone-lcds
capitalmovil.com.mx,Mexico,shop,iphone 15,unknown,aftermarket,no,1040.0,MXN,https://www.capitalmovil.com.mx/products/hzyoo-pantalla-para-iphone-15-para-cambio-de-ic?_pos=8&_sid=06963837b&_ss=r
twhouse.co.uk,UK,shop,iphone xs max,unknown,aftermarket,no,0.15,GBP,https://www.twhouse.co.uk/full-glue-6d-tempered-glass-for-iphone-xs-max-11-pro-max-6-5-black
twhouse.co.uk,UK,shop,iphone 14 pro max,unknown,aftermarket,no,0.25,GBP,https://www.twhouse.co.uk/tempered-glass-screen-protectors/camera-lens-protector-for-iphone/camera-lens-glass-screen-protector-for-iphone-14-pro-max-6-7
iparts-4u.co.uk,UK,shop,iphone 13,refurb,A,YES,71.99,GBP,https://www.iparts-4u.co.uk/for-iphone-13-screen-assembly-oled-refurbished
iparts-4u.co.uk,UK,shop,iphone xs,refurb,A,YES,47.95,GBP,https://www.iparts-4u.co.uk/for-iphone-xs-screen-assembly-oled-black-refurbished
capitalmovil.com.mx,Mexico,shop,iphone 15 plus,unknown,aftermarket,no,349.0,MXN,https://www.capitalmovil.com.mx/products/pantalla-iphone-15-plus-incell?_pos=19&_sid=06963837b&_ss=r
ishine-trade.com,UK,shop,iphone 16 pro max,aftermarket-incell,aftermarket,no,34.58,GBP,https://ishine-trade.com/product/jk-incell-apple-iphone-16-pro-max-lcd-module-display-and-touch-screen-digitizer-assembly/
preciosadictos.com,Spain,shop,iphone 15,unknown,aftermarket,no,48.39,EUR,https://www.preciosadictos.com/pantalla-para-iphone-15-bf8-p-52568.html
iparts-4u.eu,Ireland,shop,iphone 15 pro max,unknown,aftermarket,no,5.99,EUR,https://www.iparts-4u.eu/for-iphone-15-pro-max-display-screen-adhesive-10-pack?search=iPhone%20Display%20Screen%20Adhesive&description=true
fhrparts.com,France,shop,iphone 13 mini,unknown,aftermarket,no,135.0,EUR,https://fhrparts.com/apple/iphone-reservdelar/iphone-13-mini/iphone-13-mini-skarmar.html
capitalmovil.com.mx,Mexico,shop,iphone 13 pro,unknown,aftermarket,no,1070.0,MXN,https://www.capitalmovil.com.mx/products/hzyoo-pantalla-para-iphone-13-pro-para-cambio-de-ic?_pos=5&_sid=65af8c026&_ss=r
bukuwireless.com,USA,shop,iphone 15,aftermarket-incell,aftermarket,no,29.9,USD,https://www.bukuwireless.com/iphone-15-screen-premium-incell
iparts-4u.eu,Ireland,shop,iphone 16 plus,unknown,aftermarket,no,5.99,EUR,https://www.iparts-4u.eu/for-iphone-16-plus-display-screen-adhesive-clear-10-pack?search=iPhone%20Display%20Screen%20Adhesive&description=true
phonelcdparts.com,USA,shop,iphone 12 pro,aftermarket-incell,aftermarket,no,16.0,USD,https://www.phonelcdparts.com/iphone-12-12-pro-lcd-assembly-incell-qv7-12p-qv7-inc
capitalmovil.com.mx,Mexico,shop,iphone 15 pro max,unknown,aftermarket,no,1070.0,MXN,https://www.capitalmovil.com.mx/products/hzyoo-pantalla-para-iphone-15-pro-max-para-cambio-de-ic?_pos=23&_sid=65af8c026&_ss=r
bukuwireless.com,USA,shop,iphone 11,aftermarket-lcd,aftermarket,no,26.9,USD,https://www.bukuwireless.com/iphone-11-lcd-screen-oem
bukuwireless.com,USA,shop,iphone 14 pro,unknown,aftermarket,no,328.9,USD,https://www.bukuwireless.com/iphone-14-pro-screen-oem-service-pack
preciosadictos.com,Spain,shop,iphone 16 pro max,unknown,aftermarket,no,68.96000000000001,EUR,https://www.preciosadictos.com/pantalla-para-iphone-16-pro-max-bf8-p-62256.html
teevo.com,China,shop,iphone 13 pro,aftermarket-lcd,aftermarket,no,32.18,USD,https://www.teevo.com/products/1562905?_pos=1&_sid=d728f2a2e&_ss=r
teevo.com,China,shop,iphone 15 pro max,aftermarket-lcd,aftermarket,no,63.62,USD,https://www.teevo.com/products/1562910?_pos=7&_sid=d728f2a2e&_ss=r
preciosadictos.com,Spain,shop,iphone 12 mini,unknown,aftermarket,no,44.76,EUR,https://www.preciosadictos.com/pantalla-para-iphone-12-mini-bf8-p-27052.html
sparepart.dk,Denmark,shop,iphone 12 pro,aftermarket-incell,aftermarket,YES,199.0,DKK,https://sparepart.dk/iphone-skaerme-102381/iphone-12-12-pro-skaerm-incell-lcd-jk-high-quality-p18120
preciosadictos.com,Spain,shop,iphone 14 pro max,unknown,aftermarket,no,55.65,EUR,https://www.preciosadictos.com/pantalla-para-iphone-14-pro-max-bf8-p-54057.html
lltrader.com,China,shop,iphone 13,aftermarket-lcd,aftermarket,no,19.99,USD,https://www.lltrader.com/products/iphone-13-screen-replacement-lcd-display-touch-digitizer-assembly?_pos=2&_sid=4a3084294&_ss=r
lltrader.com,China,shop,iphone 11,aftermarket-lcd,aftermarket,no,14.99,USD,https://www.lltrader.com/products/iphone-11-screen-replacement-lcd-display-assembly?_pos=1&_sid=4a3084294&_ss=r
ifixshop.fr,France,shop,iphone 14 pro,aftermarket-hard-oled,aftermarket,no,64.9,EUR,https://www.ifixshop.fr/
preciosadictos.com,Spain,shop,iphone 12,unknown,aftermarket,no,33.87,EUR,https://www.preciosadictos.com/pantalla-para-iphone-12-12-pro-jk-p-64686.html
screen-stocks.com,USA,shop,iphone 14 plus,aftermarket-oled,aftermarket,no,16.53,EUR,https://screen-stocks.com/bulk-iphone-14-plus-oled-screen-replacement-factory-direct-wholesale/
repuestostic.com,Spain,shop,iphone 14,aftermarket-incell,aftermarket,no,20.95,EUR,https://www.repuestostic.com/en/spare-parts-iphone-14-repair/21749-pantalla-iphone-14-incell.html
dacein.de,Germany,shop,iphone 11,unknown,aftermarket,no,18.0,EUR,https://www.dacein.de/en
parts-store.pl,Poland,shop,iphone 14 plus,aftermarket-lcd,aftermarket,no,849.99,PLN,https://parts-store.pl/pol_m_Wyswietlacze_Wyswietlacze-iPhone-524.html
m9parts.pl,Poland,shop,iphone 13 pro,original,A,no,251.22,PLN,https://m9parts.pl/
ifixshop.fr,France,shop,iphone 14,unknown,aftermarket,no,44.9,EUR,https://www.ifixshop.fr/
parts-store.pl,Poland,shop,iphone 16,aftermarket-lcd,aftermarket,no,799.0,PLN,https://parts-store.pl/pol_m_Wyswietlacze_Wyswietlacze-iPhone-524.html
teknikdele.dk,Denmark,shop,iphone 11,aftermarket-lcd,aftermarket,no,29.0,DKK,https://www.teknikdele.dk/kategori/mobilreservdelar/iphone
mytrendyphone.eu,Denmark,shop,iphone 15,aftermarket-lcd,aftermarket,YES,154.3,DKK,https://www.mytrendyphone.eu/shop/iphone-spares-38278s1.html
ifixshop.fr,France,shop,iphone 14,unknown,aftermarket,no,49.9,EUR,https://www.ifixshop.fr/
meintrendyhandy.de,Germany,shop,iphone 14,unknown,aftermarket,YES,68.8,EUR,https://www.meintrendyhandy.de/shop/old-iphone-14-kameramodul-310707p.html
reparatur-werk.com,Germany,shop,iphone 11,unknown,aftermarket,no,34.9,EUR,https://www.reparatur-werk.com/p/iphone-11-display-reparaturset
fixshop.at,Austria,shop,iphone 12 mini,unknown,aftermarket,no,4.86,EUR,https://fixshop.at/
ilevante.com,Spain,shop,iphone 13 pro,unknown,aftermarket,no,22.99,EUR,https://www.ilevante.com/pantalla-completa-para-iphone-13-pro#mas-tips-divertidos-para-mantener-tu-pantalla-iphone-13-pro-en-forma
thescreensurgery.com,UK,shop,iphone 14,aftermarket-soft-oled,aftermarket,no,47.95,GBP,https://thescreensurgery.com/products/for-iphone-14-value-soft-oled
iphoneweb.es,Spain,shop,iphone 12,unknown,aftermarket,no,20.99,EUR,https://iphoneweb.es/
repar-iphone.fr,France,shop,iphone 13,unknown,aftermarket,no,69.95,EUR,https://www.repar-iphone.fr/reparation-iphone-paris/878-remplacement-ecran-iphone-13.html
netfix.tech,Italy,shop,iphone 15 pro,aftermarket-oled,aftermarket,no,405.0,EUR,https://www.netfix.tech/servizi/riparazione-schermo
netfix.tech,Italy,shop,iphone 13 pro max,aftermarket-oled,aftermarket,no,339.0,EUR,https://www.netfix.tech/servizi/riparazione-schermo
mdparts.com.au,Australia,shop,iphone 12 mini,unknown,aftermarket,no,3.85,AUD,https://mdparts.com.au/products/privacy-iphone-tempered-glass-screen-protector?variant=53528730534182
ch-ios.ro,Romania,shop,iphone 16 plus,refurb,A,YES,950.0,RON,https://www.ch-ios.ro/display-uri-si-touchscreen-iphone/display-cu-touchscreen-și-ramă-iphone-16-plus-original-reconditionat.html
ch-ios.ro,Romania,shop,iphone 13 pro,refurb,A,YES,570.0,RON,https://www.ch-ios.ro/display-uri-si-touchscreen-iphone/display-cu-touchscreen-și-ramă-iphone-13-pro-oled-original-reconditionat.html
mytrendyphone.eu,Denmark,shop,iphone 12 pro max,aftermarket-lcd,aftermarket,YES,6.3,DKK,https://www.mytrendyphone.eu/shop/iphone-spares-38278s1.html
mytrendyphone.eu,Denmark,shop,iphone 14 pro max,unknown,aftermarket,YES,56.0,DKK,https://www.mytrendyphone.eu/shop/iphone-spares-38278s1.html
meintrendyhandy.de,Germany,shop,iphone 16,aftermarket-lcd,aftermarket,YES,255.1,EUR,https://www.meintrendyhandy.de/shop/iphone-16-lcd-display-original-qualitat-344277p.html
ilevante.com,Spain,shop,iphone 11,unknown,aftermarket,no,26.5,EUR,https://www.ilevante.com/pantalla-completa-para-iphone-11#quieres-cambiar-el-iphone-11-pantalla
reparatur-werk.com,Germany,shop,iphone 13 pro,unknown,aftermarket,no,149.9,EUR,https://www.reparatur-werk.com/p/iphone-13-pro-display-reparaturset
ilevante.com,Spain,shop,iphone 13 pro,unknown,aftermarket,no,22.99,EUR,https://www.ilevante.com/pantalla-completa-para-iphone-13-pro#senales-de-que-tu-pantalla-iphone-13-pro-necesita-un-cambio-urgente
phonepartner.fr,France,shop,iphone 12 pro max,unknown,aftermarket,no,13.0,EUR,https://phonepartner.fr/10-pieces-detachees-iphone
ioutlet.pt,Portugal,shop,iphone 12,unknown,aftermarket,no,380.0,EUR,https://ioutlet.pt/substituicao-e-reparacao-do-ecra-do-iphone/
thescreensurgery.com,UK,shop,iphone 11 pro,aftermarket-lcd,aftermarket,no,20.95,GBP,https://thescreensurgery.com/products/iphone-11-pro-value-lcd-tft
thescreensurgery.com,UK,shop,iphone 15 pro max,aftermarket-soft-oled,aftermarket,no,59.95,GBP,https://thescreensurgery.com/products/for-iphone-15-pro-max-tx-pro-soft-oled?_pos=7&_sid=219c6541c&_ss=r
ch-ios.ro,Romania,shop,iphone 16 pro max,refurb,A,YES,1435.0,RON,https://www.ch-ios.ro/display-uri-si-touchscreen-iphone/display-cu-touchscreen-și-ramă-iphone-16-pro-max-original-reconditionat.html
touchscreen.bg,Bulgaria,shop,iphone x,unknown,aftermarket,no,110.0,BGN,https://touchscreen.bg/komplekt-tach-s-ekran/komplekt-tach-s-ekran-apple
teknikdelar.se,Sweden,shop,iphone 13,aftermarket-lcd,aftermarket,no,49.0,SEK,https://www.teknikdelar.se/kategori/mobilreservdelar/iphone-reservdelar
24.se,Sweden,shop,iphone 15,unknown,aftermarket,no,299.0,SEK,https://www.24.se/mobiltillbehor/reservdelar/apple
phone-parts.dk,Denmark,shop,iphone 15 plus,unknown,aftermarket,no,8.95,DKK,https://www.phone-parts.dk/skaerme/iphone-skaerme.html
teknikkdeler.no,Norway,shop,iphone 13,unknown,aftermarket,no,159.0,NOK,https://www.teknikkdeler.no/reservedeler-apple/
repuestostic.com,Spain,shop,iphone x,unknown,aftermarket,no,99.0,EUR,https://www.repuestostic.com/es/reparar-iphone-x/6896-reparacion-pantalla-iphone-x.html
mytrendyphone.eu,Denmark,shop,iphone 12 mini,aftermarket-lcd,aftermarket,YES,16.5,DKK,https://www.mytrendyphone.eu/shop/iphone-spares-38278s1.html
meintrendyhandy.de,Germany,shop,iphone 11,unknown,aftermarket,YES,7.5,EUR,https://www.meintrendyhandy.de/shop/iphone-11-sim-karten-halter-259829p.html
meintrendyhandy.de,Germany,shop,iphone 13 pro,aftermarket-lcd,aftermarket,YES,38.2,EUR,https://www.meintrendyhandy.de/shop/iphone-13-pro-lcd-display-grad-a-354076p.html
ilevante.com,Spain,shop,iphone 11,unknown,aftermarket,no,15.53,EUR,https://www.ilevante.com/pantalla-para-iphone-11-incell
phonexpertpieces.com,France,shop,iphone 13,unknown,aftermarket,no,34.9,EUR,https://www.phonexpertpieces.com/toutes-nos-prestations-1
ilevante.com,Spain,shop,iphone 13 pro,unknown,aftermarket,no,22.99,EUR,https://www.ilevante.com/pantalla-completa-para-iphone-13-pro#guia-paso-a-paso-como-cambiar-la-pantalla-de-tu-iphone-13-pro
purplee.pt,Portugal,shop,iphone 16 pro max,unknown,aftermarket,no,899.9,EUR,https://purplee.pt/
thescreensurgery.com,UK,shop,iphone 15,aftermarket-soft-oled,aftermarket,no,53.95,GBP,https://thescreensurgery.com/products/for-iphone-15-value-soft-oled?_pos=10&_sid=219c6541c&_ss=r
mdparts.com.au,Australia,shop,iphone 15 pro max,unknown,aftermarket,no,3.85,AUD,https://mdparts.com.au/products/privacy-iphone-tempered-glass-screen-protector?variant=53528730698022
g-sp.se,Sweden,shop,iphone 15,unknown,aftermarket,YES,179.0,SEK,https://www.g-sp.se/privat/rv-battery-iphone-15-3349mah-premium.html
mobilverkstedet.no,Norway,shop,iphone 15 pro max,unknown,aftermarket,no,349.0,NOK,https://mobilverkstedet.no/produktkategori/deler/iphone-deler/
mdparts.com.au,Australia,shop,iphone 16,unknown,aftermarket,no,1.98,AUD,https://mdparts.com.au/products/g12-premium-iphone-tempered-glass-screen-protector?variant=53528729911590
puhelinshop.fi,Finland,shop,iphone 11,aftermarket-incell,aftermarket,no,21.99,EUR,https://www.puhelinshop.fi/category/9/apple
witrigs.com,China,shop,iphone 11 pro,unknown,aftermarket,no,65.0,USD,https://witrigs.com/en-fi/products/oem-screen-replacement-for-apple-iphone-11-pro?_pos=4&_sid=13c59c92d&_ss=r
mobilesentrix.co.uk,UK,shop,iphone 16 pro,unknown,aftermarket,no,63.23,GBP,https://www.mobilesentrix.co.uk/replacement-parts/apple/iphone-parts/all-iphone-lcds
iparts-4u.co.uk,UK,shop,iphone 16 plus,aftermarket-soft-oled,aftermarket,YES,59.99,GBP,https://www.iparts-4u.co.uk/for-iphone-16-plus-screen-assembly-soft-oled-ip9
mobilesentrix.co.uk,UK,shop,iphone 14 pro max,original,A,no,307.54,GBP,https://www.mobilesentrix.co.uk/replacement-parts/apple/iphone-parts/all-iphone-lcds
ilevante.com,Spain,shop,iphone 15 pro max,unknown,aftermarket,no,33.9,EUR,https://www.ilevante.com/pantalla-completa-para-iphone-15-pro-max
fixshop.at,Austria,shop,iphone 11,unknown,aftermarket,no,19.49,EUR,https://fixshop.at/
ifixshop.fr,France,shop,iphone 13 pro,unknown,aftermarket,no,109.9,EUR,https://www.ifixshop.fr/
iphoneweb.es,Spain,shop,iphone 11,unknown,aftermarket,no,15.99,EUR,https://iphoneweb.es/
thescreensurgery.com,UK,shop,iphone 11 pro max,aftermarket-lcd,aftermarket,no,21.95,GBP,https://thescreensurgery.com/products/iphone-11-pro-max-value-lcd-tft
thescreensurgery.com,UK,shop,iphone 13,aftermarket-lcd,aftermarket,no,21.95,GBP,https://thescreensurgery.com/products/for-iphone-13-value-lcd?_pos=3&_sid=219c6541c&_ss=r
ch-ios.ro,Romania,shop,iphone 14 plus,aftermarket-soft-oled,aftermarket,YES,330.0,RON,https://www.ch-ios.ro/display-uri-si-touchscreen-iphone/display-cu-touchscreen-și-ramă-iphone-14-plus.html
celo.ro,Romania,shop,iphone 12 pro,aftermarket-soft-oled,aftermarket,YES,269.0,RON,https://www.celo.ro/display-iphone/display-soft-oled-iphone-12-12-pro-120hz-diagnostic-recunoscut-de-ios-garantie-12-luni.html
touchscreen.bg,Bulgaria,shop,iphone 13,unknown,aftermarket,no,190.0,BGN,https://touchscreen.bg/komplekt-tach-s-ekran/komplekt-tach-s-ekran-apple
g-sp.se,Sweden,shop,iphone xr,unknown,aftermarket,YES,149.0,SEK,https://www.g-sp.se/privat/rv-battery-iphone-xr-2950mah-premium.html
mdparts.com.au,Australia,shop,iphone 16 pro max,unknown,aftermarket,no,3.19,AUD,https://mdparts.com.au/products/privacy-iphone-tempered-glass-screen-protector?variant=53528730796326
phone-parts.dk,Denmark,shop,iphone 16 pro,unknown,aftermarket,no,8.95,DKK,https://www.phone-parts.dk/skaerme/iphone-skaerme.html
24hshop.fi,Finland,shop,iphone 12 pro max,aftermarket-lcd,aftermarket,no,24.9,EUR,https://www.24hshop.fi/puhelintarvikkeet/varaosat/iphone/
mdparts.com.au,Australia,shop,iphone 11 pro max,unknown,aftermarket,no,1.09,AUD,https://mdparts.com.au/products/g10-iphone-tempered-glass-screen-protector?variant=53528728273190
vapaakauppa.net,Finland,shop,iphone 15 pro,unknown,aftermarket,no,39.95,EUR,https://www.vapaakauppa.net/mobiilituotteet/naytto-varaosat/naytot-iphone.html
telo24.ee,Estonia,shop,iphone 11,unknown,aftermarket,no,99.0,EUR,https://telo24.ee/iphone-ekraani-vahetus/
motivs.lv,Latvia,shop,iphone 12,aftermarket-incell,aftermarket,no,32.4,EUR,https://motivs.lv/en/lcd-screens-displays
touchscreen.bg,Bulgaria,shop,iphone xr,unknown,aftermarket,no,179.0,BGN,https://touchscreen.bg/komplekt-tach-s-ekran/komplekt-tach-s-ekran-apple
mdparts.com.au,Australia,shop,iphone 11 pro max,unknown,aftermarket,no,3.85,AUD,https://mdparts.com.au/products/privacy-iphone-tempered-glass-screen-protector?variant=53528731025702
tekniikkaosat.fi,Finland,shop,iphone 12,unknown,aftermarket,no,15.05,EUR,https://www.tekniikkaosat.fi/kategoria/mobiilivaraosat/iphone
mobilesentrix.co.uk,UK,shop,iphone 14,aftermarket-oled,aftermarket,no,35.47,GBP,https://www.mobilesentrix.co.uk/replacement-parts/apple/iphone-parts/all-iphone-lcds
mdparts.com.au,Australia,shop,iphone 15 pro,unknown,aftermarket,no,1.98,AUD,https://mdparts.com.au/products/g12-premium-iphone-tempered-glass-screen-protector?variant=53528729977126
puhelinshop.fi,Finland,shop,iphone 13,unknown,aftermarket,no,29.99,EUR,https://www.puhelinshop.fi/category/9/apple
mobiilitukku.fi,Finland,shop,iphone xs,aftermarket-oled,aftermarket,no,54.99,EUR,https://mobiilitukku.fi/varaosat/apple-naytot-ja-varaosat
witrigs.com,China,shop,iphone 11,unknown,aftermarket,no,35.0,USD,https://witrigs.com/en-fi/products/oem-screen-replacement-for-apple-iphone-11?_pos=1&_sid=13c59c92d&_ss=r
pulledparts.co.uk,UK,shop,iphone xs max,refurb,A,no,55.0,GBP,https://pulledparts.co.uk/product/apple-iphone-xs-max-lcd-display-refurbished-original/
mobitelas.lt,Lithuania,shop,iphone xr,aftermarket-incell,aftermarket,no,14.99,EUR,https://mobitelas.lt/c/ekranas-apple-iphone-xr-su-lietimui-jautriu-stikliuku-incell-hd720p_6974691/
mobitelas.lt,Lithuania,shop,iphone 15,aftermarket-incell,aftermarket,no,28.99,EUR,https://mobitelas.lt/c/ekranas-apple-iphone-15-su-lietimui-jautriu-stikliuku-zy-incell-ltps-premium-removable-ic_6964681/
mobilesentrix.co.uk,UK,shop,iphone 16,aftermarket-incell,aftermarket,no,17.75,GBP,https://www.mobilesentrix.co.uk/replacement-parts/apple/iphone-parts/all-iphone-lcds
mobilesentrix.co.uk,UK,shop,iphone 16,original,A,no,212.26,GBP,https://www.mobilesentrix.co.uk/replacement-parts/apple/iphone-parts/all-iphone-lcds
mobilesentrix.co.uk,UK,shop,iphone 13 pro max,refurb,A,no,92.42,GBP,https://www.mobilesentrix.co.uk/replacement-parts/apple/iphone-parts/all-iphone-lcds
witrigs.com,China,shop,iphone 13 pro,unknown,aftermarket,no,129.0,USD,https://witrigs.com/en-fi/products/oem-screen-replacement-for-iphone-13-pro?_pos=9&_sid=13c59c92d&_ss=r
ishine-trade.com,UK,shop,iphone 11 pro max,aftermarket-incell,aftermarket,no,13.83,GBP,https://ishine-trade.com/product/jk-incell-apple-iphone-11-pro-max-lcd-module-display-and-touch-screen-digitizer-assembly/
mobilesentrix.co.uk,UK,shop,iphone 14,original,A,no,225.52,GBP,https://www.mobilesentrix.co.uk/replacement-parts/apple/iphone-parts/all-iphone-lcds
mobilesentrix.co.uk,UK,shop,iphone 12 pro max,aftermarket-incell,aftermarket,no,18.61,GBP,https://www.mobilesentrix.co.uk/replacement-parts/apple/iphone-parts/all-iphone-lcds
mobilesentrix.co.uk,UK,shop,iphone 12 pro max,unknown,aftermarket,no,36.25,GBP,https://www.mobilesentrix.co.uk/replacement-parts/apple/iphone-parts/all-iphone-lcds
teevo.com,China,shop,iphone 14 pro,aftermarket-hard-oled,aftermarket,no,31.8,USD,https://www.teevo.com/products/1563133?_pos=11&_sid=e42fb8b4b&_ss=r
mobilesentrix.co.uk,UK,shop,iphone 11 pro max,unknown,aftermarket,no,30.26,GBP,https://www.mobilesentrix.co.uk/replacement-parts/apple/iphone-parts/all-iphone-lcds
teevo.com,China,shop,iphone 15 pro max,aftermarket-lcd,aftermarket,no,63.62,USD,https://www.teevo.com/products/1562910?_pos=12&_sid=e42fb8b4b&_ss=r
expresstech.ie,Ireland,shop,iphone 16 pro,unknown,aftermarket,no,119.0,EUR,https://www.expresstech.ie/collections/iphone-screen-repair-replacement
expresstech.ie,Ireland,shop,iphone 15 pro max,unknown,aftermarket,no,149.0,EUR,https://www.expresstech.ie/collections/iphone-screen-repair-replacement
lltrader.com,China,shop,iphone 16 pro max,aftermarket-lcd,aftermarket,no,64.99,GBP,https://www.lltrader.com/products/iphone-16-pro-max-screen-replacement-lcd-display-touch-digitizer-assembly
unlockr.ca,Canada,shop,iphone xr,unknown,aftermarket,no,27.99,CAD,https://unlockr.ca/collections/iphone-repair-parts
lltrader.com,China,shop,iphone 11,aftermarket-lcd,aftermarket,no,14.99,USD,https://www.lltrader.com/products/iphone-11-screen-replacement-lcd-display-assembly?_pos=1&_sid=39dab29fd&_ss=r
canadiancellparts.com,Canada,shop,iphone x,aftermarket-oled,aftermarket,no,80.0,CAD,https://www.canadiancellparts.com/all-iphone-lcds/
canadiancellparts.com,Canada,shop,iphone xs max,aftermarket-incell,aftermarket,no,35.0,CAD,https://www.canadiancellparts.com/all-iphone-lcds/
canadiancellparts.com,Canada,shop,iphone 14 pro max,unknown,aftermarket,no,25.0,CAD,https://www.canadiancellparts.com/all-iphone-lcds/
wigento.de,Germany,shop,iphone 13,unknown,aftermarket,YES,3.25,EUR,https://www.wigento.de/ersatzteile/smartphone/apple/
lltrader.com,China,shop,iphone 13,aftermarket-lcd,aftermarket,no,19.99,USD,https://www.lltrader.com/products/iphone-13-screen-replacement-lcd-display-touch-digitizer-assembly?_pos=2&_sid=39dab29fd&_ss=r
wigento.de,Germany,shop,iphone 12,unknown,aftermarket,YES,2.95,EUR,https://www.wigento.de/ersatzteile/smartphone/apple/
lltrader.com,China,shop,iphone x,aftermarket-lcd,aftermarket,no,13.99,USD,https://www.lltrader.com/collections/for-iphone-lcd-screen-replacement/products/iphone-x-screen-replacement-display-assembly
24hshop.fr,France,shop,iphone 11 pro,aftermarket-incell,aftermarket,no,35.98,EUR,https://24hshop.fr/verre-tactile-ecran-complet-iphone-11-pro-a2217-incell-qualite-hdr-premium-reparation-smartphone-affichage-lcd-retina-58-in-2494.html
24hshop.fr,France,shop,iphone 11 pro,aftermarket-incell,aftermarket,no,35.98,EUR,https://24hshop.fr/hdr-premium-verre-tactile-iphone-11-pro-itrucolor-incell-qualite-lcd-smartphone-touch-reparation-ecran-hd-super-retina-58-inch-2197.html
a-parts.com.pl,Poland,shop,iphone 14,aftermarket-incell,aftermarket,no,102.75,PLN,"//www.a-parts.com.pl/wyswietlacz-lcd-ekran-dotykowy-iphone-14-incell,3,27849,40867"
parts-store.pl,Poland,shop,iphone 14 pro,aftermarket-soft-oled,aftermarket,no,359.0,PLN,https://parts-store.pl/product-pol-5231-Wyswietlacz-Ekran-Soft-OLED-Programowalny-LCD-do-Apple-iPhone-14-Pro-120Hz.html
mytrendyphone.eu,Denmark,shop,iphone 12 pro,unknown,aftermarket,YES,21.6,DKK,https://www.mytrendyphone.eu/shop/panzerglass-iphone-12-12-pro-tempered-glass-screen-protector-262768p.html
componentidigitali.com,Italy,shop,iphone 12 pro max,aftermarket-soft-oled,aftermarket,no,48.4,EUR,https://www.componentidigitali.com/it/componenti-digitali-home-page/ricambi-per-cellulari-tablet/ricambi-per-apple-iphone/iphone-12-pro-max/display-lcd-per-iphone-12-pro-max-soft-oled-gx-ic-intercambiabile-.1.39.709.gp.34159.uw
parts-store.pl,Poland,shop,iphone 14,aftermarket-lcd,aftermarket,no,359.9,PLN,https://parts-store.pl/product-pol-4522-Oryginalny-wyswietlacz-LCD-do-Apple-iPhone-14-Wymieniona-szybka-BEZ-IC.html
gjirafa50.al,Albania,shop,iphone 16 pro max,unknown,aftermarket,no,2090.0,,https://gjirafa50.al/mbrojtes-ekrani-mobile-origin-2-cope-per-iphone-16-pro-max-xham-9h-transparent
repairpartsusa.com,USA,shop,iphone 13,aftermarket-incell,aftermarket,no,21.59,USD,https://repairpartsusa.com/products/iphone-13-grade-a-incell-lcd-and-digitizer-glass-screen-replacement-with-back-plate?_pos=8&_sid=80aad75e7&_ss=r
gsmparts.bg,Bulgaria,shop,iphone 15 pro max,aftermarket-incell,aftermarket,no,195.0,BGN,https://www.gsmparts.bg/index.php?route=product/search&tag=Дисплей + Тъч Скрийн за iPhone 15 Pro Max - (GX-YK) - inCell HD+
ab-mobiteli.com,Croatia,shop,iphone x,refurb,A,no,120.0,EUR,https://ab-mobiteli.com/products/apple-iphone-x-lcd-touch-repariran-original?_pos=9&_sid=33c5b9a4a&_ss=r
alphamobile.eu,Bulgaria,shop,iphone 14 pro max,unknown,aftermarket,no,19.94,BGN,http://www.alphamobile.eu/instrimenti-gsm/lcd-display-repair/iphone-display-frame/front-lcd-frame-bezel-iphone-14-pro-max
servisnidily.cz,Czechia,shop,iphone 12 pro,aftermarket-soft-oled,aftermarket,YES,1406.0,CZK,https://www.servisnidily.cz/Servisni-dily/iPhone-12-12-Pro-LCD-displej-dotykove-sklo-REPART-Soft-OLED
lltrader.com,China,shop,iphone 12 pro,aftermarket-lcd,aftermarket,no,15.99,USD,https://www.lltrader.com/collections/for-iphone-lcd-screen-replacement/products/iphone-12-12-pro-screen-replacement-lcd-display-touch-digitizer-assembly
4repair.pl,Poland,shop,iphone 15 pro,aftermarket-soft-oled,aftermarket,no,682.49,PLN,https://4repair.pl/zamiennik-apl-wyswietlacz-soft-oled-apple-iphone-15-pro-run-diagnostic-original-size-bez-komunikatu-p-2970.html
a-parts.com.pl,Poland,shop,iphone 12 pro,aftermarket-incell,aftermarket,no,95.12,PLN,"//www.a-parts.com.pl/wyswietlacz-lcd-ekran-dotykowy-iphone-12-12-in,3,27865,40862"
parts-store.pl,Poland,shop,iphone 16 pro max,unknown,aftermarket,no,1399.0,PLN,https://parts-store.pl/product-pol-5119-Oryginalny-wyswietlacz-do-Apple-iPhone-16-Pro-Max-Wymieniona-szybka-BEZ-IC-120Hz.html
parts-store.pl,Poland,shop,iphone 16 pro,aftermarket-lcd,aftermarket,no,1299.0,PLN,https://parts-store.pl/product-pol-5116-Oryginalny-wyswietlacz-LCD-do-Apple-iPhone-16-Pro-Wymieniona-szybka-BEZ-IC-120Hz.html
wigento.de,Germany,shop,iphone 12 mini,unknown,aftermarket,YES,8.25,EUR,https://www.wigento.de/ersatzteile/smartphone/apple/
cdx.de,Germany,shop,iphone 12 pro,aftermarket-oled,aftermarket,YES,89.0,EUR,https://www.cdx.de/store/products/IPHONE-REPARATUR/IPHONE-DISPLAY-REPARATUR/iPhone-12-12-Pro-Display-Reparatur-Black-HighCopy-OLED.html
alphamobile.eu,Bulgaria,shop,iphone 13 mini,unknown,aftermarket,no,79.0,BGN,http://www.alphamobile.eu/instrimenti-gsm/lcd-display-repair/iphone-display-frame/front-lcd-frame-bezel-iphone-13-mini
handywerk.de,Germany,shop,iphone 11,unknown,aftermarket,no,69.99,EUR,https://shop.handywerk.de/
mytrendyphone.eu,Denmark,shop,iphone 12 pro,unknown,aftermarket,YES,15.2,DKK,https://www.mytrendyphone.eu/shop/old-nillkin-amazing-cp-plus-pro-iphone-12-pro-tempered-glass-screen-protector-260827p.html
mobiiliabi.ee,Estonia,shop,iphone 14 pro,aftermarket-oled,aftermarket,YES,59.99,EUR,https://mobiiliabi.ee/toode/lcd-screen-for-iphone-14-pro-with-touch-screen-oled-removable-ic/
mytrendyphone.eu,Denmark,shop,iphone 11,unknown,aftermarket,YES,8.8,DKK,https://www.mytrendyphone.eu/shop/saii-3d-premium-iphone-11-tempered-glass-screen-protector-247538p.html
horepa.fr,France,shop,iphone 13,refurb,A,no,86.904001,EUR,https://horepa.fr/fr/ecran-iphone-13-oem-refurb.html
iphoneersatzteileshop.de,Germany,shop,iphone 11,aftermarket-lcd,aftermarket,no,33.9,EUR,https://www.iphoneersatzteileshop.de/iPhone-11-Display-Reparaturset
iphoneersatzteileshop.de,Germany,shop,iphone 16 pro,aftermarket-hard-oled,aftermarket,no,129.9,EUR,https://www.iphoneersatzteileshop.de/iPhone-16-Pro-Hard-OLED-Display-Reparaturset
reparatur-werk.com,Germany,shop,iphone 13 pro max,unknown,aftermarket,no,139.9,EUR,https://www.reparatur-werk.com/p/iphone-13-pro-max-display-aftermarket-reparaturset
amdetech.gr,Greece,shop,iphone 16 pro,aftermarket-soft-oled,aftermarket,no,294.95,EUR,https://www.amdetech.gr/apple-antallaktika/antallaktika-iphone/iphone-16-series/othoni-soft-oled-iphone-16-pro-high-quality-1-1-diagnosable-en-el/
wigento.de,Germany,shop,iphone 12,unknown,aftermarket,YES,3.25,EUR,https://www.wigento.de/ersatzteile/smartphone/apple/
parts-store.pl,Poland,shop,iphone 16 pro,unknown,aftermarket,no,599.0,PLN,https://parts-store.pl/product-pol-5325-Wyswietlacz-do-Apple-iPhone-16-Pro-120Hz-z-tasma-Light-Sensor-Diagnostic.html
componentidigitali.com,Italy,shop,iphone 11 pro max,aftermarket-incell,aftermarket,no,15.25,EUR,https://www.componentidigitali.com/it/componenti-digitali-home-page/ricambi-per-cellulari-tablet/ricambi-per-apple-iphone/iphone-11-pro-max/display-lcd-per-iphone-11-pro-max-incell-zy-ffhd-ic-intercambiabile-.1.39.665.gp.41126.uw
mobifixbg.com,Bulgaria,shop,iphone xr,aftermarket-incell,aftermarket,no,15.34,BGN,https://mobifixbg.com/product/displey-za-iphone-xr-sq-hd-incell
phonepartsrus.com,Czechia,shop,iphone 11,aftermarket-incell,aftermarket,no,18.0,CZK,https://phonepartsrus.com/products/iphone-11-lcd-fog?_pos=6&_sid=dfbc7e7f8&_ss=r
servisnidily.cz,Czechia,shop,iphone 14 pro,aftermarket-soft-oled,aftermarket,YES,1464.0,CZK,https://www.servisnidily.cz/Servisni-dily/iPhone-14-Pro-LCD-displej-dotykove-sklo-120Hz-REPART-Soft-OLED
ieasyservice.fi,Finland,shop,iphone 14,aftermarket-incell,aftermarket,no,69.0,EUR,https://www.ieasyservice.fi/product/177/iphone-premium-incell-lcd-naytto?variation_id=250
mytrendyphone.eu,Denmark,shop,iphone 11,unknown,aftermarket,YES,8.8,DKK,https://www.mytrendyphone.eu/shop/iphone-11-xr-hofi-anti-spy-pro-plus-privacy-tempered-glass-screen-protector-314059p.html
mytrendyphone.eu,Denmark,shop,iphone 11,unknown,aftermarket,YES,22.8,DKK,https://www.mytrendyphone.eu/shop/iphone-11-xr-panzerglass-standard-fit-privacy-screen-protector-311910p.html
mobishop.ee,Estonia,shop,iphone 16 pro,unknown,aftermarket,YES,16.65,EUR,https://mobishop.ee/toode/screen-protection-glass-strength-gorilla-micro-border-apple-iphone-16-pro-iphone-17-black-bulk/
ilevante.fr,France,shop,iphone 14 pro max,unknown,aftermarket,no,49.9,EUR,https://www.ilevante.fr/Ecran-complet-pour-iphone-14-pro-max-p-20632.html
doctor-smartphone.com,Italy,shop,iphone 11,original,A,no,139.0,EUR,https://www.doctor-smartphone.com/vendita-accessori-ricambi/
piecegsm.com,France,shop,iphone xs,unknown,aftermarket,no,15.0,EUR,https://piecegsm.com/iphone-xs/3718-ecran-pour-iphone-xs-de-qualite-jk.html
iphoneersatzteileshop.de,Germany,shop,iphone 13,aftermarket-soft-oled,aftermarket,no,89.9,EUR,https://www.iphoneersatzteileshop.de/iPhone-13-OLED-Display-Reparaturset
reparatur-werk.com,Germany,shop,iphone 13 pro,unknown,aftermarket,no,79.9,EUR,https://www.reparatur-werk.com/p/iphone-13-pro-display-aftermarket-reparaturset
gbishop.de,Germany,shop,iphone 15,unknown,aftermarket,no,1.8,EUR,https://gbishop.de/zubehor/10653-1612-displayschutzfolie-panzerglas-fur-iphone-15-serie-full-glue-7897897897897.html#/1996-panzerglas_fur_iphone_15_serie_full_glue-fur_iphone_15
akmobilestore.com,Ireland,shop,iphone 15,aftermarket-soft-oled,aftermarket,YES,65.0,EUR,https://akmobilestore.com/shop/ncc-soft-oled-iphone-15-screen/
italiatech.it,Italy,shop,iphone 13 pro max,aftermarket-soft-oled,aftermarket,no,46.2,EUR,https://www.italiatech.it/display-lcd-dd-soft-oled-per-apple-iphone-13-pro-max-touch-screen-vetro-schermo-frame-nero-ic-intercambiabile-.1.1.957.gp.103254.uw
wigento.de,Germany,shop,iphone 11,unknown,aftermarket,YES,2.95,EUR,https://www.wigento.de/ersatzteile/smartphone/apple/
parts-store.pl,Poland,shop,iphone 15 plus,unknown,aftermarket,no,779.0,PLN,https://parts-store.pl/product-pol-5338-Oryginalny-wyswietlacz-do-Apple-iPhone-15-Plus-Wymieniona-Szybka-z-tasma-Diagnostic.html
parts-store.pl,Poland,shop,iphone 15 pro,unknown,aftermarket,no,949.0,PLN,https://parts-store.pl/product-pol-5341-Oryginalny-wyswietlacz-do-Apple-iPhone-15-Pro-120Hz-Wymieniona-Szybka-z-tasma-Diagnostic.html
a-parts.com.pl,Poland,shop,iphone 11,aftermarket-incell,aftermarket,no,87.47,PLN,"https://www.a-parts.com.pl/produkty/wyswietlacz-lcd-ekran-dotykowy-iphone-11-incell,3,32499,40859"
dutchrepair.nl,Netherlands,shop,iphone 11 pro max,aftermarket-oled,aftermarket,no,74.99,EUR,https://www.dutchrepair.nl/products/kopie-van-iphone-11-pro-max-scherm-compleet-reparatie-set-met-screenprotector?variant=47815316046156
dutchrepair.nl,Netherlands,shop,iphone 12 pro max,aftermarket-oled,aftermarket,no,72.99,EUR,https://www.dutchrepair.nl/products/kopie-van-iphone-12-pro-max-scherm-gereedschap-screenprotector-frame-sticker-a-kwaliteit-lcd-display?_pos=22&_sid=fa3ea38a9&_ss=r
parts-store.pl,Poland,shop,iphone 16,aftermarket-lcd,aftermarket,no,799.0,PLN,https://parts-store.pl/product-pol-5117-Oryginalny-wyswietlacz-LCD-do-Apple-iPhone-16-Wymieniona-szybka-BEZ-IC.html
repairpartsusa.com,USA,shop,iphone x,aftermarket-lcd,aftermarket,no,14.79,USD,https://repairpartsusa.com/products/iphone-x-oled-and-digitizer-glass-screen-replacement-black-grade-a?_pos=6&_sid=80aad75e7&_ss=r
isn-parts.com,Bulgaria,shop,iphone 14 plus,aftermarket-oled,aftermarket,no,56.0,BGN,https://isn-parts.com/produkt/iphone-14-plus-oled-displei
mobifixbg.com,Bulgaria,shop,iphone x,aftermarket-incell,aftermarket,no,20.0,BGN,https://mobifixbg.com/product/displey-za-iphone-x-incell-forward
yodoit.com,Croatia,shop,iphone 11 pro,aftermarket-lcd,aftermarket,no,24.99,EUR,https://www.yodoit.com/products/for-iphone-11-pro-screen-replacement-lcd-display-assembly?_pos=11&_sid=137b5c788&_ss=r
mytrendyphone.eu,Denmark,shop,iphone 12 pro,unknown,aftermarket,YES,11.4,DKK,https://www.mytrendyphone.eu/shop/saii-3d-premium-iphone-12-pro-screen-protector-259458p.html
mytrendyphone.eu,Denmark,shop,iphone 11,unknown,aftermarket,YES,6.3,DKK,https://www.mytrendyphone.eu/shop/iphone-11-tempered-glass-screen-protector-9h-298384p.html
ilevante.fr,France,shop,iphone 11,unknown,aftermarket,no,15.53,EUR,https://www.ilevante.fr/Ecran-pour-iphone-11-compatible-p-20579.html#pourquoi-choisir-un-ecran-iphone-11-de-qualite-premium-
handyschmiede.de,Germany,shop,iphone 16 pro max,refurb,A,no,416.35,EUR,https://handyschmiede.de/products/oled-refurbished-displayeinheit-kompatibel-fur-iphone-16-pro-max-schwarz
reparatur-werk.com,Germany,shop,iphone 13 pro max,unknown,aftermarket,no,189.9,EUR,https://www.reparatur-werk.com/p/iphone-13-pro-max-display-reparaturset
world-itech.com,France,shop,iphone 13,unknown,aftermarket,no,14.9,EUR,https://www.world-itech.com/gb/iphone-13/3088-screen-seal-compatible-with-iphone-13.html
modchip.gr,Greece,shop,iphone 11 pro,aftermarket-hard-oled,aftermarket,YES,59.9,EUR,https://modchip.gr/tilefonia/antallaktika-kiniton-iphone/antallaktika-iphone-11-pro-max/othoni-iphone-11-pro-hard-oled/
mobishop.ee,Estonia,shop,iphone 12 pro,original,A,YES,90.0,EUR,https://mobishop.ee/toode/lcd-screen-for-iphone-12-12-pro-with-touch-screen-original-pairable-service-pack/
phonefix.fi,Finland,shop,iphone 12 pro max,unknown,aftermarket,no,19.9,EUR,https://phonefix.fi/searchproduct/783/iphone+screen
ilevante.fr,France,shop,iphone 13 pro,unknown,aftermarket,no,22.99,EUR,https://www.ilevante.fr/Ecran-complet-pour-iphone-13-pro-p-20553.html#guide-etape-par-etape-comment-changer-lecran-de-votre-iphone-13-pro
handyschmiede.de,Germany,shop,iphone 14 pro max,aftermarket-soft-oled,aftermarket,no,101.51,EUR,https://handyschmiede.de/products/lcd-touch-fur-a2894-apple-iphone-14-pro-max-soft-oled-black?_pos=5&_sid=aa65dacd6&_ss=r
handyschmiede.de,Germany,shop,iphone 16 pro,pulled,A,no,385.2,EUR,https://handyschmiede.de/products/oled-pulled-displayeinheit-kompatibel-fur-iphone-16-pro-schwarz-programmierbar
world-itech.com,France,shop,iphone 15 plus,unknown,aftermarket,no,2.9,EUR,https://www.world-itech.com/gb/iphone-15-plus/3800-screen-seal-compatible-with-iphone-15-plus.html
world-itech.com,France,shop,iphone 11 pro,original,A,no,129.9,EUR,https://www.world-itech.com/gb/iphone-11-pro/4200-iphone-11-pro-screen-officialapplee-service-pack-free-tools.html
phonepartner.fr,France,shop,iphone xs max,aftermarket-lcd,aftermarket,no,24.0,EUR,https://phonepartner.fr/iphone-xs-max/75-ecran-lcd-iphone-xs-max.html
phonepartner.fr,France,shop,iphone xs max,aftermarket-hard-oled,aftermarket,no,39.0,EUR,https://phonepartner.fr/iphone-xs-max/82-ecran-hard-oled-iphone-xs-max.html
phonepartner.fr,France,shop,iphone xr,unknown,aftermarket,no,15.0,EUR,https://phonepartner.fr/iphone-xr/26-ecran-iphone-xr.html
mobpartstore.lv,Latvia,shop,iphone 14,aftermarket-oled,aftermarket,no,64.2,EUR,https://www.mobpartstore.lv/apple-iphone-telefonu-displeji//139770-apple-iphone-14-ekrans-oled.html
dargilita.lt,Lithuania,shop,iphone 13 mini,aftermarket-oled,aftermarket,no,81.5,EUR,https://dargilita.lt/apple-iphone-telefonu-ekranai//137324-apple-iphone-13-mini-ekranas-oled.html
hallomobile.nl,Netherlands,shop,iphone 16,aftermarket-soft-oled,aftermarket,no,449.95,EUR,https://hallomobile.nl/product/waeyz-iphone-16-vervangend-lcd-scherm-soft-oled-display-originele-kwaliteit/
hallomobile.nl,Netherlands,shop,iphone 14 plus,aftermarket-hard-oled,aftermarket,no,89.95,EUR,https://hallomobile.nl/product/waeyz-iphone-14-plus-vervangend-lcd-scherm-hard-oled-display-hoge-kwaliteit/
fixshop.at,Austria,shop,iphone 11,aftermarket-incell,aftermarket,no,19.49,EUR,https://fixshop.at/ersatzteile-apple-iphone-apple-iphone-11/display-in-cell-fhd-fur-iphone-11-touchscreen-glas-mit-rahmen-fixpremium/
mobileparts.ch,Switzerland,shop,iphone 15 pro max,unknown,aftermarket,YES,13.9,CHF,https://www.mobileparts.ch/Guardline-Panzerglas-ScreenGuard-Antireflexion-fuer-iPhone-15-Pro-Max
italiatech.it,Italy,shop,iphone 12 mini,aftermarket-incell,aftermarket,no,32.1,EUR,https://www.italiatech.it/display-lcd-jk-fhd-incell-cof-per-apple-iphone-12-mini-touch-screen-vetro-schermo-frame-nero-ic-intercambiabile-.1.1.957.gp.81111.uw
startdistribuzione.it,Italy,shop,iphone 16,aftermarket-incell,aftermarket,no,31.0,EUR,https://www.startdistribuzione.it/ricambi-telefonia/apple-ricerca-ad-albero/display-lcd-e-touch/iphone/ricambi-telefonia/apple-ricerca-ad-albero/display-lcd-e-touch/iphone/iphone-16-la-incell-display-lcd-apple-compatibile-con-alloggiamenti.1.11.3536.gp.12759.uw
koopjeonderdelen.nl,Netherlands,shop,iphone 12,aftermarket-incell,aftermarket,no,23.99,EUR,/products/iphone-12-incell-lcd-scherm?variant=54685563027724
koopjeonderdelen.nl,Netherlands,shop,iphone 15,aftermarket-soft-oled,aftermarket,no,159.99,EUR,https://www.koopjeonderdelen.nl/products/iphone-15-soft-oled-scherm?_pos=8&_sid=c37fdcb6f&_ss=r
borcaden.nl,Netherlands,shop,iphone 12 pro,unknown,aftermarket,YES,6.95,EUR,https://www.borcaden.nl/product/6-1i-iphone-12-12-pro-9h-tempered-glass-screen-protector-screen-protector/
akmobilestore.com,Ireland,shop,iphone 16 pro max,aftermarket-soft-oled,aftermarket,YES,105.0,EUR,https://akmobilestore.com/shop/ncc-soft-oled-iphone-16-pro-max-screen/
italiatech.it,Italy,shop,iphone 16 pro max,aftermarket-hard-oled,aftermarket,no,66.8,EUR,https://www.italiatech.it/display-lcd-dd-hard-oled-per-apple-iphone-16-pro-max-touch-screen-vetro-schermo-frame-nero-ic-intercambiabile-.1.1.957.gp.103261.uw
phonepartner.fr,France,shop,iphone 11 pro,aftermarket-soft-oled,aftermarket,no,62.0,EUR,https://phonepartner.fr/ecran-iPhone/92-ecran-soft-oled-iphone-11-pro.html
screenshelf.ie,Ireland,shop,iphone 16 pro max,aftermarket-soft-oled,aftermarket,no,99.95,EUR,https://screenshelf.ie/collections/apple-lcd-screens/products/iphone-16-pro-max-screen-replacement-soft-oled
startdistribuzione.it,Italy,shop,iphone 16e,aftermarket-incell,aftermarket,no,28.0,EUR,https://www.startdistribuzione.it/ricambi-telefonia/apple-ricerca-ad-albero/display-lcd-e-touch/iphone/ricambi-telefonia/apple-ricerca-ad-albero/display-lcd-e-touch/iphone/iphone-16e-17e-la-incell-display-lcd-apple-compatibile-con-alloggiamenti.1.11.3536.gp.12760.uw
iphoneweb.es,Spain,shop,iphone 15,unknown,aftermarket,no,24.99,EUR,https://iphoneweb.es/products/pantalla-iphone-15?variant=56542466867525
mobpartstore.lv,Latvia,shop,iphone 13 mini,aftermarket-oled,aftermarket,no,81.5,EUR,https://www.mobpartstore.lv/apple-iphone-telefonu-displeji//137324-apple-iphone-13-mini-ekrans-oled.html
dargilita.lt,Lithuania,shop,iphone 13 pro max,aftermarket-oled,aftermarket,no,87.2,EUR,https://dargilita.lt/apple-iphone-telefonu-ekranai//145697-apple-iphone-13-pro-max-ekranas-120-hz-premium-oled.html
dargilita.lt,Lithuania,shop,iphone 14 plus,aftermarket-oled,aftermarket,no,79.3,EUR,https://dargilita.lt/apple-iphone-telefonu-ekranai//140041-apple-iphone-14-plus-ekranas-oled.html
gjirafa50.com,Kosovo,shop,iphone 14 plus,unknown,aftermarket,no,9.5,,https://gjirafa50.com/mbrojtese-ekrani-mobile-origin-iphone-14-plus-13-pro-max-xham-i-temperuar-9h-transparence-e-larte
hallomobile.nl,Netherlands,shop,iphone 12 mini,aftermarket-hard-oled,aftermarket,no,56.95,EUR,https://hallomobile.nl/product/waeyz-iphone-12-mini-vervangend-lcd-scherm-hard-oled-display-hoge-kwaliteit/
phonepartner.fr,France,shop,iphone 12 mini,aftermarket-lcd,aftermarket,no,40.0,EUR,https://phonepartner.fr/iphone-12-mini/32-ecran-lcd-iphone-12-mini.html
startdistribuzione.it,Italy,shop,iphone 16,aftermarket-incell,aftermarket,no,28.5,EUR,https://www.startdistribuzione.it/ricambi-telefonia/apple-ricerca-ad-albero/display-lcd-e-touch/iphone/ricambi-telefonia/apple-ricerca-ad-albero/display-lcd-e-touch/iphone/iphone-16-imisu-hd-display-lcd-incell-con-metal-plate-ic-intercambiabile.1.11.3536.gp.12370.uw
mobpartstore.lv,Latvia,shop,iphone 14 plus,aftermarket-oled,aftermarket,no,100.7,EUR,https://www.mobpartstore.lv/apple-iphone-telefonu-displeji//144230-apple-iphone-14-plus-ekrans-premium-oled.html
deltamobile.lv,Latvia,shop,iphone xs,aftermarket-tft,aftermarket,no,21.9,EUR,https://deltamobile.lv/product/apple-iphone-xs-lcd-displejs-tft-tianma-black/
signalocentras.lt,Lithuania,shop,iphone 12 pro,original,A,no,160.0,EUR,http://signalocentras.lt/telefonija/telefonu-ekranai-lcd/iphone-ipad/lcdtouch-screen-iphone-12-juodas-black-service-pack-oem100596-25407
koopjeonderdelen.nl,Netherlands,shop,iphone 12 mini,aftermarket-hard-oled,aftermarket,no,89.99,EUR,https://www.koopjeonderdelen.nl/products/iphone-12-mini-hard-oled-scherm?_pos=19&_sid=c37fdcb6f&_ss=r
hallomobile.nl,Netherlands,shop,iphone 14 pro max,aftermarket-hard-oled,aftermarket,no,159.95,EUR,https://hallomobile.nl/product/waeyz-iphone-14-pro-max-vervangend-lcd-scherm-hard-oled-display-hoge-kwaliteit/
partexpert.nl,Netherlands,shop,iphone 15 pro,unknown,aftermarket,no,149.95,EUR,https://www.partexpert.nl/en/iphone-15-pro-display.html
mobilesupplies.nl,Netherlands,shop,iphone 14 pro max,unknown,aftermarket,no,3.99,EUR,https://www.mobilesupplies.nl/apple-iphone-14-pro-max-waterdichte-plak-laag-voor-display.html
fonefunshop.co.uk,UK,shop,iphone 16e,unknown,aftermarket,no,5.95,GBP,https://www.fonefunshop.com/products/anti-blue-light-screen-protector-for-iphone-16e-16-15-14-13-hydrogel-full-cover?_pos=5&_sid=e37e56552&_ss=r
spares.no,Norway,shop,iphone 15,unknown,aftermarket,YES,369.0,NOK,https://spares.no/en/products/panzerglass%C2%AE-privacy-screen-protector-iphone-15-ultra-wide-fit-w-easyaligner-glassbeskytter?_pos=24&_sid=6c4e86b72&_ss=r
irepart.com,China,shop,iphone 15 pro max,aftermarket-soft-oled,aftermarket,no,49.61,USD,https://irepart.com/products/iphone-15-pro-max-soft-oled-screen-replacement-prime-120hz?_pos=8&_sid=b2cfff5fe&_ss=r
irepart.com,China,shop,iphone 15 pro,aftermarket-incell,aftermarket,no,27.0,USD,https://irepart.com/products/iphone-15-pro-screen-assembly-replacement?_pos=14&_sid=b2cfff5fe&_ss=r
capitalmovil.com.mx,Mexico,shop,iphone 13 pro max,unknown,aftermarket,no,930.0,MXN,https://www.capitalmovil.com.mx/products/hzyoo-pantalla-para-iphone-13-pro-max?_pos=7&_sid=06963837b&_ss=r
capitalmovil.com.mx,Mexico,shop,iphone 13 pro max,unknown,aftermarket,no,930.0,MXN,https://www.capitalmovil.com.mx/products/hzyoo-pantalla-para-iphone-13-pro-max?_pos=3&_sid=65af8c026&_ss=r
preciosadictos.com,Spain,shop,iphone 13 pro max,unknown,aftermarket,no,48.39,EUR,https://www.preciosadictos.com/pantalla-para-iphone-13-pro-max-bf8-p-54056.html
therepairplus.com,UK,shop,iphone 13,aftermarket-lcd,aftermarket,no,18.98,GBP,https://therepairplus.com/products/for-iphone-13-fhd-lcd-screen-replacement-the-repair-plus?variant=50694741033287
ilevante.com,Spain,shop,iphone 13 pro,unknown,aftermarket,no,22.99,EUR,https://www.ilevante.com/pantalla-completa-para-iphone-13-pro#explorando-las-opciones-de-calidad-para-tu-pantalla-iphone-13-pro
thescreensurgery.com,UK,shop,iphone 13 pro max,aftermarket-soft-oled,aftermarket,no,53.95,GBP,https://thescreensurgery.com/products/for-iphone-13-pro-max-tx-pro-soft-oled?_pos=14&_sid=219c6541c&_ss=r
thescreensurgery.com,UK,shop,iphone 16 pro max,aftermarket-soft-oled,aftermarket,no,71.95,GBP,https://thescreensurgery.com/products/for-iphone-16-pro-max-value-soft-oled?_pos=20&_sid=219c6541c&_ss=r
fonefunshop.com,UK,shop,iphone 16 pro,aftermarket-incell,aftermarket,no,168.95,GBP,https://www.fonefunshop.com/collections/iphone-screens
ilevante.fr,France,shop,iPhone 13,unknown,aftermarket,no,21.75,EUR,https://www.ilevante.fr/Ecran-complet-pour-iphone-13-p-20552.html
deltamobile.lv,Latvia,shop,iphone 11,aftermarket-tft,aftermarket,no,19.0,EUR,https://deltamobile.lv/category/lcd-un-skarienjutigie-paneli-apple-iphone/
preciosadictos.com,Spain,shop,iphone x,unknown,aftermarket,no,1.14,EUR,https://www.preciosadictos.com/tornillos-para-iphone-x-13-pro-max-dorado-p-30174.html
impextrom.com,Spain,shop,iphone 15,unknown,aftermarket,no,3.76,EUR,https://www.impextrom.com/es/repuestos-iphone-15-a3090-f11232
therepairplus.com,UK,shop,iphone 15,unknown,aftermarket,no,32.98,GBP,https://therepairplus.com/collections/iphone-screen-replacement
24hshop.dk,DK,shop,iphone 11,aftermarket-lcd,aftermarket,no,149.0,,https://www.24hshop.dk/mobiltilbehor/reservedele/iphone
mdparts.com.au,Australia,shop,iphone 16 plus,unknown,aftermarket,no,1.98,AUD,https://mdparts.com.au/products/g12-premium-iphone-tempered-glass-screen-protector?variant=53528729944358
fixshop.at,Austria,shop,iphone 11,aftermarket-tft,aftermarket,no,19.49,EUR,https://fixshop.at/ersatzteile-apple-iphone-apple-iphone-11/display-in-cell-fhd-fur-iphone-11-touchscreen-glas-mit-rahmen-fixpremium/#iPhoneIPSTFTBildschirme
phonepartner.fr,France,shop,iphone 13,aftermarket-lcd,aftermarket,no,46.0,EUR,https://phonepartner.fr/iphone-13/34-ecran-lcd-iphone-13.html
phonepartner.fr,France,shop,iphone x,aftermarket-soft-oled,aftermarket,no,47.0,EUR,https://phonepartner.fr/iphone-x/80-ecran-soft-oled-iphone-x.html
phoneassist.net,Italy,shop,iphone 12 pro,aftermarket-incell,aftermarket,no,71.39,EUR,https://www.phoneassist.net/it/ricambi-display-lcd/display-touch-screen-lcd-zy-incell-apple-iphone-12-12-pro-schermo-monitor-vetro__p2853.html
ch-ios.ro,Romania,shop,iphone 12 pro max,refurb,A,YES,685.0,RON,https://www.ch-ios.ro/display-cu-touchscreen-și-ramă-iphone-12-pro-max-oled-original-reconditionat.html
hugmie.ie,Ireland,shop,iphone 16 plus,unknown,aftermarket,no,22.99,EUR,https://hugmie.ie/products/hugmie-iphone-corning-glass-screen-protector?variant=52377957630301
onlinemobileparts.com.au,Australia,shop,iphone 16 pro,aftermarket-soft-oled,aftermarket,no,479.0,AUD,https://www.onlinemobileparts.com.au/iphone-16-pro-diagnostic-soft-oled-screen-replacements
onlinemobileparts.com.au,Australia,shop,iphone 12 pro max,unknown,aftermarket,no,8.0,AUD,https://www.onlinemobileparts.com.au/iphone-12-pro-max-clear-tempered-glass-screen-protectors
4repair.pl,Poland,shop,iPhone 14 Plus,aftermarket-soft-oled,aftermarket,no,449.4,PLN,https://4repair.pl/zamiennik-jcid-wyswietlacz-soft-oled-apple-iphone-14-plus-programowalny-true-tone-bez-komunikatu-p-1797.html
componentidigitali.com,Italy,shop,iPhone XR,aftermarket-incell,aftermarket,no,16.35,EUR,https://www.componentidigitali.com/it/componenti-digitali-home-page/ricambi-per-cellulari-tablet/ricambi-per-apple-iphone/iphone-xr/display-lcd-per-iphone-xr-incell-zy-ltps-cog-.1.39.627.gp.26041.uw
abraa.com,Austria,shop,iPhone XS Max,aftermarket-gx,aftermarket,YES,250,USD,https://www.abraa.com/item/gx-oled-for-iphone-xs-max-lcd-display-touch-screen-digitizer-assembly-tested-no-dead-pixel-replacement-lcds-true-tone-727808
bokmanev.com,Denmark,shop,iPhone XS Max,aftermarket-oled,aftermarket,no,89.99,EUR,https://www.bokmanev.com/products/bokman-for-iphone-xs-max-oled-black-screen-replacement-parts-display-assembly-front-panel?_pos=9&_sid=71bd2e7ea&_ss=r
gsmteam.gr,Greece,shop,iPhone 14 Pro Max,aftermarket-soft-oled,aftermarket,YES,79.9924,EUR,https://gsmteam.gr/antallaktika-kiniton/antallaktika-iphone/iphone-14-pro-max/oem-othonh-mhxanismos-afhs-gia-apple-iphone-14-pro-max-soft-oled-dd-detail.html
startdistribuzione.it,Italy,shop,iPhone 11,aftermarket-incell,aftermarket,no,18.9,EUR,https://www.startdistribuzione.it/ricambi-telefonia/apple-ricerca-ad-albero/display-lcd-e-touch/iphone/ricambi-telefonia/apple-ricerca-ad-albero/display-lcd-e-touch/iphone/iphone-11-ltps-display-lcd-incell-apple-compatibile-con-alloggiamenti-e-metal-plate.1.11.3536.gp.12803.uw
borcaden.nl,Netherlands,shop,iPhone 11,aftermarket-lcd,aftermarket,YES,125.95,EUR,https://www.borcaden.nl/product/relacement-lcd-assembly-with-touch-screen-voor-apple-iphone-11-6-1i-black-gsm-apple-beeldscherm-digitizer/
dutchrepair.nl,Netherlands,shop,iPhone 11,original,A,no,45.99,EUR,https://www.dutchrepair.nl/products/kopie-van-iphone-11-scherm-a-kwaliteit-gratis-tempered-glass-screen-protector-gereedschap-framesticker-scherm-touchscreen-hoge-kwaliteit?variant=47847537017164
witrigs.com,China,shop,iphone 13,unknown,aftermarket,no,109.0,USD,https://witrigs.com/en-fi/products/oem-screen-replacement-for-iphone-13?_pos=17&_sid=13c59c92d&_ss=r
lltrader.com,China,shop,iphone 11 pro,aftermarket-lcd,aftermarket,no,14.99,USD,https://www.lltrader.com/collections/for-iphone-lcd-screen-replacement/products/iphone-11-pro-screen-replacement-oled-display-assembly
parts-store.pl,Poland,shop,iphone 14 plus,unknown,aftermarket,no,699.0,PLN,https://parts-store.pl/product-pol-5334-Oryginalny-wyswietlacz-do-Apple-iPhone-14-Plus-Wymieniona-Szybka-z-tasma-Diagnostic.html
cdx.de,Germany,shop,iphone 11 pro max,unknown,aftermarket,YES,135.0,EUR,https://www.cdx.de/store/products/IPHONE-REPARATUR/IPHONE-DISPLAY-REPARATUR/iPhone-11-Pro-Max-Display-Reparatur-Black-High-Copy.html
reparatur-werk.com,Germany,shop,iphone 13 mini,unknown,aftermarket,no,59.9,EUR,https://www.reparatur-werk.com/p/iphone-13-mini-display-aftermarket-reparaturset
mobileparts.ch,Switzerland,shop,iphone 14,unknown,aftermarket,YES,11.9,CHF,https://www.mobileparts.ch/Guardline-Panzerglas-ScreenGuard-fuer-iPhone-13-13-Pro-14
phonepartner.fr,France,shop,iphone 14,aftermarket-hard-oled,aftermarket,no,184.0,EUR,https://phonepartner.fr/iphone-14/78-ecran-hard-oled-iphone-14-.html
celo.ro,Romania,shop,iphone 12,refurb,A,YES,119.0,RON,https://www.celo.ro/display-iphone/display-original-folosit-pentru-iphone-8-se-2-2020-se-3-2022-2193.html
italiatech.it,Italy,shop,iPhone 14 Pro,aftermarket-incell,aftermarket,no,21.85,EUR,https://www.italiatech.it/display-lcd-zy-cof-fhd-incell-per-apple-iphone-14-pro-touch-screen-vetro-schermo-frame-nero-ic-intercambiabile-.1.1.957.gp.93510.uw
amdetech.gr,Greece,shop,iPhone 13 Pro Max,original,A,no,189.97,EUR,https://www.amdetech.gr/apple-antallaktika/iphone-antallaktika-el/pulled-gnisio-antallaktiko-gia-iphone-13-pro-max-oled-display-and-touch-screen-digitizer-assembly-replacement-apple-grade-a/
signalocentras.lt,Lithuania,shop,iPhone 11,aftermarket-incell,aftermarket,no,119,EUR,http://signalocentras.lt/telefonija/telefonu-ekranai-lcd/iphone-ipad/lcdtouch-screen-iphone-11-juodas-black-incell-tft-zy-oem0101044-25448
mobpartstore.lv,Latvia,shop,iphone 15,aftermarket-incell,aftermarket,no,59.0,EUR,https://www.mobpartstore.lv/17-apple-iphone-telefonu-displeji
mobpartstore.lv,Latvia,shop,iphone 11 pro,aftermarket-oled,aftermarket,no,74.5,EUR,https://www.mobpartstore.lv/17-apple-iphone-telefonu-displeji
dargilita.lt,Lithuania,shop,iphone 12 pro,aftermarket-oled,aftermarket,no,90.3,EUR,https://dargilita.lt/17-apple-iphone-telefonu-ekranai
telefonubaterijos.lt,Lithuania,shop,iphone 11,unknown,aftermarket,no,4.99,EUR,https://www.telefonubaterijos.lt/167-iphone-ekranai
mobiservis.lt,Lithuania,shop,iphone 14 pro max,aftermarket-incell,aftermarket,no,40.33,EUR,https://mobiservis.lt/mobiliuju-telefonu-dalys/lcd-ekranai-lieciamieji-ekranai
repuestosfuentes.es,Spain,shop,iphone 11,unknown,aftermarket,no,6.3,EUR,https://www.repuestosfuentes.es/5287-iphone-11
gsmok.com,Poland,shop,iphone 15 pro max,aftermarket-oled,aftermarket,no,97.01,PLN,https://gsmok.com/en/lcd-iphone-c095
repairpartsusa.com,USA,shop,iphone 14 pro,aftermarket-lcd,aftermarket,no,34.39,USD,https://repairpartsusa.com/collections/iphone-screens
parts-store.pl,Poland,shop,iphone 13 pro,aftermarket-lcd,aftermarket,no,519.0,PLN,https://parts-store.pl/product-pol-4520-Oryginalny-wyswietlacz-LCD-do-Apple-iPhone-13-Pro-Wymieniona-szybka-BEZ-IC-120Hz.html
cdx.de,Germany,shop,iphone 11 pro max,unknown,aftermarket,YES,149.0,EUR,https://www.cdx.de/store/products/IPHONE-REPARATUR/IPHONE-DISPLAY-REPARATUR/iPhone-11-Pro-Max-Display-Reparatur-Black-Grade-A.html
phonepartner.fr,France,shop,iphone 12,aftermarket-oled,aftermarket,no,79.08,EUR,https://phonepartner.fr/iphone-12-pro/102-kit-de-reparation-ecran-oled-iphone-12-ecran-outils-adhesif.html
phonepartner.fr,France,shop,iphone 12,unknown,aftermarket,no,2.5,EUR,https://phonepartner.fr/iphone-12-pro/101-adhesif-ecran-iphone-12-pro.html
phonepartner.fr,France,shop,iphone 12,aftermarket-soft-oled,aftermarket,no,93.0,EUR,https://phonepartner.fr/ecran-iPhone/95-ecran-soft-oled-iphone-12-pro-max.html
techcomponentes.com,Portugal,shop,iphone xr,unknown,aftermarket,no,17.0,EUR,https://www.techcomponentes.com/es/inicio/12928-pantalla-para-iphone-xr-a2105-negra-zy-in-cell.html
moka-gsm.ro,Romania,shop,iphone 15 pro max,aftermarket-soft-oled,aftermarket,YES,356.4,RON,https://www.moka-gsm.ro/ecran-iphone/ecran-display-iphone-15-pro-max-soft-oled-120hz-2.html
moka-gsm.ro,Romania,shop,iphone 11 pro,aftermarket-oled,aftermarket,YES,151.2,RON,https://www.moka-gsm.ro/ecrane-iphone-11-pro/ecran-iphone-11-pro-oled-display-compatibil-oled-premium-suport-ic.html
ch-ios.ro,Romania,shop,iphone 14 pro,aftermarket-soft-oled,aftermarket,YES,400.0,RON,https://www.ch-ios.ro/display-cu-touchscreen-și-ramă-iphone-14-pro-aftermarket-soft-oled.html
yodoit.com,Croatia,shop,iPhone 13,aftermarket-lcd,aftermarket,no,29.99,EUR,https://www.yodoit.com/products/iphone-13-screen-replacement-lcd-display-assembly
24hshop.fr,France,shop,iPhone 11 Pro,original,A,no,75.98,EUR,https://24hshop.fr/vitre-tactile-multi-touch-soft-oled-iphone-11-pro-apple-a2215-original-touch-remplacement-ecran-verre-sur-chassis-complet-assemb-2785.html
lcd-phone.com,France,shop,iPhone 11 Pro,unknown,aftermarket,YES,15,EUR,https://lcd-phone.com/en/-repair-parts/11741-ecran-iphone-11-pro-in-cell-jk-6975471920291.html
borcaden.nl,Netherlands,shop,iPhone X,aftermarket-lcd,aftermarket,YES,94.95,EUR,https://www.borcaden.nl/product/relacement-lcd-assembly-with-touch-screen-voor-apple-iphone-x-5-8i-black-gsm-apple-beeldscherm-digitizer/
mobishop.ee,Estonia,shop,iphone 13,unknown,aftermarket,YES,27.96,EUR,https://mobishop.ee/kategooria/varuosad/apple-varuosad/iphone-13-seeria-varuosad/iphone-13-varuosad/
dargilita.lt,Lithuania,shop,iphone 16e,aftermarket-incell,aftermarket,no,65.0,EUR,https://dargilita.lt/17-apple-iphone-telefonu-ekranai
mobiservis.lt,Lithuania,shop,iphone x,aftermarket-hard-oled,aftermarket,no,32.05,EUR,https://mobiservis.lt/mobiliuju-telefonu-dalys/lcd-ekranai-lieciamieji-ekranai
mobiservis.lt,Lithuania,shop,iphone xs,aftermarket-hard-oled,aftermarket,no,34.01,EUR,https://mobiservis.lt/mobiliuju-telefonu-dalys/lcd-ekranai-lieciamieji-ekranai
gsmok.com,Poland,shop,iphone 15 plus,aftermarket-incell,aftermarket,no,32.35,PLN,https://gsmok.com/en/lcd-iphone-c095
repuestostic.com,Spain,shop,iphone 12,unknown,aftermarket,no,25.0,EUR,https://www.repuestostic.com/es/repuestos-iphone-12/10005-cambio-lente-de-camara-trasera-iphone-12.html
m9parts.pl,Poland,shop,iphone 12,original,A,no,251.22,PLN,https://m9parts.pl/
mobpartstore.lv,Latvia,shop,iphone 16 plus,aftermarket-oled,aftermarket,no,103.0,EUR,https://www.mobpartstore.lv/17-apple-iphone-telefonu-displeji
mobpartstore.lv,Latvia,shop,iphone 14 plus,aftermarket-incell,aftermarket,no,54.6,EUR,https://www.mobpartstore.lv/17-apple-iphone-telefonu-displeji
mobiservis.lt,Lithuania,shop,iphone 11 pro,aftermarket-hard-oled,aftermarket,no,36.1,EUR,https://mobiservis.lt/mobiliuju-telefonu-dalys/lcd-ekranai-lieciamieji-ekranai
gsmdalys.lt,Lithuania,shop,iphone 11 pro,unknown,aftermarket,no,24.5,EUR,https://gsmdalys.lt/kategorija/iphone-ekranai/
repuestosfuentes.es,Spain,shop,iphone 11,aftermarket-lcd,aftermarket,no,4.8,EUR,https://www.repuestosfuentes.es/5287-iphone-11
irephone.com,NO,shop,iphone 11,original,A,no,1999.0,,https://no.irephone.com/product-category/iphone/display-assembly/
repairpartsusa.com,USA,shop,iphone xs max,aftermarket-hard-oled,aftermarket,no,42.39,USD,https://repairpartsusa.com/collections/iphone-screens
24hshop.dk,DK,shop,iphone 15 pro,aftermarket-lcd,aftermarket,no,199.0,,https://www.24hshop.dk/mobiltilbehor/reservedele/iphone
24hshop.dk,DK,shop,iphone 14,aftermarket-lcd,aftermarket,no,229.0,,https://www.24hshop.dk/mobiltilbehor/reservedele/iphone
mobilesentrix.eu,Germany,shop,iphone 12,aftermarket-incell,aftermarket,no,11.29,EUR,https://www.mobilesentrix.eu/replacement-parts/apple/iphone-parts/all-iphone-lcds
mobilesentrix.eu,Germany,shop,iphone 16 pro,refurb,A,no,130.08,EUR,https://www.mobilesentrix.eu/replacement-parts/apple/iphone-parts/all-iphone-lcds
mobilesentrix.eu,Germany,shop,iphone 15 pro max,aftermarket-incell,aftermarket,no,18.58,EUR,https://www.mobilesentrix.eu/replacement-parts/apple/iphone-parts/all-iphone-lcds
mobilesentrix.eu,Germany,shop,iphone 16 pro,unknown,aftermarket,no,62.41,EUR,https://www.mobilesentrix.eu/replacement-parts/apple/iphone-parts/all-iphone-lcds
partsfixit.com,USA,shop,iphone 13,unknown,aftermarket,no,15.88,USD,https://www.partsfixit.com/apple-spare-parts/iphone-repair-parts
twhouse.co.uk,UK,shop,iphone 11 pro max,unknown,aftermarket,no,0.27,GBP,https://www.twhouse.co.uk/tempered-glass-screen-protectors-for-iphone-xs-max
twhouse.co.uk,UK,shop,iphone 12 pro max,unknown,aftermarket,no,0.05,GBP,https://www.twhouse.co.uk/5d-full-glue-tempered-glass-screen-protector-for-iphone-12-pro-max-6-7
twhouse.co.uk,UK,shop,iphone 16 pro,unknown,aftermarket,no,1.35,GBP,https://www.twhouse.co.uk/tempered-glass-screen-protectors/iphone-screen-protectors/ven-dens-full-glue-tempered-glass-for-iphone-17-black
teevo.com,China,shop,iphone 13 mini,aftermarket-incell,aftermarket,no,29.8,USD,https://www.teevo.com/products/1554258
twhouse.co.uk,UK,shop,iphone 14 pro max,unknown,aftermarket,no,0.15,GBP,https://www.twhouse.co.uk/tempered-glass-screen-protectors/iphone-screen-protectors/tempered-glass-for-iphone-14-pro-max-6-7-1102093731
twhouse.co.uk,UK,shop,iphone 16,aftermarket-lcd,aftermarket,no,32.0,GBP,https://www.twhouse.co.uk/iphone-5c-replacement-lcd-and-digitizers-black
teevo.com,China,shop,iphone 15 pro,aftermarket-soft-oled,aftermarket,no,130.23,USD,https://www.teevo.com/products/1569697
lltrader.com,China,shop,iphone 16 pro max,aftermarket-lcd,aftermarket,no,64.99,USD,https://www.lltrader.com/collections/best-sell-iphone-screen-1/products/iphone-16-pro-max-screen-replacement-lcd-display-touch-digitizer-assembly
iphonescreenwholesale.com,China,shop,iphone 14 pro max,unknown,aftermarket,YES,297.5,USD,https://iphonescreenwholesale.com/product/iphone14-pro-max-screen/
fixshop.at,Austria,shop,iphone 12,unknown,aftermarket,no,5.83,EUR,https://fixshop.at/
iservices.fr,France,shop,iphone 15 pro,unknown,aftermarket,no,476.24,EUR,https://boutique.iservices.fr/
fixservis.sk,Slovakia,shop,iphone 15,aftermarket-incell,aftermarket,no,29.98,,https://www.fixservis.sk/nahradne-displeje-iphone/
celo.ro,Romania,shop,iphone 13 pro max,aftermarket-incell,aftermarket,YES,189.0,RON,https://www.celo.ro/display-iphone/display-imisu-prime-incell-pentru-iphone-13-pro-max-suporta-ic-transplant-garnitura-etansare.html
puhelinshop.fi,Finland,shop,iphone 13 pro max,aftermarket-incell,aftermarket,no,47.8,EUR,https://www.puhelinshop.fi/category/9/apple
mobilesentrix.co.uk,UK,shop,iphone 15 plus,original,A,no,227.53,GBP,https://www.mobilesentrix.co.uk/replacement-parts/apple/iphone-parts/all-iphone-lcds
canadiancellparts.com,Canada,shop,iphone x,aftermarket-incell,aftermarket,no,35.0,CAD,https://www.canadiancellparts.com/all-iphone-lcds/
canadiancellparts.com,Canada,shop,iphone xs,aftermarket-incell,aftermarket,no,45.0,CAD,https://www.canadiancellparts.com/all-iphone-lcds/
a-parts.com.pl,Poland,shop,iphone 16 pro max,aftermarket-incell,aftermarket,no,174.16,PLN,"https://www.a-parts.com.pl/produkty/wyswietlacz-lcd-ekran-dotykowy-iphone-16-pro-inc,3,32499,40878"
appleparts.nl,Netherlands,shop,iphone 14 plus,aftermarket-soft-oled,aftermarket,no,57.95,EUR,https://appleparts.nl/products/premium-soft-oled-scherm-voor-iphone-14-plus?_pos=24&_sid=7fc136858&_ss=r
dutchrepair.nl,Netherlands,shop,iphone 14,aftermarket-soft-oled,aftermarket,no,109.99,EUR,https://www.dutchrepair.nl/products/iphone-14-soft-oled-reparatie-set-gereedschap-screenprotector-framesticker-oled-scherm?_pos=14&_sid=fa3ea38a9&_ss=r
gjirafa50.al,Albania,shop,iphone 15 pro max,unknown,aftermarket,no,1490.0,,https://gjirafa50.al/mbrojtes-ekrani-grizzglass-matte-secretglass-per-apple-iphone-15-pro-max-efekt-privatesie-xham-keramik
ab-mobiteli.com,Croatia,shop,iphone 16 pro max,aftermarket-lcd,aftermarket,no,904.0,EUR,https://ab-mobiteli.com/products/apple-iphone-16-pro-max-256gb-89-baterija
iphonescreenwholesale.com,China,shop,iphone 11 pro max,aftermarket-oled,aftermarket,YES,24.01,USD,https://iphonescreenwholesale.com/product/iphone-11-pro-max-oled-screen/
meintrendyhandy.de,Germany,shop,iphone 13 pro,unknown,aftermarket,YES,81.6,EUR,https://www.meintrendyhandy.de/shop/iphone-13-pro-kameramodul-310699p.html
phoneassist.net,Italy,shop,iphone 12 mini,aftermarket-incell,aftermarket,no,94.39,EUR,https://www.phoneassist.net/it/ricambi-display-lcd/display-lcd-per-apple-iphone-12-mini-touch-screen-vetro-originale-zy-in-cell__p2855.html
al-gsm.pl,Poland,shop,iphone 11 pro,unknown,aftermarket,no,11.38,PLN,https://www.al-gsm.pl/czesci-serwisowe-iphone-c-4357_4621.html
teknikkdeler.no,Norway,shop,iphone 11,aftermarket-incell,aftermarket,no,279.0,NOK,https://www.teknikkdeler.no/reservedeler-apple/
mobilesentrix.co.uk,UK,shop,iphone 15 pro max,original,A,no,262.62,GBP,https://www.mobilesentrix.co.uk/replacement-parts/apple/iphone-parts/all-iphone-lcds
onlinemobileparts.com.au,Australia,shop,iphone x,unknown,aftermarket,no,37.0,AUD,https://www.onlinemobileparts.com.au/
mobishop.ee,Estonia,shop,iphone 14,aftermarket-incell,aftermarket,YES,40.49,EUR,https://mobishop.ee/toode/lcd-screen-for-iphone-14-with-touch-screen-incell-self-diagnosable/
ilevante.fr,France,shop,iphone 13 pro,unknown,aftermarket,no,22.99,EUR,https://www.ilevante.fr/Ecran-complet-pour-iphone-13-pro-p-20553.html#ecran-pour-iphone-13-pro-piece-de-remplacement-de-qualite-premium
italiatech.it,Italy,shop,iphone 11 pro max,aftermarket-incell,aftermarket,no,25.75,EUR,https://www.italiatech.it/display-lcd-jk-fhd-incell-cof-per-apple-iphone-11-pro-max-touch-screen-vetro-schermo-frame-nero-ic-intercambiabile-.1.1.957.gp.81108.uw
startdistribuzione.it,Italy,shop,iphone 16 plus,aftermarket-soft-oled,aftermarket,no,69.0,EUR,https://www.startdistribuzione.it/ricambi-telefonia/apple-ricerca-ad-albero/display-lcd-e-touch/iphone/ricambi-telefonia/apple-ricerca-ad-albero/display-lcd-e-touch/iphone/iphone-16-plus-gx-display-lcd-apple-soft-oled.1.11.3536.gp.12729.uw
serwistelefonow.com.pl,Poland,shop,iphone 13,unknown,aftermarket,no,340.0,PLN,https://serwistelefonow.com.pl/hurtownia-gsm-czesci-i-akcesoria-do-telefonow-wroclaw-i-cala-polska/
mbitechparts.ie,Ireland,shop,iphone 16 pro,unknown,aftermarket,no,2.3,EUR,https://www.mbitechparts.ie/
mobilyskalka.cz,CZ,shop,iphone xr,aftermarket-incell,aftermarket,YES,485.0,CZK,https://mobilyskalka.cz/dotykova-deska-iphone-xr-lcd-black-kd-in-cell/
teknikhouse.se,Sweden,shop,iphone 11,original,A,no,1390.0,SEK,https://teknikhouse.se/mobilreservdelar/apple/iphone-11/
tokoitech.fi,Finland,shop,iphone x,unknown,aftermarket,no,2.2,EUR,https://www.tokoitech.fi/product/3228/apple-iphone-x-naytto-oled-rungolla
mobilemonsters.ee,Estonia,shop,iphone 14 plus,unknown,aftermarket,YES,106.5,EUR,https://mobilemonsters.ee/iphone-ekraani-vahetus.html
mytrendyphone.eu,Denmark,shop,iphone 14 pro,aftermarket-lcd,aftermarket,YES,31.8,DKK,https://www.mytrendyphone.eu/shop/iphone-spares-38278s1.html
meintrendyhandy.de,Germany,shop,iphone 15 pro,aftermarket-lcd,aftermarket,YES,34.3,EUR,https://www.meintrendyhandy.de/shop/iphone-15-pro-lcd-display-grad-a-354051p.html
ioutlet.pt,Portugal,shop,iphone 11,unknown,aftermarket,no,300.0,EUR,https://ioutlet.pt/substituicao-e-reparacao-do-ecra-do-iphone/
24hshop.fi,Finland,shop,iphone 14,unknown,aftermarket,no,1.9,EUR,https://www.24hshop.fi/puhelintarvikkeet/varaosat/iphone/
vapaakauppa.net,Finland,shop,iphone 14 pro,unknown,aftermarket,no,49.95,EUR,https://www.vapaakauppa.net/mobiilituotteet/naytto-varaosat/naytot-iphone.html
esourceparts.ca,Canada,shop,iphone 14 pro,unknown,aftermarket,no,10.59,CAD,https://www.esourceparts.ca/
a-parts.com.pl,Poland,shop,iphone 15 pro max,aftermarket-incell,aftermarket,no,163.96,PLN,"https://www.a-parts.com.pl/produkty/wyswietlacz-lcd-ekran-dotykowy-do-iphone-15-pro,3,32499,43455"
mobifixbg.com,Bulgaria,shop,iphone 12 pro max,aftermarket-incell,aftermarket,no,30.0,BGN,https://mobifixbg.com/product/displey-za-iphone-12g-pro-max-2020-jk-incell
yodoit.com,Croatia,shop,iphone 13 mini,aftermarket-lcd,aftermarket,no,29.99,EUR,https://www.yodoit.com/products/iphone-13-mini-screen-replacement-lcd-display-assembly?_pos=16&_sid=137b5c788&_ss=r
ieasyservice.fi,Finland,shop,iphone 15,aftermarket-incell,aftermarket,no,99.0,EUR,https://www.ieasyservice.fi/product/177/iphone-premium-incell-lcd-naytto?variation_id=264
horepa.fr,France,shop,iphone 13,aftermarket-hard-oled,aftermarket,no,48.900001,EUR,https://horepa.fr/fr/ecran-iphone-13-hard-oled.html
serviphone.net,Spain,shop,iphone xr,aftermarket-incell,aftermarket,no,17.55,EUR,https://mobilex.es/es/943-pantalla-iphone-xr-placa-metalica-preinstalada-incell-standard-3401126436938.html
mobilyskalka.cz,CZ,shop,iphone 16,aftermarket-soft-oled,aftermarket,YES,1617.0,CZK,https://mobilyskalka.cz/dotykova-deska-iphone-16-lcd-black-dd-soft-oled/
mobilyskalka.cz,CZ,shop,iphone 15,aftermarket-lcd,aftermarket,YES,789.0,CZK,https://mobilyskalka.cz/iphone-15-lcd-display-dotykova-deska-tactical-true-color-9780201407829/
servisnamobil.sk,SK,shop,iphone 12,aftermarket-tft,aftermarket,no,49.2,,https://www.servisnamobil.sk/apple-166/
teknikhouse.se,Sweden,shop,iphone 11,aftermarket-lcd,aftermarket,no,79.0,SEK,https://teknikhouse.se/mobilreservdelar/apple/iphone-11/
fixdelar.se,Sweden,shop,iphone xs,original,A,no,139.0,SEK,https://fixdelar.se/
tokoitech.fi,Finland,shop,iphone x,unknown,aftermarket,no,14.95,EUR,https://www.tokoitech.fi/product/3228/apple-iphone-x-naytto-oled-rungolla
mobileparts.ch,Switzerland,shop,iphone 11 pro,unknown,aftermarket,YES,63.0,CHF,https://www.mobileparts.ch/GOGX-REF-fuer-iPhone-11-Pro-4D
mtimpex.com,Germany,shop,iphone 13,unknown,aftermarket,YES,26.0,EUR,https://www.mtimpex.com/de/
lifone.store,France,shop,iphone 15 pro,unknown,aftermarket,no,650.0,EUR,https://lifone.store/
ch-ios.ro,Romania,shop,iphone 13 pro,aftermarket-soft-oled,aftermarket,YES,370.0,RON,https://www.ch-ios.ro/display-uri-si-touchscreen-iphone/display-cu-touchscreen-și-ramă-iphone-13-pro-oled-original-reconditionat-1616.html
tekniikkaosat.fi,Finland,shop,iphone 13,aftermarket-lcd,aftermarket,no,27.41,EUR,https://www.tekniikkaosat.fi/kategoria/mobiilivaraosat/iphone
puhelinshop.fi,Finland,shop,iphone 15,aftermarket-soft-oled,aftermarket,no,87.64,EUR,https://www.puhelinshop.fi/category/9/apple
motivs.lv,Latvia,shop,iphone 16 plus,aftermarket-soft-oled,aftermarket,no,82.1,EUR,https://motivs.lv/en/lcd-screens-displays
mobilesentrix.co.uk,UK,shop,iphone 15 plus,aftermarket-incell,aftermarket,no,17.05,GBP,https://www.mobilesentrix.co.uk/replacement-parts/apple/iphone-parts/all-iphone-lcds
canadiancellparts.com,Canada,shop,iphone 14,aftermarket-incell,aftermarket,no,50.0,CAD,https://www.canadiancellparts.com/all-iphone-lcds/
24hshop.fr,France,shop,iphone 11,original,A,no,75.98,EUR,https://24hshop.fr/soft-oled-apple-ecran-complet-iphone-11-pro-a2215-original-super-retina-58-pouces-vitre-smartphone-affichage-true-tone-kit-asse-2790.html
componentidigitali.com,Italy,shop,iphone 11 pro max,aftermarket-hard-oled,aftermarket,no,29.9,EUR,https://www.componentidigitali.com/it/componenti-digitali-home-page/ricambi-per-cellulari-tablet/ricambi-per-apple-iphone/iphone-11-pro-max/display-lcd-per-iphone-11-pro-max-hard-oled-zy-ic-intercambiabile-.1.39.665.gp.45471.uw
mobishop.ee,Estonia,shop,iphone 12 pro,original,A,YES,80.0,EUR,https://mobishop.ee/toode/lcd-screen-for-iphone-12-12-pro-with-touch-screen-original-pairable-used-grade-a/
phonefix.fi,Finland,shop,iphone 16 plus,unknown,aftermarket,no,19.9,EUR,https://phonefix.fi/searchproduct/1720/iphone+screen
piecegsm.com,France,shop,iphone 13 pro,unknown,aftermarket,no,30.833333,EUR,https://piecegsm.com/iphone-13-pro/3535-ecran-pour-iphone-13-pro-jk-qualite-fhd.html
firsthelptech.ie,Ireland,shop,iphone 16,unknown,aftermarket,no,6.99,EUR,https://firsthelptech.ie/products/for-apple-iphone-16-tempered-glass-screen-protector
amdetech.gr,Greece,shop,iphone 16 pro max,pulled,A,no,379.97,EUR,https://www.amdetech.gr/apple-antallaktika/antallaktika-iphone/iphone-16-series/pulled-genuine-gnisia-iphone-16-pro-max-oled-othoni-and-afis-touch-screen-digitizer-antallaktiko-a-grade-en-el/
mobilyskalka.cz,CZ,shop,iphone 16 pro max,aftermarket-soft-oled,aftermarket,YES,1999.0,CZK,https://mobilyskalka.cz/dotykova-deska-iphone-16-pro-max-lcd-black-ruiju-soft-oled/
mobilyskalka.cz,CZ,shop,iphone 16,aftermarket-gx,aftermarket,YES,1698.0,CZK,https://mobilyskalka.cz/dotykova-deska-iphone-16-lcd-black-gx-oled-hard/
emobilshop.sk,SK,shop,iphone 11,unknown,aftermarket,no,29.9,,https://www.emobilshop.sk/kategoria/nahradne-diely/
handyschmiede.de,Germany,shop,iphone 12 pro,aftermarket-soft-oled,aftermarket,no,56.59,EUR,https://handyschmiede.de/products/lcd-touch-fur-a2403-a2407-apple-iphone-12-12-pro-soft-oled-black?_pos=4&_sid=aa65dacd6&_ss=r
androgeek.es,Spain,shop,iphone 16 pro max,aftermarket-incell,aftermarket,no,41.3,EUR,https://androgeek.es/pantallas/10193-pantalla-iphone-16-pro-max-incell-ltps-diagnostico-ok-sin-mensaje-lcddisplay-6461708798028.html
startdistribuzione.it,Italy,shop,iphone 15 pro max,aftermarket-soft-oled,aftermarket,no,64.0,EUR,https://www.startdistribuzione.it/ricambi-telefonia/apple-ricerca-ad-albero/display-lcd-e-touch/iphone/ricambi-telefonia/apple-ricerca-ad-albero/display-lcd-e-touch/iphone/iphone-15-pro-max-gx-display-lcd-apple-soft-oled-120hz.1.11.3536.gp.12733.uw
serwistelefonow.com.pl,Poland,shop,iphone 16 pro,unknown,aftermarket,no,140.0,PLN,https://serwistelefonow.com.pl/hurtownia-gsm-czesci-i-akcesoria-do-telefonow-wroclaw-i-cala-polska/
serwistelefonow.com.pl,Poland,shop,iphone 16 pro max,unknown,aftermarket,no,140.0,PLN,https://serwistelefonow.com.pl/hurtownia-gsm-czesci-i-akcesoria-do-telefonow-wroclaw-i-cala-polska/
teknikhouse.se,Sweden,shop,iphone 11,unknown,aftermarket,no,699.0,SEK,https://teknikhouse.se/mobilreservdelar/apple/iphone-11/
tokoitech.fi,Finland,shop,iphone x,aftermarket-oled,aftermarket,no,49.95,EUR,https://www.tokoitech.fi/product/3228/apple-iphone-x-naytto-oled-rungolla
icenter.ee,Estonia,shop,iphone 15 pro max,unknown,aftermarket,YES,1.18,EUR,https://icenter.ee/varuosad
mobilemonsters.ee,Estonia,shop,iphone 11 pro,unknown,aftermarket,YES,61.6,EUR,https://mobilemonsters.ee/iphone-ekraani-vahetus.html
icenter.ee,Estonia,shop,iphone 14 plus,unknown,aftermarket,YES,1.18,EUR,https://icenter.ee/varuosad
kaup24.ee,Estonia,shop,iphone 14 pro max,unknown,aftermarket,YES,54.0,EUR,https://kaup24.ee/et/mobiiltelefonid-foto-videokaamerad/mobiiltelefonid-ja-aksessuaarid/telefoniosad-ja-parandamise-tooriistad
upgreat.lv,Latvia,shop,iphone 16 pro max,unknown,aftermarket,no,809.0,EUR,https://upgreat.lv/product-category/iphone-lv/
servisnamobil.sk,SK,shop,iphone 14,aftermarket-tft,aftermarket,no,47.97,,https://www.servisnamobil.sk/apple-166/
servisnamobil.sk,SK,shop,iphone x,unknown,aftermarket,no,13.53,,https://www.servisnamobil.sk/apple-166/
teknikhouse.se,Sweden,shop,iphone 11,aftermarket-lcd,aftermarket,no,59.0,SEK,https://teknikhouse.se/mobilreservdelar/apple/iphone-11/
teknikhouse.se,Sweden,shop,iphone 11,aftermarket-lcd,aftermarket,no,399.0,SEK,https://teknikhouse.se/mobilreservdelar/apple/iphone-11/
teknikhouse.se,Sweden,shop,iphone 11,original,A,no,1490.0,SEK,https://teknikhouse.se/mobilreservdelar/apple/iphone-11/
teknikhouse.se,Sweden,shop,iphone 11,unknown,aftermarket,no,29.0,SEK,https://teknikhouse.se/mobilreservdelar/apple/iphone-11/
tokoitech.fi,Finland,shop,iphone x,unknown,aftermarket,no,10.35,EUR,https://www.tokoitech.fi/product/3228/apple-iphone-x-naytto-oled-rungolla
mobilemonsters.ee,Estonia,shop,iphone 16,glass-changed,A,YES,93.5,EUR,https://mobilemonsters.ee/iphone-ekraani-vahetus.html
mobix.ee,Estonia,shop,iphone 16 pro,unknown,aftermarket,no,1.0,EUR,https://mobix.ee/
mobilemonsters.ee,Estonia,shop,iphone 14 pro max,glass-changed,A,YES,76.5,EUR,https://mobilemonsters.ee/iphone-ekraani-vahetus.html
upgreat.lv,Latvia,shop,iphone 15 pro,unknown,aftermarket,no,539.0,EUR,https://upgreat.lv/product-category/iphone-lv/
upgreat.lv,Latvia,shop,iphone 14 plus,unknown,aftermarket,no,309.0,EUR,https://upgreat.lv/product-category/iphone-lv/
icenter.lt,Lithuania,shop,iphone 14 pro max,unknown,aftermarket,no,1.18,EUR,https://icenter.lt/atsargines-dalys
skiles.lt,Lithuania,shop,iphone x,aftermarket-oled,aftermarket,no,24.49,EUR,https://skiles.lt/kategorija/kitos-dalys-visos/
efix.lt,Lithuania,shop,iphone 16,unknown,aftermarket,no,79.0,EUR,https://efix.lt/en/iphone-remontas
mobilemonsters.ee,Estonia,shop,iphone 16 plus,glass-changed,A,YES,205.9,EUR,https://mobilemonsters.ee/iphone-ekraani-vahetus.html
kaup24.ee,Estonia,shop,iphone 12,unknown,aftermarket,YES,69.0,EUR,https://kaup24.ee/et/mobiiltelefonid-foto-videokaamerad/mobiiltelefonid-ja-aksessuaarid/telefoniosad-ja-parandamise-tooriistad
kaup24.ee,Estonia,shop,iphone 13 pro max,aftermarket-incell,aftermarket,YES,98.0,EUR,https://kaup24.ee/et/mobiiltelefonid-foto-videokaamerad/mobiiltelefonid-ja-aksessuaarid/telefoniosad-ja-parandamise-tooriistad
upgreat.lv,Latvia,shop,iphone 16 pro,unknown,aftermarket,no,769.0,EUR,https://upgreat.lv/product-category/iphone-lv/
upgreat.lv,Latvia,shop,iphone 14,unknown,aftermarket,no,299.0,EUR,https://upgreat.lv/product-category/iphone-lv/
upgreat.lv,Latvia,shop,iphone 13 mini,unknown,aftermarket,no,269.0,EUR,https://upgreat.lv/product-category/iphone-lv/
icenter.lt,Lithuania,shop,iphone 15 plus,unknown,aftermarket,no,1.18,EUR,https://icenter.lt/atsargines-dalys
efix.lt,Lithuania,shop,iphone 14,unknown,aftermarket,no,149.0,EUR,https://efix.lt/en/iphone-remontas
efix.lt,Lithuania,shop,iphone 15,unknown,aftermarket,no,69.0,EUR,https://efix.lt/en/iphone-remontas
mobix.ee,Estonia,shop,iphone 16 pro max,unknown,aftermarket,no,1.0,EUR,https://mobix.ee/
kaup24.ee,Estonia,shop,iphone 12 pro max,aftermarket-incell,aftermarket,YES,96.0,EUR,https://kaup24.ee/et/mobiiltelefonid-foto-videokaamerad/mobiiltelefonid-ja-aksessuaarid/telefoniosad-ja-parandamise-tooriistad
kaup24.ee,Estonia,shop,iphone 14 pro,aftermarket-incell,aftermarket,YES,20.0,EUR,https://kaup24.ee/et/mobiiltelefonid-foto-videokaamerad/mobiiltelefonid-ja-aksessuaarid/telefoniosad-ja-parandamise-tooriistad
upgreat.lv,Latvia,shop,iphone 14 pro max,unknown,aftermarket,no,439.0,EUR,https://upgreat.lv/product-category/iphone-lv/
upgreat.lv,Latvia,shop,iphone 13,unknown,aftermarket,no,259.0,EUR,https://upgreat.lv/product-category/iphone-lv/
skiles.lt,Lithuania,shop,iphone x,unknown,aftermarket,no,11.4,EUR,https://skiles.lt/kategorija/kitos-dalys-visos/
skiles.lt,Lithuania,shop,iphone xr,original,A,no,6.99,EUR,https://skiles.lt/kategorija/kitos-dalys-visos/
reach.lt,Lithuania,shop,iphone 16 pro,unknown,aftermarket,no,7.59,EUR,https://www.reach.lt/?info=categories&id2=500&level=1
icenter.lt,Lithuania,shop,iphone 14 plus,unknown,aftermarket,no,1.18,EUR,https://icenter.lt/atsargines-dalys
skiles.lt,Lithuania,shop,iphone xs,original,A,no,6.99,EUR,https://skiles.lt/kategorija/kitos-dalys-visos/
reach.lt,Lithuania,shop,iphone 14,unknown,aftermarket,no,17.56,EUR,https://www.reach.lt/?info=categories&id2=500&level=1
efix.lt,Lithuania,shop,iphone 15,unknown,aftermarket,no,109.0,EUR,https://efix.lt/en/iphone-remontas
efix.lt,Lithuania,shop,iphone 16,unknown,aftermarket,no,119.0,EUR,https://efix.lt/en/iphone-remontas
hamzatel.gr,Greece,shop,iphone 13,unknown,aftermarket,no,22.0,EUR,https://www.hamzatel.gr/el/
hamzatel.gr,Greece,shop,iphone 13 pro,unknown,aftermarket,no,19.99,EUR,https://www.hamzatel.gr/el/
hamzatel.gr,Greece,shop,iphone 16 pro max,unknown,aftermarket,no,100.0,EUR,https://www.hamzatel.gr/el/
hamzatel.gr,Greece,shop,iphone 15 pro,unknown,aftermarket,no,28.99,EUR,https://www.hamzatel.gr/el/
laptop-service.gr,Greece,shop,iphone 11,original,A,no,20.0,EUR,https://www.laptop-service.gr/e-shop/%CE%B1%CE%BD%CF%84%CE%B1%CE%BB%CE%BB%CE%B1%CE%BA%CF%84%CE%B9%CE%BA%CE%AC-iphone
laptop-service.gr,Greece,shop,iphone xr,original,A,no,20.0,EUR,https://www.laptop-service.gr/e-shop/%CE%B1%CE%BD%CF%84%CE%B1%CE%BB%CE%BB%CE%B1%CE%BA%CF%84%CE%B9%CE%BA%CE%AC-iphone
one-shop.gr,Greece,shop,iphone 12,unknown,aftermarket,no,315.0,EUR,https://one-shop.gr/
one-shop.gr,Greece,shop,iphone 16 pro max,unknown,aftermarket,no,22.86,EUR,https://one-shop.gr/
one-shop.gr,Greece,shop,iphone 16 pro max,unknown,aftermarket,no,31.79,EUR,https://one-shop.gr/
one-shop.gr,Greece,shop,iphone 16 pro,unknown,aftermarket,no,31.79,EUR,https://one-shop.gr/
ibutic.bg,Bulgaria,shop,iphone 11 pro,unknown,aftermarket,no,48.57,BGN,https://ibutic.bg/lcd-display-apple
ibutic.bg,Bulgaria,shop,iphone 12 mini,unknown,aftermarket,no,69.02,BGN,https://ibutic.bg/lcd-display-apple
ibutic.bg,Bulgaria,shop,iphone 14,unknown,aftermarket,no,71.58,BGN,https://ibutic.bg/lcd-display-apple
ibutic.bg,Bulgaria,shop,iphone xr,unknown,aftermarket,no,30.68,BGN,https://ibutic.bg/lcd-display-apple
ibutic.bg,Bulgaria,shop,iphone xs,unknown,aftermarket,no,48.57,BGN,https://ibutic.bg/lcd-display-apple
ibutic.bg,Bulgaria,shop,iphone 13 pro,unknown,aftermarket,no,127.82,BGN,https://ibutic.bg/lcd-display-apple
outletshop.si,Slovenia,shop,iphone 11 pro max,aftermarket-lcd,aftermarket,no,34.9,,https://www.outletshop.si/Telefonija/LCD-zasloni-za-telefone/
mobyfix.hr,Croatia,shop,iphone xr,original,A,no,118.0,EUR,https://mobyfix.hr/proizvodi/rezervni-dijelovi/
mobyfix.hr,Croatia,shop,iphone 12 pro max,unknown,aftermarket,no,50.3,EUR,https://mobyfix.hr/proizvodi/rezervni-dijelovi/
outletshop.si,Slovenia,shop,iphone x,aftermarket-lcd,aftermarket,no,29.9,,https://www.outletshop.si/Telefonija/LCD-zasloni-za-telefone/
